"barcode","predicted_label","pruned_label","score_max"
"AAACATACAACCAC-1","CD8+ T cells","CD8+ T cells",0.332287426886117
"AAACATTGAGCTAC-1","B cells","B cells",0.38347248004861
"AAACATTGATCAGC-1","CD4+ T cells","CD4+ T cells",0.356428229814357
"AAACCGTGCTTCCG-1","Monocytes","Monocytes",0.36720609049279
"AAACCGTGTATGCG-1","NK cells","NK cells",0.270142155737597
"AAACGCACTGGTAC-1","CD4+ T cells","CD4+ T cells",0.317821168956952
"AAACGCTGACCAGT-1","T cells","T cells",0.32468709799102
"AAACGCTGGTTCTT-1","T cells","T cells",0.345204936473565
"AAACGCTGTAGCCA-1","T cells","T cells",0.252187863982384
"AAACGCTGTTTCTG-1","Monocytes","Monocytes",0.303110652791685
"AAACTTGAAAAACG-1","B cells","B cells",0.353705135557169
"AAACTTGATCCAGA-1","CD4+ T cells","CD4+ T cells",0.339278091642142
"AAAGAGACGAGATA-1","CD4+ T cells","CD4+ T cells",0.326768152592893
"AAAGAGACGCGAGA-1","Monocytes","Monocytes",0.378990418735213
"AAAGAGACGGACTT-1","CD8+ T cells","CD8+ T cells",0.29017150568818
"AAAGAGACGGCATT-1","CD4+ T cells","CD4+ T cells",0.233963934403448
"AAAGATCTGGGCAA-1","Monocytes","Monocytes",0.310944437701133
"AAAGCAGAAGCCAT-1","T cells","T cells",0.28640240266686
"AAAGCAGATATCGG-1","Monocytes","Monocytes",0.452510894422655
"AAAGCCTGTATGCG-1","CD4+ T cells","CD4+ T cells",0.334797341690131
"AAAGGCCTGTCTAG-1","B cells","B cells",0.373347391682935
"AAAGTTTGATCACG-1","B cells","B cells",0.268318166378154
"AAAGTTTGGGGTGA-1","B cells","B cells",0.345970491850258
"AAAGTTTGTAGAGA-1","CD4+ T cells",NA,0.228330735522124
"AAAGTTTGTAGCGT-1","Monocytes","Monocytes",0.34249427332457
"AAATCAACAATGCC-1","B cells","B cells",0.308680020009491
"AAATCAACACCAGT-1","T cells","T cells",0.256313754431756
"AAATCAACCAGGAG-1","CD8+ T cells","CD8+ T cells",0.300900623738334
"AAATCAACCCTATT-1","Monocytes","Monocytes",0.370053991844726
"AAATCAACGGAAGC-1","CD4+ T cells","CD4+ T cells",0.332859143046608
"AAATCAACTCGCAA-1","CD4+ T cells","CD4+ T cells",0.327430817536629
"AAATCATGACCACA-1","Monocytes","Monocytes",0.397364408142798
"AAATCCCTCCACAA-1","CD8+ T cells","CD8+ T cells",0.270918687601678
"AAATCCCTGCTATG-1","B cells","B cells",0.251238037681235
"AAATGTTGAACGAA-1","Monocytes","Monocytes",0.394808868805281
"AAATGTTGCCACAA-1","CD4+ T cells","CD4+ T cells",0.307461126495748
"AAATGTTGTGGCAT-1","Monocytes","Monocytes",0.384501683660995
"AAATTCGAAGGTTC-1","T cells","T cells",0.293010699919586
"AAATTCGAATCACG-1","Monocytes","Monocytes",0.345848419932251
"AAATTCGAGCTGAT-1","Monocytes","Monocytes",0.385686300185765
"AAATTCGAGGAGTG-1","CD8+ T cells","CD8+ T cells",0.300776450252985
"AAATTCGATTCTCA-1","NK cells","NK cells",0.319481618488039
"AAATTGACACGACT-1","T cells","T cells",0.338958148395973
"AAATTGACTCGCTC-1","T cells","T cells",0.347352087814001
"AACAAACTCATTTC-1","CD4+ T cells","CD4+ T cells",0.301469863429092
"AACAAACTTTCGTT-1","CD4+ T cells","CD4+ T cells",0.335714046990302
"AACAATACGACGAG-1","CD8+ T cells","CD8+ T cells",0.322886864362585
"AACACGTGCAGAGG-1","CD4+ T cells","CD4+ T cells",0.303317390100632
"AACACGTGGAAAGT-1","CD4+ T cells","CD4+ T cells",0.31050360270254
"AACACGTGGAACCT-1","Monocytes","Monocytes",0.363359262759146
"AACACGTGGCTACA-1","T cells","T cells",0.314738213586174
"AACACGTGTACGAC-1","Monocytes","Monocytes",0.409616503347005
"AACAGCACAAGAGT-1","Monocytes","Monocytes",0.270640681729209
"AACATTGATGGGAG-1","Monocytes","Monocytes",0.430228855822139
"AACCAGTGATACCG-1","Monocytes","Monocytes",0.437460410251513
"AACCCAGATCGCTC-1","CD4+ T cells","CD4+ T cells",0.318646567154139
"AACCGATGCTCCCA-1","CD4+ T cells","CD4+ T cells",0.325003575548205
"AACCGATGGTCATG-1","B cells","B cells",0.341844590809054
"AACCGATGTTCTAC-1","Monocytes","Monocytes",0.349397558983274
"AACCGCCTAGCGTT-1","CD4+ T cells","CD4+ T cells",0.379414674990376
"AACCGCCTCTACGA-1","Monocytes","Monocytes",0.399741338767208
"AACCTACTGTGAGG-1","Monocytes","Monocytes",0.459185904600432
"AACCTACTGTGTTG-1","CD8+ T cells","CD8+ T cells",0.335503093664179
"AACCTTACGAGACG-1","CD8+ T cells","CD8+ T cells",0.31196928888135
"AACCTTACGCGAGA-1","NK cells","NK cells",0.302671111956879
"AACCTTACTAACGC-1","Monocytes","Monocytes",0.333873968330647
"AACCTTTGGACGGA-1","CD4+ T cells","CD4+ T cells",0.314899048367242
"AACCTTTGTACGCA-1","Monocytes","Monocytes",0.431973338864528
"AACGCAACAAGTAG-1","CD4+ T cells","CD4+ T cells",0.328373344185011
"AACGCATGACCCAA-1","CD4+ T cells","CD4+ T cells",0.320015350872829
"AACGCATGCCTTCG-1","CD8+ T cells","CD8+ T cells",0.322431503529541
"AACGCATGTACTTC-1","CD4+ T cells","CD4+ T cells",0.313398352405858
"AACGCCCTCGGGAA-1","CD4+ T cells","CD4+ T cells",0.316555977590561
"AACGCCCTCGTACA-1","NK cells","NK cells",0.369377083669496
"AACGCCCTGCTTAG-1","B cells","B cells",0.257405467527689
"AACGCCCTGGCATT-1","CD4+ T cells","CD4+ T cells",0.293229496607306
"AACGTCGAGTATCG-1","NK cells","NK cells",0.344721860454665
"AACGTGTGAAAGCA-1","CD4+ T cells","CD4+ T cells",0.330908567112272
"AACGTGTGGCGGAA-1","B cells","B cells",0.311748826508309
"AACGTGTGTCCAAG-1","CD4+ T cells","CD4+ T cells",0.28679607089875
"AACGTGTGTGCTTT-1","CD4+ T cells","CD4+ T cells",0.335636823537654
"AACTACCTTAGAGA-1","CD4+ T cells","CD4+ T cells",0.319451708098398
"AACTCACTCAAGCT-1","Monocytes","Monocytes",0.391424162706995
"AACTCACTTGGAGG-1","Monocytes","Monocytes",0.359714806093041
"AACTCGGAAAGTGA-1","T cells","T cells",0.300504339475191
"AACTCGGAAGGTCT-1","Monocytes","Monocytes",0.317144561715967
"AACTCTTGCAGGAG-1","CD4+ T cells","CD4+ T cells",0.325698841555581
"AACTGTCTCCCTTG-1","Monocytes","Monocytes",0.363146535914199
"AACTTGCTACGCTA-1","B cells","B cells",0.323397893217475
"AACTTGCTGGGACA-1","CD4+ T cells","CD4+ T cells",0.307461833834566
"AAGAACGAGTGTTG-1","CD4+ T cells","CD4+ T cells",0.241947403373179
"AAGAAGACGTAGGG-1","B cells","B cells",0.292885543761369
"AAGACAGAAGTCTG-1","B cells","B cells",0.288120058270576
"AAGACAGAGGATCT-1","CD4+ T cells","CD4+ T cells",0.279287980963332
"AAGACAGATTACCT-1","Monocytes","Monocytes",0.366194499781093
"AAGAGATGGGTAGG-1","B cells","B cells",0.311775064556365
"AAGATGGAAAACAG-1","B cells","B cells",0.27342098854552
"AAGATGGAGAACTC-1","Monocytes","Monocytes",0.403252563261321
"AAGATGGAGATAAG-1","Monocytes","Monocytes",0.384367484806446
"AAGATTACAACCTG-1","CD4+ T cells","CD4+ T cells",0.28533568629919
"AAGATTACAGATCC-1","Monocytes","Monocytes",0.422209489637604
"AAGATTACCCGTTC-1","Monocytes","Monocytes",0.415956744294184
"AAGATTACCGCCTT-1","Dendritic cells","Dendritic cells",0.369200917358907
"AAGATTACCTCAAG-1","NK cells","NK cells",0.360119130588058
"AAGATTACTCCTCG-1","Monocytes","Monocytes",0.276924635829968
"AAGCAAGAGCGAGA-1","T cells","T cells",0.333185715066964
"AAGCAAGAGCTTAG-1","CD8+ T cells","CD8+ T cells",0.347109751834994
"AAGCAAGAGGTGTT-1","NK cells","NK cells",0.350970727000602
"AAGCACTGAGCAAA-1","B cells","B cells",0.310929651581647
"AAGCACTGCATACG-1","T cells","T cells",0.258281282342841
"AAGCACTGGTTCTT-1","B cells","B cells",0.373721116611965
"AAGCCAACGTGTTG-1","CD8+ T cells","CD8+ T cells",0.32106315594494
"AAGCCATGAACTGC-1","Dendritic cells","Dendritic cells",0.450790373437494
"AAGCCATGACACGT-1","Monocytes","Monocytes",0.337287458597867
"AAGCCATGCGTGAT-1","CD4+ T cells","CD4+ T cells",0.325028969640873
"AAGCCATGTCTCGC-1","T cells","T cells",0.252834683744516
"AAGCCTGACATGCA-1","CD4+ T cells","CD4+ T cells",0.315143366164811
"AAGCCTGACCGAAT-1","Monocytes","Monocytes",0.281632331552301
"AAGCGACTCCTCAC-1","Monocytes","Monocytes",0.376553580616516
"AAGCGACTGTGTCA-1","CD8+ T cells","CD8+ T cells",0.322463583983806
"AAGCGACTTACAGC-1","B cells","B cells",0.31597141055091
"AAGCGACTTTGACG-1","Monocytes","Monocytes",0.404224506565045
"AAGCGTACGTCTTT-1","CD8+ T cells","CD8+ T cells",0.311782097110485
"AAGGCTTGCGAACT-1","T cells","T cells",0.344175632923815
"AAGGTCACGGTTAC-1","Monocytes","Monocytes",0.337707934606166
"AAGGTCACTGTTTC-1","B cells","B cells",0.30615560974933
"AAGGTCACTTCCCG-1","T cells","T cells",0.363228350824378
"AAGGTCTGACAGTC-1","CD4+ T cells","CD4+ T cells",0.315955763740545
"AAGGTCTGCAGATC-1","CD4+ T cells","CD4+ T cells",0.247412608111692
"AAGGTCTGGTATGC-1","Monocytes","Monocytes",0.249364858303707
"AAGTAACTCTGAAC-1","Monocytes","Monocytes",0.327107502857945
"AAGTAACTGAGATA-1","B cells","B cells",0.251048458201734
"AAGTAGGATACAGC-1","NK cells","NK cells",0.369348959253971
"AAGTATACCGAACT-1","CD4+ T cells","CD4+ T cells",0.33049939584637
"AAGTCCGACTTGTT-1","CD4+ T cells","CD4+ T cells",0.299267185487317
"AAGTCCGATAGAAG-1","CD8+ T cells","CD8+ T cells",0.327447729395945
"AAGTCTCTAGTCGT-1","CD4+ T cells","CD4+ T cells",0.339280013428194
"AAGTCTCTCGGAGA-1","T cells","T cells",0.30743825373697
"AAGTGGCTTGGAGG-1","B cells","B cells",0.316444140830313
"AAGTTCCTCATTCT-1","Monocytes","Monocytes",0.356332343530833
"AAGTTCCTTCTTAC-1","CD8+ T cells","CD8+ T cells",0.343870039479866
"AATAAGCTCGAATC-1","CD4+ T cells","CD4+ T cells",0.32224013851705
"AATAAGCTCGTTGA-1","CD4+ T cells","CD4+ T cells",0.289248943212707
"AATACCCTGGACGA-1","B cells","B cells",0.286978996473202
"AATACCCTGGCATT-1","CD8+ T cells","CD8+ T cells",0.347008747327793
"AATACTGAAAGGGC-1","T cells","T cells",0.331649940328753
"AATACTGAATTGGC-1","NK cells","NK cells",0.333080182056645
"AATAGGGAACCCTC-1","B cells","B cells",0.336140492548404
"AATAGGGAGAATGA-1","T cells","T cells",0.342043858855105
"AATCAAACTATCGG-1","CD8+ T cells","CD8+ T cells",0.304467165119962
"AATCCGGAATGCTG-1","B cells","B cells",0.360235437912622
"AATCCTACCGGTAT-1","CD4+ T cells","CD4+ T cells",0.272496845849272
"AATCCTTGACGGGA-1","Monocytes","Monocytes",0.34916168204519
"AATCCTTGGTGAGG-1","NK cells","NK cells",0.3417460437647
"AATCGGTGGAACTC-1","T cells","T cells",0.347952909630574
"AATCGGTGTGCTTT-1","CD8+ T cells","CD8+ T cells",0.30240046749348
"AATCTAGAAAAGTG-1","CD4+ T cells","CD4+ T cells",0.307284784376643
"AATCTAGAATCGGT-1","CD8+ T cells","CD8+ T cells",0.292341984974571
"AATCTCACAGCCTA-1","Monocytes","Monocytes",0.417092497924252
"AATCTCACTCTAGG-1","CD4+ T cells","CD4+ T cells",0.330404930712782
"AATCTCTGAACAGA-1","CD4+ T cells","CD4+ T cells",0.276468783834762
"AATCTCTGCTTTAC-1","NK cells","NK cells",0.304874901551979
"AATGATACACCAAC-1","T cells","T cells",0.326647613950954
"AATGATACGGTCAT-1","Monocytes","Monocytes",0.354925953867827
"AATGCGTGACACCA-1","B cells","B cells",0.356672114866835
"AATGCGTGGACGGA-1","Dendritic cells","Dendritic cells",0.402800621772445
"AATGCGTGGCTATG-1","B cells","B cells",0.334336736564702
"AATGGAGAATCGTG-1","Monocytes","Monocytes",0.352344937257769
"AATGGAGATCCTTA-1","T cells","T cells",0.337358365842918
"AATGGCTGACACCA-1","B cells","B cells",0.338158443633273
"AATGGCTGCGTGAT-1","CD4+ T cells","CD4+ T cells",0.345107298797926
"AATGGCTGTAAAGG-1","T cells","T cells",0.244789754688649
"AATGGCTGTACTCT-1","T cells","T cells",0.320167045549469
"AATGGCTGTGAAGA-1","CD4+ T cells","CD4+ T cells",0.29528073728693
"AATGTAACGGTGGA-1","CD4+ T cells","CD4+ T cells",0.322219637623018
"AATGTAACGTTTGG-1","T cells","T cells",0.279952017323239
"AATGTCCTCTTCTA-1","CD4+ T cells","CD4+ T cells",0.355718562064279
"AATGTTGACAGTCA-1","CD4+ T cells","CD4+ T cells",0.343059767149912
"AATGTTGAGTTGAC-1","Monocytes","Monocytes",0.36511289010569
"AATGTTGATCTACT-1","CD4+ T cells","CD4+ T cells",0.34184479066456
"AATTACGAATTCCT-1","Dendritic cells","Dendritic cells",0.415646565178081
"AATTACGACTTCTA-1","CD4+ T cells","CD4+ T cells",0.282503402350764
"AATTACGAGTAGCT-1","T cells","T cells",0.360046063377663
"AATTACGAGTGAGG-1","T cells","T cells",0.334057030143023
"AATTACGATTGGCA-1","B cells","B cells",0.322691697411512
"AATTCCTGCTCAGA-1","B cells","B cells",0.31415757026459
"AATTGATGTCGCAA-1","Monocytes","Monocytes",0.430058130592178
"AATTGTGACTTGGA-1","B cells","B cells",0.299325059505927
"ACAAAGGAGGGTGA-1","CD8+ T cells","CD8+ T cells",0.281460385878677
"ACAAATTGATTCTC-1","Monocytes","Monocytes",0.38370857564338
"ACAAATTGCTCAGA-1","Monocytes","Monocytes",0.316812166263356
"ACAAATTGTTGCGA-1","NK cells","NK cells",0.35678088740457
"ACAACCGAGGGATG-1","NK cells","NK cells",0.356606129146312
"ACAACCGAGTTACG-1","CD4+ T cells","CD4+ T cells",0.318129142375862
"ACAAGAGAAGTCGT-1","Monocytes","Monocytes",0.407639767183418
"ACAAGAGACTTATC-1","CD8+ T cells","CD8+ T cells",0.23737749351791
"ACAAGAGAGTTGAC-1","B cells","B cells",0.309992105181325
"ACAATCCTAACCGT-1","CD4+ T cells","CD4+ T cells",0.328486571103829
"ACAATCCTTAGCGT-1","B cells","B cells",0.320272004790842
"ACAATTGACTGACA-1","CD8+ T cells","CD8+ T cells",0.338116806869233
"ACAATTGATGACTG-1","NK cells","NK cells",0.365578066006535
"ACACAGACACCTGA-1","Monocytes","Monocytes",0.244062522012138
"ACACAGACCATACG-1","CD8+ T cells","CD8+ T cells",0.336007311636359
"ACACCAGAGGGCAA-1","CD8+ T cells","CD8+ T cells",0.319382049860003
"ACACCCTGGTGTTG-1","NK cells","NK cells",0.36876314609394
"ACACGAACAGTTCG-1","T cells","T cells",0.294184704924722
"ACACGATGACGCAT-1","T cells","T cells",0.362796726130362
"ACACGATGATGTGC-1","Monocytes","Monocytes",0.37587983765424
"ACACGATGTCGTAG-1","T cells","T cells",0.373080191638648
"ACACGATGTGGTCA-1","CD8+ T cells","CD8+ T cells",0.336373051650137
"ACAGACACGGCATT-1","T cells","T cells",0.326199072789848
"ACAGACACGTTGTG-1","CD4+ T cells","CD4+ T cells",0.335587121936794
"ACAGCAACACCTAG-1","Monocytes","Monocytes",0.292659666946749
"ACAGCAACCTCAAG-1","Monocytes","Monocytes",0.415320318218192
"ACAGGTACCCCACT-1","CD4+ T cells","CD4+ T cells",0.341577710271602
"ACAGGTACGCTGTA-1","T cells","T cells",0.338309973967785
"ACAGGTACTGGTGT-1","NK cells","NK cells",0.358558094817047
"ACAGTCGACCCAAA-1","T cells","T cells",0.267625629271016
"ACAGTCGACCGATA-1","CD8+ T cells","CD8+ T cells",0.345563561902673
"ACAGTGACTCACCC-1","CD8+ T cells","CD8+ T cells",0.332456057383309
"ACAGTGACTCTATC-1","T cells","T cells",0.330155689321975
"ACAGTGTGGTCACA-1","CD4+ T cells","CD4+ T cells",0.247544339544158
"ACAGTGTGTTGCGA-1","Monocytes","Monocytes",0.340827691010888
"ACATCACTCTACTT-1","Monocytes","Monocytes",0.391964533361652
"ACATGGTGAAGCCT-1","CD8+ T cells","CD8+ T cells",0.300902725775945
"ACATGGTGCAACCA-1","B cells","B cells",0.335298344381479
"ACATGGTGCGAGTT-1","CD4+ T cells","CD4+ T cells",0.293910672123579
"ACATGGTGCGTTGA-1","T cells","T cells",0.315997893103314
"ACATTCTGGCATAC-1","CD4+ T cells","CD4+ T cells",0.349917140386582
"ACATTCTGGGAACG-1","Monocytes","Monocytes",0.327952711286756
"ACCAACGACATGCA-1","CD4+ T cells","CD4+ T cells",0.297389120956795
"ACCACAGAAAGTAG-1","CD4+ T cells","CD4+ T cells",0.254156660849181
"ACCACAGAGTTGGT-1","CD4+ T cells","CD4+ T cells",0.295667783106627
"ACCACCTGTGTGCA-1","CD4+ T cells","CD4+ T cells",0.282945896115234
"ACCACGCTACAGCT-1","CD4+ T cells","CD4+ T cells",0.298907911522445
"ACCACGCTACCCAA-1","CD8+ T cells","CD8+ T cells",0.281911329294861
"ACCACGCTGCGAGA-1","CD8+ T cells","CD8+ T cells",0.319984613854446
"ACCACGCTGCTGTA-1","T cells","T cells",0.286549323755493
"ACCAGCCTGACAGG-1","CD4+ T cells","CD4+ T cells",0.34288052310207
"ACCAGTGAACGGTT-1","B cells","B cells",0.312093007152555
"ACCAGTGAATACCG-1","Monocytes","Monocytes",0.423849194056841
"ACCAGTGAGGGATG-1","CD8+ T cells","CD8+ T cells",0.325992602654192
"ACCAGTGATGACTG-1","Monocytes","Monocytes",0.289359152374045
"ACCATTACCTTCTA-1","CD4+ T cells","CD4+ T cells",0.338538806479665
"ACCATTACGAGATA-1","CD4+ T cells","CD4+ T cells",0.35417808927172
"ACCATTTGTCATTC-1","CD4+ T cells","CD4+ T cells",0.317863437412462
"ACCCAAGAACTGTG-1","CD8+ T cells","CD8+ T cells",0.326055222501249
"ACCCAAGAATTCCT-1","Monocytes","Monocytes",0.401943899981109
"ACCCAAGAGGACAG-1","CD4+ T cells","CD4+ T cells",0.34276779126206
"ACCCAAGATTCACT-1","B cells","B cells",0.312063886375341
"ACCCACTGCGCCTT-1","Monocytes","Monocytes",0.312838384919361
"ACCCACTGGACAGG-1","CD4+ T cells","CD4+ T cells",0.257001893279832
"ACCCACTGGTTCAG-1","Progenitors","Progenitors",0.157414504702682
"ACCCACTGTCGTAG-1","Monocytes","Monocytes",0.388366152187997
"ACCCAGCTCAGAAA-1","CD4+ T cells","CD4+ T cells",0.338776448071707
"ACCCAGCTGTTAGC-1","Monocytes","Monocytes",0.38061554177501
"ACCCAGCTTGCTTT-1","CD4+ T cells","CD4+ T cells",0.305610819196258
"ACCCGTTGATGACC-1","B cells","B cells",0.274469759072122
"ACCCGTTGCTGCAA-1","CD4+ T cells","CD4+ T cells",0.284400912887844
"ACCCGTTGCTTCTA-1","Dendritic cells","Dendritic cells",0.350804009562001
"ACCCTCGACCTATT-1","T cells","T cells",0.316027518091865
"ACCCTCGACGGTAT-1","B cells","B cells",0.279441885717556
"ACCCTCGATAAGGA-1","Monocytes","Monocytes",0.380501561232074
"ACCCTCGATCAAGC-1","Monocytes","Monocytes",0.316670868841643
"ACCGTGCTACCAGT-1","CD4+ T cells","CD4+ T cells",0.306834841729587
"ACCGTGCTGGAACG-1","B cells","B cells",0.312582796551912
"ACCTATTGCTGAGT-1","B cells","B cells",0.281925830681681
"ACCTATTGTGCCCT-1","Monocytes","Monocytes",0.406745748714915
"ACCTCCGAGTCCTC-1","CD4+ T cells","CD4+ T cells",0.326968644237182
"ACCTCCGATATGCG-1","CD4+ T cells","CD4+ T cells",0.308874588525823
"ACCTCCGATGCTGA-1","CD4+ T cells","CD4+ T cells",0.264950377099618
"ACCTCGTGAACCAC-1","CD8+ T cells","CD8+ T cells",0.320246444163854
"ACCTGAGATATCGG-1","Monocytes","Monocytes",0.290855852893505
"ACCTGGCTAAGTAG-1","NK cells","NK cells",0.370497975743785
"ACCTGGCTGTCTTT-1","Monocytes","Monocytes",0.268595518434819
"ACCTTTGACTCCCA-1","Monocytes","Monocytes",0.40181327121633
"ACCTTTGAGGAACG-1","Monocytes","Monocytes",0.413925002179021
"ACCTTTGAGGAAGC-1","Monocytes","Monocytes",0.372172563397861
"ACGAACACCTTGTT-1","NK cells","NK cells",0.340043915427268
"ACGAACTGGCTATG-1","Monocytes","Monocytes",0.389860110437339
"ACGAAGCTCTCCAC-1","T cells","T cells",0.225634592169276
"ACGAAGCTCTGAGT-1","B cells","B cells",0.430005883599443
"ACGACCCTATCTCT-1","Monocytes","Monocytes",0.419206234218662
"ACGACCCTGATGAA-1","CD8+ T cells","CD8+ T cells",0.297313654482816
"ACGACCCTTGACAC-1","B cells","B cells",0.321364636665222
"ACGACCCTTGACCA-1","CD4+ T cells","CD4+ T cells",0.300204952899448
"ACGAGGGACAGGAG-1","Dendritic cells","Dendritic cells",0.470437420593609
"ACGAGGGACGAACT-1","CD4+ T cells","CD4+ T cells",0.325595120992022
"ACGAGGGATGTAGC-1","CD4+ T cells","CD4+ T cells",0.326121047675782
"ACGAGTACCCTAAG-1","B cells","B cells",0.297284790189155
"ACGAGTACGAATCC-1","B cells","B cells",0.320292365591466
"ACGATCGAGGACTT-1","NK cells","NK cells",0.279848792451133
"ACGATCGAGTCACA-1","Monocytes","Monocytes",0.404207366550393
"ACGATGACAATGCC-1","CD4+ T cells","CD4+ T cells",0.299096025851061
"ACGATGACTGGTCA-1","CD4+ T cells","CD4+ T cells",0.328782067027464
"ACGATTCTACGGGA-1","CD8+ T cells","CD8+ T cells",0.288525445240489
"ACGCAATGGTTCAG-1","NK cells","NK cells",0.298499423895961
"ACGCACCTGTTAGC-1","B cells","B cells",0.313610928382961
"ACGCCACTGAACTC-1","Dendritic cells","Dendritic cells",0.274495865249732
"ACGCCGGAAACCAC-1","Monocytes","Monocytes",0.37412431420917
"ACGCCGGAAAGCCT-1","CD4+ T cells","CD4+ T cells",0.326088681107455
"ACGCCGGAAATGCC-1","CD4+ T cells","CD4+ T cells",0.273094036361736
"ACGCCTTGCTCCCA-1","Monocytes","Monocytes",0.416591831056503
"ACGCGGTGGCGAGA-1","CD4+ T cells","CD4+ T cells",0.342763000604665
"ACGCGGTGTGTGGT-1","B cells","B cells",0.305577876659554
"ACGCGGTGTTTGCT-1","CD8+ T cells","CD8+ T cells",0.338374487027183
"ACGCTCACAGTACC-1","CD4+ T cells","CD4+ T cells",0.281561666540001
"ACGCTCACCCTTGC-1","CD4+ T cells","CD4+ T cells",0.299461516494534
"ACGCTGCTGTTCTT-1","NK cells","NK cells",0.344221226296307
"ACGGAACTCAGATC-1","NK cells","NK cells",0.352646397888831
"ACGGAACTGTCGTA-1","Monocytes","Monocytes",0.36672453537849
"ACGGAGGACTCTTA-1","Monocytes","Monocytes",0.370506382011074
"ACGGATTGGGAGGT-1","B cells","B cells",0.281629931217629
"ACGGATTGGTTAGC-1","CD4+ T cells","CD4+ T cells",0.350790017524574
"ACGGCTCTGAGCAG-1","CD4+ T cells","CD4+ T cells",0.347411721432475
"ACGGCTCTTGCACA-1","CD4+ T cells","CD4+ T cells",0.310667998020167
"ACGGTAACCGCTAA-1","CD4+ T cells","CD4+ T cells",0.301603243276131
"ACGGTAACCTTCGC-1","CD8+ T cells","CD8+ T cells",0.325991235127103
"ACGGTAACGGTGGA-1","CD8+ T cells","CD8+ T cells",0.219362245309847
"ACGGTAACTCGCAA-1","T cells","T cells",0.296909920704576
"ACGGTATGAGTCGT-1","Dendritic cells","Dendritic cells",0.348729283923689
"ACGGTATGGGTATC-1","B cells","B cells",0.310053927698032
"ACGGTATGGTTGTG-1","B cells","B cells",0.294790193442946
"ACGGTCCTAACGGG-1","CD4+ T cells","CD4+ T cells",0.350572647914404
"ACGGTCCTCGGGAA-1","CD4+ T cells","CD4+ T cells",0.3283860663892
"ACGTAGACAACCAC-1","CD4+ T cells","CD4+ T cells",0.300137212612729
"ACGTAGACTACAGC-1","B cells","B cells",0.328709491874109
"ACGTCAGAAACGAA-1","CD4+ T cells","CD4+ T cells",0.321946645388149
"ACGTCAGAGAGCTT-1","Monocytes","Monocytes",0.341605629916099
"ACGTCAGAGGGATG-1","CD4+ T cells","CD4+ T cells",0.293399454499466
"ACGTCCTGATAAGG-1","Monocytes","Monocytes",0.339834915995495
"ACGTCCTGTGAACC-1","Monocytes","Monocytes",0.426439800026458
"ACGTCGCTCCTGAA-1","NK cells","NK cells",0.384091787107932
"ACGTCGCTCTATTC-1","Monocytes","Monocytes",0.311505299501357
"ACGTCGCTTCTCAT-1","B cells","B cells",0.299775848215085
"ACGTGATGCCATGA-1","Dendritic cells","Dendritic cells",0.45281761310861
"ACGTGATGGGTCTA-1","CD8+ T cells","CD8+ T cells",0.310055420447247
"ACGTGATGTAACCG-1","Monocytes","Monocytes",0.379814299477902
"ACGTGATGTGACAC-1","NK cells","NK cells",0.377209812191063
"ACGTGCCTCCGTAA-1","CD4+ T cells","CD4+ T cells",0.323524830521423
"ACGTGCCTTCTATC-1","CD8+ T cells","CD8+ T cells",0.281544451829754
"ACGTTACTTTCCAT-1","CD4+ T cells","CD4+ T cells",0.319200626090132
"ACGTTGGAAAAGCA-1","CD8+ T cells","CD8+ T cells",0.287027221367464
"ACGTTGGAAACCTG-1","T cells","T cells",0.340491058231047
"ACGTTGGACCGTAA-1","Monocytes","Monocytes",0.311246815023499
"ACGTTGGAGCCAAT-1","NK cells","NK cells",0.353940738604468
"ACGTTGGATATGGC-1","B cells","B cells",0.28306088641355
"ACGTTGGATCAGGT-1","Monocytes","Monocytes",0.39274515243531
"ACGTTTACATCAGC-1","CD8+ T cells","CD8+ T cells",0.327623704375624
"ACTAAAACCCACAA-1","T cells","T cells",0.280486237868951
"ACTAAAACTCGACA-1","Monocytes","Monocytes",0.365752966059054
"ACTACGGAATTTCC-1","CD4+ T cells","CD4+ T cells",0.314191920224998
"ACTACGGACCTATT-1","CD4+ T cells","CD4+ T cells",0.275572377431225
"ACTACGGATCGCTC-1","CD4+ T cells","CD4+ T cells",0.314998637137304
"ACTACTACTAAGGA-1","CD8+ T cells","CD8+ T cells",0.302096372755193
"ACTAGGTGGAACCT-1","T cells","T cells",0.317154659182346
"ACTAGGTGGAACTC-1","CD4+ T cells","CD4+ T cells",0.337769669089955
"ACTATCACCTTGGA-1","CD8+ T cells","CD8+ T cells",0.338987611767167
"ACTATCACTGCCAA-1","CD4+ T cells","CD4+ T cells",0.316195878730313
"ACTCAGGACTGAAC-1","CD4+ T cells","CD4+ T cells",0.299470101094215
"ACTCAGGATCTATC-1","B cells","B cells",0.32445205289768
"ACTCAGGATTCGTT-1","Monocytes","Monocytes",0.259234730114146
"ACTCCTCTCAACTG-1","CD4+ T cells","CD4+ T cells",0.340845409678943
"ACTCGCACGAAAGT-1","Monocytes","Monocytes",0.341434970643493
"ACTCGCACTACGAC-1","Monocytes","Monocytes",0.349484627249115
"ACTCTCCTGACACT-1","CD8+ T cells","CD8+ T cells",0.242463594102355
"ACTCTCCTGCATAC-1","Progenitors","Progenitors",0.391937127739564
"ACTCTCCTGTTTGG-1","CD4+ T cells","CD4+ T cells",0.312112120572434
"ACTGAGACAACCAC-1","T cells","T cells",0.332361853711993
"ACTGAGACCCATAG-1","Monocytes","Monocytes",0.413067428710105
"ACTGAGACGTTGGT-1","B cells","B cells",0.346986961629319
"ACTGCCACACACGT-1","T cells","T cells",0.340044566657766
"ACTGCCACTCCGTC-1","NK cells","NK cells",0.346198322320262
"ACTGGCCTTCAGTG-1","NK cells","NK cells",0.358502785801646
"ACTGTGGACGTGTA-1","T cells","T cells",0.341908872108215
"ACTGTGGATCTAGG-1","B cells","B cells",0.336799154914829
"ACTGTTACCCACAA-1","Monocytes","Monocytes",0.324621504466312
"ACTGTTACTGCAGT-1","CD8+ T cells","CD8+ T cells",0.276987493406791
"ACTTAAGAACCACA-1","CD8+ T cells","CD8+ T cells",0.316057139615506
"ACTTAAGACCACAA-1","T cells","T cells",0.305907611980166
"ACTTAAGATTACTC-1","Dendritic cells","Dendritic cells",0.388404087713521
"ACTTAGCTGCGTAT-1","Monocytes","Monocytes",0.417086419397895
"ACTTAGCTGGGAGT-1","CD4+ T cells","CD4+ T cells",0.335414268653372
"ACTTCAACAAGCAA-1","CD8+ T cells","CD8+ T cells",0.388777912182781
"ACTTCAACGTAGGG-1","NK cells","NK cells",0.312362938178101
"ACTTCCCTTTCCGC-1","CD4+ T cells","CD4+ T cells",0.279310584382072
"ACTTCTGACATGCA-1","B cells","B cells",0.31003837458268
"ACTTGACTCCACAA-1","B cells","B cells",0.334028649643462
"ACTTGGGAGAAAGT-1","Monocytes","Monocytes",0.397112721560409
"ACTTGGGAGGTTTG-1","CD4+ T cells","CD4+ T cells",0.307269387066231
"ACTTGGGATGTGAC-1","Monocytes","Monocytes",0.265366966086295
"ACTTGGGATTGACG-1","Monocytes","Monocytes",0.410454153629704
"ACTTGTACCCGAAT-1","CD8+ T cells","CD8+ T cells",0.309013671538737
"ACTTGTACCTGTCC-1","CD8+ T cells","CD8+ T cells",0.255588743569801
"ACTTTGTGCGATAC-1","CD4+ T cells",NA,0.21376401156954
"ACTTTGTGGAAAGT-1","CD4+ T cells","CD4+ T cells",0.283009074112596
"ACTTTGTGGATAGA-1","Monocytes","Monocytes",0.391577725511854
"AGAAACGAAAGTAG-1","B cells","B cells",0.284614647178451
"AGAAAGTGCGCAAT-1","CD4+ T cells","CD4+ T cells",0.321374089352271
"AGAAAGTGGGGATG-1","Monocytes","Monocytes",0.340716680997082
"AGAACAGAAATGCC-1","NK cells","NK cells",0.328578865724523
"AGAACAGACGACTA-1","B cells","B cells",0.292207481882318
"AGAACAGAGACAAA-1","CD4+ T cells","CD4+ T cells",0.334394974299078
"AGAACGCTTTGCTT-1","CD4+ T cells","CD4+ T cells",0.290468976879761
"AGAAGATGTGACTG-1","CD4+ T cells","CD4+ T cells",0.377852682273234
"AGAATGGAAGAAGT-1","CD8+ T cells","CD8+ T cells",0.334177530405626
"AGAATTTGTAACCG-1","CD4+ T cells","CD4+ T cells",0.347207350400228
"AGAATTTGTAGAGA-1","CD4+ T cells","CD4+ T cells",0.258130435155771
"AGACACACTGTAGC-1","CD8+ T cells","CD8+ T cells",0.315153022055163
"AGACACTGTCAAGC-1","Monocytes","Monocytes",0.315921891234308
"AGACCTGAAGTAGA-1","Monocytes","Monocytes",0.384833937260148
"AGACCTGACCAACA-1","CD4+ T cells","CD4+ T cells",0.362289278516406
"AGACCTGAGGAAGC-1","T cells","T cells",0.34988963354491
"AGACGTACAGAGGC-1","CD4+ T cells","CD4+ T cells",0.328322536241924
"AGACGTACCCCTAC-1","B cells","B cells",0.309674131445652
"AGACGTACCTCTTA-1","Monocytes","Monocytes",0.3749266404409
"AGACGTACTCGTGA-1","Monocytes","Monocytes",0.354767160463461
"AGACTGACCATCAG-1","CD8+ T cells","CD8+ T cells",0.342488154827756
"AGACTGACCCTTTA-1","CD8+ T cells","CD8+ T cells",0.329795557454763
"AGACTTCTCATGCA-1","B cells","B cells",0.269042913307453
"AGAGATGACAGTCA-1","B cells","B cells",0.284914590365777
"AGAGATGACTGAAC-1","CD4+ T cells","CD4+ T cells",0.294070735576537
"AGAGATGAGGTTTG-1","Monocytes","Monocytes",0.348873433104228
"AGAGATGATCTCGC-1","B cells","B cells",0.346498472260204
"AGAGATGATTGTGG-1","CD4+ T cells","CD4+ T cells",0.293015032337708
"AGAGCGGAGGCAAG-1","Monocytes","Monocytes",0.427382891494642
"AGAGGTCTACAGCT-1","CD8+ T cells","CD8+ T cells",0.457579835829399
"AGAGTCTGGTCGTA-1","Monocytes","Monocytes",0.465118665462178
"AGAGTGCTCAGCTA-1","CD4+ T cells","CD4+ T cells",0.279770486596655
"AGAGTGCTCGAATC-1","CD4+ T cells","CD4+ T cells",0.307123556473908
"AGAGTGCTGTCATG-1","CD4+ T cells","CD4+ T cells",0.371551260196063
"AGAGTGCTGTCCTC-1","T cells","T cells",0.329414159267559
"AGAGTGCTGTGTTG-1","B cells","B cells",0.346218915935773
"AGATATACCCGTAA-1","NK cells","NK cells",0.363414847606111
"AGATATACGATGAA-1","CD4+ T cells","CD4+ T cells",0.305008635018059
"AGATATACTGTTCT-1","B cells","B cells",0.362469430606261
"AGATATTGCCTACC-1","CD8+ T cells","CD8+ T cells",0.347327638174139
"AGATATTGGCCAAT-1","Monocytes","Monocytes",0.435640281749847
"AGATCGTGTCTGGA-1","Monocytes","Monocytes",0.401624483593098
"AGATCGTGTTTGTC-1","B cells","B cells",0.310347185298056
"AGATCTCTATCACG-1","B cells","B cells",0.30066670598207
"AGATTAACGTTCTT-1","Monocytes","Monocytes",0.398479119383041
"AGATTCCTATCGTG-1","CD4+ T cells","CD4+ T cells",0.318249942074264
"AGATTCCTCACTTT-1","Monocytes","Monocytes",0.375613236624024
"AGATTCCTGACGAG-1","Monocytes","Monocytes",0.38665474613045
"AGATTCCTGTTCAG-1","NK cells","NK cells",0.36652610706649
"AGCAAAGATATGCG-1","CD4+ T cells","CD4+ T cells",0.327235699803894
"AGCACAACAGTCTG-1","CD8+ T cells","CD8+ T cells",0.282470985687233
"AGCACTGAGGGAGT-1","CD4+ T cells","CD4+ T cells",0.322977447343411
"AGCACTGATATGCG-1","CD4+ T cells","CD4+ T cells",0.307728062657052
"AGCACTGATGCTTT-1","Dendritic cells","Dendritic cells",0.418942945476324
"AGCACTGATTGCGA-1","CD4+ T cells","CD4+ T cells",0.310264408144957
"AGCATCGAAGATCC-1","CD4+ T cells","CD4+ T cells",0.294689801676487
"AGCATCGAAGGGTG-1","B cells","B cells",0.307257080258364
"AGCATCGAGCTTCC-1","Monocytes","Monocytes",0.38759396442975
"AGCATCGAGTGAGG-1","CD4+ T cells","CD4+ T cells",0.326521649319523
"AGCATCGATAACCG-1","Monocytes","Monocytes",0.40483437745747
"AGCATGACGATGAA-1","T cells","T cells",0.321495393918046
"AGCCAATGGGGAGT-1","Monocytes","Monocytes",0.337371407463523
"AGCCAATGTATCTC-1","CD4+ T cells","CD4+ T cells",0.317408130427187
"AGCCACCTGGATCT-1","T cells","T cells",0.336154532508173
"AGCCGGTGCCAATG-1","CD4+ T cells","CD4+ T cells",0.334567655622789
"AGCCGGTGTGTTTC-1","CD4+ T cells","CD4+ T cells",0.310558519634965
"AGCCGTCTCAATCG-1","CD8+ T cells","CD8+ T cells",0.339476623792031
"AGCCGTCTGAGAGC-1","CD4+ T cells","CD4+ T cells",0.339345622519937
"AGCCTCACGTTCGA-1","CD4+ T cells","CD4+ T cells",0.296995682481197
"AGCCTCACTGTCAG-1","Monocytes","Monocytes",0.45464364482137
"AGCCTCTGCAGTTG-1","B cells","B cells",0.288034877504839
"AGCCTCTGCCAATG-1","NK cells","NK cells",0.3324268833232
"AGCGAACTGGATCT-1","CD8+ T cells","CD8+ T cells",0.312548768634884
"AGCGAACTTACTGG-1","CD4+ T cells","CD4+ T cells",0.318288472925945
"AGCGATACGGAGCA-1","CD8+ T cells","CD8+ T cells",0.262920729561272
"AGCGATTGAGATCC-1","NK cells","NK cells",0.344683367326988
"AGCGCCGAATCTCT-1","CD4+ T cells","CD4+ T cells",0.284697021001875
"AGCGCCGACAGAGG-1","CD4+ T cells","CD4+ T cells",0.364752693701757
"AGCGCTCTACCTTT-1","CD4+ T cells","CD4+ T cells",0.316581966629021
"AGCGGCACCGGGAA-1","CD8+ T cells","CD8+ T cells",0.281123965831894
"AGCGGCTGATGTGC-1","CD4+ T cells","CD4+ T cells",0.329415345145473
"AGCGGGCTTGCCAA-1","CD4+ T cells","CD4+ T cells",0.291411212630083
"AGCGTAACATGCTG-1","T cells","T cells",0.314126743717151
"AGCGTAACTGAGAA-1","Monocytes","Monocytes",0.395123923620016
"AGCTCGCTACTGGT-1","CD4+ T cells","CD4+ T cells",0.319223205033143
"AGCTCGCTCTGCTC-1","CD8+ T cells","CD8+ T cells",0.313215309161303
"AGCTGAACCATACG-1","Monocytes","Monocytes",0.394561880304124
"AGCTGAACCTCTCG-1","CD4+ T cells","CD4+ T cells",0.315877596146212
"AGCTGCCTTGGGAG-1","Monocytes","Monocytes",0.288109933385134
"AGCTGCCTTTCATC-1","CD4+ T cells","CD4+ T cells",0.405579895647844
"AGCTGCCTTTCTGT-1","CD8+ T cells","CD8+ T cells",0.301790610844171
"AGCTGTGATCCAAG-1","T cells","T cells",0.267700811339094
"AGCTTTACAAGTAG-1","CD4+ T cells","CD4+ T cells",0.32331883858819
"AGCTTTACACCAAC-1","T cells","T cells",0.344912604689163
"AGCTTTACTCTCAT-1","B cells","B cells",0.314696587250179
"AGGAAATGAGGAGC-1","CD4+ T cells","CD4+ T cells",0.314334458398958
"AGGAACCTCTTAGG-1","Monocytes","Monocytes",0.417383741026412
"AGGAACCTTGCCTC-1","T cells","T cells",0.339732478092962
"AGGAATGATAACGC-1","CD8+ T cells","CD8+ T cells",0.326384090210215
"AGGAATGATTTGTC-1","CD4+ T cells","CD4+ T cells",0.336498623741152
"AGGAGTCTGGTTTG-1","CD4+ T cells","CD4+ T cells",0.300055474668808
"AGGAGTCTTGTCAG-1","CD4+ T cells","CD4+ T cells",0.28770615015133
"AGGATAGACATTTC-1","CD4+ T cells","CD4+ T cells",0.364960586748008
"AGGATAGAGGATTC-1","T cells","T cells",0.348908527029742
"AGGATGCTACTAGC-1","B cells","B cells",0.308983257655698
"AGGATGCTTTAGGC-1","NK cells","NK cells",0.33747474867284
"AGGCAACTGAAGGC-1","CD4+ T cells","CD4+ T cells",0.315717127634011
"AGGCAGGAGTACCA-1","T cells","T cells",0.3377742345415
"AGGCCTCTAGTCGT-1","CD4+ T cells","CD4+ T cells",0.323500015063157
"AGGCCTCTCGGAGA-1","CD4+ T cells","CD4+ T cells",0.314707100359503
"AGGCCTCTCGTAAC-1","CD4+ T cells","CD4+ T cells",0.242785700345962
"AGGGACGACGTTGA-1","CD4+ T cells","CD4+ T cells",0.293514599902094
"AGGGACGAGTCAAC-1","NK cells","NK cells",0.357508253209774
"AGGGACGAGTTGTG-1","CD4+ T cells","CD4+ T cells",0.320832454071333
"AGGGACGATAGAGA-1","T cells","T cells",0.312283037418865
"AGGGACGATGCATG-1","T cells","T cells",0.331313228875158
"AGGGAGTGAGCCTA-1","CD4+ T cells","CD4+ T cells",0.249833605872734
"AGGGCCACCATACG-1","CD4+ T cells","CD4+ T cells",0.319986351631729
"AGGGCGCTAACCAC-1","Monocytes","Monocytes",0.33217511592195
"AGGGCGCTATGGTC-1","CD4+ T cells","CD4+ T cells",0.317286426503803
"AGGGTGGACAGTCA-1","B cells","B cells",0.348526493478217
"AGGGTGGACTCAAG-1","Monocytes","Monocytes",0.347845655853298
"AGGGTGGAGTTGCA-1","CD8+ T cells","CD8+ T cells",0.342758267982508
"AGGGTTTGTTCATC-1","Monocytes","Monocytes",0.325271850843272
"AGGTCATGAGTGTC-1","B cells","B cells",0.296140369561004
"AGGTCATGCTTATC-1","T cells","T cells",0.308576560207999
"AGGTCTGATTCTCA-1","Monocytes","Monocytes",0.396692865471569
"AGGTGGGAAGAATG-1","CD4+ T cells","CD4+ T cells",0.292448340433556
"AGGTGGGAAGTTCG-1","CD4+ T cells","CD4+ T cells",0.30048613132173
"AGGTGTTGGTTACG-1","B cells","B cells",0.335538568957399
"AGGTTCGAACCTCC-1","Monocytes","Monocytes",0.309047029154002
"AGGTTCGAACGTAC-1","Monocytes","Monocytes",0.3147508973186
"AGGTTCGAGGGTGA-1","CD8+ T cells","CD8+ T cells",0.225414228170903
"AGTAAGGAGTTTGG-1","CD4+ T cells","CD4+ T cells",0.321170869540993
"AGTAAGGATTCTTG-1","CD4+ T cells","CD4+ T cells",0.318695301550025
"AGTAATACATCACG-1","NK cells","NK cells",0.317871429881492
"AGTAATACCGAACT-1","B cells","B cells",0.278771488182546
"AGTAATTGTCCCAC-1","CD4+ T cells","CD4+ T cells",0.327715372578527
"AGTACGTGAGGGTG-1","CD4+ T cells","CD4+ T cells",0.333026597139478
"AGTACGTGCTGCAA-1","CD4+ T cells","CD4+ T cells",0.316850699991263
"AGTACGTGCTTGGA-1","CD4+ T cells","CD4+ T cells",0.346681454306759
"AGTACTCTACGTGT-1","B cells","B cells",0.316719925537613
"AGTACTCTCAACCA-1","T cells","T cells",0.329704107229877
"AGTACTCTCGGTAT-1","CD8+ T cells","CD8+ T cells",0.337799617661146
"AGTAGGCTTGCCTC-1","Monocytes","Monocytes",0.395994381373832
"AGTATAACTTGTCT-1","Monocytes","Monocytes",0.41635421032015
"AGTATCCTAGAACA-1","CD4+ T cells","CD4+ T cells",0.27530460321579
"AGTCACGATGAGCT-1","NK cells","NK cells",0.377149688691587
"AGTCAGACGAATAG-1","CD4+ T cells","CD4+ T cells",0.362807372149217
"AGTCAGACGCTTAG-1","CD8+ T cells","CD8+ T cells",0.279178793188458
"AGTCAGACTAGAGA-1","T cells","T cells",0.359720831300183
"AGTCAGACTGCACA-1","CD4+ T cells","CD4+ T cells",0.33444910994711
"AGTCCAGATATCTC-1","CD4+ T cells","CD4+ T cells",0.273727327165239
"AGTCCAGATTTCAC-1","CD4+ T cells","CD4+ T cells",0.331413978494287
"AGTCGAACCAACCA-1","CD4+ T cells","CD4+ T cells",0.260082456992307
"AGTCGCCTCCGTAA-1","CD4+ T cells","CD4+ T cells",0.30148110483128
"AGTCTACTAGGGTG-1","Monocytes","Monocytes",0.315287945880107
"AGTCTACTTGCATG-1","Monocytes","Monocytes",0.47788828296943
"AGTCTTACACCACA-1","CD8+ T cells","CD8+ T cells",0.304926508229342
"AGTCTTACTTCGCC-1","T cells","T cells",0.3283481903841
"AGTCTTACTTCGGA-1","Progenitors","Progenitors",0.166182838109696
"AGTGACTGCAACTG-1","Monocytes","Monocytes",0.421477289810638
"AGTGTTCTAACCTG-1","CD4+ T cells","CD4+ T cells",0.315557955104028
"AGTGTTCTATAAGG-1","T cells","T cells",0.248884803482075
"AGTGTTCTCACTTT-1","Monocytes","Monocytes",0.355063837830341
"AGTTAAACCACTTT-1","CD4+ T cells","CD4+ T cells",0.293142797355143
"AGTTATGAACAGTC-1","Monocytes","Monocytes",0.39745331866114
"AGTTATGACTGAGT-1","CD8+ T cells","CD8+ T cells",0.354635560897229
"AGTTATGAGTTCAG-1","CD4+ T cells","CD4+ T cells",0.339151503488317
"AGTTCTACCAGCTA-1","Monocytes","Monocytes",0.322154284980843
"AGTTCTTGAAGCCT-1","CD8+ T cells","CD8+ T cells",0.283559022674853
"AGTTGTCTACTACG-1","CD4+ T cells","CD4+ T cells",0.302118621993095
"AGTTTAGATGGTCA-1","T cells","T cells",0.275866588266883
"AGTTTCACGGTCTA-1","CD8+ T cells","CD8+ T cells",0.351370799395891
"AGTTTGCTACAGTC-1","CD8+ T cells","CD8+ T cells",0.278486399497485
"AGTTTGCTACTGGT-1","T cells","T cells",0.283528415718769
"AGTTTGCTCCAAGT-1","CD4+ T cells","CD4+ T cells",0.298345227111286
"ATAAACACAGTGCT-1","B cells","B cells",0.372427474234081
"ATAAACACCACCAA-1","CD8+ T cells","CD8+ T cells",0.328964575542635
"ATAACAACATGCTG-1","Monocytes","Monocytes",0.391358004350371
"ATAACAACGTCTAG-1","T cells","T cells",0.321011720682359
"ATAACAACTTTGTC-1","CD4+ T cells","CD4+ T cells",0.339119748681778
"ATAACATGTACTCT-1","CD4+ T cells","CD4+ T cells",0.353209481677648
"ATAACCCTGTTGGT-1","CD8+ T cells","CD8+ T cells",0.275111986754377
"ATAACCCTTGGTAC-1","CD4+ T cells","CD4+ T cells",0.350066824695503
"ATAAGTACGAATGA-1","B cells","B cells",0.314240512390912
"ATAAGTTGGTACGT-1","Monocytes","Monocytes",0.318100933994334
"ATAAGTTGTCTAGG-1","CD4+ T cells","CD4+ T cells",0.331227184085891
"ATAATCGAGCTGAT-1","B cells","B cells",0.282688772502045
"ATAATCGATGGTTG-1","CD4+ T cells","CD4+ T cells",0.285615692894972
"ATAATGACCTACTT-1","CD4+ T cells","CD4+ T cells",0.316437567336498
"ATAATGACTCGTGA-1","Monocytes","Monocytes",0.350952628116329
"ATACAATGTTAGGC-1","CD4+ T cells","CD4+ T cells",0.331396093479084
"ATACCACTCGTACA-1","Monocytes","Monocytes",0.365964502562836
"ATACCACTCTAAGC-1","Dendritic cells","Dendritic cells",0.384224306539893
"ATACCACTGCCAAT-1","NK cells","NK cells",0.300666144444929
"ATACCGGAATGCTG-1","Dendritic cells","Dendritic cells",0.45971775620046
"ATACCGGACATTTC-1","Monocytes","Monocytes",0.38881629968929
"ATACCGGACTTCGC-1","CD4+ T cells","CD4+ T cells",0.340099210663875
"ATACCGGAGGTGTT-1","Monocytes","Monocytes",0.328819443919721
"ATACCGGATCTCGC-1","CD4+ T cells","CD4+ T cells",0.306017512181309
"ATACCTACGCATCA-1","CD4+ T cells","CD4+ T cells",0.322309163558981
"ATACCTTGGGGCAA-1","CD8+ T cells","CD8+ T cells",0.306000213693276
"ATACGGACAGACTC-1","Monocytes","Monocytes",0.26819374161764
"ATACGGACCTACTT-1","Dendritic cells","Dendritic cells",0.294928910811699
"ATACGGACGAGGTG-1","B cells","B cells",0.282334869593877
"ATACGGACTATGCG-1","B cells","B cells",0.269094706861347
"ATACGGACTCTGGA-1","Monocytes","Monocytes",0.324932495250976
"ATACGTCTTAACGC-1","Monocytes","Monocytes",0.35523941963229
"ATACTCTGCTTCGC-1","Monocytes","Monocytes",0.410853368992414
"ATACTCTGGTATGC-1","NK cells","NK cells",0.331361045606144
"ATAGATACCATGGT-1","CD4+ T cells","CD4+ T cells",0.302588764140975
"ATAGATACGACGAG-1","CD4+ T cells","CD4+ T cells",0.292109878241642
"ATAGATTGGTGTAC-1","B cells","B cells",0.33509124093175
"ATAGCCGAACGGAG-1","CD4+ T cells","CD4+ T cells",0.308580607100106
"ATAGCGTGCAGATC-1","CD4+ T cells","CD4+ T cells",0.310414472821525
"ATAGCGTGCCCTTG-1","Monocytes","Monocytes",0.359770693536112
"ATAGCGTGGTATCG-1","Monocytes","Monocytes",0.258539754854411
"ATAGCGTGTCTCTA-1","CD4+ T cells","CD4+ T cells",0.320402209028563
"ATAGCTCTCTGATG-1","CD4+ T cells","CD4+ T cells",0.287243675061196
"ATAGCTCTGAGGTG-1","CD4+ T cells","CD4+ T cells",0.294053835239173
"ATAGGAGAAACAGA-1","Monocytes","Monocytes",0.414635906370339
"ATAGGCTGTCAGAC-1","CD4+ T cells","CD4+ T cells",0.299282935145031
"ATAGTCCTAGTGTC-1","Monocytes","Monocytes",0.356587187375331
"ATAGTCCTTGCATG-1","T cells","T cells",0.318780632116376
"ATAGTCCTTGTCGA-1","CD8+ T cells","CD8+ T cells",0.322737854843363
"ATAGTTGACAACTG-1","CD4+ T cells","CD4+ T cells",0.329073403348515
"ATAGTTGACCCTCA-1","Monocytes","Monocytes",0.413360296501574
"ATAGTTGAGACGTT-1","CD4+ T cells","CD4+ T cells",0.279288752349868
"ATAGTTGATAAGCC-1","CD4+ T cells","CD4+ T cells",0.298854691167538
"ATATACGAAGCCAT-1","CD4+ T cells","CD4+ T cells",0.335986235700554
"ATATACGAATTGGC-1","CD4+ T cells","CD4+ T cells",0.375197278604563
"ATATAGTGGAATGA-1","Monocytes","Monocytes",0.276010189768207
"ATATGCCTAGATCC-1","Monocytes","Monocytes",0.343733882516173
"ATATGCCTGGACAG-1","CD8+ T cells","CD8+ T cells",0.337627178383508
"ATATGCCTTCTCTA-1","CD4+ T cells","CD4+ T cells",0.258870703741059
"ATATGCCTTGGTAC-1","CD4+ T cells","CD4+ T cells",0.294430278084393
"ATCAAATGAGCCTA-1","Monocytes","Monocytes",0.372792288075707
"ATCAAATGGGTAAA-1","Monocytes","Monocytes",0.412657720519999
"ATCAACCTAAACGA-1","CD4+ T cells","CD4+ T cells",0.345532057414112
"ATCAACCTGAGGAC-1","CD4+ T cells","CD4+ T cells",0.329514448643046
"ATCAACCTTCTCTA-1","T cells","T cells",0.379009106591545
"ATCAACCTTTGTCT-1","T cells","T cells",0.318711790385459
"ATCACACTTTGTCT-1","CD4+ T cells","CD4+ T cells",0.324058385936045
"ATCACGGATTGCTT-1","Monocytes","Monocytes",0.269888766292249
"ATCACGGATTTCGT-1","B cells","B cells",0.327279822019899
"ATCATCTGACACCA-1","Progenitors","Progenitors",0.167187815959276
"ATCATGCTAGAGTA-1","T cells","T cells",0.266010043650093
"ATCATGCTGAACCT-1","B cells","B cells",0.380873506325175
"ATCCAGGACGCTAA-1","Monocytes","Monocytes",0.407475774014922
"ATCCAGGATGGAAA-1","CD4+ T cells","CD4+ T cells",0.308380329883245
"ATCCATACTCCTTA-1","Monocytes","Monocytes",0.310076341045455
"ATCCATACTTCATC-1","Monocytes","Monocytes",0.410806454884364
"ATCCCGTGCAGTCA-1","NK cells","NK cells",0.336682951374354
"ATCCCGTGCATGCA-1","B cells","B cells",0.255305023583398
"ATCCCGTGGCTGAT-1","B cells","B cells",0.314258617721162
"ATCCGCACGCATCA-1","B cells","B cells",0.317057417795268
"ATCCTAACGACGGA-1","B cells","B cells",0.322084928510733
"ATCCTAACGCTACA-1","CD4+ T cells","CD4+ T cells",0.324376040277243
"ATCGACGAAACTGC-1","Monocytes","Monocytes",0.419510944562686
"ATCGACGAATGACC-1","CD8+ T cells","CD8+ T cells",0.346170395682556
"ATCGAGTGGACGTT-1","CD8+ T cells","CD8+ T cells",0.332924089085513
"ATCGCAGAATCTCT-1","Monocytes","Monocytes",0.4197218477282
"ATCGCAGAGTGTCA-1","B cells","B cells",0.33854945957336
"ATCGCCACTGAGGG-1","CD8+ T cells","CD8+ T cells",0.313068487171915
"ATCGCCTGGGTCAT-1","CD4+ T cells","CD4+ T cells",0.334289371331535
"ATCGCCTGTGGCAT-1","B cells","B cells",0.246616169697109
"ATCGCGCTCAGAGG-1","Monocytes","Monocytes",0.32047220427346
"ATCGCGCTGGGATG-1","CD4+ T cells","CD4+ T cells",0.318446503039918
"ATCGCGCTTTTCGT-1","B cells","B cells",0.314111834281626
"ATCGGAACCAGTCA-1","CD4+ T cells","CD4+ T cells",0.254859253479239
"ATCGGTGAGTCAAC-1","CD4+ T cells","CD4+ T cells",0.289770951909756
"ATCGGTGATTGCAG-1","CD4+ T cells","CD4+ T cells",0.331027935752194
"ATCGTTTGCCTACC-1","Monocytes","Monocytes",0.378636889762033
"ATCGTTTGGGTACT-1","Dendritic cells","Dendritic cells",0.335685315922206
"ATCGTTTGTGCCAA-1","Monocytes","Monocytes",0.27569988116324
"ATCTACACCCGCTT-1","Monocytes","Monocytes",0.258483297149008
"ATCTACACCGGGAA-1","CD4+ T cells","CD4+ T cells",0.296545998040374
"ATCTCAACAGGAGC-1","B cells","B cells",0.331676065741382
"ATCTCAACCTCGAA-1","CD4+ T cells","CD4+ T cells",0.182912540192479
"ATCTCAACCTTGTT-1","Monocytes","Monocytes",0.340363263824495
"ATCTGGGAAACCAC-1","Monocytes","Monocytes",0.380521660960883
"ATCTGGGAAGTGTC-1","Monocytes","Monocytes",0.38978346166626
"ATCTGGGATTCCGC-1","T cells","T cells",0.342439919780393
"ATCTGTTGAACGGG-1","CD4+ T cells","CD4+ T cells",0.311103026490484
"ATCTGTTGACCTCC-1","CD4+ T cells","CD4+ T cells",0.35463307667065
"ATCTGTTGCCTTCG-1","Monocytes","Monocytes",0.44044248364154
"ATCTGTTGGTTGCA-1","CD4+ T cells","CD4+ T cells",0.334768772596475
"ATCTTGACACCAAC-1","CD4+ T cells","CD4+ T cells",0.341145060575601
"ATCTTGACCTCCCA-1","Monocytes","Monocytes",0.318108945626545
"ATCTTTCTGCATCA-1","T cells","T cells",0.256155352302449
"ATCTTTCTGTTTCT-1","T cells","T cells",0.339369062541727
"ATCTTTCTTGTCCC-1","NK cells","NK cells",0.366211854207712
"ATGAAACTCTGTGA-1","CD8+ T cells","CD8+ T cells",0.333417110089878
"ATGAAACTGAGGCA-1","CD4+ T cells","CD4+ T cells",0.301845408030037
"ATGAAGGAACAGCT-1","T cells","T cells",0.279650474887785
"ATGAAGGACCTGTC-1","B cells","B cells",0.326411085274943
"ATGAAGGACCTTAT-1","B cells","B cells",0.248579965225464
"ATGAAGGACTAGTG-1","B cells","B cells",0.243865007521219
"ATGAAGGACTTGCC-1","NK cells","NK cells",0.356996540635175
"ATGACGTGACGACT-1","B cells","B cells",0.285906679823557
"ATGACGTGATCGGT-1","Monocytes","Monocytes",0.426351821411495
"ATGAGAGAAAGTGA-1","CD4+ T cells","CD4+ T cells",0.337540813651901
"ATGAGAGAACGCAT-1","CD4+ T cells","CD4+ T cells",0.316548297840272
"ATGAGAGAAGTAGA-1","B cells","B cells",0.318150006952829
"ATGAGCACACAGCT-1","CD8+ T cells","CD8+ T cells",0.345300818486924
"ATGAGCACATCTTC-1","CD4+ T cells","CD4+ T cells",0.323086558824296
"ATGATAACTTCACT-1","NK cells","NK cells",0.337463874881424
"ATGATATGAAACAG-1","CD4+ T cells","CD4+ T cells",0.392022576859935
"ATGATATGACTGGT-1","CD4+ T cells","CD4+ T cells",0.302948418617657
"ATGATATGAGCACT-1","CD4+ T cells","CD4+ T cells",0.307666823078387
"ATGATATGGTCATG-1","CD8+ T cells","CD8+ T cells",0.276269067136295
"ATGATATGGTGCTA-1","NK cells","NK cells",0.36242136390329
"ATGATATGTTGTCT-1","Monocytes","Monocytes",0.376297069407934
"ATGCACGAATGTCG-1","B cells","B cells",0.312198933937816
"ATGCACGACTGTAG-1","CD8+ T cells","CD8+ T cells",0.292064342119239
"ATGCACGAGAACCT-1","B cells","B cells",0.333398986250873
"ATGCACGAGTTCGA-1","CD4+ T cells","CD4+ T cells",0.302005895720242
"ATGCACGATTGGTG-1","Monocytes","Monocytes",0.454488609564539
"ATGCAGTGTTACCT-1","B cells","B cells",0.286289467363248
"ATGCAGTGTTCTAC-1","CD4+ T cells","CD4+ T cells",0.328083907336352
"ATGCCAGAACGACT-1","CD4+ T cells","CD4+ T cells",0.28706244885355
"ATGCCAGACAGTCA-1","Monocytes","Monocytes",0.334035712636877
"ATGCCGCTTGAACC-1","Monocytes","Monocytes",0.371108810952209
"ATGCGATGCTATGG-1","Monocytes","Monocytes",0.399049914068554
"ATGCGATGCTGAGT-1","CD4+ T cells","CD4+ T cells",0.305129259649819
"ATGCGATGGTTACG-1","B cells","B cells",0.329942766924768
"ATGCGCCTTCATTC-1","CD4+ T cells","CD4+ T cells",0.310258963459788
"ATGCTTTGCGAATC-1","CD4+ T cells","CD4+ T cells",0.367449638296257
"ATGCTTTGGGCGAA-1","T cells","T cells",0.286955455749957
"ATGCTTTGTAGTCG-1","B cells","B cells",0.308916905480539
"ATGGACACATCGGT-1","CD4+ T cells","CD4+ T cells",0.35621299874737
"ATGGACACGCATCA-1","NK cells","NK cells",0.301777696598892
"ATGGGTACAACCTG-1","B cells","B cells",0.309462486213814
"ATGGGTACATCGGT-1","NK cells","NK cells",0.342320768737306
"ATGGGTACTATTCC-1","CD4+ T cells","CD4+ T cells",0.332920225204296
"ATGGGTACTGGGAG-1","CD4+ T cells","CD4+ T cells",0.326871846529973
"ATGTAAACACCTCC-1","CD4+ T cells","CD4+ T cells",0.30328198223032
"ATGTAAACCCGCTT-1","CD4+ T cells","CD4+ T cells",0.342759214043814
"ATGTAAACGGGATG-1","Monocytes","Monocytes",0.40596939683277
"ATGTAAACTCTCCG-1","CD4+ T cells","CD4+ T cells",0.384560376842185
"ATGTAAACTTCACT-1","Monocytes","Monocytes",0.3636155382605
"ATGTACCTCAGTCA-1","T cells","T cells",0.275827286488139
"ATGTACCTTAGTCG-1","CD4+ T cells","CD4+ T cells",0.334081104112295
"ATGTACCTTTATCC-1","Monocytes","Monocytes",0.322832006144185
"ATGTACCTTTCACT-1","T cells","T cells",0.361154138047259
"ATGTCACTAATGCC-1","Monocytes","Monocytes",0.401177869566911
"ATGTCACTCTGCTC-1","CD4+ T cells","CD4+ T cells",0.259409854778026
"ATGTCGGAGGTGAG-1","CD4+ T cells","CD4+ T cells",0.320568779648637
"ATGTTCACAGTCTG-1","Monocytes","Monocytes",0.358450542747765
"ATGTTCACCGTAGT-1","CD4+ T cells","CD4+ T cells",0.342125186041698
"ATGTTGCTTTCAGG-1","CD4+ T cells","CD4+ T cells",0.303148221846667
"ATTAACGATGAGAA-1","NK cells","NK cells",0.311694550365459
"ATTAACGATGCAAC-1","T cells","T cells",0.352970563522388
"ATTAAGACTGCAGT-1","CD4+ T cells","CD4+ T cells",0.342642249324654
"ATTACCTGCCTTAT-1","Monocytes","Monocytes",0.378184431406077
"ATTACCTGGAGGAC-1","Monocytes","Monocytes",0.407622092231654
"ATTACCTGGGCATT-1","B cells","B cells",0.271073313155384
"ATTAGATGTTTCAC-1","CD4+ T cells","CD4+ T cells",0.268522462494936
"ATTATGGAATCTCT-1","CD4+ T cells","CD4+ T cells",0.316808273393243
"ATTCAAGAACGGGA-1","CD8+ T cells","CD8+ T cells",0.313519825914841
"ATTCAAGACCTTTA-1","CD4+ T cells","CD4+ T cells",0.324447745402498
"ATTCAGCTCATTGG-1","Progenitors","Progenitors",0.209912124272133
"ATTCCAACCATTGG-1","Monocytes","Monocytes",0.400812313464713
"ATTCCAACTTAGGC-1","NK cells","NK cells",0.328746261278192
"ATTCGACTCACTAG-1","T cells","T cells",0.311917295125246
"ATTCGACTGAATAG-1","Monocytes","Monocytes",0.34036041798261
"ATTCGACTTTTGTC-1","Monocytes","Monocytes",0.394166541824626
"ATTCGGGAAAGGCG-1","Monocytes","Monocytes",0.327330757282834
"ATTCGGGATTAGGC-1","CD4+ T cells","CD4+ T cells",0.329598117705694
"ATTCTTCTGATACC-1","CD4+ T cells","CD4+ T cells",0.30591096152337
"ATTGAATGGACGGA-1","CD4+ T cells","CD4+ T cells",0.27218483046683
"ATTGATGAAGGTTC-1","CD4+ T cells","CD4+ T cells",0.303964602973519
"ATTGATGACTGAGT-1","CD4+ T cells","CD4+ T cells",0.330298562944274
"ATTGATGAGCGAAG-1","CD4+ T cells","CD4+ T cells",0.29417539374701
"ATTGATGATCTATC-1","CD4+ T cells","CD4+ T cells",0.293825938295949
"ATTGCACTGACGGA-1","CD8+ T cells","CD8+ T cells",0.312190280545649
"ATTGCACTGAGAGC-1","Monocytes","Monocytes",0.41060563348016
"ATTGCACTGGAGCA-1","Monocytes","Monocytes",0.33664902792333
"ATTGCACTTAGCCA-1","CD4+ T cells","CD4+ T cells",0.318966030893004
"ATTGCACTTGCTTT-1","Monocytes","Monocytes",0.431253441982943
"ATTGCTTGTTACTC-1","B cells","B cells",0.319428531389034
"ATTGGTCTGACTAC-1","B cells","B cells",0.341074332792778
"ATTGGTCTTGTCTT-1","B cells","B cells",0.268007285185373
"ATTGTAGATTCCCG-1","Dendritic cells","Dendritic cells",0.445583148784585
"ATTGTAGATTGCAG-1","CD4+ T cells","CD4+ T cells",0.308791907171359
"ATTGTCTGCGTACA-1","CD4+ T cells","CD4+ T cells",0.304042267899002
"ATTTAGGAACCATG-1","Monocytes","Monocytes",0.48036307382259
"ATTTAGGACAGAGG-1","CD4+ T cells","CD4+ T cells",0.335204880946811
"ATTTCCGAGATGAA-1","CD8+ T cells","CD8+ T cells",0.338020430396243
"ATTTCCGAGTGCTA-1","CD4+ T cells","CD4+ T cells",0.312607682080474
"ATTTCGTGTATGGC-1","T cells","T cells",0.347702102371993
"ATTTCTCTACTTTC-1","Monocytes","Monocytes",0.409056896023304
"ATTTCTCTAGCAAA-1","CD4+ T cells","CD4+ T cells",0.343759024004029
"ATTTCTCTCACTTT-1","Monocytes","Monocytes",0.409443933883297
"ATTTCTCTTCCCAC-1","CD4+ T cells","CD4+ T cells",0.2911548885321
"ATTTGCACAAGATG-1","Monocytes","Monocytes",0.290666029859348
"CAAAGCACAGCTCA-1","CD4+ T cells","CD4+ T cells",0.332337930119197
"CAAAGCACCGTAAC-1","B cells","B cells",0.322006453661997
"CAAAGCACGGTAAA-1","T cells","T cells",0.377864412274544
"CAAAGCTGAAAGTG-1","CD8+ T cells","CD8+ T cells",0.273118374791667
"CAAAGCTGTTGCTT-1","Monocytes","Monocytes",0.350429374301792
"CAAATATGTGACAC-1","CD4+ T cells","CD4+ T cells",0.309401672385943
"CAAATTGAGGGCAA-1","T cells","T cells",0.276337923654795
"CAAATTGATGGAGG-1","Monocytes","Monocytes",0.275588731095064
"CAACCAGAAAAGTG-1","T cells","T cells",0.28457150554345
"CAACCAGAAGTGCT-1","CD4+ T cells","CD4+ T cells",0.371088384859946
"CAACCAGAGTTCAG-1","Monocytes","Monocytes",0.3987230478949
"CAACCAGATAGAAG-1","Monocytes","Monocytes",0.27110716755945
"CAACCGCTGTTCAG-1","CD8+ T cells","CD8+ T cells",0.317975239652862
"CAACCGCTTTGAGC-1","CD4+ T cells","CD4+ T cells",0.308563285971366
"CAACGATGCGCAAT-1","Monocytes","Monocytes",0.452785983649476
"CAACGTGACTCCAC-1","Monocytes","Monocytes",0.406504187062076
"CAACGTGAGCCATA-1","CD8+ T cells","CD8+ T cells",0.330302718874629
"CAACGTGATCAAGC-1","Monocytes","Monocytes",0.361800812365108
"CAAGAAGACCACAA-1","T cells","T cells",0.331416307652151
"CAAGAAGACGTCTC-1","Monocytes","Monocytes",0.412060119983154
"CAAGAAGATTCTAC-1","CD4+ T cells","CD4+ T cells",0.309574587382532
"CAAGACTGACCTGA-1","B cells","B cells",0.30957459339254
"CAAGACTGAGTAGA-1","B cells","B cells",0.351439640687029
"CAAGCTGACCATAG-1","Monocytes","Monocytes",0.392276972835314
"CAAGCTGATCTATC-1","T cells","T cells",0.3398858472699
"CAAGGACTGTTCAG-1","CD8+ T cells","CD8+ T cells",0.338021075370451
"CAAGGACTTCTTTG-1","T cells","T cells",0.290689355280399
"CAAGGTTGCTCCAC-1","CD4+ T cells","CD4+ T cells",0.310245936185197
"CAAGGTTGTCATTC-1","B cells","B cells",0.290077246479297
"CAAGGTTGTCTGGA-1","NK cells","NK cells",0.370519948943478
"CAAGTCGAAACAGA-1","B cells","B cells",0.32483327983623
"CAAGTCGATAGCGT-1","Monocytes","Monocytes",0.334815270562566
"CAATAAACGCCATA-1","Monocytes","Monocytes",0.262674367521214
"CAATAATGAACTGC-1","Monocytes","Monocytes",0.310468041699209
"CAATATGACATGGT-1","CD4+ T cells","CD4+ T cells",0.345998312376971
"CAATATGACCTTCG-1","T cells","T cells",0.333712001788393
"CAATATGACGTTAG-1","CD4+ T cells","CD4+ T cells",0.29162198511147
"CAATATGAGGAGCA-1","CD4+ T cells","CD4+ T cells",0.322258685539629
"CAATCGGAGAAACA-1","CD4+ T cells","CD4+ T cells",0.300314929879438
"CAATCTACTGACTG-1","NK cells","NK cells",0.360955923324022
"CAATTCACCCAACA-1","CD8+ T cells","CD8+ T cells",0.332085427942669
"CAATTCACGATAGA-1","CD4+ T cells","CD4+ T cells",0.310965951724094
"CAATTCACTTGTGG-1","CD4+ T cells",NA,0.208315860598276
"CAATTCTGCTTGTT-1","Monocytes","Monocytes",0.377499120595529
"CAATTCTGGCGTAT-1","Monocytes","Monocytes",0.359408903791334
"CACAACGATACGAC-1","CD8+ T cells","CD8+ T cells",0.288010396837383
"CACAATCTTGTTCT-1","CD8+ T cells","CD8+ T cells",0.292025795040366
"CACAATCTTTCCAT-1","T cells","T cells",0.375404701612353
"CACACCTGCTTGAG-1","CD4+ T cells","CD4+ T cells",0.294535520692579
"CACACCTGTATGGC-1","CD4+ T cells","CD4+ T cells",0.28690703267896
"CACAGAACCCTTGC-1","T cells","T cells",0.286036445092934
"CACAGAACCTGATG-1","CD4+ T cells","CD4+ T cells",0.363979076234452
"CACAGATGGGATTC-1","T cells","T cells",0.327242179864956
"CACAGATGGTTTCT-1","Monocytes","Monocytes",0.349525891316749
"CACAGCCTGATACC-1","T cells","T cells",0.343479550742999
"CACAGCCTTGCCAA-1","Monocytes","Monocytes",0.368218732203237
"CACAGCCTTGTAGC-1","CD4+ T cells","CD4+ T cells",0.324185596514254
"CACAGTGATGAAGA-1","Monocytes","Monocytes",0.3800451866818
"CACATACTACAGCT-1","T cells","T cells",0.311413920251447
"CACATGGAACACGT-1","CD4+ T cells","CD4+ T cells",0.331292089280924
"CACATGGAAGTCGT-1","CD4+ T cells","CD4+ T cells",0.299023948150513
"CACCACTGCCAACA-1","CD4+ T cells","CD4+ T cells",0.279511192508105
"CACCACTGGCGAAG-1","NK cells","NK cells",0.328208180435179
"CACCCATGTTCTGT-1","T cells","T cells",0.211793206964472
"CACCGGGAATCGAC-1","CD4+ T cells","CD4+ T cells",0.346482278987675
"CACCGGGACGAGAG-1","T cells","T cells",0.332730692433051
"CACCGGGACGTGTA-1","CD4+ T cells","CD4+ T cells",0.332265445623934
"CACCGGGACTTCTA-1","CD8+ T cells","CD8+ T cells",0.36156810837864
"CACCGGGACTTGCC-1","CD8+ T cells","CD8+ T cells",0.324383618093097
"CACCGGGATTCGGA-1","CD8+ T cells","CD8+ T cells",0.340566095619173
"CACCGTACTAAGGA-1","B cells","B cells",0.297330706011024
"CACCGTACTAGCGT-1","CD8+ T cells","CD8+ T cells",0.342439207372602
"CACCTGACACCCAA-1","CD8+ T cells","CD8+ T cells",0.361478305626958
"CACCTGACCAGAAA-1","CD4+ T cells","CD4+ T cells",0.306789959577591
"CACCTGACCTCAAG-1","T cells","T cells",0.330271942505031
"CACCTGACGAAAGT-1","B cells","B cells",0.340267585877263
"CACCTGACTCGTAG-1","CD4+ T cells","CD4+ T cells",0.327011150564151
"CACGAAACTTCCGC-1","B cells","B cells",0.3367218889337
"CACGACCTCGATAC-1","B cells","B cells",0.307146988385169
"CACGCTACAGAAGT-1","CD4+ T cells","CD4+ T cells",0.255555569542467
"CACGCTACTGTTCT-1","B cells","B cells",0.302528039274412
"CACGCTACTTGACG-1","Monocytes","Monocytes",0.307889996389466
"CACGGGACAGAGTA-1","CD4+ T cells","CD4+ T cells",0.338657680219907
"CACGGGACATAAGG-1","CD4+ T cells","CD4+ T cells",0.290109663865731
"CACGGGACGTAGGG-1","CD4+ T cells","CD4+ T cells",0.357987875011265
"CACGGGTGCTTCGC-1","CD8+ T cells","CD8+ T cells",0.315209291531574
"CACGGGTGGAGGAC-1","T cells","T cells",0.309870872550299
"CACGGGTGTGTTTC-1","CD8+ T cells","CD8+ T cells",0.241430845057811
"CACTAACTCCTAAG-1","B cells","B cells",0.32128950477169
"CACTAACTGAAAGT-1","CD4+ T cells","CD4+ T cells",0.310615904353229
"CACTAGGATGATGC-1","B cells","B cells",0.279976079178591
"CACTATACCCCGTT-1","B cells","B cells",0.329338327776406
"CACTATACGTTTGG-1","T cells","T cells",0.334541450796329
"CACTGAGACAGTCA-1","Dendritic cells","Dendritic cells",0.264948202090153
"CACTGCACTTCATC-1","CD4+ T cells","CD4+ T cells",0.300132504739597
"CACTGCTGAGACTC-1","Monocytes","Monocytes",0.388447048913697
"CACTGCTGGAAAGT-1","CD4+ T cells","CD4+ T cells",0.331096779445729
"CACTTAACCGAATC-1","CD4+ T cells","CD4+ T cells",0.334391824745059
"CACTTAACCGTACA-1","B cells","B cells",0.30289893737622
"CACTTTGACTCTAT-1","CD8+ T cells","CD8+ T cells",0.299752993250328
"CACTTTGAGCTGTA-1","CD8+ T cells","CD8+ T cells",0.297639022280278
"CAGAAGCTCTCAAG-1","CD8+ T cells","CD8+ T cells",0.308263855470814
"CAGACATGAACGGG-1","CD4+ T cells","CD4+ T cells",0.330527099550032
"CAGACATGTCGACA-1","CD4+ T cells","CD4+ T cells",0.335319625045687
"CAGACCCTAAGGTA-1","Monocytes","Monocytes",0.418405893011524
"CAGACCCTAATGCC-1","CD4+ T cells","CD4+ T cells",0.338899928902769
"CAGACCCTAGGAGC-1","CD4+ T cells","CD4+ T cells",0.32625446101986
"CAGACTGAGTATGC-1","CD4+ T cells","CD4+ T cells",0.308549968949703
"CAGATCGAATGTCG-1","B cells","B cells",0.308284687735038
"CAGATCGACCTGAA-1","T cells","T cells",0.266541925637946
"CAGATCGATATGGC-1","CD4+ T cells","CD4+ T cells",0.312337124469154
"CAGATGACATTCTC-1","NK cells","NK cells",0.360833743330822
"CAGCAATGCCTTCG-1","CD4+ T cells","CD4+ T cells",0.302330477727145
"CAGCAATGGAGGGT-1","NK cells","NK cells",0.33406816706652
"CAGCAATGGTGCTA-1","CD4+ T cells","CD4+ T cells",0.314447454550566
"CAGCAATGTCTACT-1","Monocytes","Monocytes",0.338164002768185
"CAGCAATGTGACCA-1","CD4+ T cells","CD4+ T cells",0.294350607154395
"CAGCAATGTGAGGG-1","Monocytes","Monocytes",0.299096374302558
"CAGCACCTAAGCCT-1","CD4+ T cells","CD4+ T cells",0.305080810935656
"CAGCACCTAGGCGA-1","CD4+ T cells","CD4+ T cells",0.285255365428328
"CAGCACCTGTAGGG-1","Monocytes","Monocytes",0.427302248771928
"CAGCATGACAACCA-1","Monocytes","Monocytes",0.372139886419417
"CAGCATGAGACGTT-1","T cells","T cells",0.340561353655948
"CAGCCTACCCAACA-1","CD4+ T cells","CD4+ T cells",0.331577887417981
"CAGCCTTGCTACCC-1","Monocytes","Monocytes",0.327921643454721
"CAGCCTTGGGGACA-1","CD4+ T cells","CD4+ T cells",0.340767608669705
"CAGCGGACACCCTC-1","CD4+ T cells","CD4+ T cells",0.316564840923866
"CAGCGGACCTTTAC-1","NK cells","NK cells",0.361851197061172
"CAGCGTCTAAAGCA-1","T cells","T cells",0.337968682980267
"CAGCGTCTTATCGG-1","CD4+ T cells","CD4+ T cells",0.310380681939061
"CAGCTAGATGTGAC-1","Monocytes","Monocytes",0.299010482955423
"CAGCTCTGAGGCGA-1","CD4+ T cells","CD4+ T cells",0.297761634774263
"CAGCTCTGCAAGCT-1","CD8+ T cells","CD8+ T cells",0.315990502362109
"CAGCTCTGTCGTAG-1","Monocytes","Monocytes",0.430408886064128
"CAGCTCTGTGTGGT-1","NK cells","NK cells",0.341581972253075
"CAGGAACTAACTGC-1","CD8+ T cells","CD8+ T cells",0.294744000368746
"CAGGAACTCTCAGA-1","Monocytes","Monocytes",0.337351336807224
"CAGGCCGAACACCA-1","CD4+ T cells","CD4+ T cells",0.303016441665477
"CAGGCCGAACACGT-1","CD4+ T cells","CD4+ T cells",0.365754231207625
"CAGGCCGAACGACT-1","CD4+ T cells","CD4+ T cells",0.285858670827705
"CAGGCCGAATCTCT-1","Monocytes","Monocytes",0.344602675866898
"CAGGCCGACTAGCA-1","B cells","B cells",0.339911498040872
"CAGGGCACCATACG-1","B cells","B cells",0.311617889731716
"CAGGGCACCCAACA-1","CD4+ T cells","CD4+ T cells",0.303320603194029
"CAGGGCACTCCCGT-1","CD4+ T cells","CD4+ T cells",0.31586667706996
"CAGGTAACAGACTC-1","Monocytes","Monocytes",0.335473263014769
"CAGGTATGAGTCGT-1","CD4+ T cells","CD4+ T cells",0.262989353820298
"CAGGTATGTGCTTT-1","CD4+ T cells","CD4+ T cells",0.337678305800811
"CAGGTTGAGGATCT-1","B cells","B cells",0.433807909007603
"CAGTGATGGACGGA-1","B cells","B cells",0.306402193039581
"CAGTGATGGCTAAC-1","NK cells","NK cells",0.349034880389272
"CAGTGATGGGACAG-1","CD4+ T cells","CD4+ T cells",0.363923936548826
"CAGTGATGTAAGGA-1","B cells","B cells",0.324418366892802
"CAGTGATGTACGCA-1","B cells","B cells",0.231071085690539
"CAGTGTGAACACGT-1","NK cells","NK cells",0.19996282024442
"CAGTGTGATGTCAG-1","CD4+ T cells","CD4+ T cells",0.288540019463967
"CAGTTACTAAGGTA-1","B cells","B cells",0.367511996627325
"CAGTTACTGATAGA-1","CD8+ T cells","CD8+ T cells",0.327903060356262
"CAGTTGGAAAGAGT-1","Monocytes","Monocytes",0.418764772573378
"CAGTTGGACATACG-1","CD4+ T cells","CD4+ T cells",0.312327983686662
"CAGTTTACACACGT-1","T cells","T cells",0.42203872844853
"CAGTTTACCCCAAA-1","CD8+ T cells","CD8+ T cells",0.282063145271822
"CATAAAACGGAGCA-1","Monocytes","Monocytes",0.353759962820911
"CATAAATGAACTGC-1","CD4+ T cells","CD4+ T cells",0.309658078328639
"CATAACCTTCTCCG-1","CD4+ T cells","CD4+ T cells",0.326199081337345
"CATACTACCTCGAA-1","CD4+ T cells","CD4+ T cells",0.30092536156591
"CATACTACCTGAAC-1","CD4+ T cells","CD4+ T cells",0.307182717425929
"CATACTACGTACCA-1","Monocytes","Monocytes",0.339410151199
"CATACTTGGGTTAC-1","Monocytes","Monocytes",0.399963435201122
"CATAGTCTAATCGC-1","CD4+ T cells","CD4+ T cells",0.303726198173301
"CATAGTCTCACTTT-1","CD4+ T cells","CD4+ T cells",0.321910545320809
"CATATAGACTAAGC-1","Dendritic cells","Dendritic cells",0.360801717566026
"CATATAGATCAGGT-1","B cells","B cells",0.321864887339506
"CATCAACTAGAAGT-1","CD4+ T cells","CD4+ T cells",0.338061543905437
"CATCAACTCCCTCA-1","CD4+ T cells","CD4+ T cells",0.327391411025442
"CATCAGGACTTCCG-1","NK cells","NK cells",0.331192852266127
"CATCAGGATAGCCA-1","NK cells","NK cells",0.331806553165063
"CATCAGGATCCTAT-1","Monocytes","Monocytes",0.447019937394682
"CATCAGGATGCACA-1","Monocytes","Monocytes",0.38914768843809
"CATCAGGATTTCGT-1","Monocytes","Monocytes",0.317334686607231
"CATCATACCGCATA-1","Monocytes","Monocytes",0.390188337945387
"CATCATACGGAGCA-1","B cells","B cells",0.29514262309527
"CATCATACTCAAGC-1","CD8+ T cells","CD8+ T cells",0.314850923082852
"CATCGCTGGGATCT-1","CD4+ T cells","CD4+ T cells",0.348919262764213
"CATCGCTGTGGCAT-1","B cells","B cells",0.285928945307248
"CATCGGCTATGCTG-1","CD4+ T cells","CD4+ T cells",0.342744786381276
"CATCGGCTTTGGCA-1","CD4+ T cells","CD4+ T cells",0.318797900511358
"CATCTCCTATGTGC-1","B cells","B cells",0.329927737725063
"CATCTCCTCGAACT-1","Monocytes","Monocytes",0.365714078704689
"CATGAGACACGGGA-1","B cells","B cells",0.256374755951858
"CATGAGACGTTGAC-1","NK cells","NK cells",0.35644394500598
"CATGAGACTCGCCT-1","CD4+ T cells","CD4+ T cells",0.282671620235933
"CATGCCACGGGTGA-1","CD8+ T cells","CD8+ T cells",0.314190200347439
"CATGCCACTGCCAA-1","CD4+ T cells","CD4+ T cells",0.330745256211933
"CATGCGCTAGTCAC-1","Monocytes","Monocytes",0.439399352136207
"CATGCGCTCAGATC-1","Monocytes","Monocytes",0.323144070797295
"CATGCGCTTTGCAG-1","Monocytes","Monocytes",0.436019119773811
"CATGGCCTAGGGTG-1","Monocytes","Monocytes",0.286340064705627
"CATGGCCTGTGCAT-1","CD8+ T cells","CD8+ T cells",0.321733782418586
"CATGTACTATCGTG-1","CD8+ T cells","CD8+ T cells",0.319222354763143
"CATGTTACAGTCGT-1","T cells","T cells",0.338934022722116
"CATGTTACCTGAGT-1","CD8+ T cells","CD8+ T cells",0.311421398378866
"CATGTTTGGGGATG-1","Monocytes","Monocytes",0.351930046058307
"CATTACACACGGAG-1","B cells","B cells",0.288369702962881
"CATTACACCAACTG-1","NK cells","NK cells",0.380147618020644
"CATTACACGGAGTG-1","CD4+ T cells","CD4+ T cells",0.323695499132907
"CATTACACTACTCT-1","CD8+ T cells","CD8+ T cells",0.330247765450738
"CATTAGCTCCACAA-1","Monocytes","Monocytes",0.37970057062984
"CATTGACTAGCGGA-1","Monocytes","Monocytes",0.370919737841243
"CATTGGGACTCGAA-1","CD4+ T cells","CD4+ T cells",0.286667610162091
"CATTGTACAGCGTT-1","CD8+ T cells","CD8+ T cells",0.314616193650567
"CATTGTACTCGATG-1","B cells","B cells",0.33969720990541
"CATTGTACTTATCC-1","CD4+ T cells","CD4+ T cells",0.281733187634664
"CATTGTACTTTGCT-1","Monocytes","Monocytes",0.421590869872606
"CATTGTTGCTAGTG-1","CD4+ T cells","CD4+ T cells",0.307849309247912
"CATTTCGACTCTAT-1","T cells","T cells",0.332666929289298
"CATTTCGAGATACC-1","NK cells","NK cells",0.360359081158
"CATTTGACCACACA-1","CD8+ T cells","CD8+ T cells",0.323180168618001
"CATTTGACCCTGAA-1","CD8+ T cells","CD8+ T cells",0.333984512774985
"CATTTGTGACGACT-1","B cells","B cells",0.325252501731913
"CATTTGTGCATTGG-1","CD4+ T cells","CD4+ T cells",0.310109005412448
"CATTTGTGCGGAGA-1","CD8+ T cells","CD8+ T cells",0.309042430766512
"CATTTGTGGGATCT-1","B cells","B cells",0.32818721435559
"CCAAAGTGCTACGA-1","Monocytes","Monocytes",0.414424398870038
"CCAAAGTGTGAGAA-1","Monocytes","Monocytes",0.314495445798455
"CCAACCTGAAGTAG-1","T cells","T cells",0.354759934489921
"CCAACCTGACGTAC-1","Monocytes","Monocytes",0.369025294747772
"CCAACCTGTTCGCC-1","Monocytes","Monocytes",0.292210925680521
"CCAAGAACCCAATG-1","CD4+ T cells","CD4+ T cells",0.309579767757338
"CCAAGAACGTAGCT-1","CD4+ T cells","CD4+ T cells",0.337461296481652
"CCAAGAACGTGTCA-1","CD4+ T cells","CD4+ T cells",0.30600701826118
"CCAAGAACTACTGG-1","T cells","T cells",0.336144672587355
"CCAAGAACTCCTAT-1","B cells","B cells",0.255237426969839
"CCAAGATGTCATTC-1","CD4+ T cells","CD4+ T cells",0.290522502059943
"CCAAGATGTTTCAC-1","CD4+ T cells","CD4+ T cells",0.30668067803702
"CCAAGTGAGGAACG-1","CD4+ T cells","CD4+ T cells",0.310905693399537
"CCAAGTGATCAAGC-1","CD4+ T cells","CD4+ T cells",0.345913879633343
"CCAATGGAACAGCT-1","Monocytes","Monocytes",0.306080086236498
"CCAATTTGAACGTC-1","Monocytes","Monocytes",0.380431199472686
"CCACCATGAACGTC-1","CD4+ T cells","CD4+ T cells",0.323769894623207
"CCACCATGATCGGT-1","CD4+ T cells","CD4+ T cells",0.281052275151377
"CCACCATGGACGAG-1","Monocytes","Monocytes",0.47501613885537
"CCACCATGGGGAGT-1","CD4+ T cells","CD4+ T cells",0.309967762062094
"CCACCATGTCCTGC-1","T cells","T cells",0.34966030194881
"CCACTGACCCGCTT-1","Monocytes","Monocytes",0.33704612443436
"CCACTGTGGGAAGC-1","Monocytes","Monocytes",0.276857424222181
"CCACTGTGTGTAGC-1","CD4+ T cells","CD4+ T cells",0.283679094423787
"CCACTTCTCGGGAA-1","Monocytes","Monocytes",0.402449270789773
"CCAGAAACCCTGTC-1","B cells","B cells",0.287900569269392
"CCAGAAACGAACTC-1","CD4+ T cells","CD4+ T cells",0.331746806490713
"CCAGAAACGGTCTA-1","CD4+ T cells","CD4+ T cells",0.301045612878527
"CCAGACCTCTGAGT-1","B cells","B cells",0.255180596746072
"CCAGACCTTGTGGT-1","CD4+ T cells","CD4+ T cells",0.262988699985909
"CCAGCACTGCGATT-1","Monocytes","Monocytes",0.420335212517922
"CCAGCGGAAAGGCG-1","Monocytes","Monocytes",0.328964729758598
"CCAGCGGACGACTA-1","Monocytes","Monocytes",0.373695862833201
"CCAGCGGATGGGAG-1","CD4+ T cells","CD4+ T cells",0.33702278492487
"CCAGCTACACAGTC-1","CD4+ T cells","CD4+ T cells",0.315522415138341
"CCAGCTACCAGCTA-1","B cells","B cells",0.276500004078463
"CCAGGTCTACACCA-1","B cells","B cells",0.314890698951466
"CCAGGTCTAGCATC-1","Monocytes","Monocytes",0.355486791934334
"CCAGGTCTATGGTC-1","CD4+ T cells","CD4+ T cells",0.292470088593833
"CCAGTCACACTGGT-1","Monocytes","Monocytes",0.354432304954568
"CCAGTCACACTGTG-1","B cells","B cells",0.308853919101222
"CCAGTCACGTTGTG-1","CD8+ T cells","CD8+ T cells",0.31427938266914
"CCAGTCTGCGGAGA-1","B cells","B cells",0.453986048269292
"CCAGTGCTAACCAC-1","CD4+ T cells","CD4+ T cells",0.363978011258385
"CCAGTGCTCGTAGT-1","CD4+ T cells","CD4+ T cells",0.313311978484982
"CCATCCGAAAGCAA-1","CD8+ T cells","CD8+ T cells",0.307564872542624
"CCATCCGAACGACT-1","T cells","T cells",0.276303342586228
"CCATCCGAAGGTTC-1","B cells","B cells",0.300592285130334
"CCATCCGATTCGCC-1","Monocytes","Monocytes",0.308213722387023
"CCATCGTGAACGGG-1","CD4+ T cells","CD4+ T cells",0.32999197090519
"CCATCGTGCTAGAC-1","Monocytes","Monocytes",0.381722360906298
"CCCAACACCTCGCT-1","B cells","B cells",0.32104554697784
"CCCAACACGCATCA-1","CD4+ T cells","CD4+ T cells",0.306463057850624
"CCCAACACTTTGTC-1","Monocytes","Monocytes",0.399271330903909
"CCCAACTGCAATCG-1","Monocytes","Monocytes",0.295474951732477
"CCCAGACTGCCTTC-1","Monocytes","Monocytes",0.425142671696428
"CCCAGACTGGTTTG-1","B cells","B cells",0.34975049379591
"CCCAGACTTTCGCC-1","Monocytes","Monocytes",0.404249584327208
"CCCAGTTGCAGTTG-1","Monocytes","Monocytes",0.416461091379486
"CCCAGTTGGGTACT-1","CD4+ T cells","CD4+ T cells",0.303632475689743
"CCCAGTTGTCTATC-1","B cells","B cells",0.342401955002301
"CCCGATTGTGTTTC-1","T cells","T cells",0.325718146565784
"CCCGGAGAAGGGTG-1","Monocytes","Monocytes",0.280805955839779
"CCCTACGAATTGGC-1","Monocytes","Monocytes",0.356944832459134
"CCCTAGTGCAAAGA-1","CD4+ T cells","CD4+ T cells",0.314791685795082
"CCCTCAGACACTTT-1","B cells","B cells",0.326884005612767
"CCCTCAGACGAGAG-1","CD4+ T cells","CD4+ T cells",0.346335596229668
"CCCTCAGAGGTCAT-1","CD4+ T cells","CD4+ T cells",0.310808764616448
"CCCTGAACTAAAGG-1","B cells","B cells",0.297758234363718
"CCCTGATGCAACCA-1","CD4+ T cells","CD4+ T cells",0.312692688181345
"CCCTGATGCAAGCT-1","B cells","B cells",0.304643423556588
"CCCTTACTAACCAC-1","Monocytes","Monocytes",0.415126238099126
"CCCTTACTGCAGTT-1","T cells","T cells",0.252740415803936
"CCGAAAACCTTGTT-1","Monocytes","Monocytes",0.449813444437693
"CCGACACTGGTTTG-1","CD4+ T cells","CD4+ T cells",0.35402366997409
"CCGACTACCCAGTA-1","Monocytes","Monocytes",0.402642672720241
"CCGACTACCGTGTA-1","CD4+ T cells","CD4+ T cells",0.288314748727155
"CCGACTACTGAGGG-1","CD8+ T cells","CD8+ T cells",0.323453478100998
"CCGATAGACCTAAG-1","CD4+ T cells","CD4+ T cells",0.281063032417158
"CCGATAGAGTTGGT-1","Monocytes","Monocytes",0.371742523855958
"CCGCGAGACACACA-1","Monocytes","Monocytes",0.342778994274407
"CCGCGAGAGGTTCA-1","T cells","T cells",0.32502607366368
"CCGCTATGGGACGA-1","B cells","B cells",0.314189872380352
"CCGCTATGTGCAAC-1","Monocytes","Monocytes",0.383874476384108
"CCGCTATGTGCACA-1","Monocytes","Monocytes",0.406508532341712
"CCGGTACTGTCCTC-1","CD8+ T cells","CD8+ T cells",0.320108695804058
"CCGTACACAAGCAA-1","CD4+ T cells","CD4+ T cells",0.291638942794636
"CCGTACACAGCGTT-1","B cells","B cells",0.312682675271841
"CCGTACACGTCATG-1","CD8+ T cells","CD8+ T cells",0.322277503856925
"CCGTACACGTTGGT-1","Monocytes","Monocytes",0.40959087832316
"CCGTACACTAACGC-1","T cells","T cells",0.330713289622375
"CCTAAACTTTCGTT-1","CD4+ T cells","CD4+ T cells",0.302297553954421
"CCTAAGGACCCAAA-1","CD4+ T cells","CD4+ T cells",0.29982194648524
"CCTAAGGACTAGCA-1","Monocytes","Monocytes",0.295464028860747
"CCTAAGGAGGGCAA-1","T cells","T cells",0.288635985825223
"CCTAAGGATGATGC-1","CD4+ T cells","CD4+ T cells",0.291455954945387
"CCTAAGGATGTCAG-1","CD4+ T cells","CD4+ T cells",0.313447822312419
"CCTACCGACTCTTA-1","CD4+ T cells","CD4+ T cells",0.265510275293657
"CCTACCGAGGGATG-1","B cells","B cells",0.338416756721471
"CCTAGAGAGGTGAG-1","B cells","B cells",0.285379328799123
"CCTATAACCAAAGA-1","CD8+ T cells","CD8+ T cells",0.308280440094263
"CCTATAACGAGACG-1","Monocytes","Monocytes",0.340757823016433
"CCTATAACTCAGAC-1","CD4+ T cells","CD4+ T cells",0.332033777582049
"CCTATAACTGCATG-1","Monocytes","Monocytes",0.338244069168238
"CCTCGAACACTTTC-1","NK cells","NK cells",0.379810355920333
"CCTCGAACCCGTAA-1","Monocytes","Monocytes",0.368458984109757
"CCTCGAACGTATCG-1","CD4+ T cells","CD4+ T cells",0.297060807095873
"CCTCGAACTTACTC-1","CD4+ T cells","CD4+ T cells",0.324510259023315
"CCTCTACTCTTCGC-1","Monocytes","Monocytes",0.361721159203614
"CCTCTACTGGCATT-1","CD8+ T cells","CD8+ T cells",0.275776144804093
"CCTGACTGAAGTAG-1","T cells","T cells",0.32651783803735
"CCTGACTGGGGAGT-1","CD8+ T cells","CD8+ T cells",0.300372215745987
"CCTGACTGTGTCTT-1","B cells","B cells",0.320043571733293
"CCTGCAACACGTTG-1","B cells","B cells",0.308489015645618
"CCTGGACTCGTGAT-1","CD4+ T cells","CD4+ T cells",0.27815975299255
"CCTTAATGCCCAAA-1","B cells","B cells",0.32330687496103
"CCTTAATGTTCTAC-1","Monocytes","Monocytes",0.424099113341027
"CCTTCACTACGACT-1","CD4+ T cells","CD4+ T cells",0.311662670252487
"CCTTCACTCAGTCA-1","B cells","B cells",0.308156778649641
"CCTTCACTGGAGTG-1","Monocytes","Monocytes",0.285625371148981
"CCTTTAGATTCATC-1","Monocytes","Monocytes",0.397363865446311
"CGAACATGCCCTAC-1","Monocytes","Monocytes",0.343922985123289
"CGAACATGTCAGAC-1","CD4+ T cells","CD4+ T cells",0.30725108184139
"CGAAGACTGGAACG-1","T cells","T cells",0.351912993623389
"CGAAGACTGTTACG-1","CD4+ T cells","CD4+ T cells",0.301321233544542
"CGAAGGGAAACCTG-1","CD8+ T cells","CD8+ T cells",0.348904438165285
"CGAAGGGATCCGAA-1","B cells","B cells",0.317166984013954
"CGAAGTACCAACTG-1","B cells","B cells",0.292728634463737
"CGAATCGAGGAGCA-1","Monocytes","Monocytes",0.248474882993171
"CGAATCGAGGAGGT-1","CD4+ T cells","CD4+ T cells",0.305271196558646
"CGACAAACCCATAG-1","CD4+ T cells","CD4+ T cells",0.317999071519823
"CGACAAACCGACAT-1","B cells","B cells",0.329953949095197
"CGACCACTAAAGTG-1","NK cells","NK cells",0.349180842823299
"CGACCACTGCCAAT-1","NK cells","NK cells",0.359318050279285
"CGACCGGAAGGTCT-1","CD4+ T cells","CD4+ T cells",0.313300468251901
"CGACCGGATGGAAA-1","CD4+ T cells","CD4+ T cells",0.329927462666324
"CGACCTTGCTAGTG-1","CD4+ T cells","CD4+ T cells",0.315105621220311
"CGACCTTGGCAAGG-1","T cells","T cells",0.204201753763958
"CGACGTCTATCGTG-1","T cells","T cells",0.281499022934518
"CGACGTCTCGTGTA-1","CD4+ T cells","CD4+ T cells",0.303350565873441
"CGACGTCTGAGGCA-1","T cells","T cells",0.239577587415271
"CGACTCACGTCGTA-1","CD4+ T cells","CD4+ T cells",0.310013049941524
"CGACTCACGTTGCA-1","CD8+ T cells","CD8+ T cells",0.258478769214965
"CGACTCTGTGTGAC-1","CD4+ T cells","CD4+ T cells",0.350832870861276
"CGACTGCTTCCTCG-1","Monocytes","Monocytes",0.353288859984541
"CGAGAACTAAGGCG-1","CD8+ T cells","CD8+ T cells",0.324601447446552
"CGAGAACTACGTTG-1","CD4+ T cells","CD4+ T cells",0.303189296622026
"CGAGAACTTGTTCT-1","Monocytes","Monocytes",0.375834428098497
"CGAGATTGGACACT-1","CD8+ T cells","CD8+ T cells",0.347003570878106
"CGAGATTGGCCATA-1","NK cells","NK cells",0.258634836862929
"CGAGCCGAACACCA-1","CD4+ T cells","CD4+ T cells",0.32164878890361
"CGAGCCGACGACAT-1","T cells","T cells",0.308744531842373
"CGAGCCGAGGCGAA-1","T cells","T cells",0.311209052891632
"CGAGCGTGCTCCAC-1","T cells","T cells",0.336495163988499
"CGAGCGTGGATACC-1","CD4+ T cells","CD4+ T cells",0.364220954680098
"CGAGCGTGTATGCG-1","Monocytes","Monocytes",0.305467217606531
"CGAGGAGACCTCCA-1","B cells","B cells",0.320395801828765
"CGAGGAGATGTCGA-1","CD4+ T cells","CD4+ T cells",0.246303375040239
"CGAGGCACCTATGG-1","T cells","T cells",0.331518595069063
"CGAGGCACTATGCG-1","Monocytes","Monocytes",0.417765541356634
"CGAGGCACTCTTCA-1","T cells","T cells",0.329983389999477
"CGAGGCTGACGCTA-1","NK cells","NK cells",0.319886331110185
"CGAGGCTGGCAGTT-1","Monocytes","Monocytes",0.356065848470778
"CGAGGGCTACGACT-1","B cells","B cells",0.293662747392135
"CGAGGGCTCGAATC-1","T cells","T cells",0.288360593147855
"CGAGTATGTCACCC-1","Monocytes","Monocytes",0.394569624805194
"CGATACGAACAGTC-1","Monocytes","Monocytes",0.370465217840743
"CGATACGACAGGAG-1","CD8+ T cells","CD8+ T cells",0.360456357977917
"CGATACGATTCACT-1","B cells","B cells",0.317259172452718
"CGATAGACCCGTAA-1","Monocytes","Monocytes",0.338714172132557
"CGATAGACCGTACA-1","CD4+ T cells","CD4+ T cells",0.310510477949435
"CGATAGACGTAGGG-1","Monocytes","Monocytes",0.330079763129496
"CGATAGACTGTTCT-1","CD4+ T cells","CD4+ T cells",0.286444438449617
"CGATCAGAAGAACA-1","T cells","T cells",0.323341927446165
"CGATCAGAGAGGGT-1","CD4+ T cells","CD4+ T cells",0.306892642319021
"CGATCAGAGGTACT-1","CD4+ T cells","CD4+ T cells",0.380126777012729
"CGATCAGATGTGAC-1","Dendritic cells","Dendritic cells",0.451781204262786
"CGATCCACCGGGAA-1","T cells","T cells",0.393359121043126
"CGATCCACTTCCAT-1","B cells","B cells",0.236371126058387
"CGCAAATGCTCGAA-1","T cells","T cells",0.253940253763664
"CGCAACCTCCTTGC-1","CD4+ T cells","CD4+ T cells",0.31472679063208
"CGCAACCTGGACGA-1","T cells","T cells",0.307376299656816
"CGCACGGAGGACGA-1","B cells","B cells",0.288937320101441
"CGCACGGATCTTTG-1","CD8+ T cells","CD8+ T cells",0.265751650232363
"CGCACTACAGAATG-1","CD4+ T cells","CD4+ T cells",0.293805997362584
"CGCACTACAGCCAT-1","CD4+ T cells","CD4+ T cells",0.349055716716672
"CGCACTACATTGGC-1","CD4+ T cells","CD4+ T cells",0.288776615220466
"CGCACTACTCGCCT-1","B cells","B cells",0.289125384346675
"CGCACTACTCGTGA-1","CD8+ T cells","CD8+ T cells",0.339769722973748
"CGCACTTGTCACGA-1","Monocytes","Monocytes",0.391574128921451
"CGCAGGACAGATCC-1","T cells","T cells",0.343058388441037
"CGCAGGACCTACTT-1","T cells","T cells",0.247787752303277
"CGCAGGACTTGTCT-1","Monocytes","Monocytes",0.470565204148608
"CGCAGGTGCACTGA-1","CD8+ T cells","CD8+ T cells",0.32920042174866
"CGCAGGTGCCATAG-1","Monocytes","Monocytes",0.401328025733762
"CGCAGGTGGGAACG-1","CD4+ T cells","CD4+ T cells",0.30988015844318
"CGCATAGATCACGA-1","Monocytes","Monocytes",0.293765055890942
"CGCCATACTGCAAC-1","CD4+ T cells","CD4+ T cells",0.343624421200663
"CGCCATTGAGAGGC-1","CD4+ T cells","CD4+ T cells",0.305093239568064
"CGCCATTGCTATGG-1","CD4+ T cells","CD4+ T cells",0.319088770765876
"CGCCATTGGAGACG-1","CD4+ T cells","CD4+ T cells",0.312623051859818
"CGCCATTGGAGCAG-1","B cells","B cells",0.340896733253792
"CGCCATTGTACTGG-1","B cells","B cells",0.288405318657896
"CGCCGAGAGCTTAG-1","NK cells","NK cells",0.372757922169294
"CGCCTAACGAATGA-1","Dendritic cells","Dendritic cells",0.435625306240187
"CGCCTAACTGCTCC-1","CD4+ T cells","CD4+ T cells",0.332050448659377
"CGCGAGACACAGCT-1","T cells","T cells",0.307595758567838
"CGCGAGACAGGTCT-1","B cells","B cells",0.383673714979458
"CGCGAGACGCTACA-1","T cells","T cells",0.299851068365339
"CGCGATCTCAGTCA-1","Monocytes","Monocytes",0.385260492885071
"CGCGATCTGTTGAC-1","Monocytes","Monocytes",0.329073815538478
"CGCGATCTTTCTTG-1","B cells","B cells",0.326123156994512
"CGCGGATGGCCAAT-1","CD4+ T cells","CD4+ T cells",0.337275040300585
"CGCTAAGAATGTCG-1","CD4+ T cells","CD4+ T cells",0.36504951170172
"CGCTAAGACAACTG-1","CD4+ T cells","CD4+ T cells",0.318068473962717
"CGCTAAGACCCTTG-1","CD4+ T cells","CD4+ T cells",0.293653335173188
"CGCTACTGAACAGA-1","Monocytes","Monocytes",0.411875183746816
"CGCTACTGAGAACA-1","CD4+ T cells","CD4+ T cells",0.35223979948585
"CGCTACTGTGAGCT-1","CD8+ T cells","CD8+ T cells",0.291408652307383
"CGCTACTGTTCCCG-1","NK cells","NK cells",0.304095603456826
"CGCTCATGCATTTC-1","Monocytes","Monocytes",0.311891331466625
"CGGAATTGCACTAG-1","CD4+ T cells","CD4+ T cells",0.251059191664473
"CGGAATTGGTTTGG-1","CD4+ T cells","CD4+ T cells",0.299810439081071
"CGGAATTGTGGAGG-1","CD4+ T cells","CD4+ T cells",0.303995783748978
"CGGACCGATGCGTA-1","CD8+ T cells","CD8+ T cells",0.315856681063943
"CGGACCGATGGGAG-1","CD4+ T cells",NA,0.224130846668014
"CGGACTCTAAACAG-1","B cells","B cells",0.306657938456337
"CGGACTCTCCAATG-1","CD4+ T cells","CD4+ T cells",0.323083621711253
"CGGACTCTCCTCGT-1","NK cells","NK cells",0.320913267129979
"CGGAGGCTATTCCT-1","CD4+ T cells","CD4+ T cells",0.24482255494919
"CGGAGGCTTGGATC-1","CD8+ T cells","CD8+ T cells",0.308205653198301
"CGGATAACAACGAA-1","Monocytes","Monocytes",0.358398222760842
"CGGATAACAGCTCA-1","CD4+ T cells","CD4+ T cells",0.321255926546613
"CGGATAACTCAGTG-1","Monocytes","Monocytes",0.303704879330146
"CGGCACGAACTCAG-1","T cells","T cells",0.355124271316359
"CGGCACGAAGGGTG-1","CD4+ T cells","CD4+ T cells",0.304238420552516
"CGGCACGACTACGA-1","Monocytes","Monocytes",0.385105851334897
"CGGCATCTTAGAAG-1","CD4+ T cells","CD4+ T cells",0.322026942718622
"CGGCATCTTCGTAG-1","Monocytes","Monocytes",0.378720413924538
"CGGCCAGAAAGGTA-1","CD4+ T cells","CD4+ T cells",0.295937016845349
"CGGCCAGAGAGGCA-1","CD8+ T cells","CD8+ T cells",0.368030397626777
"CGGCGAACCAGTCA-1","Monocytes","Monocytes",0.429037773033424
"CGGCGAACGACAAA-1","NK cells","NK cells",0.340549339857551
"CGGCGAACGGTCTA-1","CD4+ T cells","CD4+ T cells",0.314963985044809
"CGGCGAACTACTTC-1","NK cells","NK cells",0.333147496218368
"CGGGACTGCGTGTA-1","CD4+ T cells","CD4+ T cells",0.327072023289068
"CGGGACTGGAATAG-1","CD8+ T cells","CD8+ T cells",0.345191841530305
"CGGGCATGACCCAA-1","NK cells",NA,0.246375792530343
"CGGGCATGTCTCTA-1","NK cells","NK cells",0.360665017541194
"CGGGCATGTTGTGG-1","CD4+ T cells","CD4+ T cells",0.295161379492308
"CGGTAAACTCGCAA-1","T cells","T cells",0.345668749614545
"CGGTCACTGTTTGG-1","CD4+ T cells","CD4+ T cells",0.319893966539021
"CGGTCACTTACTTC-1","CD4+ T cells","CD4+ T cells",0.329972056822817
"CGTAACGAATCAGC-1","CD4+ T cells","CD4+ T cells",0.238782468421887
"CGTAACGATCGCCT-1","CD4+ T cells","CD4+ T cells",0.34530511461636
"CGTACCACACACAC-1","CD4+ T cells","CD4+ T cells",0.316268740688395
"CGTACCACACGTTG-1","CD4+ T cells","CD4+ T cells",0.300582396093357
"CGTACCACCTCATT-1","CD4+ T cells","CD4+ T cells",0.305531501788266
"CGTACCACGCTACA-1","T cells","T cells",0.267388690480415
"CGTACCACGGAGCA-1","CD4+ T cells","CD4+ T cells",0.309884288970711
"CGTACCTGGACGAG-1","Monocytes","Monocytes",0.257035935680039
"CGTACCTGGCATCA-1","NK cells","NK cells",0.361776429278696
"CGTAGCCTCTCTCG-1","Monocytes","Monocytes",0.341743103306352
"CGTAGCCTGCGAAG-1","CD4+ T cells","CD4+ T cells",0.338491297085783
"CGTAGCCTGTATGC-1","Monocytes","Monocytes",0.394372626998748
"CGTCAAGAAAGGTA-1","Monocytes","Monocytes",0.309217415736307
"CGTCAAGAACGTGT-1","CD4+ T cells","CD4+ T cells",0.339614923024066
"CGTCAAGACAGAGG-1","CD4+ T cells","CD4+ T cells",0.334325002877663
"CGTCAAGACAGGAG-1","T cells","T cells",0.349678800131225
"CGTCCATGCTCTTA-1","CD4+ T cells","CD4+ T cells",0.326257609018581
"CGTCGACTTTCCGC-1","T cells","T cells",0.350662609415224
"CGTGATGACGCTAA-1","CD4+ T cells","CD4+ T cells",0.282776940325907
"CGTGATGAGGTTCA-1","T cells","T cells",0.308648811062212
"CGTGCACTTATGGC-1","Monocytes","Monocytes",0.408363571385648
"CGTGTAGAAAAACG-1","CD4+ T cells","CD4+ T cells",0.33128596062605
"CGTGTAGACGATAC-1","NK cells","NK cells",0.320108982857107
"CGTGTAGAGTTACG-1","NK cells","NK cells",0.361470814171426
"CGTGTAGAGTTCAG-1","Monocytes","Monocytes",0.354658291422161
"CGTGTAGATTCGGA-1","NK cells","NK cells",0.357561827518206
"CGTTAGGAAACCAC-1","CD4+ T cells","CD4+ T cells",0.331485774240738
"CGTTAGGATCATTC-1","Monocytes","Monocytes",0.433223335163209
"CGTTATACCCTGAA-1","CD8+ T cells","CD8+ T cells",0.363143108683828
"CGTTTAACTGGTCA-1","CD4+ T cells","CD4+ T cells",0.334041880744582
"CTAAACCTCTGACA-1","NK cells","NK cells",0.374133846033144
"CTAAACCTGTGCAT-1","B cells","B cells",0.34091624656502
"CTAACACTAACGTC-1","CD4+ T cells","CD4+ T cells",0.328507310035696
"CTAACACTAGTGCT-1","Monocytes","Monocytes",0.361575287250931
"CTAACGGAACCGAT-1","NK cells","NK cells",0.350049415303814
"CTAACGGATTTCTG-1","CD4+ T cells","CD4+ T cells",0.323701818178856
"CTAACTACGGCAAG-1","T cells","T cells",0.285952331155867
"CTAAGGACACCATG-1","CD4+ T cells","CD4+ T cells",0.298463066530756
"CTAAGGACCGTTAG-1","CD4+ T cells","CD4+ T cells",0.37399975959725
"CTAAGGACGCCATA-1","Monocytes","Monocytes",0.38140033476073
"CTAAGGTGCCTAAG-1","B cells","B cells",0.288415920690462
"CTAAGGTGTTGCAG-1","CD4+ T cells","CD4+ T cells",0.316035370114555
"CTAAGGTGTTTCTG-1","T cells","T cells",0.251746655012233
"CTAATAGAGCTATG-1","CD8+ T cells",NA,0.188914734494838
"CTAATGCTTGTGGT-1","Monocytes","Monocytes",0.339251576311127
"CTACAACTCCCGTT-1","CD8+ T cells","CD8+ T cells",0.344260702716984
"CTACCTCTCAACCA-1","T cells","T cells",0.315067568421943
"CTACGCACACCTAG-1","Monocytes","Monocytes",0.394250222961563
"CTACGCACTCTCCG-1","CD4+ T cells","CD4+ T cells",0.338239003399589
"CTACGCACTGGTCA-1","NK cells","NK cells",0.361345592891186
"CTACGGCTTTCTTG-1","Monocytes","Monocytes",0.419993200060127
"CTACTATGAACCAC-1","Monocytes","Monocytes",0.360135400596803
"CTACTATGATGTGC-1","Monocytes","Monocytes",0.341142436408635
"CTACTATGCTAAGC-1","CD8+ T cells","CD8+ T cells",0.330703523820814
"CTACTATGTAAAGG-1","B cells","B cells",0.261329577358401
"CTACTCCTATGTCG-1","NK cells","NK cells",0.382498449323381
"CTACTCCTGCCATA-1","Monocytes","Monocytes",0.272425919888943
"CTAGAGACACTTTC-1","CD4+ T cells","CD4+ T cells",0.329262728610254
"CTAGAGACAGCATC-1","T cells","T cells",0.335207493541025
"CTAGAGACTTTGGG-1","Monocytes","Monocytes",0.475913218302878
"CTAGATCTCTCTAT-1","CD4+ T cells","CD4+ T cells",0.295175110460204
"CTAGATCTTCGACA-1","CD4+ T cells","CD4+ T cells",0.322958817612571
"CTAGGATGAGCCTA-1","B cells","B cells",0.354067445133676
"CTAGGATGATCGTG-1","B cells","B cells",0.313063195747384
"CTAGGCCTCTCAGA-1","CD4+ T cells","CD4+ T cells",0.295586218697463
"CTAGGTGATGGTTG-1","Monocytes","Monocytes",0.399635167337107
"CTAGTTACCAGAGG-1","CD8+ T cells","CD8+ T cells",0.29212141090694
"CTAGTTACCGCATA-1","CD8+ T cells","CD8+ T cells",0.293260647218094
"CTAGTTACGAAACA-1","NK cells","NK cells",0.371059058159728
"CTAGTTTGAGTACC-1","T cells","T cells",0.319927100211372
"CTATAAGATCGTTT-1","B cells","B cells",0.307637015051964
"CTATACTGAGGTTC-1","Monocytes","Monocytes",0.258662851870306
"CTATACTGCCAGTA-1","CD4+ T cells","CD4+ T cells",0.303061718295311
"CTATACTGCGCTAA-1","Monocytes","Monocytes",0.373157752114712
"CTATACTGCTACGA-1","NK cells","NK cells",0.363087001312865
"CTATACTGTCTCAT-1","NK cells","NK cells",0.342911738624059
"CTATACTGTTCGTT-1","Progenitors","Progenitors",0.370713754732229
"CTATAGCTGTCACA-1","CD4+ T cells","CD4+ T cells",0.290749091949915
"CTATAGCTTCGCTC-1","Monocytes","Monocytes",0.371693688589009
"CTATAGCTTGCCTC-1","Monocytes","Monocytes",0.360286467170984
"CTATCAACGAACTC-1","CD4+ T cells","CD4+ T cells",0.333411637439724
"CTATCAACGCAGAG-1","CD4+ T cells","CD4+ T cells",0.329834418899311
"CTATCAACTTTGGG-1","CD8+ T cells","CD8+ T cells",0.289487710565919
"CTATCCCTCCACCT-1","Monocytes","Monocytes",0.348980239198015
"CTATGTACGAGAGC-1","CD4+ T cells","CD4+ T cells",0.32811962950417
"CTATGTACGCTTAG-1","CD4+ T cells","CD4+ T cells",0.296548958355737
"CTATGTACTGTTTC-1","B cells","B cells",0.341258187684461
"CTATGTTGAAAGCA-1","CD4+ T cells","CD4+ T cells",0.32122280295697
"CTATGTTGTCCTCG-1","CD4+ T cells","CD4+ T cells",0.268728766388337
"CTATGTTGTCTCGC-1","CD4+ T cells","CD4+ T cells",0.33669202700652
"CTATTGACAAACGA-1","Monocytes","Monocytes",0.313032392158449
"CTATTGACACTGGT-1","Monocytes","Monocytes",0.378538277009221
"CTATTGACGGTGAG-1","Monocytes","Monocytes",0.407518046848576
"CTATTGTGGCAAGG-1","CD4+ T cells","CD4+ T cells",0.294782041356576
"CTCAATTGGTTCAG-1","CD4+ T cells","CD4+ T cells",0.366299583666359
"CTCAATTGGTTGCA-1","Monocytes","Monocytes",0.333675850446621
"CTCAGAGATAGAAG-1","CD4+ T cells","CD4+ T cells",0.320084358465895
"CTCAGCACTCTAGG-1","CD8+ T cells","CD8+ T cells",0.339062729116927
"CTCAGCACTGAACC-1","Monocytes","Monocytes",0.275837938941705
"CTCAGCACTTGCAG-1","CD4+ T cells","CD4+ T cells",0.288896678355934
"CTCAGCTGAACCTG-1","Monocytes","Monocytes",0.317612642170029
"CTCAGCTGCAGTTG-1","CD8+ T cells","CD8+ T cells",0.296247016419192
"CTCAGCTGTTTCTG-1","T cells","T cells",0.314003447714992
"CTCAGGCTCGTTGA-1","Monocytes","Monocytes",0.442569979662818
"CTCAGGCTGCTAAC-1","CD8+ T cells","CD8+ T cells",0.294210957253315
"CTCATTGACCTTAT-1","CD4+ T cells","CD4+ T cells",0.338089453510325
"CTCATTGATGCTTT-1","Monocytes","Monocytes",0.376077262211244
"CTCATTGATTGCTT-1","Monocytes","Monocytes",0.21716150520625
"CTCCACGAGAGATA-1","Dendritic cells","Dendritic cells",0.438787415614073
"CTCCATCTCTTAGG-1","CD4+ T cells","CD4+ T cells",0.318266474282005
"CTCCATCTGACGAG-1","CD4+ T cells","CD4+ T cells",0.325673011055611
"CTCCGAACAAGTGA-1","Monocytes","Monocytes",0.37476909941382
"CTCCTACTGCCTTC-1","Monocytes","Monocytes",0.322885381468808
"CTCGAAGATGTGGT-1","CD8+ T cells","CD8+ T cells",0.327924247907539
"CTCGAAGATTAGGC-1","Monocytes","Monocytes",0.376080967293097
"CTCGACTGCTCTAT-1","CD4+ T cells","CD4+ T cells",0.297307643379745
"CTCGACTGGGTGAG-1","CD4+ T cells","CD4+ T cells",0.29428311901841
"CTCGACTGGTTGAC-1","NK cells","NK cells",0.342560243000424
"CTCGAGCTCTGGAT-1","CD8+ T cells","CD8+ T cells",0.313762357204273
"CTCGCATGACTTTC-1","T cells","T cells",0.303872751169114
"CTCGCATGCTTAGG-1","CD4+ T cells","CD4+ T cells",0.322346030573668
"CTCTAAACCTCGAA-1","CD4+ T cells","CD4+ T cells",0.315393958419386
"CTCTAAACGGCGAA-1","T cells","T cells",0.273007811221406
"CTCTAATGTCCAAG-1","Monocytes","Monocytes",0.360913853971659
"CTGAACGACAGTCA-1","CD4+ T cells","CD4+ T cells",0.336697273499042
"CTGAACGATGAGGG-1","CD4+ T cells","CD4+ T cells",0.301137272831336
"CTGAAGACCCAACA-1","CD4+ T cells","CD4+ T cells",0.313892956270491
"CTGAAGACGTGCAT-1","B cells","B cells",0.338472797275065
"CTGAAGTGAAGCCT-1","Monocytes","Monocytes",0.45463453533101
"CTGAAGTGCAGCTA-1","B cells","B cells",0.310973773799383
"CTGAAGTGGCTATG-1","CD4+ T cells","CD4+ T cells",0.302549384759881
"CTGAAGTGTCCAGA-1","CD4+ T cells","CD4+ T cells",0.347924146143559
"CTGAATCTGAATAG-1","T cells","T cells",0.323328408652825
"CTGACAGAATCGTG-1","CD8+ T cells","CD8+ T cells",0.3561617802701
"CTGACCACAGCAAA-1","CD4+ T cells","CD4+ T cells",0.333133231204795
"CTGAGAACCGGGAA-1","CD4+ T cells","CD4+ T cells",0.362029027966761
"CTGAGAACGTAAAG-1","T cells","T cells",0.318798084571576
"CTGATACTAGTAGA-1","CD4+ T cells","CD4+ T cells",0.309294416341832
"CTGATTTGGTGTTG-1","Monocytes","Monocytes",0.396891494733135
"CTGCAGCTAACCGT-1","CD8+ T cells","CD8+ T cells",0.329641181494918
"CTGCAGCTGACACT-1","CD4+ T cells","CD4+ T cells",0.329436583685934
"CTGCAGCTGGATTC-1","Monocytes","Monocytes",0.444953609759854
"CTGCAGCTTGGCAT-1","T cells","T cells",0.361635354366851
"CTGCCAACAGGAGC-1","CD8+ T cells","CD8+ T cells",0.335758482336981
"CTGCCAACCAGCTA-1","CD4+ T cells","CD4+ T cells",0.320658721813341
"CTGCCAACTAACCG-1","Monocytes","Monocytes",0.364903796038648
"CTGCCAACTGCTCC-1","CD8+ T cells","CD8+ T cells",0.31268063482365
"CTGCCAACTTGCAG-1","CD4+ T cells","CD4+ T cells",0.315792733068657
"CTGCCAACTTGCTT-1","T cells","T cells",0.351321005936479
"CTGCGACTCCACCT-1","T cells","T cells",0.25148707699251
"CTGGAAACAAACGA-1","T cells","T cells",0.333222171702237
"CTGGAAACATCGAC-1","CD4+ T cells","CD4+ T cells",0.308549929798688
"CTGGATGACTGGAT-1","CD8+ T cells","CD8+ T cells",0.33491237014863
"CTGGATGACTTGTT-1","CD4+ T cells","CD4+ T cells",0.264490079041395
"CTGGATGATGTGAC-1","B cells","B cells",0.2472028254173
"CTGGCACTCAAGCT-1","Monocytes","Monocytes",0.357862221755312
"CTGGCACTGGACAG-1","T cells","T cells",0.320142055274132
"CTGTAACTAACCAC-1","CD4+ T cells","CD4+ T cells",0.324540434870613
"CTGTAACTAGCGTT-1","CD4+ T cells","CD4+ T cells",0.303458070511498
"CTGTATACGTAAAG-1","T cells","T cells",0.265470831133421
"CTGTATACGTACGT-1","Monocytes","Monocytes",0.373108196890047
"CTGTATACGTTGGT-1","CD4+ T cells","CD4+ T cells",0.302846205565046
"CTGTGAGACAACCA-1","Monocytes","Monocytes",0.413716541768686
"CTGTGAGACCTTGC-1","T cells","T cells",0.325527424886199
"CTGTGAGACGAACT-1","Monocytes","Monocytes",0.364019100175253
"CTGTGAGACTGTAG-1","Monocytes","Monocytes",0.362542982854531
"CTTAAAGAACCTGA-1","CD8+ T cells","CD8+ T cells",0.29134015353949
"CTTAACACCTGTAG-1","CD4+ T cells","CD4+ T cells",0.330801802249998
"CTTAACACGAGCTT-1","CD4+ T cells","CD4+ T cells",0.363689474847777
"CTTAACACTATCGG-1","B cells","B cells",0.305495501307447
"CTTAAGCTACCTAG-1","CD4+ T cells","CD4+ T cells",0.303291631971605
"CTTAAGCTAGTACC-1","CD8+ T cells","CD8+ T cells",0.260284493969244
"CTTAAGCTCATCAG-1","CD4+ T cells","CD4+ T cells",0.306516822499204
"CTTAAGCTCCGCTT-1","B cells","B cells",0.319506032298758
"CTTAAGCTTCCTCG-1","T cells","T cells",0.318402955296936
"CTTACAACTAACGC-1","CD4+ T cells","CD4+ T cells",0.341877297000011
"CTTACAACTCCCGT-1","Monocytes","Monocytes",0.309247845184993
"CTTACTGACGTACA-1","CD4+ T cells","CD4+ T cells",0.288305592786691
"CTTAGACTAAACGA-1","T cells","T cells",0.310096058209771
"CTTAGGGACTTGCC-1","CD4+ T cells","CD4+ T cells",0.338406650727297
"CTTAGGGAGAATCC-1","CD4+ T cells","CD4+ T cells",0.26553802439238
"CTTATCGACTCATT-1","CD4+ T cells","CD4+ T cells",0.336750935938653
"CTTCACCTACCTGA-1","Monocytes","Monocytes",0.464131935769732
"CTTCATGAAGCATC-1","B cells","B cells",0.307134608007175
"CTTCATGAAGTACC-1","CD4+ T cells","CD4+ T cells",0.274578544682633
"CTTCATGACCGAAT-1","T cells","T cells",0.276447978790642
"CTTGAACTACGCAT-1","CD4+ T cells","CD4+ T cells",0.279705019972928
"CTTGATTGAGGTTC-1","CD8+ T cells","CD8+ T cells",0.332274159307896
"CTTGATTGATCTTC-1","Monocytes","Monocytes",0.33502282398013
"CTTGATTGCATTCT-1","CD4+ T cells","CD4+ T cells",0.334703215637925
"CTTGATTGTTTCGT-1","CD4+ T cells","CD4+ T cells",0.317435649287975
"CTTGTATGACACCA-1","B cells","B cells",0.301993372187412
"CTTGTATGCGCAAT-1","B cells","B cells",0.270463224420309
"CTTTACGAGCGAAG-1","CD4+ T cells","CD4+ T cells",0.275889172290065
"CTTTAGACCGTGAT-1","CD4+ T cells","CD4+ T cells",0.252819875823614
"CTTTAGACGAGACG-1","CD4+ T cells","CD4+ T cells",0.296152253088596
"CTTTAGACGATACC-1","CD4+ T cells","CD4+ T cells",0.327483198408321
"CTTTAGACGTTGGT-1","T cells","T cells",0.353685032350866
"CTTTAGACTCATTC-1","CD8+ T cells","CD8+ T cells",0.315469244151416
"CTTTAGTGACGGGA-1","NK cells","NK cells",0.349916524453004
"CTTTAGTGGGTGGA-1","CD4+ T cells","CD4+ T cells",0.294393390799587
"CTTTCAGAGAAACA-1","CD4+ T cells","CD4+ T cells",0.311876420951437
"CTTTGATGAGCACT-1","CD4+ T cells","CD4+ T cells",0.306791457696799
"CTTTGATGTCTAGG-1","T cells","T cells",0.333601370350193
"CTTTGATGTGTCCC-1","CD4+ T cells","CD4+ T cells",0.326924268117722
"CTTTGATGTGTGGT-1","CD4+ T cells","CD4+ T cells",0.3036714071954
"GAAACAGAACTACG-1","CD4+ T cells","CD4+ T cells",0.288045283881563
"GAAACAGAATCACG-1","CD4+ T cells","CD4+ T cells",0.307645659932429
"GAAACAGACATTCT-1","CD4+ T cells","CD4+ T cells",0.318848078712471
"GAAACCTGATCGTG-1","CD8+ T cells","CD8+ T cells",0.311967760504327
"GAAACCTGATGCCA-1","CD4+ T cells","CD4+ T cells",0.355796048893322
"GAAACCTGCTTATC-1","CD4+ T cells","CD4+ T cells",0.347180809686871
"GAAACCTGGACTAC-1","Monocytes","Monocytes",0.456361561975301
"GAAACCTGTGCTAG-1","CD4+ T cells","CD4+ T cells",0.313326700318473
"GAAAGATGATTTCC-1","CD4+ T cells","CD4+ T cells",0.335431648107997
"GAAAGATGCTGATG-1","Monocytes","Monocytes",0.450829019484343
"GAAAGATGCTTCGC-1","Monocytes","Monocytes",0.328505663421456
"GAAAGATGTAAGGA-1","CD4+ T cells","CD4+ T cells",0.209156454289315
"GAAAGATGTTTGCT-1","T cells","T cells",0.282298715146375
"GAAAGCCTACGTTG-1","B cells","B cells",0.340461851285135
"GAAAGTGAAAGTGA-1","Dendritic cells","Dendritic cells",0.441986749141991
"GAAAGTGACCACAA-1","Monocytes","Monocytes",0.398636701250107
"GAAAGTGACTCAAG-1","CD4+ T cells","CD4+ T cells",0.311640028072306
"GAAATACTACCAAC-1","Monocytes","Monocytes",0.21147951652625
"GAAATACTCTTAGG-1","B cells","B cells",0.325776106153848
"GAAATACTTCCTCG-1","CD4+ T cells","CD4+ T cells",0.296446230487206
"GAACACACGTGCAT-1","Monocytes","Monocytes",0.431054928543879
"GAACACACTGCCTC-1","CD4+ T cells","CD4+ T cells",0.286034872288113
"GAACAGCTAACTGC-1","Monocytes","Monocytes",0.463446554815119
"GAACAGCTCTCAGA-1","Monocytes","Monocytes",0.403882735736775
"GAACCAACCACAAC-1","CD8+ T cells","CD8+ T cells",0.244992951331283
"GAACCAACTTCCGC-1","NK cells","NK cells",0.317353010554068
"GAACCTGAACGTGT-1","CD4+ T cells","CD4+ T cells",0.415749948673145
"GAACCTGAGAGACG-1","CD4+ T cells","CD4+ T cells",0.329026448688522
"GAACCTGATGAACC-1","CD4+ T cells","CD4+ T cells",0.321240963269717
"GAACGGGATACTTC-1","CD4+ T cells","CD4+ T cells",0.291139720529046
"GAACGTTGACGGAG-1","T cells","T cells",0.291514097037444
"GAACTGTGACCTGA-1","Monocytes","Monocytes",0.417239141631558
"GAACTGTGCCAGTA-1","Monocytes","Monocytes",0.364534567928019
"GAAGAATGCAATCG-1","CD8+ T cells","CD8+ T cells",0.290905566770321
"GAAGCGGACCTATT-1","Monocytes","Monocytes",0.410844462491634
"GAAGCTACGAATGA-1","Monocytes","Monocytes",0.374226350125382
"GAAGCTACGGTTTG-1","CD4+ T cells","CD4+ T cells",0.340178617916571
"GAAGGGTGAAAGTG-1","CD4+ T cells","CD4+ T cells",0.32566454060226
"GAAGGGTGCTTAGG-1","Monocytes","Monocytes",0.38940813115708
"GAAGGTCTGAAAGT-1","CD4+ T cells","CD4+ T cells",0.339405626280521
"GAAGGTCTGTTGCA-1","CD8+ T cells","CD8+ T cells",0.32868590872325
"GAAGGTCTTAAAGG-1","Dendritic cells","Dendritic cells",0.434261167995483
"GAAGTAGACTCCCA-1","T cells","T cells",0.333448354016501
"GAAGTAGATCCAAG-1","Monocytes","Monocytes",0.425834562295512
"GAAGTCACCCTCGT-1","Monocytes","Monocytes",0.341378383258689
"GAAGTCACCCTGTC-1","B cells","B cells",0.307397904614037
"GAAGTCTGTCGCAA-1","B cells","B cells",0.341145638152523
"GAAGTCTGTTCTGT-1","CD4+ T cells","CD4+ T cells",0.26701409287054
"GAAGTGCTAAACGA-1","NK cells","NK cells",0.330258026632637
"GAAGTGCTCCGCTT-1","Monocytes","Monocytes",0.375010865316243
"GAAGTGCTTAACCG-1","CD4+ T cells","CD4+ T cells",0.321415341059836
"GAATGCACCCTAAG-1","CD4+ T cells","CD4+ T cells",0.31454088849014
"GAATGCACCTTCGC-1","NK cells","NK cells",0.340237558044974
"GAATGCTGCGGTAT-1","CD8+ T cells","CD8+ T cells",0.291469976068932
"GAATGGCTAAGATG-1","CD4+ T cells","CD4+ T cells",0.228090283864468
"GAATTAACGATAAG-1","CD4+ T cells","CD4+ T cells",0.30774893323955
"GAATTAACGGTCAT-1","CD4+ T cells","CD4+ T cells",0.313878455399063
"GAATTAACGTCGTA-1","NK cells","NK cells",0.319341130857311
"GAATTAACTGAAGA-1","B cells","B cells",0.328668503435052
"GACAACACAGGCGA-1","CD4+ T cells","CD4+ T cells",0.304004358538958
"GACAACACATCGTG-1","CD8+ T cells","CD8+ T cells",0.352863908330458
"GACAACACTCGCCT-1","T cells","T cells",0.313285515150731
"GACAACTGAGGTTC-1","CD4+ T cells","CD4+ T cells",0.309657873265558
"GACAGGGAAGAGTA-1","B cells","B cells",0.321697992304787
"GACAGGGAATGCCA-1","CD8+ T cells","CD8+ T cells",0.339782097166655
"GACAGTACGAGCTT-1","Monocytes","Monocytes",0.441561326780813
"GACAGTACTTCGGA-1","Monocytes","Monocytes",0.453684632083124
"GACAGTTGAGTAGA-1","B cells","B cells",0.344024658753973
"GACATTCTCCACCT-1","Dendritic cells","Dendritic cells",0.444767369752233
"GACCAAACGACTAC-1","Monocytes","Monocytes",0.3543697276393
"GACCAAACGTATCG-1","Monocytes","Monocytes",0.36597973516505
"GACCATGACTCTCG-1","Monocytes","Monocytes",0.285508658111808
"GACCCTACTAAAGG-1","B cells","B cells",0.307580815156537
"GACCTAGACCTCAC-1","T cells","T cells",0.278912199704978
"GACCTAGACGAGAG-1","CD4+ T cells","CD4+ T cells",0.324996575592814
"GACCTCACAAGGTA-1","CD8+ T cells","CD8+ T cells",0.286384927653114
"GACCTCACGTACGT-1","Monocytes","Monocytes",0.397965387893398
"GACCTCTGCATCAG-1","CD8+ T cells","CD8+ T cells",0.320829895627353
"GACGAACTCCCACT-1","CD4+ T cells","CD4+ T cells",0.326285178231373
"GACGATTGCCAATG-1","B cells","B cells",0.287585026312548
"GACGCCGACCTTCG-1","CD4+ T cells","CD4+ T cells",0.348806783022132
"GACGCTCTCTCTCG-1","Progenitors","Progenitors",0.183345624352195
"GACGGCACACGGGA-1","NK cells","NK cells",0.353966154648304
"GACGGCACGAGATA-1","Monocytes","Monocytes",0.405361349890446
"GACGTAACCTATGG-1","CD4+ T cells","CD4+ T cells",0.316597494892917
"GACGTAACCTGTGA-1","CD4+ T cells","CD4+ T cells",0.32122963296794
"GACGTAACTATGGC-1","CD4+ T cells","CD4+ T cells",0.349369434497714
"GACGTATGTTGACG-1","CD8+ T cells","CD8+ T cells",0.300311731921579
"GACGTATGTTTGCT-1","T cells","T cells",0.304988709994164
"GACGTCCTACGGAG-1","CD4+ T cells","CD4+ T cells",0.304606754198081
"GACGTCCTCTCAAG-1","Monocytes","Monocytes",0.361484531265862
"GACGTCCTGATAAG-1","B cells","B cells",0.323303585163779
"GACTACGATGGTCA-1","B cells","B cells",0.303713760808577
"GACTCCTGCTCGCT-1","CD4+ T cells","CD4+ T cells",0.302436503699891
"GACTCCTGGGTTAC-1","CD8+ T cells","CD8+ T cells",0.344644609461001
"GACTCCTGTTATCC-1","CD4+ T cells","CD4+ T cells",0.308319774441651
"GACTCCTGTTGGTG-1","Monocytes","Monocytes",0.345936552880095
"GACTGAACAACCGT-1","B cells","B cells",0.286594174810243
"GACTGAACCAATCG-1","Monocytes","Monocytes",0.312154506764699
"GACTGATGTGATGC-1","CD8+ T cells","CD8+ T cells",0.324604465057303
"GACTTTACATGCCA-1","CD4+ T cells","CD4+ T cells",0.311135437019391
"GACTTTACGACAGG-1","B cells","B cells",0.273216946144073
"GAGAAATGTTCTCA-1","B cells","B cells",0.294018754870885
"GAGATAGAAAAAGC-1","Monocytes","Monocytes",0.415610024209666
"GAGATCACGACAAA-1","Monocytes","Monocytes",0.40598225821655
"GAGATGCTCTGGAT-1","T cells","T cells",0.346383262189249
"GAGATGCTGAATGA-1","CD4+ T cells","CD4+ T cells",0.31407389343202
"GAGCAGGATTCCCG-1","T cells","T cells",0.339417881639324
"GAGCATACTTTGCT-1","Monocytes","Monocytes",0.400910569963414
"GAGCGCACGCGTAT-1","Monocytes","Monocytes",0.344286810639808
"GAGCGCACGGTGAG-1","T cells","T cells",0.284421624649531
"GAGCGCTGAAGATG-1","NK cells","NK cells",0.374786759532378
"GAGCGCTGTCTTAC-1","Monocytes","Monocytes",0.349787857624145
"GAGCGGCTGGGAGT-1","B cells","B cells",0.313791610552847
"GAGGACGACTCAGA-1","CD8+ T cells","CD8+ T cells",0.283060323787838
"GAGGATCTGAAAGT-1","B cells","B cells",0.245331979685445
"GAGGCAGACTTGCC-1","T cells","T cells",0.338337372366942
"GAGGGAACACCAGT-1","CD4+ T cells","CD4+ T cells",0.302051372763532
"GAGGGAACGAGGGT-1","CD4+ T cells","CD4+ T cells",0.301379854421235
"GAGGGATGGGAAAT-1","CD4+ T cells","CD4+ T cells",0.283455000318248
"GAGGGCCTTCACCC-1","CD4+ T cells","CD4+ T cells",0.339160762949772
"GAGGGTGAAGAGTA-1","CD4+ T cells","CD4+ T cells",0.32445059797736
"GAGGTACTACGGTT-1","CD8+ T cells","CD8+ T cells",0.302516074201556
"GAGGTACTACTCAG-1","Monocytes","Monocytes",0.334828228034792
"GAGGTACTGACACT-1","NK cells","NK cells",0.331600841068708
"GAGGTACTGGGAGT-1","CD4+ T cells","CD4+ T cells",0.269378942289432
"GAGGTACTTAGCGT-1","Monocytes","Monocytes",0.387867682002028
"GAGGTGGAGTACGT-1","CD8+ T cells","CD8+ T cells",0.272017571664995
"GAGGTGGATCCTCG-1","NK cells","NK cells",0.369344942581396
"GAGGTTACTCGTTT-1","Monocytes","Monocytes",0.392555304830858
"GAGGTTTGTAAGCC-1","Monocytes","Monocytes",0.257256019473501
"GAGTCAACCATTCT-1","CD4+ T cells","CD4+ T cells",0.252552620983667
"GAGTCAACGGGAGT-1","CD4+ T cells","CD4+ T cells",0.311941065952589
"GAGTCTGATCGTGA-1","CD8+ T cells","CD8+ T cells",0.319398811894267
"GAGTCTGATTTGGG-1","B cells","B cells",0.320587843449159
"GAGTGACTCAGCTA-1","CD4+ T cells","CD4+ T cells",0.368103973558883
"GAGTGACTCGGTAT-1","T cells","T cells",0.332444208269797
"GAGTGACTCTTGCC-1","B cells","B cells",0.327096468758923
"GAGTGACTGACTAC-1","B cells","B cells",0.269850819939673
"GAGTGACTGTCTAG-1","CD4+ T cells","CD4+ T cells",0.302963156091668
"GAGTGGGAGTCTTT-1","B cells","B cells",0.301256174208722
"GAGTGGGATGCCCT-1","CD8+ T cells","CD8+ T cells",0.293028888189371
"GAGTGGGATGCTGA-1","B cells","B cells",0.317868245447434
"GAGTGTTGCTGTAG-1","CD4+ T cells","CD4+ T cells",0.339353259914227
"GAGTGTTGTGGTCA-1","CD4+ T cells","CD4+ T cells",0.295533281246702
"GAGTTGTGCATGGT-1","Monocytes","Monocytes",0.222468129819102
"GAGTTGTGCTGAGT-1","CD8+ T cells","CD8+ T cells",0.330500376508689
"GAGTTGTGGCGAGA-1","Monocytes","Monocytes",0.306377955056371
"GAGTTGTGGTAGCT-1","Progenitors","Progenitors",0.224236301677066
"GAGTTGTGTATGCG-1","Monocytes","Monocytes",0.438158471274811
"GATAAGGAGAAACA-1","Monocytes","Monocytes",0.267573714682989
"GATAAGGATTCACT-1","Monocytes","Monocytes",0.37014191620389
"GATACTCTATCGGT-1","CD4+ T cells","CD4+ T cells",0.313619204439868
"GATACTCTTACTTC-1","CD8+ T cells","CD8+ T cells",0.310576903582171
"GATACTCTTGACTG-1","Monocytes","Monocytes",0.364445627130204
"GATAGAGAAGGGTG-1","CD8+ T cells","CD8+ T cells",0.349152852732007
"GATAGAGACTGTGA-1","CD4+ T cells","CD4+ T cells",0.352898660696035
"GATAGAGATCACGA-1","Monocytes","Monocytes",0.355487369946269
"GATAGCACCCATAG-1","CD4+ T cells","CD4+ T cells",0.326948023592148
"GATAGCACGAAGGC-1","Monocytes","Monocytes",0.403881395100859
"GATAGCACTTGTCT-1","CD8+ T cells","CD8+ T cells",0.315597530984206
"GATATAACAAGGTA-1","CD4+ T cells","CD4+ T cells",0.358535593009747
"GATATAACACGCAT-1","CD4+ T cells","CD4+ T cells",0.297151503629912
"GATATATGCTGGAT-1","CD8+ T cells","CD8+ T cells",0.294663040943752
"GATATATGTCCGTC-1","CD8+ T cells","CD8+ T cells",0.32947779095698
"GATATATGTGGAGG-1","Monocytes","Monocytes",0.321105927290743
"GATATCCTAGAAGT-1","CD4+ T cells","CD4+ T cells",0.338087940441054
"GATATCCTCCCGTT-1","Monocytes","Monocytes",0.301104083145551
"GATATTGACAGGAG-1","T cells","T cells",0.321872895806889
"GATATTGACGAGTT-1","Monocytes","Monocytes",0.42737925537509
"GATATTGAGCCAAT-1","CD4+ T cells","CD4+ T cells",0.301014256331252
"GATCCCTGACCTTT-1","NK cells","NK cells",0.348672333528025
"GATCCCTGTGTAGC-1","T cells","T cells",0.34903486449913
"GATCCGCTGGTCAT-1","Monocytes","Monocytes",0.395719240888146
"GATCGAACCGAGAG-1","T cells","T cells",0.368990403305982
"GATCGATGACTAGC-1","B cells","B cells",0.28806908876023
"GATCGATGGTAAAG-1","B cells","B cells",0.300710845546121
"GATCGATGTAAGGA-1","Dendritic cells","Dendritic cells",0.352796825954655
"GATCGTGACACTAG-1","CD4+ T cells","CD4+ T cells",0.324319491052167
"GATCGTGATTCACT-1","CD4+ T cells","CD4+ T cells",0.331026130846948
"GATCTACTGGTGAG-1","CD8+ T cells","CD8+ T cells",0.326184190073619
"GATCTACTTTGCAG-1","B cells","B cells",0.330110125586017
"GATCTTACACCCAA-1","Monocytes","Monocytes",0.412499860399288
"GATCTTACCCTACC-1","CD4+ T cells","CD4+ T cells",0.32157774666143
"GATCTTACGAATAG-1","Monocytes","Monocytes",0.319412796988477
"GATCTTACGAGATA-1","Monocytes","Monocytes",0.349521229869759
"GATGCAACTCCAGA-1","CD4+ T cells","CD4+ T cells",0.315821735301061
"GATGCCCTACGTAC-1","T cells","T cells",0.343531438548236
"GATGCCCTCTCATT-1","CD4+ T cells","CD4+ T cells",0.326330711296226
"GATGCCCTGGCAAG-1","Monocytes","Monocytes",0.33122682402858
"GATGCCCTTTTGCT-1","T cells","T cells",0.271634536584955
"GATTACCTTGTTCT-1","CD8+ T cells","CD8+ T cells",0.304050203070471
"GATTCGGAACGACT-1","CD4+ T cells","CD4+ T cells",0.308981723286225
"GATTCGGACAGGAG-1","Monocytes","Monocytes",0.386123802336214
"GATTCGGAGAAGGC-1","Monocytes","Monocytes",0.393748785375562
"GATTCTTGATTCGG-1","Monocytes","Monocytes",0.401984016636998
"GATTCTTGCCGATA-1","CD8+ T cells","CD8+ T cells",0.287864545548706
"GATTCTTGCGAGTT-1","B cells","B cells",0.283778822353723
"GATTGGACCCGTTC-1","B cells","B cells",0.315396732795277
"GATTGGACGGTGTT-1","B cells","B cells",0.322354265931322
"GATTGGACTTTCGT-1","B cells","B cells",0.300610062456448
"GATTGGTGTGTCAG-1","CD4+ T cells","CD4+ T cells",0.375340384525716
"GATTTAGACACTCC-1","Monocytes","Monocytes",0.410310366460775
"GATTTAGACTAAGC-1","B cells","B cells",0.37129683276429
"GATTTAGATTCGTT-1","Monocytes","Monocytes",0.228396487313173
"GATTTGCTAACGAA-1","CD4+ T cells","CD4+ T cells",0.298075966372928
"GATTTGCTAACGGG-1","Monocytes","Monocytes",0.282439672357366
"GCAACCCTCCTCGT-1","Monocytes","Monocytes",0.25848453893168
"GCAACTGATTGCGA-1","CD8+ T cells","CD8+ T cells",0.325500687873938
"GCAAGACTACTGGT-1","CD4+ T cells","CD4+ T cells",0.38088024557763
"GCAAGACTAGGTCT-1","CD4+ T cells","CD4+ T cells",0.339913083079156
"GCAAGACTCCCTTG-1","CD4+ T cells","CD4+ T cells",0.324833553247211
"GCAATCGACTGCAA-1","CD8+ T cells","CD8+ T cells",0.343506010880642
"GCAATCGAGACGTT-1","Monocytes","Monocytes",0.420213195454475
"GCAATCGATCCTTA-1","Monocytes","Monocytes",0.3862313805574
"GCAATTCTCGTGTA-1","CD4+ T cells","CD4+ T cells",0.31070237022383
"GCAATTCTTCTCCG-1","CD4+ T cells","CD4+ T cells",0.337526135273516
"GCACAAACAATGCC-1","T cells","T cells",0.297581559282429
"GCACAAACGGTACT-1","CD4+ T cells","CD4+ T cells",0.319171696600302
"GCACAATGGTGCAT-1","Dendritic cells","Dendritic cells",0.349622067120159
"GCACACCTGTGCTA-1","NK cells","NK cells",0.313310588837727
"GCACCACTCATGAC-1","Monocytes","Monocytes",0.358227011104802
"GCACCACTGTTTGG-1","Monocytes","Monocytes",0.240570506325865
"GCACCACTTCCTTA-1","NK cells","NK cells",0.355650678357768
"GCACCACTTTCGGA-1","Monocytes","Monocytes",0.408977258793492
"GCACCTACGCGATT-1","CD4+ T cells","CD4+ T cells",0.378804771445847
"GCACCTTGGCTGTA-1","CD4+ T cells","CD4+ T cells",0.266542938705694
"GCACCTTGGGGAGT-1","Monocytes","Monocytes",0.393520499024051
"GCACGGACCAGCTA-1","CD4+ T cells","CD4+ T cells",0.336997611736853
"GCACGGTGACCTCC-1","CD4+ T cells","CD4+ T cells",0.347565651654541
"GCACGGTGCTATGG-1","Monocytes","Monocytes",0.41505309905953
"GCACTAGAACGGGA-1","CD4+ T cells","CD4+ T cells",0.328155875580647
"GCACTAGAAGATGA-1","B cells","B cells",0.311632437655646
"GCACTAGACCTTTA-1","Monocytes","Monocytes",0.436905787713197
"GCACTAGACGTAAC-1","B cells","B cells",0.267226861000897
"GCACTAGAGTCGTA-1","NK cells","NK cells",0.320781069325015
"GCACTAGATGCAAC-1","CD4+ T cells","CD4+ T cells",0.334251809295258
"GCACTGCTGAGGCA-1","T cells","T cells",0.356484779190236
"GCAGATACAGCGTT-1","T cells","T cells",0.330121007670707
"GCAGATACGACGGA-1","CD4+ T cells","CD4+ T cells",0.297356343936963
"GCAGATACGCAGAG-1","CD4+ T cells","CD4+ T cells",0.315342973258278
"GCAGCCGACAGTCA-1","CD4+ T cells","CD4+ T cells",0.327491758503673
"GCAGCGTGCACTCC-1","CD4+ T cells","CD4+ T cells",0.301617604800045
"GCAGCTCTCAATCG-1","CD4+ T cells","CD4+ T cells",0.27126662742105
"GCAGCTCTGTTTCT-1","CD4+ T cells","CD4+ T cells",0.297153855235358
"GCAGGGCTAAGAAC-1","CD4+ T cells","CD4+ T cells",0.320593979254943
"GCAGGGCTAAGGGC-1","CD4+ T cells","CD4+ T cells",0.295843203319715
"GCAGGGCTATCGAC-1","NK cells","NK cells",0.354799553847535
"GCAGGGCTTGGGAG-1","T cells","T cells",0.352343817057045
"GCAGTCCTAACTGC-1","CD4+ T cells","CD4+ T cells",0.309015487126588
"GCAGTCCTCTCTTA-1","CD4+ T cells","CD4+ T cells",0.315209044056786
"GCATCAGATGCGTA-1","T cells","T cells",0.338776122859257
"GCATGTGACAAGCT-1","CD4+ T cells","CD4+ T cells",0.310321421203649
"GCATTGGAGAAGGC-1","CD4+ T cells","CD4+ T cells",0.321911542200245
"GCCAAAACGAGGCA-1","T cells","T cells",0.356952498548418
"GCCAAATGATCGAC-1","T cells","T cells",0.314452504739419
"GCCAACCTACGGTT-1","CD4+ T cells","CD4+ T cells",0.313434429211582
"GCCAACCTCGCCTT-1","CD4+ T cells","CD4+ T cells",0.266339034366256
"GCCACGGAGGCGAA-1","Monocytes","Monocytes",0.342606442533988
"GCCACGGATACTGG-1","CD8+ T cells","CD8+ T cells",0.293446136157743
"GCCACTACCTACTT-1","B cells","B cells",0.31969019724161
"GCCACTACGTCTTT-1","CD4+ T cells","CD4+ T cells",0.295806492994593
"GCCCAACTACCGAT-1","CD8+ T cells","CD8+ T cells",0.312032919033812
"GCCCAACTATGGTC-1","NK cells","NK cells",0.311750664155507
"GCCCATACAGCGTT-1","CD8+ T cells","CD8+ T cells",0.278404163812565
"GCCGACGAACTCTT-1","Monocytes","Monocytes",0.379748863056088
"GCCGAGTGCGTTGA-1","CD4+ T cells","CD4+ T cells",0.31659479429024
"GCCGGAACGAACTC-1","T cells","T cells",0.345406642576716
"GCCGGAACGTTCTT-1","NK cells","NK cells",0.353364743158947
"GCCGGAACTGCACA-1","NK cells","NK cells",0.30606031011337
"GCCGGAACTTACTC-1","CD4+ T cells","CD4+ T cells",0.316096086692057
"GCCGTACTACCTGA-1","CD8+ T cells","CD8+ T cells",0.272112641512614
"GCCGTACTGGCAAG-1","Monocytes","Monocytes",0.355145839637913
"GCCTACACAGTTCG-1","NK cells","NK cells",0.355874296817549
"GCCTACACCACTGA-1","Monocytes","Monocytes",0.380990667017596
"GCCTACACCTTGAG-1","CD4+ T cells","CD4+ T cells",0.328199156309999
"GCCTAGCTACGGAG-1","B cells","B cells",0.316414722404627
"GCCTAGCTCTATTC-1","CD4+ T cells","CD4+ T cells",0.319716750646
"GCCTAGCTTCTCAT-1","CD4+ T cells","CD4+ T cells",0.304718694586221
"GCCTAGCTTCTCTA-1","Monocytes","Monocytes",0.399727847714391
"GCCTCAACCATGGT-1","CD8+ T cells","CD8+ T cells",0.318775896667061
"GCCTCAACTCTTTG-1","CD8+ T cells","CD8+ T cells",0.374547887002897
"GCCTCATGTCTTAC-1","T cells","T cells",0.330101863445409
"GCCTGACTCTCAAG-1","Monocytes","Monocytes",0.335127712053538
"GCGAAGGAACTCTT-1","CD8+ T cells","CD8+ T cells",0.272063522343024
"GCGAAGGAGAGCTT-1","CD8+ T cells","CD8+ T cells",0.427108737202515
"GCGAAGGATGCCAA-1","CD8+ T cells","CD8+ T cells",0.292555359368785
"GCGAGAGAGGGACA-1","CD4+ T cells","CD4+ T cells",0.315107939422293
"GCGAGCACTGTCGA-1","B cells","B cells",0.236200838570743
"GCGAGCACTTGACG-1","CD8+ T cells","CD8+ T cells",0.324009303772166
"GCGAGCACTTGCTT-1","Monocytes","Monocytes",0.346332756029166
"GCGATATGGTACGT-1","CD4+ T cells","CD4+ T cells",0.370529542012923
"GCGATATGGTGTTG-1","CD4+ T cells","CD4+ T cells",0.276323548715992
"GCGCACGAAGTCGT-1","CD8+ T cells","CD8+ T cells",0.312525197386628
"GCGCACGACTTTAC-1","Monocytes","Monocytes",0.315722759327341
"GCGCATCTAGGTCT-1","CD4+ T cells","CD4+ T cells",0.245202712943526
"GCGCATCTGGTTAC-1","B cells","B cells",0.272370086682869
"GCGCATCTTCGATG-1","CD8+ T cells","CD8+ T cells",0.29943498565783
"GCGCATCTTGCTCC-1","NK cells","NK cells",0.339605407737787
"GCGCATCTTTCTAC-1","CD4+ T cells","CD4+ T cells",0.313242900286679
"GCGCGAACGTTCTT-1","B cells","B cells",0.30458124903727
"GCGCGATGAACGGG-1","CD4+ T cells","CD4+ T cells",0.309104826773776
"GCGCGATGGTGCAT-1","NK cells","NK cells",0.384172213274133
"GCGGAGCTCCTGAA-1","CD4+ T cells","CD4+ T cells",0.303279312626773
"GCGGCAACCCGATA-1","CD4+ T cells","CD4+ T cells",0.318927033843775
"GCGGCAACGGAGGT-1","B cells","B cells",0.275949831727556
"GCGGCAACTGTCGA-1","Monocytes","Monocytes",0.239482815653338
"GCGTAAACACGGTT-1","Dendritic cells","Dendritic cells",0.43784592490599
"GCGTAATGCACCAA-1","Monocytes","Monocytes",0.435450161278877
"GCGTATGAACACCA-1","CD4+ T cells","CD4+ T cells",0.300874355703671
"GCGTATGATGAGAA-1","Monocytes","Monocytes",0.38395886979094
"GCTACAGAAAGGTA-1","CD4+ T cells","CD4+ T cells",0.314773331279187
"GCTACAGAATCTTC-1","B cells","B cells",0.229713631483536
"GCTACAGATCTTAC-1","T cells","T cells",0.299252018538734
"GCTACCTGAGAAGT-1","Monocytes","Monocytes",0.395877272679466
"GCTACCTGATCACG-1","CD4+ T cells","CD4+ T cells",0.31278664107105
"GCTACGCTAGAATG-1","CD8+ T cells","CD8+ T cells",0.316617197180424
"GCTACGCTAGCTAC-1","CD8+ T cells","CD8+ T cells",0.315573197253024
"GCTACGCTCCCTAC-1","CD4+ T cells","CD4+ T cells",0.331378264641585
"GCTAGAACAGAGGC-1","B cells","B cells",0.283419205951603
"GCTAGAACGGATCT-1","CD4+ T cells","CD4+ T cells",0.359372609421793
"GCTAGAACTCCCGT-1","CD4+ T cells","CD4+ T cells",0.244809671416931
"GCTAGATGAGCTCA-1","Monocytes","Monocytes",0.349413383919912
"GCTAGATGGCGATT-1","CD8+ T cells","CD8+ T cells",0.288392395596536
"GCTATACTAAGGCG-1","CD4+ T cells","CD4+ T cells",0.319736210974206
"GCTATACTAGCGTT-1","CD8+ T cells","CD8+ T cells",0.300437872871535
"GCTATACTCTCTTA-1","CD8+ T cells","CD8+ T cells",0.322973406293868
"GCTATACTGGACGA-1","CD4+ T cells","CD4+ T cells",0.326986739905307
"GCTCAAGAACCATG-1","Monocytes","Monocytes",0.413265188104732
"GCTCAAGAAGTCAC-1","Monocytes","Monocytes",0.418032983895187
"GCTCAGCTGTCTAG-1","CD4+ T cells","CD4+ T cells",0.25547267508724
"GCTCCATGAGAAGT-1","T cells","T cells",0.355253482862445
"GCTCCATGCCGAAT-1","CD4+ T cells","CD4+ T cells",0.283846332211298
"GCTCGACTCTAGTG-1","Monocytes","Monocytes",0.298949148098145
"GCTGATGAGGTATC-1","Monocytes","Monocytes",0.340568806817909
"GCTTAACTACAGTC-1","Monocytes","Monocytes",0.269558470586405
"GCTTAACTACTGGT-1","NK cells","NK cells",0.335130553210303
"GCTTAACTGCTGAT-1","CD8+ T cells","CD8+ T cells",0.306945993300512
"GCTTAACTTAGACC-1","Monocytes","Monocytes",0.3093847850177
"GCTTAACTTCAGTG-1","CD4+ T cells","CD4+ T cells",0.30658385142121
"GGAACACTCACTTT-1","Monocytes","Monocytes",0.251378727916955
"GGAACACTTCAGAC-1","Progenitors","Progenitors",0.150679485553345
"GGAACTACTACTTC-1","CD4+ T cells","CD4+ T cells",0.295069438595011
"GGAACTTGAAGGTA-1","Monocytes","Monocytes",0.407543286911433
"GGAACTTGAGAATG-1","T cells","T cells",0.278139876793309
"GGAACTTGCTCCAC-1","Monocytes","Monocytes",0.384540348727274
"GGAACTTGGGTAGG-1","B cells","B cells",0.311078825474162
"GGAAGGACATCGGT-1","Monocytes","Monocytes",0.312547432110886
"GGAAGGACCACTAG-1","CD8+ T cells","CD8+ T cells",0.333806197239311
"GGAAGGACGAGGGT-1","CD4+ T cells","CD4+ T cells",0.334797097203802
"GGAAGGACGCGAAG-1","CD8+ T cells","CD8+ T cells",0.29522849157289
"GGAAGGTGGCGAGA-1","NK cells","NK cells",0.33929178750932
"GGAATCTGAAGGGC-1","CD4+ T cells","CD4+ T cells",0.293968592148954
"GGAATCTGAGGAGC-1","CD4+ T cells","CD4+ T cells",0.373197659994652
"GGAATCTGCTTAGG-1","B cells","B cells",0.282916867247607
"GGAATCTGCTTGTT-1","Monocytes","Monocytes",0.403181998230747
"GGAATCTGGGAGGT-1","CD4+ T cells","CD4+ T cells",0.331776882803764
"GGAATGCTTTCTAC-1","CD4+ T cells","CD4+ T cells",0.297233335037541
"GGACAGGAAAGGGC-1","T cells","T cells",0.329983750160174
"GGACAGGAGTGCTA-1","B cells","B cells",0.324889528994073
"GGACAGGATCTCGC-1","CD4+ T cells","CD4+ T cells",0.331880187557616
"GGACCCGAAGCTAC-1","Monocytes","Monocytes",0.418742754456213
"GGACCGTGCTTACT-1","Monocytes","Monocytes",0.308903450466175
"GGACCGTGGGAACG-1","Monocytes","Monocytes",0.434283158733741
"GGACCGTGTAACGC-1","CD4+ T cells","CD4+ T cells",0.346443284079196
"GGACCTCTGTAAGA-1","Monocytes","Monocytes",0.380045819578896
"GGACCTCTTTTCTG-1","T cells","T cells",0.306045044772758
"GGACGAGAGTGTCA-1","Monocytes","Monocytes",0.26329627106022
"GGACGCTGACGCAT-1","T cells","T cells",0.356999266895874
"GGACGCTGCTAGCA-1","CD4+ T cells","CD4+ T cells",0.311699613016805
"GGACGCTGTCCTCG-1","NK cells","NK cells",0.338107077543683
"GGAGAGACGTGAGG-1","B cells",NA,0.306038118727109
"GGAGCAGATTCAGG-1","B cells","B cells",0.283696891228443
"GGAGCCACCTTCTA-1","B cells","B cells",0.367445279885333
"GGAGCGCTACGCAT-1","Monocytes","Monocytes",0.425608576484202
"GGAGCGCTCCGAAT-1","CD4+ T cells","CD4+ T cells",0.341489776942754
"GGAGGATGCCACCT-1","CD8+ T cells","CD8+ T cells",0.247671095712887
"GGAGGATGGTTGAC-1","Monocytes","Monocytes",0.343726463525127
"GGAGGATGTCAGTG-1","Monocytes","Monocytes",0.38455322814964
"GGAGGCCTCGTTGA-1","NK cells","NK cells",0.323487810448917
"GGAGGCCTTTCTTG-1","CD4+ T cells","CD4+ T cells",0.303140587987544
"GGAGGTGATACGCA-1","CD4+ T cells","CD4+ T cells",0.333810921613924
"GGAGGTGATCGCTC-1","CD4+ T cells","CD4+ T cells",0.320134151236958
"GGATACTGCAGCTA-1","CD4+ T cells","CD4+ T cells",0.326057059784188
"GGATACTGTCTAGG-1","CD4+ T cells","CD4+ T cells",0.2957986651397
"GGATAGCTCGTCTC-1","CD4+ T cells","CD4+ T cells",0.349074895976956
"GGATAGCTCTGAAC-1","T cells","T cells",0.357484933533458
"GGATGTACCAAAGA-1","B cells","B cells",0.312075090914201
"GGATGTACGCGAAG-1","CD4+ T cells","CD4+ T cells",0.293446820005292
"GGATGTACGTCTTT-1","Monocytes","Monocytes",0.227749490875119
"GGATGTACGTGTCA-1","CD8+ T cells","CD8+ T cells",0.311365343563648
"GGATTTCTAGGTTC-1","CD4+ T cells","CD4+ T cells",0.302772679868528
"GGATTTCTTTGTCT-1","Monocytes","Monocytes",0.387260876103851
"GGCAAGGAAAAAGC-1","NK cells","NK cells",0.359750476649659
"GGCAAGGAAGAAGT-1","CD4+ T cells","CD4+ T cells",0.323727562617382
"GGCAAGGACTTGGA-1","Monocytes","Monocytes",0.37679607893895
"GGCAAGGAGGACTT-1","CD4+ T cells","CD4+ T cells",0.329612354682622
"GGCAATACGCTAAC-1","B cells","B cells",0.280142221725361
"GGCAATACGGCATT-1","T cells","T cells",0.27203858609916
"GGCAATACGTTTCT-1","B cells","B cells",0.316465330593514
"GGCACGTGGCTTAG-1","Monocytes","Monocytes",0.436718961969161
"GGCACGTGTGAGAA-1","B cells","B cells",0.409406592965424
"GGCACTCTTTTGTC-1","CD4+ T cells","CD4+ T cells",0.324936140993451
"GGCATATGCTTATC-1","NK cells","NK cells",0.362666211185611
"GGCATATGGGGAGT-1","Progenitors","Progenitors",0.142080344066671
"GGCATATGTGTGAC-1","CD4+ T cells","CD4+ T cells",0.379227242713641
"GGCCACGACAGAGG-1","CD4+ T cells","CD4+ T cells",0.239832911425214
"GGCCAGACTGGTTG-1","CD4+ T cells","CD4+ T cells",0.342291496731507
"GGCCCAGAAAGTAG-1","Monocytes","Monocytes",0.361390464879874
"GGCCGAACAACGAA-1","CD4+ T cells","CD4+ T cells",0.300379572136841
"GGCCGAACGCAGAG-1","CD4+ T cells","CD4+ T cells",0.24239298395352
"GGCCGAACGTAGGG-1","CD4+ T cells","CD4+ T cells",0.299625059455271
"GGCCGAACTCTAGG-1","NK cells","NK cells",0.333043271814016
"GGCCGATGCAGGAG-1","CD4+ T cells","CD4+ T cells",0.335801002003953
"GGCCGATGCCGAAT-1","CD4+ T cells","CD4+ T cells",0.319312361508399
"GGCCGATGTACTCT-1","T cells","T cells",0.333405690477391
"GGCGACACTGCCCT-1","T cells","T cells",0.379323776957687
"GGCGACTGCGTAAC-1","CD4+ T cells","CD4+ T cells",0.314585884426172
"GGCGCATGCCTAAG-1","Monocytes","Monocytes",0.36606532842021
"GGCGCATGCTCCAC-1","CD4+ T cells","CD4+ T cells",0.29559280482626
"GGCGCATGTGGAAA-1","CD4+ T cells","CD4+ T cells",0.254630000756527
"GGCGGACTAGAGGC-1","CD4+ T cells","CD4+ T cells",0.295007315673876
"GGCGGACTAGGAGC-1","T cells","T cells",0.334069223749065
"GGCGGACTCTGACA-1","CD4+ T cells","CD4+ T cells",0.316589763075497
"GGCGGACTCTTGGA-1","T cells","T cells",0.323329274882956
"GGCGGACTTACTGG-1","T cells","T cells",0.292413418257194
"GGCGGACTTGAACC-1","CD4+ T cells","CD4+ T cells",0.312437500984033
"GGCTAAACACCTGA-1","NK cells","NK cells",0.321709054270795
"GGCTAAACTCTTAC-1","CD4+ T cells","CD4+ T cells",0.327050114662993
"GGCTAATGAGCACT-1","T cells","T cells",0.309229727788754
"GGCTAATGGTCTAG-1","CD4+ T cells","CD4+ T cells",0.317734783236946
"GGCTCACTACTCAG-1","Monocytes","Monocytes",0.35998351887026
"GGGAACGAAGCTCA-1","Monocytes","Monocytes",0.440287528323976
"GGGAACGACACAAC-1","B cells","B cells",0.290784131202612
"GGGAACGAGTGTCA-1","Monocytes","Monocytes",0.30760308292969
"GGGAAGTGTTGAGC-1","Monocytes","Monocytes",0.308063237258571
"GGGACCACACGTTG-1","T cells","T cells",0.345670458217168
"GGGACCACAGAACA-1","CD4+ T cells","CD4+ T cells",0.328073805009115
"GGGACCACGAATAG-1","CD4+ T cells","CD4+ T cells",0.320952282817888
"GGGACCACGTCATG-1","CD8+ T cells","CD8+ T cells",0.306188812003239
"GGGACCACTCAAGC-1","CD4+ T cells","CD4+ T cells",0.245321031614039
"GGGACCACTCGTGA-1","CD4+ T cells","CD4+ T cells",0.290883853259548
"GGGACCACTGCATG-1","CD4+ T cells","CD4+ T cells",0.270368424060845
"GGGACCTGACCCTC-1","Monocytes","Monocytes",0.383835092280707
"GGGACCTGCTTGCC-1","CD4+ T cells","CD4+ T cells",0.304511473181121
"GGGACCTGTGGAGG-1","B cells","B cells",0.315626408346628
"GGGATGGACGACAT-1","B cells","B cells",0.266741817460874
"GGGATGGATACTTC-1","CD4+ T cells","CD4+ T cells",0.30060655466526
"GGGATGGATGGTTG-1","Monocytes","Monocytes",0.359518140893616
"GGGATTACGTCTAG-1","CD8+ T cells","CD8+ T cells",0.307064782966018
"GGGCAAGATGCATG-1","Monocytes","Monocytes",0.303154205344285
"GGGCACACGGTGAG-1","Monocytes","Monocytes",0.345716059158891
"GGGCACACGTTGCA-1","CD4+ T cells","CD4+ T cells",0.358201555584067
"GGGCAGCTTGGGAG-1","T cells","T cells",0.342921647613897
"GGGCAGCTTTTCTG-1","CD4+ T cells","CD4+ T cells",0.310053571812725
"GGGCCAACCTTGGA-1","Dendritic cells","Dendritic cells",0.415455886169744
"GGGCCAACGCGTTA-1","B cells","B cells",0.318069224572663
"GGGCCAACTACGCA-1","Monocytes","Monocytes",0.330263690321556
"GGGCCAACTCCAAG-1","B cells","B cells",0.297245167873361
"GGGCCATGATGGTC-1","T cells","T cells",0.318058761529343
"GGGCCATGTTGACG-1","CD4+ T cells","CD4+ T cells",0.323473614508524
"GGGTAACTCAGCTA-1","CD4+ T cells","CD4+ T cells",0.325351988678191
"GGGTAACTCTAGTG-1","B cells","B cells",0.30338483826493
"GGGTAACTCTGGAT-1","CD4+ T cells","CD4+ T cells",0.293793963789095
"GGGTTAACGTGCAT-1","NK cells","NK cells",0.364671654770896
"GGTAAAGAGCTAAC-1","CD8+ T cells","CD8+ T cells",0.337790618337329
"GGTACAACTGCAAC-1","CD4+ T cells","CD4+ T cells",0.318494801678872
"GGTACATGAAAGCA-1","B cells","B cells",0.289574527819579
"GGTACATGAGCTCA-1","CD8+ T cells","CD8+ T cells",0.304565881258223
"GGTACATGCGGTAT-1","CD4+ T cells","CD4+ T cells",0.250268857757181
"GGTACATGGTTACG-1","CD8+ T cells","CD8+ T cells",0.288221739494336
"GGTACATGTGGGAG-1","CD4+ T cells","CD4+ T cells",0.325626106411546
"GGTACTGAACTCTT-1","Monocytes","Monocytes",0.35182080382952
"GGTAGTACACCACA-1","T cells","T cells",0.30524387363078
"GGTAGTACACTAGC-1","Monocytes","Monocytes",0.323854166939972
"GGTAGTACCCTGTC-1","CD8+ T cells","CD8+ T cells",0.296303525711918
"GGTAGTACGCCATA-1","Monocytes","Monocytes",0.315645887018662
"GGTAGTACTGTCTT-1","T cells","T cells",0.333082225451632
"GGTATCGAGACAAA-1","B cells","B cells",0.240426239735429
"GGTATCGATGAACC-1","B cells","B cells",0.295935703902205
"GGTCAAACCAAAGA-1","CD8+ T cells","CD8+ T cells",0.324718880726532
"GGTCTAGAGAAACA-1","Monocytes","Monocytes",0.34933861819337
"GGTCTAGATAGCGT-1","Monocytes","Monocytes",0.454722785308981
"GGTGATACCGACTA-1","B cells","B cells",0.349171461240284
"GGTGATACGACTAC-1","Monocytes","Monocytes",0.362019641589324
"GGTGATACTGTTTC-1","CD4+ T cells","CD4+ T cells",0.317521994324132
"GGTGGAGAAACGGG-1","NK cells","NK cells",0.295855662248638
"GGTGGAGAAGTAGA-1","CD4+ T cells","CD4+ T cells",0.3224234388613
"GGTGGAGACAGATC-1","NK cells","NK cells",0.326824471608345
"GGTGGAGATCGATG-1","CD4+ T cells","CD4+ T cells",0.329955870432983
"GGTGGAGATCTCTA-1","Monocytes","Monocytes",0.309908122089751
"GGTGGAGATTACTC-1","T cells","T cells",0.357433217276198
"GGTTTACTACGCAT-1","T cells","T cells",0.346324836744686
"GTAACGTGACCTCC-1","Monocytes","Monocytes",0.416267766938964
"GTAACGTGATCGGT-1","B cells","B cells",0.321239749161417
"GTAACGTGCAGCTA-1","B cells","B cells",0.333087237758491
"GTAACGTGGTTGAC-1","B cells","B cells",0.309186663376127
"GTAAGCACAACGGG-1","CD4+ T cells","CD4+ T cells",0.319922392743024
"GTAAGCACTCATTC-1","B cells","B cells",0.278710128711805
"GTAAGCTGGTACCA-1","Monocytes","Monocytes",0.336079762027736
"GTAATAACCTTCTA-1","Monocytes","Monocytes",0.340194268400296
"GTAATAACGTTGTG-1","CD8+ T cells","CD8+ T cells",0.275357752819975
"GTACCCTGACAGTC-1","Monocytes","Monocytes",0.423303251087368
"GTACCCTGGAGCTT-1","CD4+ T cells","CD4+ T cells",0.30362759133514
"GTACCCTGTCCTTA-1","CD8+ T cells","CD8+ T cells",0.348751949443441
"GTACCCTGTGAACC-1","CD4+ T cells","CD4+ T cells",0.317662924106132
"GTACGTGAACGTTG-1","CD8+ T cells","CD8+ T cells",0.299690530900038
"GTACTTTGTCGACA-1","T cells","T cells",0.338759888899862
"GTAGACTGAGATGA-1","Monocytes","Monocytes",0.358354491792902
"GTAGACTGTATTCC-1","CD4+ T cells","CD4+ T cells",0.30956161416924
"GTAGCAACAGTCGT-1","Monocytes","Monocytes",0.357204137024156
"GTAGCAACCATTTC-1","B cells","B cells",0.323322617693559
"GTAGCAACGGTAGG-1","Monocytes","Monocytes",0.269067930232851
"GTAGCATGCACTCC-1","B cells","B cells",0.31005975177759
"GTAGCATGTAAGCC-1","Monocytes","Monocytes",0.302827462670617
"GTAGCCCTGACGTT-1","CD8+ T cells","CD8+ T cells",0.290722098942093
"GTAGCTGAAGCTAC-1","Monocytes","Monocytes",0.437273580861295
"GTAGCTGAATTCGG-1","CD4+ T cells","CD4+ T cells",0.296332970193482
"GTAGGTACACGGGA-1","Monocytes","Monocytes",0.37658481708613
"GTAGTGACCTCATT-1","CD4+ T cells","CD4+ T cells",0.29386119777067
"GTAGTGTGAGCGGA-1","NK cells","NK cells",0.343572189373927
"GTAGTGTGAGGCGA-1","Monocytes","Monocytes",0.30195337493897
"GTAGTGTGTGGTTG-1","CD4+ T cells","CD4+ T cells",0.259738554988796
"GTATCACTGGTAGG-1","Monocytes","Monocytes",0.367502423301911
"GTATCTACAGAAGT-1","CD8+ T cells","CD8+ T cells",0.344889830228969
"GTATCTACGACGAG-1","CD8+ T cells","CD8+ T cells",0.318147282855336
"GTATCTACGTTACG-1","CD4+ T cells","CD4+ T cells",0.337367635386216
"GTATTAGAAACAGA-1","CD4+ T cells","CD4+ T cells",0.394711905317529
"GTATTAGAGGTCTA-1","CD4+ T cells","CD4+ T cells",0.264233909234578
"GTATTCACACAGCT-1","CD8+ T cells","CD8+ T cells",0.293503905781265
"GTATTCACGGGTGA-1","T cells","T cells",0.308417046748057
"GTCAACGACACTGA-1","CD4+ T cells","CD4+ T cells",0.332793639338614
"GTCAACGAGTGTAC-1","Monocytes","Monocytes",0.373215785695287
"GTCAACGATCAGGT-1","T cells","T cells",0.230185420026595
"GTCAATCTACACCA-1","T cells","T cells",0.32132340532724
"GTCAATCTGTAGCT-1","T cells","T cells",0.372770769750134
"GTCAATCTTGTGGT-1","CD4+ T cells","CD4+ T cells",0.31193012694422
"GTCACCTGCCTCCA-1","CD4+ T cells","CD4+ T cells",0.306843175332787
"GTCACCTGTCCCGT-1","CD8+ T cells","CD8+ T cells",0.32082002214564
"GTCATACTAATCGC-1","B cells","B cells",0.29400830029873
"GTCATACTGCGATT-1","T cells","T cells",0.33239814421636
"GTCATACTTCGCCT-1","Progenitors","Progenitors",0.184637743722115
"GTCATACTTTACCT-1","CD8+ T cells","CD8+ T cells",0.311452034780674
"GTCATACTTTGACG-1","CD4+ T cells","CD4+ T cells",0.326153987802562
"GTCCAAGAAAAACG-1","CD4+ T cells","CD4+ T cells",0.31159688245929
"GTCCACTGACCTCC-1","CD8+ T cells","CD8+ T cells",0.326568276757697
"GTCCACTGGGTACT-1","Monocytes","Monocytes",0.447658856490077
"GTCCAGCTACGGGA-1","CD4+ T cells","CD4+ T cells",0.343647503388518
"GTCCCATGTGGTGT-1","Monocytes","Monocytes",0.420669637448732
"GTCGAATGAAGGCG-1","Monocytes","Monocytes",0.401627054685953
"GTCGACCTGAATGA-1","NK cells","NK cells",0.327665043500276
"GTCGACCTGTTCAG-1","CD4+ T cells","CD4+ T cells",0.27500243848483
"GTCGCACTTGAGAA-1","B cells","B cells",0.385551914223862
"GTCTAACTGGTCTA-1","Monocytes","Monocytes",0.391910066620585
"GTCTAGGAGCTTCC-1","Monocytes","Monocytes",0.394730690114938
"GTGAACACACTCTT-1","CD4+ T cells","CD4+ T cells",0.313398184042573
"GTGAACACAGATCC-1","T cells","T cells",0.269704647609583
"GTGAACACTCAGGT-1","CD4+ T cells","CD4+ T cells",0.305674363795222
"GTGACCCTTAAGCC-1","CD8+ T cells","CD8+ T cells",0.319876512107463
"GTGATGACAAGTGA-1","CD4+ T cells","CD4+ T cells",0.401863988867596
"GTGATGACCTGAGT-1","B cells","B cells",0.291924288027319
"GTGATGACGGTTTG-1","T cells","T cells",0.31809183579552
"GTGATTCTCATTTC-1","CD4+ T cells","CD4+ T cells",0.322330364600724
"GTGATTCTCTCTCG-1","Monocytes","Monocytes",0.365364086833246
"GTGATTCTGGTTCA-1","NK cells","NK cells",0.350021085210738
"GTGATTCTGTCGAT-1","CD4+ T cells","CD4+ T cells",0.270104613640698
"GTGATTCTTAGCGT-1","B cells","B cells",0.278115028472738
"GTGCCACTCAGGAG-1","CD8+ T cells","CD8+ T cells",0.257578972568342
"GTGGATTGCACTAG-1","Monocytes","Monocytes",0.441486566843804
"GTGGATTGCGGAGA-1","CD4+ T cells","CD4+ T cells",0.337235463577334
"GTGGATTGTAACGC-1","CD4+ T cells","CD4+ T cells",0.330305031242542
"GTGTACGATCAGTG-1","CD4+ T cells","CD4+ T cells",0.295690708527256
"GTGTAGTGGGTACT-1","CD4+ T cells","CD4+ T cells",0.315414693805437
"GTGTATCTAGCCTA-1","B cells","B cells",0.298554458034866
"GTGTATCTAGTAGA-1","T cells","T cells",0.403327156033331
"GTGTATCTGTTACG-1","B cells","B cells",0.365999984366226
"GTGTCAGAAGCGTT-1","T cells","T cells",0.32757638618231
"GTGTCAGAATGCTG-1","CD4+ T cells","CD4+ T cells",0.212591523966484
"GTTAAAACCGAGAG-1","NK cells","NK cells",0.339753199289751
"GTTAAAACTTCGCC-1","T cells","T cells",0.283242648781279
"GTTAAATGCTCGAA-1","CD4+ T cells","CD4+ T cells",0.340166719976879
"GTTAAATGTCGACA-1","B cells","B cells",0.359451577767614
"GTTAACCTAGCTAC-1","CD4+ T cells","CD4+ T cells",0.318849256045649
"GTTAACCTTGCTTT-1","Dendritic cells","Dendritic cells",0.427938326532229
"GTTAGGTGCACTCC-1","CD4+ T cells","CD4+ T cells",0.274238031403695
"GTTAGGTGCCAGTA-1","Monocytes","Monocytes",0.463732709117838
"GTTAGGTGCCCAAA-1","Monocytes","Monocytes",0.375949587881035
"GTTAGGTGGAACTC-1","B cells","B cells",0.291865947373281
"GTTAGTCTAAGAAC-1","T cells","T cells",0.294582478073325
"GTTATAGAGGACAG-1","CD8+ T cells","CD8+ T cells",0.295802308478395
"GTTATGCTTTCATC-1","CD4+ T cells","CD4+ T cells",0.300838400313842
"GTTCAACTGGGACA-1","NK cells","NK cells",0.339535975844835
"GTTCAACTTATGCG-1","CD8+ T cells","CD8+ T cells",0.303168212414803
"GTTGACGAGCCCTT-1","CD8+ T cells","CD8+ T cells",0.359308085685614
"GTTGACGATATCGG-1","NK cells","NK cells",0.367754718406066
"GTTGAGTGGTCTTT-1","Monocytes","Monocytes",0.421358796964543
"GTTGAGTGTGCTTT-1","CD4+ T cells","CD4+ T cells",0.328822483376272
"GTTGATCTGGGACA-1","CD4+ T cells",NA,0.210099485996403
"GTTGATCTTTTCAC-1","CD8+ T cells","CD8+ T cells",0.355027060554412
"GTTGGATGTTTACC-1","Monocytes","Monocytes",0.417845720988887
"GTTGTACTATTCCT-1","Monocytes","Monocytes",0.410371193732599
"GTTGTACTTTTGGG-1","CD8+ T cells","CD8+ T cells",0.328202089523208
"GTTTAAGACCATGA-1","Monocytes","Monocytes",0.383948171465855
"GTTTAAGACTGTCC-1","CD8+ T cells","CD8+ T cells",0.318449659663098
"TAAACAACCAACCA-1","CD4+ T cells","CD4+ T cells",0.371839274191992
"TAAACAACGAATCC-1","B cells","B cells",0.344985075305388
"TAAAGACTCAGGAG-1","CD8+ T cells","CD8+ T cells",0.310522685956306
"TAAATCGATGAGGG-1","CD4+ T cells","CD4+ T cells",0.328609010604986
"TAACAATGTGCCCT-1","B cells","B cells",0.323022289850282
"TAACACCTTCGCTC-1","Monocytes","Monocytes",0.391379490834265
"TAACACCTTCGTAG-1","Monocytes","Monocytes",0.426315503202015
"TAACACCTTGTTTC-1","Progenitors","Progenitors",0.170245296035164
"TAACATGACACTAG-1","CD8+ T cells","CD8+ T cells",0.307933935796428
"TAACCGGACTTACT-1","CD4+ T cells","CD4+ T cells",0.28156020782463
"TAACGTCTCAACCA-1","Monocytes","Monocytes",0.340760009582818
"TAACGTCTCATTGG-1","CD4+ T cells","CD4+ T cells",0.33113078031175
"TAACTAGAATTTCC-1","CD4+ T cells","CD4+ T cells",0.340798062165984
"TAACTAGACTTAGG-1","CD4+ T cells","CD4+ T cells",0.340153094456577
"TAACTAGATCTGGA-1","CD4+ T cells","CD4+ T cells",0.306527969173837
"TAACTCACGAGGAC-1","Monocytes","Monocytes",0.34891840403756
"TAACTCACGTACAC-1","B cells","B cells",0.31207301277832
"TAACTCACGTATCG-1","Monocytes","Monocytes",0.36552218444052
"TAACTCACTCTACT-1","NK cells","NK cells",0.347531139856827
"TAAGAACTGTGTCA-1","Monocytes","Monocytes",0.312194637076958
"TAAGAGGACTAAGC-1","B cells","B cells",0.313891494648037
"TAAGAGGACTTGTT-1","NK cells","NK cells",0.360325295035621
"TAAGATACCCACAA-1","CD8+ T cells","CD8+ T cells",0.265992420095332
"TAAGATACGGTTCA-1","Monocytes","Monocytes",0.327161793339335
"TAAGATTGCGTAGT-1","CD4+ T cells","CD4+ T cells",0.329691493138385
"TAAGATTGTTGCTT-1","CD4+ T cells","CD4+ T cells",0.330991626730428
"TAAGCGTGAGGTTC-1","Monocytes","Monocytes",0.388816383928202
"TAAGCGTGGACAAA-1","Monocytes","Monocytes",0.465548733248959
"TAAGCGTGGGAAAT-1","CD4+ T cells","CD4+ T cells",0.320532310679279
"TAAGCGTGTGCTCC-1","Monocytes","Monocytes",0.467536915684328
"TAAGGCTGCCATGA-1","T cells","T cells",0.318516213336357
"TAAGGCTGCTGCTC-1","CD4+ T cells","CD4+ T cells",0.307339826837028
"TAAGGCTGTCTCGC-1","Monocytes","Monocytes",0.41575702234535
"TAAGGGCTGCTGTA-1","CD4+ T cells","CD4+ T cells",0.338466947222688
"TAAGGGCTTTACTC-1","CD8+ T cells","CD8+ T cells",0.334586935558225
"TAAGTAACCGAGAG-1","B cells","B cells",0.281190071368926
"TAAGTAACCTCCAC-1","B cells","B cells",0.307412821499311
"TAAGTAACCTGTAG-1","CD4+ T cells","CD4+ T cells",0.341918018501494
"TAAGTAACTTGTCT-1","CD8+ T cells","CD8+ T cells",0.291699393301235
"TAATGATGAGCGGA-1","CD4+ T cells","CD4+ T cells",0.33834629200793
"TAATGCCTCATGAC-1","CD4+ T cells","CD4+ T cells",0.355858891337011
"TAATGCCTCGTCTC-1","NK cells","NK cells",0.422145830449176
"TAATGTGAAGATGA-1","CD4+ T cells","CD4+ T cells",0.24582217000603
"TAATGTGACTGCAA-1","Monocytes","Monocytes",0.369560045804142
"TAATGTGATTACTC-1","CD8+ T cells","CD8+ T cells",0.331583308080248
"TACAAATGGGTACT-1","CD4+ T cells","CD4+ T cells",0.349279625182971
"TACAATGAAAACAG-1","Monocytes","Monocytes",0.35857744416597
"TACAATGACTTAGG-1","CD4+ T cells","CD4+ T cells",0.281383229333494
"TACAATGATGCTAG-1","T cells","T cells",0.344918849703839
"TACACACTCACACA-1","CD4+ T cells","CD4+ T cells",0.338574782098441
"TACACACTCTTACT-1","CD4+ T cells","CD4+ T cells",0.287081329420899
"TACATAGAACGCAT-1","T cells","T cells",0.34858308116923
"TACATCACACGGGA-1","CD4+ T cells","CD4+ T cells",0.288674705043781
"TACATCACCTGTTT-1","Monocytes","Monocytes",0.425472603826475
"TACATCACGCTAAC-1","B cells","B cells",0.313727806275755
"TACATCACTGAACC-1","Monocytes","Monocytes",0.445960004278871
"TACCATTGAGGTTC-1","CD4+ T cells","CD4+ T cells",0.28945935714087
"TACCATTGCGGGAA-1","Monocytes","Monocytes",0.326047769244352
"TACCATTGGGGATG-1","Monocytes","Monocytes",0.289327054861526
"TACCATTGTGAGGG-1","Monocytes","Monocytes",0.306093960361695
"TACCGGCTGTTGGT-1","CD8+ T cells","CD8+ T cells",0.303989720078985
"TACGAGTGATCTCT-1","CD4+ T cells","CD4+ T cells",0.325447269169118
"TACGAGTGATGCTG-1","Monocytes","Monocytes",0.391931177054317
"TACGAGTGCGGAGA-1","CD4+ T cells","CD4+ T cells",0.35022195932428
"TACGAGTGGTTGGT-1","CD4+ T cells","CD4+ T cells",0.311121601211131
"TACGATCTAGTGTC-1","CD4+ T cells","CD4+ T cells",0.280622626801928
"TACGATCTCACTGA-1","Monocytes","Monocytes",0.428629212217662
"TACGATCTTACGAC-1","T cells","T cells",0.334317070146111
"TACGCAGACGTCTC-1","B cells","B cells",0.223375757837669
"TACGCAGAGAATCC-1","NK cells","NK cells",0.314286180613611
"TACGCCACATTCCT-1","CD4+ T cells","CD4+ T cells",0.296181410410245
"TACGCCACTCCCAC-1","Monocytes","Monocytes",0.445221846156763
"TACGCCACTCCGAA-1","B cells","B cells",0.309763327951819
"TACGCGCTCTTCTA-1","T cells","T cells",0.291210396764544
"TACGGAACGCGTTA-1","B cells","B cells",0.297883083240534
"TACGGCCTGGGACA-1","NK cells","NK cells",0.347390503734509
"TACGGCCTGTCCTC-1","CD4+ T cells","CD4+ T cells",0.257985408222017
"TACGTACTACGGAG-1","CD4+ T cells","CD4+ T cells",0.380785261682304
"TACGTACTCAGTTG-1","CD4+ T cells","CD4+ T cells",0.333316491468387
"TACGTACTCCCGTT-1","B cells","B cells",0.311361841272357
"TACGTTACAGAAGT-1","CD4+ T cells","CD4+ T cells",0.28528854210751
"TACGTTACCAAGCT-1","Monocytes","Monocytes",0.341371179599529
"TACTAAGAAAGGTA-1","B cells","B cells",0.269228340539469
"TACTAAGAATCACG-1","CD4+ T cells","CD4+ T cells",0.278933885681682
"TACTAAGATGATGC-1","Monocytes","Monocytes",0.364407762411566
"TACTAAGATTGCGA-1","CD4+ T cells","CD4+ T cells",0.340095900518585
"TACTACACGAGAGC-1","CD4+ T cells","CD4+ T cells",0.360958041239942
"TACTACACTTACCT-1","B cells",NA,0.233356213550616
"TACTACTGAACCTG-1","Monocytes","Monocytes",0.321440362744688
"TACTACTGATGTCG-1","T cells","T cells",0.350654743943231
"TACTACTGATTCTC-1","CD4+ T cells","CD4+ T cells",0.288865956484733
"TACTACTGTATGGC-1","CD4+ T cells","CD4+ T cells",0.340434311528577
"TACTCAACGGTCTA-1","Monocytes","Monocytes",0.386565829145605
"TACTCAACTGCTAG-1","B cells","B cells",0.340055452150559
"TACTCCCTCAGTTG-1","CD4+ T cells","CD4+ T cells",0.280350606578177
"TACTCTGAATCGAC-1","NK cells","NK cells",0.316537052134607
"TACTCTGACGAGTT-1","CD4+ T cells","CD4+ T cells",0.339291988009403
"TACTCTGATTGACG-1","B cells","B cells",0.332434976349658
"TACTGGGATCGATG-1","CD4+ T cells","CD4+ T cells",0.346173673549726
"TACTGTTGAAAGCA-1","CD4+ T cells","CD4+ T cells",0.305853881190167
"TACTGTTGAGGCGA-1","NK cells","NK cells",0.37664100721166
"TACTGTTGCTGAAC-1","B cells","B cells",0.366868623088991
"TACTTGACTCCTCG-1","CD8+ T cells","CD8+ T cells",0.333935837464003
"TACTTGACTGGTGT-1","B cells","B cells",0.300853547404602
"TACTTTCTTTTGGG-1","T cells","T cells",0.319750109996171
"TAGAAACTAATCGC-1","CD4+ T cells","CD4+ T cells",0.320449388524562
"TAGAAACTGCTTCC-1","Monocytes","Monocytes",0.345749966873996
"TAGAAACTGGGATG-1","NK cells","NK cells",0.31378445600604
"TAGAATTGCGACAT-1","CD4+ T cells","CD4+ T cells",0.266838864440565
"TAGAATTGTATCGG-1","CD4+ T cells","CD4+ T cells",0.315882890589388
"TAGACGTGCTTGAG-1","T cells","T cells",0.270837953468576
"TAGACGTGTCGCTC-1","CD4+ T cells","CD4+ T cells",0.308304083072868
"TAGAGCACCTTACT-1","B cells","B cells",0.305498305338928
"TAGATTGACTTGTT-1","B cells","B cells",0.285324334842953
"TAGATTGAGGCATT-1","CD8+ T cells","CD8+ T cells",0.244200242440954
"TAGCATCTCAGCTA-1","NK cells","NK cells",0.344158818542242
"TAGCATCTCCCTCA-1","CD8+ T cells","CD8+ T cells",0.261480664731583
"TAGCATCTGCTGTA-1","Monocytes","Monocytes",0.41093925181347
"TAGCATCTGGGACA-1","CD8+ T cells","CD8+ T cells",0.284784012686713
"TAGCATCTTGTCGA-1","CD4+ T cells","CD4+ T cells",0.296361190344856
"TAGCCCACAAAAGC-1","CD4+ T cells","CD4+ T cells",0.33448114766818
"TAGCCCACAGCCAT-1","T cells","T cells",0.33340063647638
"TAGCCCACAGCTAC-1","NK cells","NK cells",0.357911263842158
"TAGCCCACCCACAA-1","CD4+ T cells","CD4+ T cells",0.278275742896162
"TAGCCCTGCGGAGA-1","CD8+ T cells","CD8+ T cells",0.275026473389425
"TAGCCGCTTACGAC-1","CD4+ T cells","CD4+ T cells",0.347463599672896
"TAGCCGCTTACTTC-1","T cells","T cells",0.35545861225608
"TAGCCGCTTTCCAT-1","Monocytes","Monocytes",0.397214912009669
"TAGCTACTGAATAG-1","B cells","B cells",0.304853866263323
"TAGCTACTGTAGCT-1","CD4+ T cells","CD4+ T cells",0.310900756522896
"TAGCTACTTTTGCT-1","T cells","T cells",0.297753346685667
"TAGGACTGTGCTGA-1","CD4+ T cells","CD4+ T cells",0.333615274223658
"TAGGAGCTAAGGCG-1","B cells","B cells",0.311744486783979
"TAGGAGCTGAGGGT-1","CD4+ T cells","CD4+ T cells",0.308318719797301
"TAGGAGCTTGCATG-1","B cells","B cells",0.29615903044206
"TAGGCAACCGTCTC-1","B cells","B cells",0.295740316406154
"TAGGCATGCTCTCG-1","Dendritic cells","Dendritic cells",0.381699388635527
"TAGGCATGGCGAGA-1","CD8+ T cells","CD8+ T cells",0.341518213398909
"TAGGCTGATGCCTC-1","Monocytes","Monocytes",0.346122581047642
"TAGGGACTGAACTC-1","NK cells","NK cells",0.351344945806403
"TAGGTCGACACTGA-1","CD8+ T cells","CD8+ T cells",0.327547720515041
"TAGGTCGAGGATCT-1","B cells","B cells",0.284953140399613
"TAGGTGACACACTG-1","CD4+ T cells","CD4+ T cells",0.298083499186112
"TAGGTGACACGTTG-1","B cells","B cells",0.294493266568301
"TAGGTGTGTTCTGT-1","CD8+ T cells","CD8+ T cells",0.267311308758642
"TAGGTTCTGAAGGC-1","CD4+ T cells","CD4+ T cells",0.365926418883824
"TAGGTTCTTCTTAC-1","Monocytes","Monocytes",0.414175974459878
"TAGGTTCTTGCTGA-1","Monocytes","Monocytes",0.414549014960106
"TAGTAAACCTCGCT-1","CD4+ T cells","CD4+ T cells",0.331103699733074
"TAGTAAACGTCACA-1","CD4+ T cells","CD4+ T cells",0.382564625158213
"TAGTAATGAGATCC-1","CD4+ T cells","CD4+ T cells",0.264652795106027
"TAGTACCTAAGAAC-1","Monocytes","Monocytes",0.343340007019595
"TAGTATGATCTTAC-1","B cells","B cells",0.309072112627409
"TAGTATGATTCTCA-1","CD4+ T cells","CD4+ T cells",0.315750447073769
"TAGTCTTGGCTGTA-1","CD4+ T cells",NA,0.215291517827922
"TAGTCTTGGGACTT-1","T cells","T cells",0.262196062166339
"TAGTCTTGTGGAAA-1","T cells","T cells",0.32923411171173
"TAGTGGTGAAGTGA-1","NK cells","NK cells",0.363553102104973
"TAGTTAGAACCACA-1","NK cells","NK cells",0.333199699316344
"TAGTTAGATGAACC-1","CD4+ T cells","CD4+ T cells",0.296474973164554
"TATAAGACAACAGA-1","CD8+ T cells","CD8+ T cells",0.239870557885796
"TATAAGACAGCTCA-1","Monocytes","Monocytes",0.429686921327381
"TATAAGTGACACCA-1","Monocytes","Monocytes",0.426631486703824
"TATAAGTGTATCGG-1","Monocytes","Monocytes",0.287336509121804
"TATAAGTGTGGTGT-1","Monocytes","Monocytes",0.454157044104092
"TATACAGAACCCTC-1","CD8+ T cells","CD8+ T cells",0.300218035647136
"TATACAGAAGAACA-1","CD4+ T cells","CD4+ T cells",0.278850948732626
"TATACAGATCCAGA-1","CD4+ T cells","CD4+ T cells",0.311790033166029
"TATACCACCTGATG-1","B cells","B cells",0.321555897330418
"TATACGCTACCAAC-1","CD4+ T cells","CD4+ T cells",0.307173187345122
"TATAGATGGACGGA-1","CD4+ T cells","CD4+ T cells",0.321663036154235
"TATAGATGTTCCGC-1","Monocytes","Monocytes",0.414716414029419
"TATCACTGACTGTG-1","Monocytes","Monocytes",0.287573858896506
"TATCCAACCAGCTA-1","Monocytes","Monocytes",0.27908663584086
"TATCCAACTCTCTA-1","T cells","T cells",0.346166353230224
"TATCGACTACTAGC-1","T cells","T cells",0.261581839171887
"TATCGACTCGATAC-1","Monocytes","Monocytes",0.376241707991925
"TATCGTACAGATGA-1","T cells","T cells",0.318114503750415
"TATCGTACATTCCT-1","Monocytes","Monocytes",0.358433854101464
"TATCTCGAGAGATA-1","CD4+ T cells","CD4+ T cells",0.263226328039793
"TATCTGACAGGTTC-1","CD8+ T cells","CD8+ T cells",0.312038961054488
"TATCTGACTGTTTC-1","CD8+ T cells","CD8+ T cells",0.337403920749817
"TATCTTCTAAACAG-1","CD8+ T cells","CD8+ T cells",0.30180775453175
"TATGAATGGAGGAC-1","CD8+ T cells","CD8+ T cells",0.358837131801918
"TATGAATGTTTGCT-1","Monocytes","Monocytes",0.407352945348705
"TATGCGGATAACCG-1","CD4+ T cells","CD4+ T cells",0.292414809801346
"TATGGGTGCATCAG-1","NK cells","NK cells",0.379839543502568
"TATGGGTGCTAGCA-1","B cells","B cells",0.329518519396846
"TATGGTCTCTACCC-1","CD4+ T cells","CD4+ T cells",0.300946405970062
"TATGTCACGGAACG-1","B cells","B cells",0.344707337791944
"TATGTCACTAACCG-1","Monocytes","Monocytes",0.390859860475044
"TATGTCACTTCTCA-1","B cells","B cells",0.284162738686161
"TATGTGCTCCGATA-1","Monocytes","Monocytes",0.372577574056254
"TATGTGCTGGATTC-1","CD4+ T cells","CD4+ T cells",0.298820481330134
"TATTGCTGAAGAAC-1","Monocytes","Monocytes",0.274183748951983
"TATTGCTGCCGTTC-1","B cells","B cells",0.287126188099047
"TATTGCTGTCTGGA-1","CD4+ T cells","CD4+ T cells",0.298714581397413
"TATTGCTGTGCACA-1","T cells","T cells",0.23877590906645
"TATTTCCTATTGGC-1","Monocytes","Monocytes",0.329898717519927
"TATTTCCTGGAGGT-1","NK cells","NK cells",0.361222661598712
"TATTTCCTGGTGTT-1","CD4+ T cells","CD4+ T cells",0.274621392618306
"TCAACACTGTTTGG-1","NK cells","NK cells",0.389592617875061
"TCAAGGACAGCGTT-1","CD4+ T cells","CD4+ T cells",0.282030375997524
"TCAAGGACATTCTC-1","NK cells","NK cells",0.273205373574168
"TCAAGGACGGTGTT-1","Monocytes","Monocytes",0.331366994790074
"TCAATCACACTCTT-1","T cells","T cells",0.33870852100277
"TCAATCACAGTCGT-1","Monocytes","Monocytes",0.393582973660042
"TCACAACTATGTGC-1","CD4+ T cells","CD4+ T cells",0.270969693633185
"TCACAACTTTGCTT-1","Monocytes","Monocytes",0.307578051722467
"TCACATACACTTTC-1","CD8+ T cells","CD8+ T cells",0.332252707842625
"TCACATACAGGGTG-1","CD8+ T cells","CD8+ T cells",0.268722932387014
"TCACCCGAGACGGA-1","Monocytes","Monocytes",0.433873930999985
"TCACCGTGCTCGCT-1","Monocytes","Monocytes",0.439731796506522
"TCACCTCTACGACT-1","T cells","T cells",0.341945361224232
"TCACCTCTTCCAAG-1","Monocytes","Monocytes",0.397394484710073
"TCACGAGAGGAGGT-1","B cells","B cells",0.315887484204836
"TCACTATGGGGCAA-1","CD8+ T cells","CD8+ T cells",0.311591734274784
"TCACTATGGTTGTG-1","B cells","B cells",0.263733247425058
"TCAGACGACGCTAA-1","CD4+ T cells","CD4+ T cells",0.313105019028068
"TCAGACGACGTTAG-1","NK cells","NK cells",0.356585288772904
"TCAGAGACTCCAGA-1","CD4+ T cells","CD4+ T cells",0.259653068541141
"TCAGCAGACTCCAC-1","CD4+ T cells","CD4+ T cells",0.314182237526807
"TCAGCGCTCTAGTG-1","T cells","T cells",0.323120349558157
"TCAGCGCTGGATCT-1","B cells","B cells",0.291974884266751
"TCAGCGCTGGTATC-1","T cells","T cells",0.344087871568982
"TCAGGATGAAGTAG-1","CD4+ T cells","CD4+ T cells",0.289810680249391
"TCAGGATGCCTTTA-1","Monocytes","Monocytes",0.406453841144563
"TCAGTGGAAGATCC-1","T cells","T cells",0.329217800476107
"TCAGTTACCTACGA-1","Monocytes","Monocytes",0.386401547805733
"TCAGTTACTAGAAG-1","CD4+ T cells","CD4+ T cells",0.333873444067349
"TCATCAACCCGATA-1","CD4+ T cells","CD4+ T cells",0.313614500002571
"TCATCAACTGTTCT-1","Monocytes","Monocytes",0.38962810168883
"TCATCATGCAGTTG-1","CD4+ T cells","CD4+ T cells",0.318088138696557
"TCATCCCTTACTGG-1","CD4+ T cells","CD4+ T cells",0.330245539586746
"TCATTCGATACAGC-1","Monocytes","Monocytes",0.4249139857182
"TCCACGTGGAAACA-1","T cells","T cells",0.330548383656195
"TCCACTCTACACTG-1","CD4+ T cells","CD4+ T cells",0.314273890072926
"TCCACTCTGAGCTT-1","Monocytes","Monocytes",0.389834985194056
"TCCACTCTTACTTC-1","B cells","B cells",0.311510534732903
"TCCATAACAAAGTG-1","CD4+ T cells","CD4+ T cells",0.287597246384581
"TCCATAACCGTAGT-1","B cells","B cells",0.321147200403643
"TCCATAACGATGAA-1","CD4+ T cells","CD4+ T cells",0.34168836578901
"TCCATAACTACGCA-1","CD4+ T cells","CD4+ T cells",0.321541794723396
"TCCATCCTCCCTAC-1","CD8+ T cells","CD8+ T cells",0.326318566397379
"TCCCACGATCATTC-1","CD4+ T cells","CD4+ T cells",0.282923873481651
"TCCCATCTCAAAGA-1","Monocytes","Monocytes",0.392456606288247
"TCCCGAACACAGTC-1","NK cells","NK cells",0.321604577976011
"TCCCGAACTTCGCC-1","Monocytes","Monocytes",0.432335965486614
"TCCCGATGAGATCC-1","CD4+ T cells","CD4+ T cells",0.313091982252564
"TCCCGATGCCTGAA-1","Monocytes","Monocytes",0.252012394362743
"TCCCGATGCTGTGA-1","T cells","T cells",0.307262129104383
"TCCCTACTCAACTG-1","B cells","B cells",0.30694067240109
"TCCGAAGACAATCG-1","Monocytes","Monocytes",0.303397683542981
"TCCGAAGACGTTAG-1","CD4+ T cells","CD4+ T cells",0.333039393217766
"TCCGGACTGAGGTG-1","CD4+ T cells","CD4+ T cells",0.327038599376459
"TCCGGACTGTACGT-1","T cells","T cells",0.314070585834249
"TCCTAAACATCGAC-1","CD8+ T cells","CD8+ T cells",0.271474712669746
"TCCTAAACCGAGAG-1","CD4+ T cells","CD4+ T cells",0.347932984676356
"TCCTAAACCGCATA-1","NK cells","NK cells",0.307156414357901
"TCCTAATGGTTTGG-1","CD8+ T cells","CD8+ T cells",0.346349272395837
"TCCTACCTGTCGTA-1","CD8+ T cells","CD8+ T cells",0.32504572210687
"TCCTATGAAAAGCA-1","T cells","T cells",0.291860555236162
"TCGAATCTCTGGTA-1","CD8+ T cells","CD8+ T cells",0.285933954601782
"TCGACCTGCCGATA-1","Monocytes","Monocytes",0.361113581065446
"TCGACGCTTCTATC-1","Monocytes","Monocytes",0.372129582450924
"TCGACGCTTTGACG-1","CD4+ T cells","CD4+ T cells",0.318060925168779
"TCGAGAACGACAGG-1","T cells","T cells",0.305281361470318
"TCGAGAACGTTAGC-1","CD4+ T cells","CD4+ T cells",0.354184382131587
"TCGAGCCTATCAGC-1","B cells","B cells",0.307635395405128
"TCGAGCCTGCGAGA-1","T cells","T cells",0.358726560112649
"TCGAGCCTTGTGAC-1","T cells","T cells",0.300547479621919
"TCGATACTATTCCT-1","CD8+ T cells","CD8+ T cells",0.328378115190549
"TCGATACTTGCACA-1","CD4+ T cells","CD4+ T cells",0.304140085247889
"TCGATTTGATGCCA-1","Monocytes","Monocytes",0.316672644609397
"TCGATTTGCACTCC-1","CD4+ T cells","CD4+ T cells",0.291789822075758
"TCGATTTGCAGCTA-1","NK cells","NK cells",0.361239525336054
"TCGATTTGCCTACC-1","Monocytes","Monocytes",0.36029983913521
"TCGATTTGTCGTGA-1","B cells","B cells",0.298986920020068
"TCGCACACCATCAG-1","Monocytes","Monocytes",0.274781774728079
"TCGCAGCTAGATCC-1","T cells","T cells",0.353366705233613
"TCGCCATGAGACTC-1","CD4+ T cells","CD4+ T cells",0.328012876835167
"TCGCCATGTGGTCA-1","B cells","B cells",0.303229451974823
"TCGGACCTAACAGA-1","CD4+ T cells","CD4+ T cells",0.328176149037949
"TCGGACCTATAAGG-1","B cells","B cells",0.287796932477431
"TCGGACCTGTACAC-1","CD4+ T cells","CD4+ T cells",0.373890851932719
"TCGGTAGAGTAGGG-1","T cells","T cells",0.294875377437014
"TCGGTAGATCCCAC-1","B cells","B cells",0.303939592560162
"TCGTAGGATCGACA-1","CD4+ T cells","CD4+ T cells",0.35189405994268
"TCGTGAGAACTGTG-1","B cells","B cells",0.223755031333063
"TCGTTATGGACAAA-1","CD4+ T cells","CD4+ T cells",0.325760256618831
"TCTAACACCAGTTG-1","NK cells","NK cells",0.297921204726519
"TCTAACACGAGCAG-1","Dendritic cells","Dendritic cells",0.377794207802471
"TCTAACTGAACCAC-1","CD4+ T cells","CD4+ T cells",0.313880087126209
"TCTAAGCTAATGCC-1","CD4+ T cells","CD4+ T cells",0.312576865832685
"TCTAAGCTTAGTCG-1","T cells","T cells",0.320882366594841
"TCTAAGCTTCTAGG-1","Monocytes","Monocytes",0.412467200007687
"TCTAAGCTTGTTCT-1","Monocytes","Monocytes",0.345538518877259
"TCTAAGCTTTCGCC-1","B cells","B cells",0.23802253813256
"TCTACAACGACTAC-1","Monocytes","Monocytes",0.396362559773936
"TCTAGACTTAGAAG-1","Monocytes","Monocytes",0.339539445962501
"TCTAGTTGCACCAA-1","Monocytes","Monocytes",0.396684525255044
"TCTATGTGAAGAGT-1","Monocytes","Monocytes",0.313064239833344
"TCTATGTGAGTCTG-1","T cells","T cells",0.275095284997611
"TCTCAAACCTAAGC-1","B cells","B cells",0.272559429738696
"TCTCTAGAATTTCC-1","CD8+ T cells","CD8+ T cells",0.30039531452036
"TCTGATACACGTGT-1","CD4+ T cells","CD4+ T cells",0.309762251814447
"TCTGATACTCGCCT-1","CD4+ T cells","CD4+ T cells",0.298432727346565
"TCTTACGAACCTGA-1","Monocytes","Monocytes",0.358723017567187
"TCTTCAGAGCTACA-1","Monocytes","Monocytes",0.417241264745043
"TCTTGATGCGGAGA-1","NK cells","NK cells",0.341025241928083
"TGAAATTGGTGAGG-1","Monocytes","Monocytes",0.389839093659825
"TGAACCGAAAACGA-1","CD4+ T cells","CD4+ T cells",0.286874033064612
"TGAACCGACTACTT-1","Monocytes","Monocytes",0.408256576570209
"TGAACCGATTCGGA-1","Monocytes","Monocytes",0.378769185929307
"TGAAGCACTCACGA-1","T cells","T cells",0.30455974387594
"TGAAGCTGAACGAA-1","CD4+ T cells","CD4+ T cells",0.285555029193253
"TGAAGCTGAGACTC-1","CD4+ T cells",NA,0.199331785219714
"TGAAGCTGCATGGT-1","B cells","B cells",0.311415128397478
"TGAAGCTGCGTAAC-1","CD4+ T cells","CD4+ T cells",0.322640050408861
"TGAATAACCACTTT-1","CD8+ T cells","CD8+ T cells",0.330785907187443
"TGAATAACTCCCAC-1","T cells","T cells",0.363801819014416
"TGACACGACCTTAT-1","B cells","B cells",0.295304879297789
"TGACCAGACAACCA-1","CD4+ T cells","CD4+ T cells",0.32122022160313
"TGACCAGAGGATTC-1","CD8+ T cells","CD8+ T cells",0.289179306774178
"TGACCGCTAAAAGC-1","CD4+ T cells","CD4+ T cells",0.34015437256458
"TGACCGCTCTGCAA-1","CD4+ T cells","CD4+ T cells",0.261084071236836
"TGACGATGCAAAGA-1","Monocytes","Monocytes",0.322512874641894
"TGACGCCTGTACCA-1","CD4+ T cells","CD4+ T cells",0.389717951152753
"TGACGCCTTTACTC-1","CD4+ T cells","CD4+ T cells",0.348218752385116
"TGACTGGAAGAGAT-1","Monocytes","Monocytes",0.344991856821385
"TGACTGGACCGTAA-1","CD4+ T cells","CD4+ T cells",0.291509718367932
"TGACTGGACGCAAT-1","CD4+ T cells","CD4+ T cells",0.290565400518001
"TGACTGGAGGACAG-1","B cells","B cells",0.297691276302371
"TGACTGGATTCTCA-1","T cells","T cells",0.359373645925322
"TGACTTACACACCA-1","CD4+ T cells","CD4+ T cells",0.364176420209286
"TGACTTACAGTCTG-1","Monocytes","Monocytes",0.414896535354437
"TGACTTTGCGCATA-1","CD8+ T cells","CD8+ T cells",0.288045971853094
"TGACTTTGTTTGTC-1","CD4+ T cells","CD4+ T cells",0.31379393724508
"TGAGACACAAGGTA-1","CD4+ T cells","CD4+ T cells",0.395477632853485
"TGAGACACTCAAGC-1","T cells","T cells",0.293914338956896
"TGAGACACTGTGCA-1","CD4+ T cells","CD4+ T cells",0.236094174678846
"TGAGCTGAATGCTG-1","Monocytes","Monocytes",0.424716815847511
"TGAGCTGACTGGAT-1","Monocytes","Monocytes",0.314558320333599
"TGAGCTGAGCGAGA-1","CD4+ T cells","CD4+ T cells",0.208459383334826
"TGAGCTGATGCTAG-1","Monocytes","Monocytes",0.253515234873475
"TGAGGACTCTCATT-1","Monocytes","Monocytes",0.407200094379338
"TGAGGACTTCATTC-1","CD4+ T cells","CD4+ T cells",0.340421556737787
"TGAGGTACGAACCT-1","Monocytes","Monocytes",0.444959224035993
"TGAGTCGAGTTACG-1","B cells","B cells",0.307898313216694
"TGAGTGACTGAGCT-1","CD8+ T cells","CD8+ T cells",0.346503091905942
"TGATAAACGAATCC-1","CD4+ T cells","CD4+ T cells",0.330728144023393
"TGATAAACTCCGTC-1","NK cells","NK cells",0.349605955026133
"TGATAAACTTTCAC-1","CD4+ T cells","CD4+ T cells",0.310299213460412
"TGATACCTCACTAG-1","Monocytes","Monocytes",0.305171818514016
"TGATACCTGTTGGT-1","CD4+ T cells","CD4+ T cells",0.32859729889451
"TGATACCTTATGCG-1","CD8+ T cells","CD8+ T cells",0.302593996944714
"TGATACCTTGAAGA-1","CD4+ T cells","CD4+ T cells",0.334359764006311
"TGATATGAACCTTT-1","CD8+ T cells","CD8+ T cells",0.330362040400238
"TGATCACTAGCATC-1","T cells","T cells",0.274607451655471
"TGATCACTCTCGCT-1","CD4+ T cells","CD4+ T cells",0.288294021657744
"TGATCACTTCTACT-1","B cells","B cells",0.280071353502926
"TGATCGGACTGACA-1","Monocytes","Monocytes",0.433550347111223
"TGATCGGAGGAGCA-1","B cells","B cells",0.302933132692997
"TGATCGGATATGCG-1","Monocytes","Monocytes",0.266117166662417
"TGATTAGACATTGG-1","CD4+ T cells","CD4+ T cells",0.339960487688499
"TGATTAGATGACTG-1","B cells","B cells",0.274932927338332
"TGATTAGATGCTAG-1","CD8+ T cells","CD8+ T cells",0.324391146852591
"TGATTCACTATGCG-1","CD8+ T cells","CD8+ T cells",0.291644343180303
"TGATTCACTGTCAG-1","B cells","B cells",0.302210219445893
"TGATTCTGCCGAAT-1","CD4+ T cells","CD4+ T cells",0.315993846036999
"TGATTCTGCTCTTA-1","CD4+ T cells","CD4+ T cells",0.320192371318074
"TGCAAGTGAGAACA-1","CD4+ T cells","CD4+ T cells",0.315693363829985
"TGCAAGTGGGTAGG-1","Monocytes","Monocytes",0.312416065302181
"TGCAATCTTCAGGT-1","Dendritic cells","Dendritic cells",0.441880322127051
"TGCACAGACGACAT-1","NK cells","NK cells",0.40131398580878
"TGCCAAGAGCAGTT-1","Monocytes","Monocytes",0.342148119885745
"TGCCAAGATCTCTA-1","CD4+ T cells","CD4+ T cells",0.331557697616936
"TGCCACTGAACGTC-1","CD4+ T cells","CD4+ T cells",0.332824906665806
"TGCCACTGCGATAC-1","NK cells","NK cells",0.344846503133307
"TGCCAGCTTGGCAT-1","CD4+ T cells","CD4+ T cells",0.30919774935756
"TGCCCAACAGCAAA-1","CD4+ T cells","CD4+ T cells",0.317326592440597
"TGCCCAACCGCATA-1","Monocytes","Monocytes",0.360141729429973
"TGCCGACTCTCCCA-1","B cells","B cells",0.326127152205636
"TGCGAAACAGTCAC-1","B cells","B cells",0.35467940736068
"TGCGAAACGTTGCA-1","B cells","B cells",0.294132214087169
"TGCGATGAACGGTT-1","CD4+ T cells","CD4+ T cells",0.30810133408528
"TGCGATGACCTCGT-1","CD4+ T cells","CD4+ T cells",0.305474954751999
"TGCGATGACTAGTG-1","B cells","B cells",0.324545121731655
"TGCGATGACTGCTC-1","B cells","B cells",0.33516930256627
"TGCGATGACTTGCC-1","B cells","B cells",0.33510204389644
"TGCGATGAGTGCTA-1","Monocytes","Monocytes",0.376778970432814
"TGCGCACTCTTGAG-1","Monocytes","Monocytes",0.311066940286399
"TGCGTAGAATAAGG-1","Monocytes","Monocytes",0.333947354509244
"TGCGTAGACGGGAA-1","B cells","B cells",0.280612947025253
"TGCGTAGATGGTCA-1","Monocytes","Monocytes",0.469100746424564
"TGCTAGGAAACCGT-1","T cells","T cells",0.34889185727613
"TGCTAGGATAGTCG-1","CD4+ T cells","CD4+ T cells",0.32703651093748
"TGCTATACGGTTCA-1","Dendritic cells","Dendritic cells",0.353476062541788
"TGCTATACTGCTGA-1","T cells","T cells",0.338279712930814
"TGCTGAGAGAGCAG-1","NK cells","NK cells",0.344689603403394
"TGCTGAGATTATCC-1","CD4+ T cells","CD4+ T cells",0.302055571694325
"TGGAAAGACTCTCG-1","B cells","B cells",0.297489323682939
"TGGAAAGAGCGATT-1","CD4+ T cells","CD4+ T cells",0.347093863317126
"TGGAAAGAGGTCAT-1","Monocytes","Monocytes",0.419212838141053
"TGGAAAGATATGGC-1","T cells","T cells",0.275269998528399
"TGGAACACAAACAG-1","NK cells","NK cells",0.345195448215249
"TGGAACACGCTAAC-1","T cells","T cells",0.328079650261123
"TGGAAGCTCAGATC-1","CD4+ T cells","CD4+ T cells",0.273356327256928
"TGGACCCTACACTG-1","Monocytes","Monocytes",0.268080612945597
"TGGACCCTCATGGT-1","T cells","T cells",0.28147441626907
"TGGACCCTGGTACT-1","Monocytes","Monocytes",0.419762339268708
"TGGACTGAGTATGC-1","CD4+ T cells","CD4+ T cells",0.368458335838542
"TGGAGACTATCAGC-1","Monocytes","Monocytes",0.394994598065803
"TGGAGACTGAAACA-1","CD4+ T cells",NA,0.191437160402588
"TGGAGACTTCAAGC-1","CD4+ T cells","CD4+ T cells",0.307300272321053
"TGGAGACTTGACCA-1","T cells","T cells",0.301160179219516
"TGGAGGGACGGAGA-1","Monocytes","Monocytes",0.37057800877785
"TGGAGGGAGCTATG-1","CD8+ T cells","CD8+ T cells",0.254992717072567
"TGGATCGATAAAGG-1","CD4+ T cells","CD4+ T cells",0.310498449513239
"TGGATGTGACCTAG-1","B cells","B cells",0.300822649227071
"TGGATGTGATGTCG-1","T cells","T cells",0.348213346900724
"TGGATGTGTGAAGA-1","B cells","B cells",0.328951838373889
"TGGATTCTCATACG-1","T cells","T cells",0.351977283863552
"TGGCAATGCTTGTT-1","B cells","B cells",0.328256600649245
"TGGCAATGGAGGGT-1","T cells","T cells",0.328076356477844
"TGGCACCTTCACGA-1","CD8+ T cells","CD8+ T cells",0.244631923532765
"TGGCACCTTCAGTG-1","Monocytes","Monocytes",0.352026504253057
"TGGGTATGAAGAGT-1","CD4+ T cells","CD4+ T cells",0.333131068753342
"TGGGTATGCACAAC-1","CD4+ T cells","CD4+ T cells",0.350453563135888
"TGGGTATGGTACGT-1","B cells","B cells",0.280656361202334
"TGGGTATGTTTGGG-1","Monocytes","Monocytes",0.362881750997897
"TGGTAGACATGCCA-1","CD4+ T cells","CD4+ T cells",0.320386440444375
"TGGTAGACCCTCAC-1","NK cells","NK cells",0.347010674708554
"TGGTAGACCTGATG-1","CD4+ T cells","CD4+ T cells",0.311723546835878
"TGGTAGTGCACTGA-1","Monocytes","Monocytes",0.29040624401819
"TGGTATCTAAACAG-1","CD8+ T cells","CD8+ T cells",0.287369394876021
"TGGTATCTCTTCCG-1","CD4+ T cells","CD4+ T cells",0.313621596000225
"TGGTCAGACCCAAA-1","Progenitors","Progenitors",0.251652897213538
"TGGTCAGACCGTTC-1","NK cells","NK cells",0.293905137776546
"TGGTTACTGACGTT-1","Monocytes","Monocytes",0.363375059304886
"TGGTTACTGTTCTT-1","CD8+ T cells","CD8+ T cells",0.333602763502423
"TGTAACCTAGAGGC-1","CD4+ T cells","CD4+ T cells",0.308531323247944
"TGTAACCTTGCCTC-1","Monocytes","Monocytes",0.385525243815026
"TGTAATGACACAAC-1","NK cells","NK cells",0.33024619453713
"TGTAATGAGGTAAA-1","NK cells","NK cells",0.315472810446688
"TGTACTTGCTCTAT-1","Monocytes","Monocytes",0.469412437894443
"TGTAGGTGCGAGAG-1","B cells","B cells",0.296881846947825
"TGTAGGTGCTATGG-1","CD4+ T cells","CD4+ T cells",0.349194385362523
"TGTAGGTGCTCTAT-1","Dendritic cells","Dendritic cells",0.447188261081531
"TGTAGGTGTGCTGA-1","CD8+ T cells","CD8+ T cells",0.31050453362573
"TGTAGTCTTCCAGA-1","Progenitors","Progenitors",0.319059394133317
"TGTAGTCTTGCACA-1","T cells","T cells",0.338312065401814
"TGTATCTGTTAGGC-1","CD4+ T cells","CD4+ T cells",0.348079116894993
"TGTATGCTCATGGT-1","B cells","B cells",0.319424571834285
"TGTATGCTGTAGGG-1","T cells","T cells",0.292893677447219
"TGTATGCTTTCATC-1","CD4+ T cells","CD4+ T cells",0.296903451605165
"TGTCAGGAATACCG-1","CD8+ T cells","CD8+ T cells",0.316062235423339
"TGTCAGGAGATGAA-1","Monocytes","Monocytes",0.443017158049373
"TGTCTAACCCCTTG-1","CD4+ T cells","CD4+ T cells",0.277476160291868
"TGTGACGATTCTCA-1","CD8+ T cells","CD8+ T cells",0.386370687262222
"TGTGAGACTGTCAG-1","Monocytes","Monocytes",0.356943998672424
"TGTGAGACTTGAGC-1","CD4+ T cells","CD4+ T cells",0.310568331987506
"TGTGAGTGACCACA-1","CD4+ T cells","CD4+ T cells",0.295640132715124
"TGTGAGTGAGTGCT-1","Monocytes","Monocytes",0.414947487034528
"TGTGAGTGGAGATA-1","T cells","T cells",0.275058785737606
"TGTGATCTCTCTAT-1","B cells","B cells",0.305759758643326
"TGTGATCTGACACT-1","CD8+ T cells","CD8+ T cells",0.246246046277284
"TGTGGATGGCCAAT-1","B cells","B cells",0.296029801350132
"TGTTAAGACAAAGA-1","Monocytes","Monocytes",0.279034281658608
"TGTTAAGATAAGGA-1","Monocytes","Monocytes",0.342128106020246
"TGTTAAGATTGGCA-1","Monocytes","Monocytes",0.256580736202361
"TGTTACACCGCATA-1","Monocytes","Monocytes",0.404457953253373
"TGTTACACGACTAC-1","Monocytes","Monocytes",0.328484022924989
"TGTTACTGGCTACA-1","T cells","T cells",0.370408119112109
"TGTTACTGTAGTCG-1","T cells","T cells",0.334495172561271
"TTAACCACCGTAAC-1","CD4+ T cells","CD4+ T cells",0.329432315448565
"TTAACCACTAAGGA-1","T cells","T cells",0.281642763378233
"TTAACCACTCAGAC-1","T cells","T cells",0.335179975577467
"TTACACACGTGTTG-1","CD4+ T cells","CD4+ T cells",0.29339856068113
"TTACACACTCCTAT-1","CD4+ T cells","CD4+ T cells",0.313411457245791
"TTACCATGAATCGC-1","Monocytes","Monocytes",0.35002511536849
"TTACCATGGTTGAC-1","CD4+ T cells","CD4+ T cells",0.387706426239893
"TTACCATGTGTCTT-1","T cells","T cells",0.2784826966955
"TTACCATGTTGTGG-1","B cells","B cells",0.317049323141067
"TTACGACTGAGAGC-1","CD4+ T cells","CD4+ T cells",0.344663780759223
"TTACGACTTGACAC-1","Monocytes","Monocytes",0.325114397411161
"TTACGTACGTTCAG-1","Progenitors","Progenitors",0.17607929862571
"TTACTCGAACGTTG-1","B cells","B cells",0.463349375249766
"TTACTCGAAGAATG-1","Monocytes","Monocytes",0.387287888794229
"TTACTCGACGCAAT-1","Dendritic cells","Dendritic cells",0.434947570794732
"TTACTCGAGGGTGA-1","CD4+ T cells","CD4+ T cells",0.337894953554577
"TTACTCGATCTACT-1","NK cells","NK cells",0.39639408750161
"TTAGAATGTGGTGT-1","CD4+ T cells","CD4+ T cells",0.313477653543731
"TTAGAATGTGTAGC-1","CD4+ T cells","CD4+ T cells",0.200692974044824
"TTAGACCTCCTACC-1","CD4+ T cells","CD4+ T cells",0.298378794256818
"TTAGACCTCCTTTA-1","Monocytes","Monocytes",0.334235670484009
"TTAGCTACAACCGT-1","CD8+ T cells","CD8+ T cells",0.30825186442963
"TTAGCTACTGTCCC-1","Monocytes","Monocytes",0.400758113759043
"TTAGCTACTTTCGT-1","CD4+ T cells","CD4+ T cells",0.329461014548018
"TTAGGGACGCGAAG-1","T cells","T cells",0.35082981932931
"TTAGGGTGCTGGAT-1","B cells","B cells",0.334859448708627
"TTAGGGTGTCCTGC-1","Monocytes","Monocytes",0.398806121993978
"TTAGGTCTACTTTC-1","Monocytes","Monocytes",0.286143167323111
"TTAGTCACCAGTTG-1","CD4+ T cells","CD4+ T cells",0.322050886481945
"TTAGTCTGAAAGCA-1","B cells","B cells",0.337596887353392
"TTAGTCTGCCAACA-1","NK cells","NK cells",0.325142453950576
"TTAGTCTGTGCACA-1","CD4+ T cells","CD4+ T cells",0.286592197099987
"TTATCCGACTAGTG-1","B cells","B cells",0.316929372222801
"TTATCCGAGAAAGT-1","Monocytes","Monocytes",0.386645667952648
"TTATGAGAGATAAG-1","CD4+ T cells","CD4+ T cells",0.272594319784582
"TTATGCACGTCACA-1","B cells","B cells",0.297568800269956
"TTATGGCTTATGGC-1","Dendritic cells","Dendritic cells",0.437811426785557
"TTATTCCTATGCTG-1","Monocytes","Monocytes",0.390078667227581
"TTATTCCTGGACAG-1","B cells","B cells",0.295833095182879
"TTATTCCTGGTACT-1","B cells","B cells",0.329024105013558
"TTATTCCTTCGTGA-1","CD4+ T cells","CD4+ T cells",0.344601807914899
"TTCAAAGATAAAGG-1","T cells","T cells",0.329700776819513
"TTCAACACAACAGA-1","CD4+ T cells","CD4+ T cells",0.306899017099527
"TTCAACACCCCAAA-1","Monocytes","Monocytes",0.329178535479005
"TTCAACACGGACGA-1","Monocytes","Monocytes",0.397003448853717
"TTCAAGCTAAGAAC-1","Monocytes","Monocytes",0.398500210356114
"TTCAAGCTAGATGA-1","CD4+ T cells","CD4+ T cells",0.32382240220656
"TTCAAGCTGTTGAC-1","T cells","T cells",0.331761721210678
"TTCAAGCTTCCAAG-1","CD4+ T cells","CD4+ T cells",0.237274320930303
"TTCAAGCTTGATGC-1","CD4+ T cells","CD4+ T cells",0.309004002666089
"TTCAAGCTTTCGCC-1","CD8+ T cells","CD8+ T cells",0.294870044191193
"TTCACAACCCGTTC-1","Monocytes","Monocytes",0.394255333290482
"TTCACAACGTCTGA-1","Monocytes","Monocytes",0.301267912496843
"TTCAGACTACCCAA-1","CD4+ T cells","CD4+ T cells",0.222421932417391
"TTCAGACTCTCGAA-1","CD4+ T cells","CD4+ T cells",0.318131269541181
"TTCAGTACCGACTA-1","CD4+ T cells","CD4+ T cells",0.36514113369447
"TTCAGTACTCAAGC-1","CD8+ T cells","CD8+ T cells",0.386841561972102
"TTCAGTACTCCTAT-1","Monocytes","Monocytes",0.344848998195263
"TTCAGTTGCCAAGT-1","CD4+ T cells","CD4+ T cells",0.306023450217367
"TTCAGTTGTCCTTA-1","Dendritic cells","Dendritic cells",0.344589831547263
"TTCAGTTGTCTAGG-1","CD8+ T cells","CD8+ T cells",0.254256269160708
"TTCAGTTGTCTCGC-1","B cells","B cells",0.277899519318453
"TTCATCGAGGTGGA-1","Monocytes","Monocytes",0.325985926677688
"TTCATGTGTGGTGT-1","T cells","T cells",0.329677130425598
"TTCATTCTATGTCG-1","Monocytes","Monocytes",0.365144578434886
"TTCATTCTTCTCTA-1","T cells","T cells",0.275496036033385
"TTCCAAACCTATGG-1","Monocytes","Monocytes",0.322394884855081
"TTCCAAACCTCCCA-1","B cells","B cells",0.313457695283837
"TTCCAAACTCCCAC-1","NK cells","NK cells",0.284826488618725
"TTCCAAACTTGACG-1","CD8+ T cells","CD8+ T cells",0.337851956950799
"TTCCATGACGAGAG-1","Monocytes","Monocytes",0.335840006537925
"TTCCATGACTGTCC-1","CD8+ T cells",NA,0.216257624229121
"TTCCCACTTGAGGG-1","NK cells","NK cells",0.320929969859362
"TTCCCACTTGTCTT-1","Monocytes","Monocytes",0.400413152708024
"TTCCTAGAAAGTGA-1","CD4+ T cells","CD4+ T cells",0.267595889673929
"TTCCTAGACTAGTG-1","Monocytes","Monocytes",0.374371088997897
"TTCGAGGACTCTAT-1","T cells","T cells",0.325661556723429
"TTCGAGGAGGGCAA-1","T cells","T cells",0.296249782461408
"TTCGAGGATAGAAG-1","Monocytes","Monocytes",0.319383255649473
"TTCGATTGAGCATC-1","CD4+ T cells","CD4+ T cells",0.310018250896782
"TTCGGAGAATGCCA-1","Monocytes","Monocytes",0.297058675408873
"TTCGGAGATGTGCA-1","CD4+ T cells","CD4+ T cells",0.34054677793367
"TTCGTATGAAAAGC-1","T cells","T cells",0.33522505042715
"TTCGTATGGATAGA-1","CD8+ T cells","CD8+ T cells",0.318441995524524
"TTCGTATGGTCTGA-1","CD4+ T cells","CD4+ T cells",0.308865849841389
"TTCGTATGTCCTTA-1","Monocytes","Monocytes",0.441212398299865
"TTCTACGAACGTAC-1","CD4+ T cells","CD4+ T cells",0.341428681324927
"TTCTACGAGTTGGT-1","CD4+ T cells","CD4+ T cells",0.332810645804883
"TTCTAGTGACACGT-1","CD4+ T cells","CD4+ T cells",0.347327526429381
"TTCTAGTGCATGAC-1","Monocytes","Monocytes",0.356699331493293
"TTCTAGTGGAGAGC-1","NK cells","NK cells",0.327077579770188
"TTCTAGTGGTCACA-1","Monocytes","Monocytes",0.394121121839283
"TTCTCAGAAGAGAT-1","CD4+ T cells","CD4+ T cells",0.290093391640812
"TTCTCAGAAGCATC-1","B cells","B cells",0.350390899436903
"TTCTCAGATGGAGG-1","CD4+ T cells","CD4+ T cells",0.347709995366363
"TTCTGATGGAGACG-1","NK cells","NK cells",0.380660434244356
"TTCTTACTCTGGAT-1","Monocytes","Monocytes",0.351684905306012
"TTGAACCTCCTTGC-1","B cells","B cells",0.29802776290209
"TTGAATGAACTACG-1","Monocytes","Monocytes",0.364122392886747
"TTGAATGACTTACT-1","CD4+ T cells","CD4+ T cells",0.306412804306959
"TTGAATGATCTCAT-1","B cells","B cells",0.342465627942659
"TTGACACTCTGTAG-1","CD4+ T cells","CD4+ T cells",0.316038969864158
"TTGACACTGATAAG-1","B cells","B cells",0.30395809380539
"TTGAGGACAGAACA-1","Monocytes","Monocytes",0.353822054040659
"TTGAGGACTACGCA-1","Dendritic cells","Dendritic cells",0.448428971106609
"TTGAGGTGGACGGA-1","CD4+ T cells","CD4+ T cells",0.310382990101848
"TTGCATTGAGCTAC-1","CD8+ T cells","CD8+ T cells",0.305924120676723
"TTGCATTGCTAAGC-1","Monocytes","Monocytes",0.394259349979195
"TTGCATTGTGACTG-1","CD4+ T cells","CD4+ T cells",0.293899135233049
"TTGCTAACACCAAC-1","CD8+ T cells","CD8+ T cells",0.320597700935909
"TTGCTAACACGCTA-1","Monocytes","Monocytes",0.362225826008642
"TTGCTAACCACTCC-1","CD8+ T cells","CD8+ T cells",0.280988533469732
"TTGCTATGGTACGT-1","Monocytes","Monocytes",0.416061297121556
"TTGCTATGGTAGGG-1","Monocytes","Monocytes",0.383929479970792
"TTGGAGACCAATCG-1","CD4+ T cells","CD4+ T cells",0.358951167660857
"TTGGAGACGCTATG-1","Monocytes","Monocytes",0.367050249561563
"TTGGAGACTATGGC-1","B cells","B cells",0.311979318811518
"TTGGGAACTGAACC-1","CD8+ T cells","CD8+ T cells",0.30401409571006
"TTGGTACTACTGGT-1","Monocytes","Monocytes",0.390876557278709
"TTGGTACTCTTAGG-1","CD4+ T cells","CD4+ T cells",0.288811947208633
"TTGGTACTGAATCC-1","B cells","B cells",0.320701912283087
"TTGGTACTGGATTC-1","B cells","B cells",0.313389151565562
"TTGTACACGTTGTG-1","B cells","B cells",0.292030961497415
"TTGTACACTTGCAG-1","CD8+ T cells","CD8+ T cells",0.336359424364623
"TTGTAGCTAGCTCA-1","CD4+ T cells","CD4+ T cells",0.34153547676784
"TTGTAGCTCTCTTA-1","B cells","B cells",0.320383357486299
"TTGTCATGGACGGA-1","NK cells","NK cells",0.355576243469865
"TTTAGAGATCCTCG-1","B cells","B cells",0.337084461872759
"TTTAGCTGATACCG-1","CD8+ T cells","CD8+ T cells",0.318504645259548
"TTTAGCTGGATACC-1","Monocytes","Monocytes",0.348592865248527
"TTTAGCTGTACTCT-1","Dendritic cells","Dendritic cells",0.386788531547706
"TTTAGGCTCCTTTA-1","Monocytes","Monocytes",0.342742034031126
"TTTATCCTGTTGTG-1","Monocytes","Monocytes",0.413918564895478
"TTTCACGAGGTTCA-1","CD4+ T cells","CD4+ T cells",0.29473010097618
"TTTCAGTGGAAGGC-1","T cells","T cells",0.307160748698491
"TTTCAGTGTCACGA-1","B cells","B cells",0.307083650590246
"TTTCAGTGTCTATC-1","Monocytes","Monocytes",0.297493896002881
"TTTCAGTGTGCAGT-1","B cells","B cells",0.301142334435347
"TTTCCAGAGGTGAG-1","CD4+ T cells","CD4+ T cells",0.32332276075269
"TTTCGAACACCTGA-1","Dendritic cells","Dendritic cells",0.430762641035987
"TTTCGAACTCTCAT-1","Dendritic cells","Dendritic cells",0.414105858743438
"TTTCTACTGAGGCA-1","B cells","B cells",0.330257698367463
"TTTCTACTTCCTCG-1","B cells","B cells",0.3031810051075
"TTTGCATGAGAGGC-1","B cells","B cells",0.269970569642894
"TTTGCATGCCTCAC-1","CD4+ T cells","CD4+ T cells",0.30368422630958
