"barcode","predicted_label","pruned_label","score_max"
"AAACCTGAGCATCATC-1","B cells","B cells",0.311374499378126
"AAACCTGAGCTAACTC-1","Monocytes","Monocytes",0.327016089547291
"AAACCTGAGCTAGTGG-1","CD4+ T cells","CD4+ T cells",0.337668854516624
"AAACCTGCACATTAGC-1","CD4+ T cells","CD4+ T cells",0.279513615780438
"AAACCTGCACTGTTAG-1","Monocytes","Monocytes",0.451236686159766
"AAACCTGCATAGTAAG-1","Monocytes","Monocytes",0.424708816895729
"AAACCTGCATGAACCT-1","NK cells","NK cells",0.351074808099865
"AAACCTGGTAAGAGGA-1","T cells","T cells",0.327250081815584
"AAACCTGGTAGAAGGA-1","Monocytes","Monocytes",0.445607940834191
"AAACCTGGTCCAGTGC-1","CD8+ T cells","CD8+ T cells",0.320726595060767
"AAACCTGGTGTCTGAT-1","T cells","T cells",0.316434273044154
"AAACCTGGTTTGCATG-1","Monocytes","Monocytes",0.493822048515499
"AAACCTGGTTTGTTTC-1","CD8+ T cells","CD8+ T cells",0.35388848468432
"AAACCTGTCCGTTGCT-1","B cells","B cells",0.354736073458525
"AAACCTGTCCTGTAGA-1","T cells","T cells",0.367309365231752
"AAACCTGTCGCCAAAT-1","CD8+ T cells","CD8+ T cells",0.318856447031574
"AAACCTGTCGTGGACC-1","Monocytes","Monocytes",0.359673048573203
"AAACCTGTCTACCAGA-1","CD4+ T cells","CD4+ T cells",0.324114456934251
"AAACCTGTCTCAAGTG-1","CD4+ T cells","CD4+ T cells",0.358892281968805
"AAACCTGTCTCGCTTG-1","Monocytes","Monocytes",0.466758133727061
"AAACCTGTCTGCGGCA-1","T cells","T cells",0.296769744166189
"AAACGGGAGCCTCGTG-1","Dendritic cells","Dendritic cells",0.514096471121098
"AAACGGGAGGTGTGGT-1","CD8+ T cells","CD8+ T cells",0.294798792102891
"AAACGGGAGTACGATA-1","Monocytes","Monocytes",0.422191620320485
"AAACGGGCAAGTAGTA-1","B cells","B cells",0.277518371980975
"AAACGGGCACCTCGGA-1","B cells","B cells",0.341658200053402
"AAACGGGCACGAAACG-1","CD8+ T cells","CD8+ T cells",0.32257177202317
"AAACGGGCAGTAAGAT-1","B cells","B cells",0.332759746434397
"AAACGGGGTACAGTTC-1","NK cells","NK cells",0.383828116318762
"AAACGGGGTACCCAAT-1","B cells","B cells",0.400557807085826
"AAACGGGGTAGCTTGT-1","T cells","T cells",0.271302165840951
"AAACGGGGTGCGCTTG-1","CD4+ T cells","CD4+ T cells",0.329711193101892
"AAACGGGTCAGGATCT-1","Monocytes","Monocytes",0.365546024378952
"AAACGGGTCCAAAGTC-1","Monocytes","Monocytes",0.426688370454425
"AAACGGGTCCCTCAGT-1","Dendritic cells","Dendritic cells",0.482786440393821
"AAACGGGTCCGTTGTC-1","T cells","T cells",0.2991990733106
"AAACGGGTCTCTGTCG-1","CD8+ T cells","CD8+ T cells",0.32192610070154
"AAACGGGTCTTCTGGC-1","NK cells","NK cells",0.446419510968936
"AAAGATGAGCGCTCCA-1","CD4+ T cells","CD4+ T cells",0.258872936048264
"AAAGATGAGGGTTTCT-1","T cells","T cells",0.375160431646773
"AAAGATGAGTACGATA-1","CD4+ T cells","CD4+ T cells",0.299552893193386
"AAAGATGAGTGCAAGC-1","Monocytes","Monocytes",0.495931324889964
"AAAGATGCAAAGCAAT-1","CD4+ T cells",NA,0.218659793111826
"AAAGATGCACCCTATC-1","CD8+ T cells","CD8+ T cells",0.322091444450395
"AAAGATGCACTTAAGC-1","CD4+ T cells","CD4+ T cells",0.318704189314501
"AAAGATGCAGCGAACA-1","CD4+ T cells","CD4+ T cells",0.31265213205865
"AAAGATGCATGCCTTC-1","T cells","T cells",0.399268823887856
"AAAGATGCATTGGTAC-1","CD4+ T cells","CD4+ T cells",0.367004671291336
"AAAGATGGTATAATGG-1","Monocytes","Monocytes",0.37956591539446
"AAAGATGGTCAGAAGC-1","T cells","T cells",0.393715241636348
"AAAGATGGTCTTTCAT-1","T cells","T cells",0.369357561343592
"AAAGATGGTGGTGTAG-1","B cells","B cells",0.306748442524178
"AAAGATGGTGTGACCC-1","B cells","B cells",0.325240221503128
"AAAGATGGTTACGACT-1","CD8+ T cells","CD8+ T cells",0.324519151198889
"AAAGATGGTTGTCTTT-1","Monocytes","Monocytes",0.463443088493612
"AAAGATGTCCCTAATT-1","CD4+ T cells","CD4+ T cells",0.285125518746823
"AAAGATGTCCGAACGC-1","T cells","T cells",0.353716834097282
"AAAGATGTCCGCAGTG-1","CD4+ T cells","CD4+ T cells",0.302848038692454
"AAAGATGTCGCCAGCA-1","CD8+ T cells","CD8+ T cells",0.304456464443196
"AAAGATGTCGCCTGAG-1","NK cells","NK cells",0.395720668571493
"AAAGATGTCGTATCAG-1","Monocytes","Monocytes",0.407194961188264
"AAAGATGTCTCGAGTA-1","CD4+ T cells","CD4+ T cells",0.330217374723333
"AAAGCAAAGAAACCAT-1","T cells","T cells",0.300575827222797
"AAAGCAAAGACTAGAT-1","T cells","T cells",0.340473237633259
"AAAGCAAAGCCCTAAT-1","CD4+ T cells","CD4+ T cells",0.312835649330127
"AAAGCAAAGCTAAGAT-1","Monocytes","Monocytes",0.456537587510963
"AAAGCAAAGTGTCTCA-1","Dendritic cells","Dendritic cells",0.535624739805039
"AAAGCAACAGACGCAA-1","T cells","T cells",0.335144454093286
"AAAGCAACAGCTTAAC-1","CD4+ T cells","CD4+ T cells",0.336216320904421
"AAAGCAAGTCAATACC-1","T cells","T cells",0.370086108647923
"AAAGCAAGTCATGCCG-1","CD4+ T cells","CD4+ T cells",0.365962812961821
"AAAGCAAGTCGCGAAA-1","Monocytes","Monocytes",0.346118655960853
"AAAGCAATCAGCGACC-1","B cells","B cells",0.318484604111935
"AAAGCAATCCCTGACT-1","T cells","T cells",0.340198003293471
"AAAGCAATCGAGAACG-1","Monocytes","Monocytes",0.370553920765313
"AAAGCAATCTCGCATC-1","T cells","T cells",0.268903486624935
"AAAGTAGAGAGGTAGA-1","CD4+ T cells","CD4+ T cells",0.311866781198613
"AAAGTAGAGAGTCTGG-1","CD8+ T cells","CD8+ T cells",0.298807946475108
"AAAGTAGAGCAATCTC-1","T cells","T cells",0.354687097442242
"AAAGTAGAGCGATATA-1","T cells","T cells",0.255213440432095
"AAAGTAGAGCTACCTA-1","B cells","B cells",0.294292452037152
"AAAGTAGAGGACTGGT-1","Dendritic cells","Dendritic cells",0.499414139031461
"AAAGTAGAGTCAAGCG-1","CD4+ T cells","CD4+ T cells",0.342688253736762
"AAAGTAGCAAGGGTCA-1","CD8+ T cells","CD8+ T cells",0.329102464995748
"AAAGTAGCACCAACCG-1","Monocytes","Monocytes",0.376446436065335
"AAAGTAGCATGTTCCC-1","T cells","T cells",0.343917102521668
"AAAGTAGGTACACCGC-1","T cells","T cells",0.408326861974962
"AAAGTAGGTAGCCTCG-1","Dendritic cells","Dendritic cells",0.408194319665336
"AAAGTAGGTTAAAGTG-1","Monocytes","Monocytes",0.439103972569564
"AAAGTAGTCAGTGTTG-1","T cells","T cells",0.338429747939274
"AAAGTAGTCCCACTTG-1","T cells","T cells",0.317298397058322
"AAAGTAGTCTATCCCG-1","Monocytes","Monocytes",0.435517792351392
"AAATGCCAGGCATGGT-1","T cells","T cells",0.26112340142325
"AAATGCCAGGTCGGAT-1","Monocytes","Monocytes",0.355858984853978
"AAATGCCAGTAGTGCG-1","T cells","T cells",0.401130249050784
"AAATGCCCAACTTGAC-1","CD8+ T cells","CD8+ T cells",0.301402845804387
"AAATGCCCAATACGCT-1","T cells","T cells",0.372265956080862
"AAATGCCCACCTGGTG-1","Monocytes","Monocytes",0.440768494088395
"AAATGCCGTAAATGTG-1","Monocytes","Monocytes",0.481827686411152
"AAATGCCGTACCTACA-1","B cells","B cells",0.350628971040703
"AAATGCCGTACTCGCG-1","Monocytes","Monocytes",0.444249294303279
"AAATGCCGTCAAAGAT-1","T cells","T cells",0.339302538572129
"AAATGCCTCAACACAC-1","Monocytes","Monocytes",0.461834169035211
"AAATGCCTCACCAGGC-1","B cells","B cells",0.32110869982469
"AAATGCCTCCAGAAGG-1","CD4+ T cells","CD4+ T cells",0.355193184153532
"AAATGCCTCCTGCCAT-1","NK cells","NK cells",0.360612490742263
"AACACGTAGAGGTTGC-1","B cells","B cells",0.324251734989508
"AACACGTAGCTAGCCC-1","CD8+ T cells","CD8+ T cells",0.323464620248535
"AACACGTAGGAGTACC-1","NK cells","NK cells",0.42320538796669
"AACACGTCACTCTGTC-1","T cells","T cells",0.318801297776081
"AACACGTCATGTCGAT-1","CD8+ T cells","CD8+ T cells",0.342491290689125
"AACACGTGTACATGTC-1","T cells","T cells",0.370778207347777
"AACACGTGTACCATCA-1","Monocytes","Monocytes",0.393005110319677
"AACACGTGTCTCTCTG-1","T cells","T cells",0.395437495730777
"AACACGTGTCTGGAGA-1","CD4+ T cells","CD4+ T cells",0.33421340587682
"AACACGTGTGGCCCTA-1","CD4+ T cells","CD4+ T cells",0.320481695983446
"AACACGTGTTACGCGC-1","T cells","T cells",0.317045345594803
"AACACGTGTTGTCTTT-1","B cells","B cells",0.302694846441201
"AACACGTGTTTACTCT-1","CD8+ T cells","CD8+ T cells",0.244799234110651
"AACACGTTCAGCTCTC-1","T cells","T cells",0.3750638510785
"AACACGTTCCACGACG-1","CD4+ T cells","CD4+ T cells",0.285710178349653
"AACACGTTCCACTCCA-1","CD4+ T cells","CD4+ T cells",0.315874239091433
"AACACGTTCCATGCTC-1","CD8+ T cells","CD8+ T cells",0.321547544435022
"AACACGTTCGGTCTAA-1","B cells","B cells",0.337955338461564
"AACACGTTCGTTTATC-1","CD4+ T cells","CD4+ T cells",0.36021756399954
"AACACGTTCTCTGAGA-1","B cells","B cells",0.358756196647227
"AACACGTTCTTGAGAC-1","T cells","T cells",0.321500901788863
"AACCATGAGAAGAAGC-1","B cells","B cells",0.358828146797652
"AACCATGAGACTGTAA-1","NK cells","NK cells",0.378069251749082
"AACCATGAGGTAGCTG-1","B cells","B cells",0.400020433199575
"AACCATGCAAACTGTC-1","CD8+ T cells","CD8+ T cells",0.276910775802746
"AACCATGCATATGAGA-1","CD4+ T cells","CD4+ T cells",0.317948282372327
"AACCATGCATCAGTCA-1","T cells","T cells",0.392656534916109
"AACCATGCATCGATGT-1","Dendritic cells","Dendritic cells",0.536745995564233
"AACCATGGTACATGTC-1","Monocytes","Monocytes",0.454724777146992
"AACCATGGTACCGTTA-1","CD8+ T cells","CD8+ T cells",0.307131907754227
"AACCATGGTCTAAAGA-1","T cells","T cells",0.346270780690746
"AACCATGGTGTCAATC-1","Monocytes","Monocytes",0.3852795263292
"AACCATGTCACCTCGT-1","Monocytes","Monocytes",0.356232514963447
"AACCATGTCATGGTCA-1","CD4+ T cells","CD4+ T cells",0.359592360357661
"AACCATGTCGCGGATC-1","CD4+ T cells","CD4+ T cells",0.316156249485744
"AACCATGTCTCGTATT-1","B cells","B cells",0.34896048515871
"AACCGCGAGAGACTTA-1","B cells","B cells",0.340109516645433
"AACCGCGAGAGTACCG-1","CD4+ T cells","CD4+ T cells",0.272835897746958
"AACCGCGAGCACGCCT-1","CD4+ T cells","CD4+ T cells",0.335244910444912
"AACCGCGAGCCGTCGT-1","CD8+ T cells","CD8+ T cells",0.31976385743743
"AACCGCGAGGACAGCT-1","Monocytes","Monocytes",0.404387240394285
"AACCGCGAGGAGTCTG-1","T cells","T cells",0.395130261875576
"AACCGCGAGTACGCGA-1","CD4+ T cells","CD4+ T cells",0.313252632563161
"AACCGCGCACTGTGTA-1","Monocytes","Monocytes",0.427416044107813
"AACCGCGCAGATCGGA-1","Monocytes","Monocytes",0.527228940670517
"AACCGCGCAGCGATCC-1","CD8+ T cells","CD8+ T cells",0.340192697864411
"AACCGCGCAGCGTTCG-1","NK cells","NK cells",0.437599663088741
"AACCGCGCAGCTGGCT-1","CD4+ T cells","CD4+ T cells",0.340711751867374
"AACCGCGCATAGTAAG-1","T cells","T cells",0.293960833837102
"AACCGCGCATGCAATC-1","Monocytes","Monocytes",0.425244929146397
"AACCGCGGTATATGAG-1","Monocytes","Monocytes",0.371726249268391
"AACCGCGGTCCTAGCG-1","T cells","T cells",0.298352489756589
"AACCGCGGTGTCCTCT-1","B cells","B cells",0.343931315035252
"AACCGCGGTTGTGGCC-1","B cells","B cells",0.335453652762569
"AACCGCGTCAGCAACT-1","CD8+ T cells","CD8+ T cells",0.314688418047879
"AACCGCGTCTCATTCA-1","T cells","T cells",0.297510752139194
"AACCGCGTCTCGCATC-1","Monocytes","Monocytes",0.473740694530979
"AACGTTGAGATCGATA-1","Monocytes","Monocytes",0.409094424832615
"AACGTTGAGGCCCTCA-1","CD4+ T cells","CD4+ T cells",0.320136338011913
"AACGTTGCAAGCTGTT-1","NK cells","NK cells",0.41018391396401
"AACGTTGCACCAGATT-1","Monocytes","Monocytes",0.394060819329951
"AACGTTGCATAACCTG-1","Monocytes","Monocytes",0.344363046025928
"AACGTTGGTCAAAGCG-1","B cells","B cells",0.378220285257229
"AACGTTGGTTCCGGCA-1","CD4+ T cells","CD4+ T cells",0.318620945053995
"AACGTTGGTTTGTTTC-1","NK cells","NK cells",0.412293276949235
"AACGTTGTCCATGAAC-1","CD8+ T cells","CD8+ T cells",0.325296382123595
"AACGTTGTCGAATGGG-1","Dendritic cells","Dendritic cells",0.503879230862266
"AACGTTGTCGCATGAT-1","NK cells","NK cells",0.489391948919126
"AACGTTGTCGTCTGCT-1","CD4+ T cells","CD4+ T cells",0.344857278842823
"AACGTTGTCGTGGACC-1","CD8+ T cells","CD8+ T cells",0.32518862489023
"AACTCAGAGAGAGCTC-1","T cells","T cells",0.330411075451566
"AACTCAGAGCAGGCTA-1","B cells","B cells",0.307148179224048
"AACTCAGAGCTAGTGG-1","T cells","T cells",0.366057692197394
"AACTCAGCAAATCCGT-1","B cells","B cells",0.35368072855226
"AACTCAGCAAGAAAGG-1","B cells","B cells",0.377577785079594
"AACTCAGCACATGGGA-1","T cells","T cells",0.309522041074797
"AACTCAGCAGACAAGC-1","CD8+ T cells","CD8+ T cells",0.333070305355428
"AACTCAGCAGGGTTAG-1","NK cells","NK cells",0.378598573061603
"AACTCAGCAGTAAGAT-1","T cells","T cells",0.361795610111415
"AACTCAGCATCGGAAG-1","T cells","T cells",0.354099353561187
"AACTCAGGTATAGGGC-1","T cells","T cells",0.382056615283808
"AACTCAGGTGAAAGAG-1","Monocytes","Monocytes",0.48918233562413
"AACTCAGGTTACGTCA-1","T cells","T cells",0.353535760162962
"AACTCAGGTTGGACCC-1","Monocytes","Monocytes",0.30979864066195
"AACTCAGTCCTTTCTC-1","Progenitors","Progenitors",0.222577439473583
"AACTCAGTCGCTTGTC-1","T cells","T cells",0.422578489558857
"AACTCAGTCTTGCCGT-1","CD4+ T cells","CD4+ T cells",0.289058272567359
"AACTCCCAGAAGGGTA-1","B cells","B cells",0.356746170603082
"AACTCCCAGGTGATTA-1","Monocytes","Monocytes",0.446723669526672
"AACTCCCAGTCTTGCA-1","CD8+ T cells","CD8+ T cells",0.297362128188969
"AACTCCCCAATGTAAG-1","Dendritic cells","Dendritic cells",0.46982722145335
"AACTCCCCATAAGACA-1","Monocytes","Monocytes",0.342649512217359
"AACTCCCCATGCCTAA-1","Monocytes","Monocytes",0.507789180390657
"AACTCCCGTGAGGGTT-1","NK cells","NK cells",0.376308503869531
"AACTCCCGTGGTCTCG-1","Monocytes","Monocytes",0.457259327589358
"AACTCCCGTGTTGAGG-1","CD4+ T cells","CD4+ T cells",0.309687733041188
"AACTCCCGTTCATGGT-1","CD8+ T cells","CD8+ T cells",0.3558054543856
"AACTCCCTCATCATTC-1","CD8+ T cells","CD8+ T cells",0.332211764598886
"AACTCCCTCTGGGCCA-1","T cells","T cells",0.36055788694262
"AACTCTTAGAAGAAGC-1","CD4+ T cells","CD4+ T cells",0.330877605057343
"AACTCTTAGAGTGACC-1","T cells","T cells",0.407304499921131
"AACTCTTAGCCTATGT-1","NK cells","NK cells",0.39098192180713
"AACTCTTAGCGATTCT-1","Monocytes","Monocytes",0.449719525540087
"AACTCTTAGCTGAAAT-1","CD8+ T cells","CD8+ T cells",0.369706507844905
"AACTCTTCAAGCCCAC-1","Monocytes","Monocytes",0.44426986048569
"AACTCTTCAAGGACTG-1","Monocytes","Monocytes",0.413689552534941
"AACTCTTCAATAGCAA-1","CD4+ T cells","CD4+ T cells",0.292527081332479
"AACTCTTCACTATCTT-1","T cells","T cells",0.344710456509931
"AACTCTTCAGACGCTC-1","Monocytes","Monocytes",0.420939061943492
"AACTCTTCAGGAACGT-1","T cells","T cells",0.331448940018326
"AACTCTTCAGGGTTAG-1","T cells","T cells",0.309141500154354
"AACTCTTCATTTGCTT-1","CD4+ T cells","CD4+ T cells",0.344971656712305
"AACTCTTGTATATGAG-1","T cells","T cells",0.291766899734553
"AACTCTTGTCATATGC-1","B cells","B cells",0.340842565266746
"AACTCTTGTGTGCCTG-1","T cells","T cells",0.341246650337986
"AACTCTTGTTCCATGA-1","CD4+ T cells","CD4+ T cells",0.299660635451143
"AACTCTTTCAATCACG-1","CD4+ T cells","CD4+ T cells",0.316335020284058
"AACTCTTTCGGACAAG-1","B cells","B cells",0.32740566563261
"AACTCTTTCGTTACAG-1","Monocytes","Monocytes",0.460880226566177
"AACTCTTTCTCATTCA-1","Dendritic cells","Dendritic cells",0.483952433902841
"AACTGGTAGACTACAA-1","Monocytes","Monocytes",0.405375324156218
"AACTGGTAGAGTACAT-1","Monocytes","Monocytes",0.465989692868083
"AACTGGTAGCGATATA-1","T cells","T cells",0.304113156119849
"AACTGGTAGTACGCCC-1","Dendritic cells",NA,0.411473481422982
"AACTGGTCAGTCCTTC-1","Monocytes","Monocytes",0.434935259514874
"AACTGGTCAGTGGGAT-1","CD8+ T cells","CD8+ T cells",0.319154806275992
"AACTGGTGTATAAACG-1","Monocytes","Monocytes",0.41805489099394
"AACTGGTTCACAAACC-1","B cells","B cells",0.311638505014214
"AACTGGTTCACTTATC-1","B cells",NA,0.337789136790233
"AACTGGTTCATAAAGG-1","Monocytes","Monocytes",0.506132915711992
"AACTGGTTCCGCGTTT-1","CD4+ T cells","CD4+ T cells",0.274019101103362
"AACTGGTTCTTCGAGA-1","Monocytes","Monocytes",0.445818681966179
"AACTTTCAGAAAGTGG-1","CD8+ T cells","CD8+ T cells",0.318649183787423
"AACTTTCAGAGCTGCA-1","T cells","T cells",0.3801210461766
"AACTTTCAGCAGGTCA-1","T cells","T cells",0.369009838850201
"AACTTTCAGCCCAATT-1","T cells","T cells",0.31519862188481
"AACTTTCAGTAACCCT-1","CD4+ T cells","CD4+ T cells",0.30313228218781
"AACTTTCCAAGCGCTC-1","B cells","B cells",0.343184489379722
"AACTTTCCACGTGAGA-1","T cells","T cells",0.292992539101255
"AACTTTCCAGCATACT-1","T cells","T cells",0.383860503321041
"AACTTTCCAGTCAGAG-1","B cells","B cells",0.339538945591935
"AACTTTCCAGTCAGCC-1","B cells","B cells",0.319455853864378
"AACTTTCCAGTGACAG-1","CD4+ T cells","CD4+ T cells",0.334567754013332
"AACTTTCCATCGATTG-1","B cells","B cells",0.311930750761125
"AACTTTCCATTGTGCA-1","CD8+ T cells","CD8+ T cells",0.305177412783027
"AACTTTCGTACTCGCG-1","Monocytes","Monocytes",0.425225079669501
"AACTTTCGTACTTAGC-1","CD4+ T cells","CD4+ T cells",0.352210203009097
"AACTTTCGTAGAGCTG-1","CD8+ T cells","CD8+ T cells",0.390196093987034
"AACTTTCGTCTTTCAT-1","T cells","T cells",0.391567618880337
"AACTTTCGTGTCGCTG-1","CD4+ T cells","CD4+ T cells",0.321976015547049
"AACTTTCGTGTGGCTC-1","T cells","T cells",0.402208234740297
"AACTTTCTCAACACCA-1","Monocytes","Monocytes",0.352769187507738
"AACTTTCTCAGAAATG-1","CD8+ T cells","CD8+ T cells",0.333872871409118
"AACTTTCTCAGGTAAA-1","CD4+ T cells","CD4+ T cells",0.294252658890611
"AACTTTCTCTCCAACC-1","CD8+ T cells","CD8+ T cells",0.293543393815902
"AACTTTCTCTGGGCCA-1","CD4+ T cells","CD4+ T cells",0.331912193167325
"AAGACCTAGAACAATC-1","Monocytes","Monocytes",0.357955757121481
"AAGACCTAGCACAGGT-1","NK cells","NK cells",0.43104356451563
"AAGACCTAGCCCAATT-1","CD4+ T cells","CD4+ T cells",0.391691820090641
"AAGACCTAGGTGGGTT-1","Monocytes","Monocytes",0.398192694761466
"AAGACCTAGTGGCACA-1","Monocytes","Monocytes",0.320372975620905
"AAGACCTAGTGTTGAA-1","CD4+ T cells","CD4+ T cells",0.293027760399467
"AAGACCTCAAGCGATG-1","CD8+ T cells","CD8+ T cells",0.295372854691043
"AAGACCTCACAAGACG-1","B cells","B cells",0.3110937596274
"AAGACCTCACAAGTAA-1","T cells","T cells",0.39958145394719
"AAGACCTCAGTTAACC-1","Monocytes","Monocytes",0.450440702983652
"AAGACCTCATAAGACA-1","CD8+ T cells","CD8+ T cells",0.355766655946463
"AAGACCTCATACAGCT-1","T cells","T cells",0.25249260826787
"AAGACCTCATCACGTA-1","CD8+ T cells","CD8+ T cells",0.311052889021896
"AAGACCTGTCCAAGTT-1","CD8+ T cells","CD8+ T cells",0.357455297126797
"AAGACCTGTCCATGAT-1","Monocytes","Monocytes",0.41914549901903
"AAGACCTTCAACACGT-1","CD8+ T cells","CD8+ T cells",0.276950454962202
"AAGACCTTCACTTACT-1","T cells","T cells",0.360508840508575
"AAGACCTTCCGCGGTA-1","T cells","T cells",0.380008476644568
"AAGACCTTCGGTCTAA-1","Monocytes","Monocytes",0.458902094399449
"AAGCCGCAGCGATAGC-1","CD4+ T cells","CD4+ T cells",0.334842036811151
"AAGCCGCAGCGTTCCG-1","CD4+ T cells","CD4+ T cells",0.314757814444538
"AAGCCGCAGCTAAACA-1","CD8+ T cells","CD8+ T cells",0.329630263187221
"AAGCCGCAGGTAGCTG-1","T cells","T cells",0.347856607302568
"AAGCCGCAGTGTACTC-1","Monocytes","Monocytes",0.516533854880109
"AAGCCGCCAAAGCAAT-1","Monocytes","Monocytes",0.493539148801483
"AAGCCGCCACATGTGT-1","B cells","B cells",0.365324352652267
"AAGCCGCCACTCGACG-1","T cells","T cells",0.371936786058994
"AAGCCGCCACTGCCAG-1","B cells","B cells",0.310837799089968
"AAGCCGCCAGTCGTGC-1","Dendritic cells","Dendritic cells",0.515654356045356
"AAGCCGCGTGAAAGAG-1","Monocytes","Monocytes",0.448328411453269
"AAGCCGCGTTGATTGC-1","T cells","T cells",0.367639070073863
"AAGCCGCTCACATAGC-1","B cells","B cells",0.332187609602994
"AAGCCGCTCATCACCC-1","CD8+ T cells","CD8+ T cells",0.321637283240536
"AAGCCGCTCCATGCTC-1","CD4+ T cells","CD4+ T cells",0.326000689941099
"AAGCCGCTCCGTAGTA-1","CD4+ T cells","CD4+ T cells",0.325214225899336
"AAGCCGCTCGGGAGTA-1","CD4+ T cells","CD4+ T cells",0.312183605290197
"AAGGAGCAGATCGATA-1","CD4+ T cells","CD4+ T cells",0.31560493837105
"AAGGAGCAGTACACCT-1","CD4+ T cells","CD4+ T cells",0.301915953882396
"AAGGAGCCAATGACCT-1","Monocytes","Monocytes",0.363206945103621
"AAGGAGCGTATTAGCC-1","NK cells","NK cells",0.369971683736878
"AAGGAGCGTCGAAAGC-1","T cells","T cells",0.25559025851097
"AAGGAGCGTCTGCAAT-1","Monocytes","Monocytes",0.473978506058867
"AAGGAGCGTCTTCAAG-1","Dendritic cells",NA,0.425011637612904
"AAGGAGCGTGTTCGAT-1","T cells","T cells",0.365099847594225
"AAGGAGCGTGTTGAGG-1","Dendritic cells","Dendritic cells",0.53522439336908
"AAGGAGCTCACCGTAA-1","CD8+ T cells","CD8+ T cells",0.34424784161544
"AAGGAGCTCCAAGTAC-1","CD4+ T cells","CD4+ T cells",0.369570111214248
"AAGGCAGAGACAAGCC-1","Monocytes","Monocytes",0.480837936607079
"AAGGCAGAGCTACCGC-1","T cells","T cells",0.376735977820564
"AAGGCAGAGGTGCACA-1","T cells","T cells",0.380023194194528
"AAGGCAGAGTGTCTCA-1","CD8+ T cells","CD8+ T cells",0.311646405533921
"AAGGCAGCAAATTGCC-1","B cells","B cells",0.370723514802545
"AAGGCAGCAACACCTA-1","CD8+ T cells","CD8+ T cells",0.323743354063984
"AAGGCAGCAGTTAACC-1","B cells","B cells",0.312830427402802
"AAGGCAGCATAAAGGT-1","T cells","T cells",0.268989040902874
"AAGGCAGCATCTCCCA-1","B cells","B cells",0.334568771281468
"AAGGCAGCATTCCTCG-1","T cells","T cells",0.300473326772035
"AAGGCAGGTAAAGTCA-1","Monocytes","Monocytes",0.449869826689337
"AAGGCAGGTACTCGCG-1","Monocytes","Monocytes",0.451475758827664
"AAGGCAGGTAGGGTAC-1","CD4+ T cells","CD4+ T cells",0.370589398585582
"AAGGCAGGTATATGGA-1","Monocytes","Monocytes",0.51687336706465
"AAGGCAGGTATGAAAC-1","CD4+ T cells","CD4+ T cells",0.315574112462749
"AAGGCAGTCAGGCAAG-1","NK cells","NK cells",0.421324281117384
"AAGGCAGTCAGGTAAA-1","T cells","T cells",0.38942342377406
"AAGGTTCAGCTCTCGG-1","B cells","B cells",0.294976587583773
"AAGGTTCAGTGGGCTA-1","T cells","T cells",0.365553614370374
"AAGGTTCCAAAGGAAG-1","CD8+ T cells","CD8+ T cells",0.395044449018581
"AAGGTTCCAATGTAAG-1","Monocytes","Monocytes",0.458864982629626
"AAGGTTCCACAGATTC-1","CD4+ T cells","CD4+ T cells",0.393463735499721
"AAGGTTCCACATTTCT-1","Dendritic cells","Dendritic cells",0.571628254413956
"AAGGTTCGTAAGAGAG-1","Monocytes","Monocytes",0.415361690853337
"AAGGTTCGTAGCGATG-1","CD4+ T cells","CD4+ T cells",0.322483828566436
"AAGGTTCGTGCCTGTG-1","B cells","B cells",0.325593410070875
"AAGGTTCGTGGTAACG-1","NK cells","NK cells",0.392435690939059
"AAGGTTCGTGGTGTAG-1","Monocytes","Monocytes",0.384216878491051
"AAGGTTCTCAGAAATG-1","CD4+ T cells","CD4+ T cells",0.303131074626517
"AAGGTTCTCCCTCAGT-1","Monocytes",NA,0.275615372653272
"AAGGTTCTCCGATATG-1","CD4+ T cells","CD4+ T cells",0.359441682875561
"AAGGTTCTCCTTAATC-1","Monocytes","Monocytes",0.42979491067692
"AAGGTTCTCTGTACGA-1","T cells","T cells",0.364041908997583
"AAGTCTGAGATGTCGG-1","CD4+ T cells","CD4+ T cells",0.313188788066423
"AAGTCTGAGCTAGTTC-1","Dendritic cells","Dendritic cells",0.483544795309357
"AAGTCTGAGGCACATG-1","Progenitors","Progenitors",0.482362746617067
"AAGTCTGAGGTTCCTA-1","Monocytes","Monocytes",0.548500424276979
"AAGTCTGAGTTGCAGG-1","T cells","T cells",0.390866254432763
"AAGTCTGCAATCGGTT-1","CD4+ T cells","CD4+ T cells",0.344029101505776
"AAGTCTGCACAGGTTT-1","Monocytes","Monocytes",0.34352704690254
"AAGTCTGCAGTTCATG-1","T cells","T cells",0.323394102039778
"AAGTCTGCATCGTCGG-1","Monocytes","Monocytes",0.515835181119174
"AAGTCTGCATGAAGTA-1","NK cells",NA,0.377028640269263
"AAGTCTGGTAAGTGTA-1","Monocytes","Monocytes",0.456221788085393
"AAGTCTGGTCCGAAGA-1","CD4+ T cells","CD4+ T cells",0.288231050099977
"AAGTCTGGTCTGATTG-1","CD4+ T cells","CD4+ T cells",0.30850769962662
"AAGTCTGGTGCACTTA-1","Monocytes","Monocytes",0.414686220900492
"AAGTCTGGTTCCGTCT-1","CD4+ T cells","CD4+ T cells",0.278107320942
"AAGTCTGGTTTGGGCC-1","Monocytes","Monocytes",0.444945210574825
"AAGTCTGTCAAGATCC-1","T cells","T cells",0.36728855731858
"AAGTCTGTCACAGTAC-1","CD4+ T cells","CD4+ T cells",0.301113542819908
"AAGTCTGTCCTCATTA-1","NK cells","NK cells",0.388836308923241
"AAGTCTGTCGACGGAA-1","B cells","B cells",0.3307261043744
"AAGTCTGTCGCCCTTA-1","Monocytes","Monocytes",0.407371424226367
"AATCCAGAGCCACGCT-1","CD4+ T cells","CD4+ T cells",0.317149705316656
"AATCCAGAGTGACATA-1","CD4+ T cells","CD4+ T cells",0.331878021206005
"AATCCAGCAAGTTCTG-1","Monocytes","Monocytes",0.33892907671625
"AATCCAGCAGAGCCAA-1","Progenitors","Progenitors",0.378179970051425
"AATCCAGCATCTGGTA-1","CD8+ T cells","CD8+ T cells",0.270359686031301
"AATCCAGGTCCCTACT-1","Dendritic cells","Dendritic cells",0.52148317974502
"AATCCAGTCAAACCGT-1","Monocytes","Monocytes",0.457498278819219
"AATCCAGTCATGTAGC-1","CD4+ T cells","CD4+ T cells",0.31993718060161
"AATCCAGTCTGCCCTA-1","Monocytes","Monocytes",0.335531159966454
"AATCGGTAGACGCTTT-1","Monocytes","Monocytes",0.335275784017725
"AATCGGTAGAGGTTAT-1","CD4+ T cells","CD4+ T cells",0.243347208366357
"AATCGGTAGCGAAGGG-1","CD8+ T cells","CD8+ T cells",0.315756120740878
"AATCGGTAGGTGATTA-1","Dendritic cells","Dendritic cells",0.539256773135173
"AATCGGTAGGTGCTAG-1","T cells","T cells",0.40540014920628
"AATCGGTCAAGGTGTG-1","CD4+ T cells","CD4+ T cells",0.299468422480952
"AATCGGTCAATCGGTT-1","CD4+ T cells",NA,0.247600690077342
"AATCGGTCAGATCTGT-1","CD8+ T cells","CD8+ T cells",0.280997935274392
"AATCGGTCATCGGACC-1","Dendritic cells","Dendritic cells",0.563221482634412
"AATCGGTGTCAATACC-1","T cells","T cells",0.342771222082411
"AATCGGTGTGGCAAAC-1","B cells","B cells",0.32099595371464
"AATCGGTGTGGTTTCA-1","CD4+ T cells","CD4+ T cells",0.333253074103026
"AATCGGTGTTCGTGAT-1","B cells","B cells",0.31980351699178
"AATCGGTTCCGATATG-1","B cells","B cells",0.300951680099706
"AATCGGTTCTAGAGTC-1","Monocytes","Monocytes",0.328759789518868
"AATCGGTTCTATCCCG-1","B cells","B cells",0.340686426272601
"AATCGGTTCTCCAGGG-1","CD4+ T cells","CD4+ T cells",0.31755302545079
"ACACCAAAGAGCAATT-1","CD4+ T cells","CD4+ T cells",0.369582662175432
"ACACCAAAGCCACGCT-1","CD4+ T cells","CD4+ T cells",0.232797033764212
"ACACCAAAGGAGTTGC-1","CD4+ T cells","CD4+ T cells",0.355168042722876
"ACACCAAAGGCTAGGT-1","T cells","T cells",0.326417299629897
"ACACCAAAGTGCCATT-1","B cells","B cells",0.284363946040062
"ACACCAAAGTGGGCTA-1","B cells","B cells",0.34468883330786
"ACACCAACAAAGGTGC-1","CD8+ T cells","CD8+ T cells",0.393596521589981
"ACACCAACACGACGAA-1","B cells","B cells",0.31195517726404
"ACACCAACAGTCTTCC-1","CD4+ T cells","CD4+ T cells",0.297687716535748
"ACACCAACATTCTCAT-1","NK cells","NK cells",0.382134018218457
"ACACCAAGTACATGTC-1","CD4+ T cells","CD4+ T cells",0.347674670825873
"ACACCAAGTCTTTCAT-1","T cells","T cells",0.324727440863492
"ACACCAATCAGTTCGA-1","B cells","B cells",0.393245374108649
"ACACCAATCGAGCCCA-1","CD4+ T cells","CD4+ T cells",0.324832458243987
"ACACCAATCTGGGCCA-1","Monocytes","Monocytes",0.43752738193635
"ACACCCTAGAGGTACC-1","T cells","T cells",0.309129786962213
"ACACCCTAGATAGTCA-1","NK cells","NK cells",0.393606063618515
"ACACCCTAGATATGCA-1","Monocytes","Monocytes",0.430126865310214
"ACACCCTAGATGTGGC-1","T cells","T cells",0.337397985076332
"ACACCCTAGCCGGTAA-1","T cells","T cells",0.371285419617212
"ACACCCTAGCGCTCCA-1","CD8+ T cells","CD8+ T cells",0.342419018979956
"ACACCCTAGGATGCGT-1","CD4+ T cells","CD4+ T cells",0.363775489252461
"ACACCCTAGGTGCTTT-1","B cells","B cells",0.338787350237882
"ACACCCTAGTGGTAGC-1","Monocytes","Monocytes",0.429822103566919
"ACACCCTCAAGACACG-1","T cells","T cells",0.275617937376105
"ACACCCTCACGCCAGT-1","Dendritic cells","Dendritic cells",0.555131817405005
"ACACCCTCATGCCTAA-1","T cells","T cells",0.320233002288558
"ACACCCTGTAACGTTC-1","T cells","T cells",0.329241238928802
"ACACCCTGTAAGTTCC-1","Monocytes","Monocytes",0.413502541641068
"ACACCCTGTCATTAGC-1","CD4+ T cells","CD4+ T cells",0.368111974044286
"ACACCCTTCCACGTTC-1","Monocytes","Monocytes",0.323123666835927
"ACACCCTTCGGCCGAT-1","B cells","B cells",0.377283940647757
"ACACCCTTCTCGATGA-1","Dendritic cells","Dendritic cells",0.519577036645845
"ACACCCTTCTCTGAGA-1","B cells","B cells",0.358081439034802
"ACACCCTTCTGTTTGT-1","T cells","T cells",0.358697954363332
"ACACCGGAGCTCTCGG-1","CD4+ T cells","CD4+ T cells",0.32417420127167
"ACACCGGAGTATCGAA-1","CD4+ T cells","CD4+ T cells",0.343351215068075
"ACACCGGAGTGAATTG-1","Monocytes","Monocytes",0.416608461853943
"ACACCGGCATCGGGTC-1","CD8+ T cells","CD8+ T cells",0.376707491616329
"ACACCGGGTCTCTTAT-1","Monocytes","Monocytes",0.362535022710204
"ACACCGGTCAAGGCTT-1","CD8+ T cells","CD8+ T cells",0.334358907691807
"ACACTGAAGAGATGAG-1","CD4+ T cells","CD4+ T cells",0.334628003938186
"ACACTGAAGCCGATTT-1","CD4+ T cells","CD4+ T cells",0.343296893833037
"ACACTGAAGGATATAC-1","B cells","B cells",0.355307021509727
"ACACTGAAGGGAACGG-1","Monocytes","Monocytes",0.416569516102209
"ACACTGAAGGGAGTAA-1","B cells","B cells",0.349355083878422
"ACACTGAAGTGGACGT-1","T cells","T cells",0.359798326519359
"ACACTGACAATGTAAG-1","CD4+ T cells","CD4+ T cells",0.345286510208124
"ACACTGACATGATCCA-1","CD4+ T cells","CD4+ T cells",0.317460329296087
"ACACTGAGTACTTGAC-1","CD4+ T cells","CD4+ T cells",0.318313663183282
"ACACTGAGTAGTGAAT-1","CD4+ T cells","CD4+ T cells",0.3150247294389
"ACACTGAGTCACTTCC-1","Monocytes","Monocytes",0.398217873254116
"ACACTGAGTTAGGGTG-1","T cells","T cells",0.363855947756192
"ACACTGATCACGCATA-1","CD4+ T cells","CD4+ T cells",0.300646047281087
"ACACTGATCATACGGT-1","Monocytes","Monocytes",0.466493052396442
"ACACTGATCCATTCTA-1","CD4+ T cells","CD4+ T cells",0.363192751397396
"ACACTGATCCCAAGAT-1","CD8+ T cells","CD8+ T cells",0.360294028255511
"ACACTGATCGGAAACG-1","B cells","B cells",0.343452300246014
"ACAGCCGAGAAAGTGG-1","Monocytes","Monocytes",0.448909271792812
"ACAGCCGAGTGGGCTA-1","T cells","T cells",0.366066817798539
"ACAGCCGAGTGGTAGC-1","T cells","T cells",0.341697407711697
"ACAGCCGAGTTTCCTT-1","CD4+ T cells","CD4+ T cells",0.33191853969572
"ACAGCCGCAAGGTTCT-1","CD4+ T cells","CD4+ T cells",0.333193445067074
"ACAGCCGCACAGGCCT-1","Monocytes","Monocytes",0.392482410007061
"ACAGCCGCACTAGTAC-1","B cells","B cells",0.333054146755282
"ACAGCCGCAGATCCAT-1","Monocytes","Monocytes",0.368967397255799
"ACAGCCGCAGGGTATG-1","CD8+ T cells","CD8+ T cells",0.323865793532661
"ACAGCCGCATCTACGA-1","Dendritic cells","Dendritic cells",0.50300782253068
"ACAGCCGCATGTAAGA-1","NK cells","NK cells",0.400308862754786
"ACAGCCGCATGTCGAT-1","NK cells","NK cells",0.42692109077218
"ACAGCCGCATTGTGCA-1","T cells","T cells",0.29684574932864
"ACAGCCGGTAGCGATG-1","B cells","B cells",0.321360354406301
"ACAGCCGGTGCACTTA-1","T cells","T cells",0.412437967308991
"ACAGCCGGTGGACGAT-1","B cells","B cells",0.365742971310516
"ACAGCCGGTGTGACGA-1","NK cells","NK cells",0.41554395027153
"ACAGCCGGTTAAGTAG-1","CD8+ T cells","CD8+ T cells",0.313974800330864
"ACAGCCGTCAGCTGGC-1","CD8+ T cells","CD8+ T cells",0.327756168170758
"ACAGCCGTCATGGTCA-1","Monocytes","Monocytes",0.458177428244525
"ACAGCCGTCCTTGACC-1","B cells","B cells",0.349848286315793
"ACAGCCGTCGCGCCAA-1","B cells","B cells",0.331615917302426
"ACAGCCGTCGTCGTTC-1","B cells","B cells",0.365516401668174
"ACAGCTAAGAGCAATT-1","CD8+ T cells","CD8+ T cells",0.299429501268239
"ACAGCTAAGGGTTCCC-1","B cells","B cells",0.310298362162542
"ACAGCTAAGGTGTGGT-1","CD4+ T cells","CD4+ T cells",0.307094670669377
"ACAGCTACAACGATGG-1","B cells","B cells",0.339569646149644
"ACAGCTACACACTGCG-1","CD8+ T cells","CD8+ T cells",0.319811569112787
"ACAGCTACAGGTCGTC-1","CD4+ T cells","CD4+ T cells",0.330127386487801
"ACAGCTACATGGATGG-1","B cells","B cells",0.32520857863574
"ACAGCTACATGGTCTA-1","Monocytes","Monocytes",0.396870070454552
"ACAGCTAGTACCGTAT-1","CD4+ T cells","CD4+ T cells",0.30497240252852
"ACAGCTAGTCAGAAGC-1","B cells","B cells",0.325467428891515
"ACAGCTAGTGCATCTA-1","CD4+ T cells","CD4+ T cells",0.310368615258547
"ACAGCTAGTGCGAAAC-1","Monocytes","Monocytes",0.335102873468471
"ACAGCTATCCACTGGG-1","T cells","T cells",0.330448446533614
"ACAGCTATCGCCAAAT-1","CD4+ T cells","CD4+ T cells",0.325694235601506
"ACAGCTATCGTCCGTT-1","CD8+ T cells","CD8+ T cells",0.283087299980465
"ACAGCTATCTAACGGT-1","T cells","T cells",0.313756667837303
"ACAGCTATCTGTTGAG-1","T cells","T cells",0.348423720266505
"ACATACGAGAGGTTGC-1","B cells","B cells",0.380813886341687
"ACATACGAGGCTACGA-1","B cells","B cells",0.344058138080289
"ACATACGAGGGTGTGT-1","CD8+ T cells","CD8+ T cells",0.325490562075493
"ACATACGAGTGACATA-1","T cells","T cells",0.367058582088128
"ACATACGCAAACGTGG-1","CD4+ T cells","CD4+ T cells",0.324318071241258
"ACATACGCAGTATAAG-1","B cells","B cells",0.369881124614338
"ACATACGCATATGGTC-1","CD4+ T cells","CD4+ T cells",0.337092776254128
"ACATACGCATTAACCG-1","Monocytes","Monocytes",0.417438889270048
"ACATACGGTAAGTGGC-1","NK cells",NA,0.329096440791624
"ACATACGGTAGCCTCG-1","Monocytes","Monocytes",0.41468667034682
"ACATACGGTGGCTCCA-1","B cells","B cells",0.311532464244509
"ACATACGGTGGTACAG-1","T cells","T cells",0.436226043276779
"ACATACGGTTCTGAAC-1","T cells","T cells",0.309947235623853
"ACATACGTCATGTCCC-1","B cells","B cells",0.310551851033477
"ACATACGTCATTTGGG-1","NK cells","NK cells",0.420087613649424
"ACATACGTCGGCATCG-1","CD4+ T cells","CD4+ T cells",0.32929975406982
"ACATACGTCGTTACGA-1","Monocytes","Monocytes",0.380394448917183
"ACATACGTCTCATTCA-1","CD8+ T cells","CD8+ T cells",0.32889658164316
"ACATACGTCTCGCTTG-1","Monocytes","Monocytes",0.437770374570083
"ACATACGTCTCTTGAT-1","CD8+ T cells","CD8+ T cells",0.323997088230638
"ACATACGTCTTGAGGT-1","Monocytes","Monocytes",0.487594009524647
"ACATCAGAGGCCCGTT-1","NK cells","NK cells",0.404550015550096
"ACATCAGAGTCGTACT-1","Monocytes","Monocytes",0.442067106161872
"ACATCAGCAATGTAAG-1","Dendritic cells","Dendritic cells",0.507961799813707
"ACATCAGCACAAGACG-1","Dendritic cells",NA,0.327130357449653
"ACATCAGCACATGGGA-1","Monocytes","Monocytes",0.404479129858743
"ACATCAGCACATTTCT-1","T cells","T cells",0.346024020031308
"ACATCAGCACCAACCG-1","CD4+ T cells","CD4+ T cells",0.319679395580639
"ACATCAGCACTTAACG-1","Monocytes","Monocytes",0.36025174284201
"ACATCAGCAGTATAAG-1","B cells","B cells",0.318776072816852
"ACATCAGCATTTGCTT-1","CD8+ T cells","CD8+ T cells",0.349894813641721
"ACATCAGGTACATCCA-1","Monocytes","Monocytes",0.382981731535813
"ACATCAGGTTTCGCTC-1","CD4+ T cells","CD4+ T cells",0.316195173399222
"ACATCAGTCCACTGGG-1","CD4+ T cells","CD4+ T cells",0.337308549475101
"ACATCAGTCTGGCGTG-1","T cells","T cells",0.321032237007155
"ACATGGTAGACTAGGC-1","NK cells","NK cells",0.430066872610722
"ACATGGTAGAGGGATA-1","B cells","B cells",0.337506375243359
"ACATGGTAGAGTCGGT-1","B cells","B cells",0.341030031013944
"ACATGGTAGATATGGT-1","CD4+ T cells","CD4+ T cells",0.405456321094031
"ACATGGTAGCTAGTGG-1","B cells","B cells",0.379534094632853
"ACATGGTAGTGGTAAT-1","CD4+ T cells","CD4+ T cells",0.392901251931213
"ACATGGTAGTTAGCGG-1","NK cells","NK cells",0.392706322794628
"ACATGGTCAAGACGTG-1","Monocytes","Monocytes",0.47745475629338
"ACATGGTCACATTCGA-1","CD8+ T cells","CD8+ T cells",0.325665195238453
"ACATGGTCACGCATCG-1","T cells","T cells",0.394665406626644
"ACATGGTCACTGAAGG-1","CD4+ T cells","CD4+ T cells",0.335319906683451
"ACATGGTCAGCCTTGG-1","CD8+ T cells","CD8+ T cells",0.335100572782891
"ACATGGTCATTCACTT-1","T cells","T cells",0.297552601478715
"ACATGGTGTAATAGCA-1","Monocytes","Monocytes",0.345382204806953
"ACATGGTGTATTACCG-1","T cells","T cells",0.340394689506642
"ACATGGTGTCATGCAT-1","CD4+ T cells","CD4+ T cells",0.324082683949527
"ACATGGTGTTAAGATG-1","T cells","T cells",0.377835482626125
"ACATGGTGTTCAACCA-1","B cells","B cells",0.317012119931904
"ACATGGTGTTGCGTTA-1","T cells","T cells",0.389452285041764
"ACATGGTTCATCACCC-1","T cells","T cells",0.3129988677904
"ACATGGTTCCACGTTC-1","CD8+ T cells","CD8+ T cells",0.368433673996339
"ACATGGTTCGGCCGAT-1","T cells","T cells",0.353950508801035
"ACATGGTTCGGTTAAC-1","T cells","T cells",0.33075606393129
"ACATGGTTCTACCTGC-1","B cells",NA,0.327121058403629
"ACCAGTAAGACCACGA-1","Monocytes","Monocytes",0.430218445300337
"ACCAGTAAGACTTTCG-1","CD4+ T cells","CD4+ T cells",0.331747421112008
"ACCAGTAAGCCAGGAT-1","T cells","T cells",0.404837914472982
"ACCAGTACAACACGCC-1","CD4+ T cells","CD4+ T cells",0.390457971538521
"ACCAGTACAAGCGATG-1","Monocytes","Monocytes",0.468638025632561
"ACCAGTACACCGATAT-1","CD4+ T cells","CD4+ T cells",0.345327005490049
"ACCAGTACATAAAGGT-1","CD4+ T cells","CD4+ T cells",0.333599302389161
"ACCAGTAGTATGAAAC-1","CD8+ T cells","CD8+ T cells",0.359277553193508
"ACCAGTAGTGCTGTAT-1","Dendritic cells",NA,0.362044743786002
"ACCAGTAGTGTTAAGA-1","T cells","T cells",0.323784411758025
"ACCAGTAGTTATCGGT-1","Monocytes","Monocytes",0.3888105378987
"ACCAGTAGTTCGTTGA-1","Monocytes","Monocytes",0.340218114053627
"ACCAGTAGTTGCGTTA-1","Monocytes","Monocytes",0.444126536065951
"ACCAGTATCACCGGGT-1","Monocytes","Monocytes",0.438129899136306
"ACCAGTATCCACTGGG-1","B cells","B cells",0.333257794918673
"ACCAGTATCCTGCTTG-1","T cells","T cells",0.381170173903626
"ACCAGTATCGCCAGCA-1","T cells","T cells",0.362162518347129
"ACCAGTATCTCGCTTG-1","CD4+ T cells","CD4+ T cells",0.295348994313554
"ACCCACTAGAGTGACC-1","CD4+ T cells","CD4+ T cells",0.343975375051634
"ACCCACTAGATCCCGC-1","CD4+ T cells","CD4+ T cells",0.252694345761714
"ACCCACTAGATCGATA-1","Dendritic cells","Dendritic cells",0.531383084141753
"ACCCACTAGGAACTGC-1","Monocytes","Monocytes",0.436312257374028
"ACCCACTAGGATGCGT-1","CD4+ T cells","CD4+ T cells",0.304875602256998
"ACCCACTCAAGTTCTG-1","Monocytes","Monocytes",0.511936653161998
"ACCCACTCACAGAGGT-1","CD4+ T cells","CD4+ T cells",0.308064900142825
"ACCCACTCACGAAAGC-1","CD4+ T cells","CD4+ T cells",0.332032106375818
"ACCCACTCAGGAATGC-1","CD8+ T cells","CD8+ T cells",0.310056182512324
"ACCCACTCATGCGCAC-1","B cells","B cells",0.339235865187951
"ACCCACTCATGGAATA-1","B cells","B cells",0.282793212907972
"ACCCACTGTATTCTCT-1","CD4+ T cells","CD4+ T cells",0.340006492541597
"ACCCACTGTCGGGTCT-1","CD8+ T cells","CD8+ T cells",0.336360952024135
"ACCCACTGTCTCGTTC-1","T cells","T cells",0.30823937785182
"ACCCACTGTGGTGTAG-1","CD4+ T cells","CD4+ T cells",0.34960665069985
"ACCCACTTCAATCACG-1","T cells","T cells",0.399721979826074
"ACCCACTTCAGTCAGT-1","NK cells","NK cells",0.379129331965898
"ACCCACTTCCCTGACT-1","B cells","B cells",0.30789594162922
"ACCCACTTCCTTTCTC-1","CD4+ T cells","CD4+ T cells",0.34104016140013
"ACCCACTTCGCCAGCA-1","Monocytes","Monocytes",0.447913429024469
"ACCCACTTCGCCATAA-1","Monocytes","Monocytes",0.408734920745807
"ACCGTAAAGCACCGTC-1","T cells","T cells",0.273811929804132
"ACCGTAAAGCGTAATA-1","T cells","T cells",0.37775795847534
"ACCGTAAAGGAGCGTT-1","Monocytes","Monocytes",0.506887407167375
"ACCGTAAAGTAGTGCG-1","T cells","T cells",0.308684544488373
"ACCGTAAAGTATCTCG-1","T cells","T cells",0.387248015702028
"ACCGTAAAGTGACTCT-1","CD4+ T cells","CD4+ T cells",0.304827931257462
"ACCGTAACAAGGGTCA-1","CD8+ T cells","CD8+ T cells",0.328460483191681
"ACCGTAACAGACAAGC-1","CD4+ T cells","CD4+ T cells",0.334922744273497
"ACCGTAACAGACTCGC-1","Monocytes","Monocytes",0.426156493368074
"ACCGTAACAGCTCGAC-1","Monocytes","Monocytes",0.446660245731026
"ACCGTAACAGGGAGAG-1","CD8+ T cells","CD8+ T cells",0.301379033451874
"ACCGTAAGTATAGTAG-1","Dendritic cells","Dendritic cells",0.505602893436759
"ACCGTAAGTATTACCG-1","B cells","B cells",0.394567789634377
"ACCGTAAGTCTAGCCG-1","CD4+ T cells","CD4+ T cells",0.340191572310843
"ACCGTAAGTTATCGGT-1","T cells","T cells",0.354431505544031
"ACCGTAAGTTGGTTTG-1","Monocytes","Monocytes",0.439012423637802
"ACCGTAATCACAATGC-1","CD4+ T cells","CD4+ T cells",0.321189932944715
"ACCGTAATCCCTAATT-1","CD4+ T cells","CD4+ T cells",0.347394587811588
"ACCGTAATCCTAGTGA-1","CD4+ T cells","CD4+ T cells",0.279441333023407
"ACCTTTAAGACTTGAA-1","T cells","T cells",0.375245479992844
"ACCTTTAAGCGCTCCA-1","CD4+ T cells","CD4+ T cells",0.347179100785154
"ACCTTTAAGTACGTAA-1","Monocytes","Monocytes",0.389424565361267
"ACCTTTACACTGTGTA-1","B cells","B cells",0.328226492428095
"ACCTTTACAGTTCATG-1","B cells","B cells",0.282673504478617
"ACCTTTACATGTCCTC-1","Monocytes","Monocytes",0.491819870088943
"ACCTTTACATTGTGCA-1","CD4+ T cells","CD4+ T cells",0.299859005070539
"ACCTTTAGTATAGGTA-1","CD4+ T cells","CD4+ T cells",0.306450642616357
"ACCTTTAGTCACCCAG-1","CD4+ T cells","CD4+ T cells",0.310191297499209
"ACCTTTAGTCGGATCC-1","CD4+ T cells","CD4+ T cells",0.314161346886756
"ACCTTTAGTCTTCTCG-1","T cells","T cells",0.311586077868986
"ACCTTTAGTGGTGTAG-1","B cells","B cells",0.341105450063979
"ACCTTTAGTGTAACGG-1","T cells","T cells",0.404829362877796
"ACCTTTAGTGTGGCTC-1","CD4+ T cells","CD4+ T cells",0.315769869638332
"ACCTTTAGTTCAGGCC-1","Monocytes","Monocytes",0.425427603004314
"ACCTTTAGTTGTCGCG-1","Monocytes","Monocytes",0.30896625549399
"ACCTTTAGTTTAAGCC-1","CD4+ T cells","CD4+ T cells",0.302574408169834
"ACCTTTATCAAGGTAA-1","B cells","B cells",0.325771562509845
"ACCTTTATCAGGTAAA-1","CD8+ T cells","CD8+ T cells",0.291412833727147
"ACCTTTATCCAAGCCG-1","B cells","B cells",0.337767040993125
"ACGAGCCAGAGGTTGC-1","CD4+ T cells","CD4+ T cells",0.337559896741967
"ACGAGCCAGCTGGAAC-1","CD8+ T cells","CD8+ T cells",0.320083704383226
"ACGAGCCCAACTGCGC-1","T cells","T cells",0.355120339876496
"ACGAGCCCACGGTGTC-1","T cells","T cells",0.346648365376743
"ACGAGCCCAGCTTAAC-1","Monocytes","Monocytes",0.386127400018103
"ACGAGCCCAGGCTCAC-1","CD4+ T cells","CD4+ T cells",0.314377831688525
"ACGAGCCCAGGTCTCG-1","B cells","B cells",0.333111816649446
"ACGAGCCCAGGTGCCT-1","B cells","B cells",0.38103227731725
"ACGAGCCCATCAGTCA-1","CD4+ T cells","CD4+ T cells",0.338909478274131
"ACGAGCCGTAGAGTGC-1","CD4+ T cells","CD4+ T cells",0.339191077341075
"ACGAGCCGTGCAGACA-1","Monocytes","Monocytes",0.482272608310906
"ACGAGCCGTGCCTTGG-1","T cells","T cells",0.368337896449223
"ACGAGCCTCAATCTCT-1","CD8+ T cells","CD8+ T cells",0.348788961204584
"ACGAGCCTCTAACGGT-1","CD4+ T cells","CD4+ T cells",0.351505999095718
"ACGAGCCTCTTGTTTG-1","CD8+ T cells","CD8+ T cells",0.345715483602398
"ACGAGGAAGTCGTTTG-1","Monocytes","Monocytes",0.492494732437671
"ACGAGGAAGTGCAAGC-1","B cells","B cells",0.3720411609936
"ACGAGGAAGTGGAGAA-1","T cells","T cells",0.292133674115454
"ACGAGGACAATCTACG-1","T cells","T cells",0.420434102993656
"ACGAGGACAGCCAATT-1","CD8+ T cells","CD8+ T cells",0.381405175971474
"ACGAGGACAGGGAGAG-1","T cells","T cells",0.372672718906946
"ACGAGGAGTGCTAGCC-1","Dendritic cells","Dendritic cells",0.505069367723335
"ACGAGGAGTGGCCCTA-1","B cells","B cells",0.319388251938405
"ACGAGGAGTTCAGACT-1","NK cells","NK cells",0.399343988700538
"ACGAGGAGTTCCACGG-1","CD4+ T cells","CD4+ T cells",0.30917548166782
"ACGAGGATCAACCAAC-1","CD8+ T cells","CD8+ T cells",0.331439087742432
"ACGAGGATCGAATCCA-1","B cells","B cells",0.334342755155798
"ACGATACAGATCTGCT-1","CD4+ T cells","CD4+ T cells",0.3190019453086
"ACGATACAGCCACCTG-1","CD4+ T cells","CD4+ T cells",0.312978431283248
"ACGATACAGCTACCTA-1","Monocytes","Monocytes",0.457444929072018
"ACGATACAGCTCTCGG-1","B cells","B cells",0.333108236036752
"ACGATACAGCTGTTCA-1","CD8+ T cells","CD8+ T cells",0.340922316814074
"ACGATACAGGCGCTCT-1","Monocytes","Monocytes",0.480121760051329
"ACGATACCAACTGGCC-1","Monocytes","Monocytes",0.458306578375909
"ACGATACCACGGACAA-1","CD8+ T cells","CD8+ T cells",0.334712236633673
"ACGATACCACTCGACG-1","T cells","T cells",0.365166186386886
"ACGATACGTCTACCTC-1","B cells","B cells",0.329264366581195
"ACGATACGTTCACCTC-1","B cells","B cells",0.344688793728368
"ACGATACTCAGCAACT-1","Monocytes","Monocytes",0.443606313991497
"ACGATACTCATATCGG-1","CD4+ T cells","CD4+ T cells",0.31638451447097
"ACGATACTCCCTTGTG-1","B cells","B cells",0.33893029137836
"ACGATACTCCTACAGA-1","Monocytes","Monocytes",0.379195748416137
"ACGATACTCGCTTAGA-1","CD4+ T cells","CD4+ T cells",0.306929204411765
"ACGATACTCGGACAAG-1","Monocytes","Monocytes",0.381048789578797
"ACGATACTCGGATGTT-1","Monocytes","Monocytes",0.43834432399553
"ACGATGTAGCAGACTG-1","Monocytes","Monocytes",0.393096033872605
"ACGATGTAGCGATTCT-1","B cells","B cells",0.353125897160456
"ACGATGTAGGATATAC-1","CD4+ T cells","CD4+ T cells",0.314328982905406
"ACGATGTAGGCGACAT-1","CD4+ T cells","CD4+ T cells",0.321761792813796
"ACGATGTAGGGCATGT-1","Monocytes","Monocytes",0.4043140689802
"ACGATGTAGGGTTTCT-1","Dendritic cells","Dendritic cells",0.52341483366787
"ACGATGTAGTGCTGCC-1","T cells","T cells",0.355931760251824
"ACGATGTCAAACTGTC-1","CD8+ T cells","CD8+ T cells",0.38441844756068
"ACGATGTCAAGACACG-1","T cells","T cells",0.327002532834669
"ACGATGTCAATCCAAC-1","T cells","T cells",0.381691939619609
"ACGATGTCACAGCCCA-1","Monocytes","Monocytes",0.43325211445758
"ACGATGTCACCAGGTC-1","CD4+ T cells","CD4+ T cells",0.335689265422271
"ACGATGTCAGACACTT-1","NK cells","NK cells",0.423690634697659
"ACGATGTCAGTCAGAG-1","Monocytes","Monocytes",0.466851737367179
"ACGATGTCAGTCTTCC-1","B cells","B cells",0.318926494931611
"ACGATGTGTCAGTGGA-1","NK cells","NK cells",0.336430294832101
"ACGATGTGTCGCATAT-1","CD4+ T cells","CD4+ T cells",0.325296733015502
"ACGATGTGTCTGATTG-1","Monocytes","Monocytes",0.388995997811699
"ACGATGTGTTACAGAA-1","CD4+ T cells","CD4+ T cells",0.335214069868339
"ACGATGTTCAAGGCTT-1","Monocytes","Monocytes",0.298289615881627
"ACGATGTTCCATGAAC-1","Monocytes","Monocytes",0.455999698214474
"ACGATGTTCTCTTATG-1","NK cells","NK cells",0.431563998571946
"ACGCAGCAGACGCACA-1","Monocytes","Monocytes",0.427446072595266
"ACGCAGCAGAGTGAGA-1","CD4+ T cells","CD4+ T cells",0.307237627119072
"ACGCAGCCAACACCTA-1","Monocytes","Monocytes",0.505421341031325
"ACGCAGCCACAACGTT-1","Monocytes","Monocytes",0.430821936960179
"ACGCAGCCACGACTCG-1","CD4+ T cells","CD4+ T cells",0.343737157946475
"ACGCAGCCATGGGACA-1","T cells","T cells",0.389719585435155
"ACGCAGCGTAAACCTC-1","CD4+ T cells","CD4+ T cells",0.286158262491164
"ACGCAGCGTCATGCCG-1","CD4+ T cells","CD4+ T cells",0.289389246800487
"ACGCAGCGTCTACCTC-1","Dendritic cells","Dendritic cells",0.472441668041303
"ACGCAGCGTCTAGTCA-1","CD4+ T cells","CD4+ T cells",0.320924648277725
"ACGCAGCGTGTGACCC-1","T cells","T cells",0.487772909828669
"ACGCAGCGTTAAAGAC-1","B cells","B cells",0.326246584318865
"ACGCAGCGTTCAACCA-1","T cells","T cells",0.365741553193601
"ACGCAGCTCACGACTA-1","Monocytes","Monocytes",0.4624592671824
"ACGCAGCTCCATGCTC-1","CD4+ T cells","CD4+ T cells",0.304362678794429
"ACGCAGCTCCCAAGTA-1","B cells","B cells",0.325739718567957
"ACGCAGCTCGGCTACG-1","Monocytes","Monocytes",0.50647117587005
"ACGCAGCTCTAACCGA-1","CD8+ T cells","CD8+ T cells",0.3177859391864
"ACGCAGCTCTACTCAT-1","B cells","B cells",0.359427646037805
"ACGCCAGAGAACTCGG-1","Dendritic cells","Dendritic cells",0.555849352518038
"ACGCCAGAGAAGATTC-1","CD4+ T cells","CD4+ T cells",0.280859202307921
"ACGCCAGAGAGGTACC-1","T cells","T cells",0.367225843937961
"ACGCCAGAGGAGTCTG-1","T cells","T cells",0.324410456427579
"ACGCCAGAGGCCCTTG-1","Dendritic cells","Dendritic cells",0.491160927563064
"ACGCCAGAGGGAGTAA-1","CD4+ T cells","CD4+ T cells",0.338789466186522
"ACGCCAGAGGGTGTTG-1","NK cells","NK cells",0.398395159715251
"ACGCCAGCAAAGAATC-1","Monocytes","Monocytes",0.401393447212476
"ACGCCAGCACATAACC-1","Monocytes","Monocytes",0.346623143414272
"ACGCCAGCACCAGGCT-1","Monocytes","Monocytes",0.474175011097239
"ACGCCAGCACTACAGT-1","Monocytes","Monocytes",0.414353409584043
"ACGCCAGCATGCCTAA-1","CD4+ T cells","CD4+ T cells",0.263546755930717
"ACGCCAGGTACAGCAG-1","CD4+ T cells","CD4+ T cells",0.37675338422673
"ACGCCAGGTACATGTC-1","CD4+ T cells","CD4+ T cells",0.303819111065765
"ACGCCAGGTACCGGCT-1","CD4+ T cells","CD4+ T cells",0.305892387006843
"ACGCCAGGTAGAAAGG-1","Monocytes","Monocytes",0.391077894814275
"ACGCCAGGTAGGGTAC-1","Monocytes","Monocytes",0.44276011234562
"ACGCCAGGTGCGATAG-1","T cells","T cells",0.470397273259774
"ACGCCAGGTGGTAACG-1","T cells","T cells",0.323127559603448
"ACGCCAGGTTATCGGT-1","B cells","B cells",0.327148169498839
"ACGCCAGTCAGGTTCA-1","CD4+ T cells","CD4+ T cells",0.331637998872651
"ACGCCAGTCGCATGAT-1","B cells","B cells",0.344335235005723
"ACGCCAGTCTACCTGC-1","CD4+ T cells","CD4+ T cells",0.383542072821662
"ACGCCGAAGCTGAACG-1","CD8+ T cells","CD8+ T cells",0.275887751472471
"ACGCCGAAGTTTGCGT-1","CD4+ T cells","CD4+ T cells",0.327911966502703
"ACGCCGACAAGAAAGG-1","CD4+ T cells","CD4+ T cells",0.320020867340265
"ACGCCGACAAGACACG-1","T cells","T cells",0.283588306995984
"ACGCCGACACAGGCCT-1","Monocytes","Monocytes",0.357739760564248
"ACGCCGACACCACCAG-1","CD4+ T cells","CD4+ T cells",0.355079471924645
"ACGCCGACAGACAGGT-1","CD8+ T cells","CD8+ T cells",0.318978112581943
"ACGCCGACAGGGTATG-1","T cells","T cells",0.344026113080178
"ACGCCGACATCTATGG-1","T cells","T cells",0.301836198769799
"ACGCCGACATTGGCGC-1","Monocytes","Monocytes",0.468667117370186
"ACGCCGACATTGGGCC-1","Dendritic cells",NA,0.443426501742008
"ACGCCGAGTCATCCCT-1","B cells",NA,0.336491789498152
"ACGCCGAGTGTCTGAT-1","T cells","T cells",0.390081489068066
"ACGCCGATCACATAGC-1","Monocytes","Monocytes",0.419695300174442
"ACGCCGATCAGCAACT-1","B cells","B cells",0.305730627069298
"ACGCCGATCCACGTTC-1","B cells","B cells",0.315218362903406
"ACGCCGATCCCATTAT-1","T cells","T cells",0.322162676746032
"ACGCCGATCTCCCTGA-1","T cells","T cells",0.370824911382146
"ACGGAGAAGAAACGCC-1","CD4+ T cells","CD4+ T cells",0.392770557592783
"ACGGAGAAGCAGGCTA-1","Monocytes","Monocytes",0.526974911461791
"ACGGAGAAGCCCAACC-1","CD4+ T cells","CD4+ T cells",0.290451736768346
"ACGGAGAAGGTAGCTG-1","Monocytes","Monocytes",0.409114551954442
"ACGGAGAAGTAATCCC-1","Monocytes","Monocytes",0.394969818338757
"ACGGAGAAGTCCATAC-1","Monocytes","Monocytes",0.389641020353249
"ACGGAGAAGTCTTGCA-1","Monocytes","Monocytes",0.403927320008023
"ACGGAGAAGTGTTTGC-1","B cells","B cells",0.315303969493399
"ACGGAGACAATCAGAA-1","CD8+ T cells","CD8+ T cells",0.34466383322614
"ACGGAGACAATCCAAC-1","Monocytes","Monocytes",0.360246617149797
"ACGGAGACACCACCAG-1","Monocytes","Monocytes",0.397867150701631
"ACGGAGACAGGGTATG-1","B cells","B cells",0.343486094643426
"ACGGAGACAGTAAGCG-1","Monocytes","Monocytes",0.475855846664971
"ACGGAGACATTATCTC-1","T cells","T cells",0.312648953321824
"ACGGAGAGTAGGACAC-1","Monocytes","Monocytes",0.440511962271978
"ACGGAGAGTCAGAATA-1","CD8+ T cells","CD8+ T cells",0.306719051428931
"ACGGAGAGTGATGATA-1","B cells","B cells",0.322954642554196
"ACGGAGAGTGGCTCCA-1","B cells",NA,0.356170341184589
"ACGGAGAGTTCGTGAT-1","T cells","T cells",0.354765835350477
"ACGGAGAGTTGGAGGT-1","NK cells","NK cells",0.362427580120403
"ACGGAGAGTTTAAGCC-1","Monocytes","Monocytes",0.492784260676795
"ACGGAGAGTTTCGCTC-1","Monocytes","Monocytes",0.417402482804504
"ACGGAGATCACGGTTA-1","Monocytes","Monocytes",0.397760462003004
"ACGGAGATCAGCGATT-1","CD4+ T cells","CD4+ T cells",0.287688732978556
"ACGGAGATCATCGCTC-1","Monocytes","Monocytes",0.43493022757133
"ACGGAGATCCTCGCAT-1","B cells","B cells",0.379018576836325
"ACGGAGATCGCGTAGC-1","CD8+ T cells","CD8+ T cells",0.285764409162462
"ACGGAGATCGGACAAG-1","CD8+ T cells","CD8+ T cells",0.326009110453095
"ACGGCCAAGATATACG-1","CD4+ T cells","CD4+ T cells",0.32163830876116
"ACGGCCAAGCGTTCCG-1","B cells","B cells",0.320359798557606
"ACGGCCAAGGATGGAA-1","Monocytes","Monocytes",0.414657616666883
"ACGGCCAAGGCCATAG-1","B cells","B cells",0.302800330533284
"ACGGCCAAGGCCGAAT-1","T cells","T cells",0.31468158893258
"ACGGCCAAGGTACTCT-1","CD4+ T cells","CD4+ T cells",0.300162948517771
"ACGGCCAAGTACATGA-1","Monocytes","Monocytes",0.401813756598389
"ACGGCCACAACGCACC-1","T cells","T cells",0.364272122643207
"ACGGCCACAAGTTAAG-1","Dendritic cells","Dendritic cells",0.572835906518043
"ACGGCCACAATCTGCA-1","T cells","T cells",0.449472289192193
"ACGGCCACACACAGAG-1","CD8+ T cells","CD8+ T cells",0.329204798007233
"ACGGCCACACGAGGTA-1","Monocytes","Monocytes",0.393274712960487
"ACGGCCACAGGGTTAG-1","Monocytes","Monocytes",0.439938423098106
"ACGGCCAGTCTGGAGA-1","T cells","T cells",0.395753747793357
"ACGGCCAGTTCAACCA-1","Dendritic cells","Dendritic cells",0.44230537304617
"ACGGCCATCACTTATC-1","T cells","T cells",0.361009475036658
"ACGGCCATCTTCATGT-1","B cells","B cells",0.310266770166474
"ACGGCCATCTTTACAC-1","T cells","T cells",0.332306604670319
"ACGGGCTAGAATGTGT-1","Monocytes","Monocytes",0.417232107841159
"ACGGGCTAGCGCCTTG-1","Monocytes","Monocytes",0.410006042991735
"ACGGGCTAGCGCTTAT-1","Dendritic cells","Dendritic cells",0.54921731658568
"ACGGGCTAGGAGCGAG-1","CD4+ T cells","CD4+ T cells",0.348521500569645
"ACGGGCTAGGTGTTAA-1","CD4+ T cells","CD4+ T cells",0.310224714713752
"ACGGGCTAGTGGAGTC-1","CD8+ T cells","CD8+ T cells",0.267101667535188
"ACGGGCTCAAACCCAT-1","T cells","T cells",0.332071778605008
"ACGGGCTCAAGGCTCC-1","CD4+ T cells","CD4+ T cells",0.326457423673467
"ACGGGCTCAATAGCGG-1","T cells","T cells",0.340164479731854
"ACGGGCTCACACTGCG-1","B cells","B cells",0.320060178845952
"ACGGGCTCACATGGGA-1","T cells","T cells",0.325530448195055
"ACGGGCTCACCAGCAC-1","B cells","B cells",0.323752871700514
"ACGGGCTCAGTCAGAG-1","NK cells","NK cells",0.420373382180357
"ACGGGCTCAGTCGATT-1","CD4+ T cells","CD4+ T cells",0.325812032412983
"ACGGGCTCATTACGAC-1","Monocytes","Monocytes",0.431659843112377
"ACGGGCTGTAAACGCG-1","B cells","B cells",0.322949559980892
"ACGGGCTGTAGTACCT-1","CD8+ T cells","CD8+ T cells",0.333830358263469
"ACGGGCTGTATGGTTC-1","T cells","T cells",0.308768374600796
"ACGGGCTTCATTATCC-1","CD4+ T cells","CD4+ T cells",0.325660214438397
"ACGGGCTTCCAGTATG-1","Monocytes","Monocytes",0.450484970011027
"ACGGGCTTCCGGCACA-1","Monocytes","Monocytes",0.374739543097543
"ACGGGCTTCCTCATTA-1","CD4+ T cells","CD4+ T cells",0.277456898209012
"ACGGGCTTCTTTACGT-1","B cells","B cells",0.389318711605337
"ACGGGTCAGATCGATA-1","Monocytes","Monocytes",0.412668152548677
"ACGGGTCAGCAATATG-1","Monocytes","Monocytes",0.342547491449963
"ACGGGTCAGGGAGTAA-1","CD4+ T cells","CD4+ T cells",0.298500215410413
"ACGGGTCAGTGTACCT-1","T cells","T cells",0.340176275994435
"ACGGGTCAGTGTTTGC-1","CD4+ T cells","CD4+ T cells",0.332905508764222
"ACGGGTCGTCACCCAG-1","NK cells","NK cells",0.392102075066623
"ACGGGTCGTGTTCGAT-1","CD4+ T cells","CD4+ T cells",0.29408665086916
"ACGGGTCGTGTTGGGA-1","CD4+ T cells","CD4+ T cells",0.32071818032553
"ACGGGTCGTTCACGGC-1","B cells","B cells",0.381275175259079
"ACGGGTCGTTCAGCGC-1","CD8+ T cells","CD8+ T cells",0.330251262012368
"ACGGGTCTCTGAGGGA-1","CD4+ T cells","CD4+ T cells",0.357412529993365
"ACGGGTCTCTTTAGGG-1","Progenitors","Progenitors",0.215205938444427
"ACGTCAAAGATGCGAC-1","B cells","B cells",0.313217554525519
"ACGTCAAAGCACACAG-1","CD8+ T cells","CD8+ T cells",0.31492408597409
"ACGTCAAAGTCCGTAT-1","B cells","B cells",0.31049874268903
"ACGTCAAAGTTATCGC-1","CD4+ T cells","CD4+ T cells",0.329021113029792
"ACGTCAACAAATTGCC-1","Monocytes","Monocytes",0.462306094063228
"ACGTCAACAAGTCATC-1","Monocytes","Monocytes",0.459564334823046
"ACGTCAACAAGTTCTG-1","T cells","T cells",0.372881882995917
"ACGTCAACAATCGAAA-1","Monocytes","Monocytes",0.370168643389303
"ACGTCAACACGTGAGA-1","T cells","T cells",0.402048374868929
"ACGTCAACATAGGATA-1","Monocytes","Monocytes",0.407425605415277
"ACGTCAACATTACGAC-1","NK cells","NK cells",0.400629584020333
"ACGTCAAGTATCTGCA-1","Monocytes","Monocytes",0.576434676506734
"ACGTCAAGTCGACTGC-1","Monocytes","Monocytes",0.430454609311115
"ACGTCAAGTGGAAAGA-1","B cells","B cells",0.381412308872748
"ACGTCAAGTTAAAGTG-1","Monocytes","Monocytes",0.401076438512153
"ACGTCAAGTTAAGAAC-1","T cells","T cells",0.308997381918438
"ACGTCAATCCATGAAC-1","B cells","B cells",0.329248844915044
"ACGTCAATCCCGGATG-1","Dendritic cells","Dendritic cells",0.542345562567164
"ACGTCAATCGCGGATC-1","CD8+ T cells","CD8+ T cells",0.318345617092521
"ACGTCAATCGGTTAAC-1","T cells","T cells",0.325113917668596
"ACTATCTAGACTAAGT-1","T cells","T cells",0.330958120227537
"ACTATCTAGATGGGTC-1","NK cells","NK cells",0.384139433621323
"ACTATCTAGCTCCCAG-1","CD4+ T cells","CD4+ T cells",0.290279723146623
"ACTATCTAGCTGCAAG-1","NK cells","NK cells",0.371338310299034
"ACTATCTAGGAATTAC-1","B cells","B cells",0.361868366230044
"ACTATCTCAGCCTTTC-1","Dendritic cells","Dendritic cells",0.541426357209967
"ACTATCTCAGTCAGAG-1","T cells","T cells",0.363852706610444
"ACTATCTCATCTATGG-1","Dendritic cells","Dendritic cells",0.496586675586064
"ACTATCTCATGACGGA-1","T cells","T cells",0.332912011468735
"ACTATCTGTACTCAAC-1","Monocytes","Monocytes",0.4056118531126
"ACTATCTGTGGTCCGT-1","T cells","T cells",0.403719497826497
"ACTATCTGTGTCAATC-1","NK cells","NK cells",0.390600187243441
"ACTATCTGTGTTTGGT-1","Monocytes","Monocytes",0.338286803071674
"ACTATCTGTTACGGAG-1","B cells","B cells",0.329719578368969
"ACTATCTGTTATGCGT-1","T cells","T cells",0.327791958059486
"ACTATCTTCAGATAAG-1","Monocytes","Monocytes",0.524568305165917
"ACTATCTTCGCAGGCT-1","Monocytes","Monocytes",0.343570719576354
"ACTGAACAGAAGCCCA-1","CD4+ T cells","CD4+ T cells",0.301282146186075
"ACTGAACAGACCTAGG-1","T cells","T cells",0.363388633396795
"ACTGAACAGACGCACA-1","T cells","T cells",0.341044824448067
"ACTGAACAGGGTGTGT-1","B cells","B cells",0.33758632405531
"ACTGAACCAACTGGCC-1","Dendritic cells","Dendritic cells",0.51436218001028
"ACTGAACCACAGATTC-1","Monocytes","Monocytes",0.467001536180739
"ACTGAACCACGAGGTA-1","T cells","T cells",0.36932740622353
"ACTGAACCACTATCTT-1","T cells","T cells",0.338205968898447
"ACTGAACGTCCAGTAT-1","CD4+ T cells","CD4+ T cells",0.299289996225592
"ACTGAACTCCACTGGG-1","Monocytes","Monocytes",0.473049930291215
"ACTGAACTCCGAACGC-1","CD4+ T cells","CD4+ T cells",0.342016923446866
"ACTGAGTAGAGACGAA-1","T cells","T cells",0.385541537416755
"ACTGAGTAGGCATTGG-1","CD4+ T cells","CD4+ T cells",0.335305109936174
"ACTGAGTAGTATCGAA-1","Monocytes","Monocytes",0.475575343368734
"ACTGAGTCAACACCTA-1","Dendritic cells","Dendritic cells",0.564163370752109
"ACTGAGTCACCTCGGA-1","CD8+ T cells","CD8+ T cells",0.309094468864907
"ACTGAGTCAGCTGTTA-1","B cells","B cells",0.331635973828602
"ACTGAGTGTAAGCACG-1","CD8+ T cells","CD8+ T cells",0.307862604343436
"ACTGAGTGTACAGCAG-1","T cells","T cells",0.271320599211696
"ACTGAGTGTACCGTTA-1","T cells","T cells",0.363852991650502
"ACTGAGTGTCAAACTC-1","CD4+ T cells","CD4+ T cells",0.383976206419148
"ACTGAGTGTCAGTGGA-1","CD8+ T cells","CD8+ T cells",0.30115792652445
"ACTGAGTGTGACCAAG-1","B cells","B cells",0.351843882788939
"ACTGAGTGTGTATGGG-1","B cells","B cells",0.346672407606605
"ACTGAGTGTGTGGCTC-1","T cells","T cells",0.267305494550914
"ACTGAGTGTTACTGAC-1","NK cells","NK cells",0.365923349007737
"ACTGATGAGAAGAAGC-1","CD4+ T cells","CD4+ T cells",0.302273291628019
"ACTGATGAGATCCGAG-1","CD4+ T cells","CD4+ T cells",0.337653243614275
"ACTGATGAGCCCAACC-1","T cells","T cells",0.281032884391823
"ACTGATGAGCTAGTCT-1","T cells","T cells",0.38024163543739
"ACTGATGAGGAGTCTG-1","B cells","B cells",0.326023955690238
"ACTGATGAGTGCCATT-1","CD8+ T cells","CD8+ T cells",0.291743312353191
"ACTGATGAGTTAAGTG-1","CD8+ T cells","CD8+ T cells",0.320652168348173
"ACTGATGCAAACGCGA-1","CD8+ T cells","CD8+ T cells",0.277065772834543
"ACTGATGCAACTGGCC-1","B cells","B cells",0.394556062715518
"ACTGATGCACACCGAC-1","CD8+ T cells","CD8+ T cells",0.331819082021408
"ACTGATGCACTGAAGG-1","T cells","T cells",0.374895092147952
"ACTGATGCACTGTGTA-1","T cells","T cells",0.376965075328336
"ACTGATGCAGTCCTTC-1","Monocytes","Monocytes",0.461850152782759
"ACTGATGCAGTGACAG-1","B cells","B cells",0.30345247196868
"ACTGATGCATCGGGTC-1","Monocytes","Monocytes",0.479749280778207
"ACTGATGGTACGAAAT-1","Progenitors","Progenitors",0.450052084049353
"ACTGATGGTCTTGTCC-1","CD4+ T cells","CD4+ T cells",0.321297176877684
"ACTGATGTCACATGCA-1","Monocytes","Monocytes",0.397363478629928
"ACTGATGTCCGTTGTC-1","CD8+ T cells","CD8+ T cells",0.333644945576758
"ACTGATGTCGCCATAA-1","Monocytes","Monocytes",0.538384624424925
"ACTGATGTCGTCCAGG-1","CD4+ T cells","CD4+ T cells",0.343110987862579
"ACTGATGTCTTGCATT-1","CD4+ T cells","CD4+ T cells",0.362196709118443
"ACTGCTCAGAAACCAT-1","Monocytes","Monocytes",0.418843293613128
"ACTGCTCAGACAGAGA-1","CD4+ T cells","CD4+ T cells",0.300614226321197
"ACTGCTCAGAGTACCG-1","Monocytes","Monocytes",0.479099046047867
"ACTGCTCAGTGAACAT-1","T cells","T cells",0.314348183181552
"ACTGCTCCAAGCTGAG-1","CD8+ T cells","CD8+ T cells",0.324525810642467
"ACTGCTCCAAGGTGTG-1","CD8+ T cells","CD8+ T cells",0.335866879204165
"ACTGCTCCAGTATCTG-1","T cells","T cells",0.340024079280913
"ACTGCTCCATTCTCAT-1","CD4+ T cells","CD4+ T cells",0.303980881425268
"ACTGCTCGTACTCAAC-1","Monocytes","Monocytes",0.481901184846454
"ACTGCTCGTCGGCATC-1","CD4+ T cells","CD4+ T cells",0.285547610880453
"ACTGCTCGTCTCTTAT-1","CD4+ T cells","CD4+ T cells",0.319873116898477
"ACTGCTCGTGTGACCC-1","CD4+ T cells","CD4+ T cells",0.316581278437456
"ACTGCTCGTGTTTGTG-1","T cells","T cells",0.340211787526746
"ACTGCTCGTTCTGTTT-1","NK cells",NA,0.373949475420974
"ACTGCTCTCCCGACTT-1","Monocytes","Monocytes",0.516117558042815
"ACTGCTCTCCCTAATT-1","Monocytes","Monocytes",0.445183336815822
"ACTGCTCTCGAATGGG-1","CD4+ T cells","CD4+ T cells",0.322698756676987
"ACTGCTCTCGGATGGA-1","CD8+ T cells","CD8+ T cells",0.342457136396463
"ACTGCTCTCGGTTAAC-1","Monocytes","Monocytes",0.420843150394557
"ACTGCTCTCGTCGTTC-1","B cells","B cells",0.34400070736046
"ACTGCTCTCTGCGACG-1","CD4+ T cells","CD4+ T cells",0.342220999800271
"ACTGCTCTCTTGCCGT-1","T cells","T cells",0.363890165030586
"ACTGTCCAGATGGGTC-1","T cells","T cells",0.347800977726255
"ACTGTCCAGATGTTAG-1","T cells","T cells",0.389319719131781
"ACTGTCCAGCACGCCT-1","T cells","T cells",0.441118866915699
"ACTGTCCAGCAGACTG-1","Monocytes","Monocytes",0.514237426130525
"ACTGTCCAGCGCCTTG-1","CD4+ T cells","CD4+ T cells",0.303321496620273
"ACTGTCCAGCGCTTAT-1","T cells","T cells",0.357451686518292
"ACTGTCCAGCGTTGCC-1","Monocytes","Monocytes",0.46338362018376
"ACTGTCCAGTGTTGAA-1","B cells","B cells",0.34781046519013
"ACTGTCCCATAAGACA-1","B cells","B cells",0.368327023945528
"ACTGTCCGTACGAAAT-1","CD4+ T cells","CD4+ T cells",0.318063098220036
"ACTGTCCGTCAGTGGA-1","Monocytes","Monocytes",0.408463303051174
"ACTGTCCGTTCGGCAC-1","T cells","T cells",0.366117651725664
"ACTGTCCTCAAGGTAA-1","NK cells",NA,0.300934180034711
"ACTGTCCTCATAAAGG-1","Monocytes","Monocytes",0.422637063260427
"ACTGTCCTCATCGCTC-1","Monocytes","Monocytes",0.51393128671316
"ACTGTCCTCGGATGGA-1","CD4+ T cells","CD4+ T cells",0.325125886526232
"ACTGTCCTCTAGAGTC-1","CD4+ T cells","CD4+ T cells",0.346645341085866
"ACTTACTAGAGTAAGG-1","Dendritic cells",NA,0.348299932901176
"ACTTACTAGCCGGTAA-1","CD4+ T cells","CD4+ T cells",0.340700686740595
"ACTTACTAGGATCGCA-1","NK cells","NK cells",0.376188618363449
"ACTTACTAGGCATGTG-1","Monocytes","Monocytes",0.406874295265338
"ACTTACTAGTACTTGC-1","Monocytes","Monocytes",0.405480776931344
"ACTTACTCAAGTAATG-1","Progenitors","Progenitors",0.263197005148891
"ACTTACTCAATCAGAA-1","Monocytes","Monocytes",0.360600516786079
"ACTTACTCACACCGCA-1","Monocytes","Monocytes",0.447874470341546
"ACTTACTCATCATCCC-1","Monocytes","Monocytes",0.424460120370878
"ACTTACTGTACTTGAC-1","CD8+ T cells","CD8+ T cells",0.336204930673138
"ACTTACTGTCCCTACT-1","T cells","T cells",0.341502511621669
"ACTTACTGTCGTTGTA-1","T cells","T cells",0.302234535901094
"ACTTACTGTGACGCCT-1","CD4+ T cells","CD4+ T cells",0.286792999166046
"ACTTACTGTGAGCGAT-1","B cells","B cells",0.364635636979331
"ACTTACTGTTAAGGGC-1","CD8+ T cells","CD8+ T cells",0.316694954141642
"ACTTACTGTTCTGAAC-1","CD4+ T cells","CD4+ T cells",0.32510087009623
"ACTTACTTCAGAGGTG-1","B cells","B cells",0.323898955103294
"ACTTACTTCCCACTTG-1","Dendritic cells","Dendritic cells",0.546635811924298
"ACTTACTTCCTTAATC-1","CD8+ T cells","CD8+ T cells",0.286062341223374
"ACTTACTTCGCCCTTA-1","T cells","T cells",0.32569597622168
"ACTTACTTCGTTGACA-1","B cells","B cells",0.396430215077027
"ACTTACTTCTGGTTCC-1","T cells","T cells",0.295042108899956
"ACTTGTTAGACTTGAA-1","Dendritic cells",NA,0.407331425198324
"ACTTGTTAGAGACTAT-1","NK cells","NK cells",0.385190419954775
"ACTTGTTAGCAGACTG-1","Monocytes","Monocytes",0.373870494779215
"ACTTGTTAGGATCGCA-1","NK cells","NK cells",0.387767685402657
"ACTTGTTAGGATTCGG-1","Monocytes","Monocytes",0.454889665080328
"ACTTGTTAGTTAGGTA-1","Monocytes","Monocytes",0.399355747468323
"ACTTGTTCACCAGATT-1","T cells","T cells",0.325722250414908
"ACTTGTTCACCATCCT-1","B cells","B cells",0.331186515547442
"ACTTGTTCAGACTCGC-1","T cells","T cells",0.331450789382311
"ACTTGTTCAGGACGTA-1","B cells","B cells",0.365009652092542
"ACTTGTTCATATACGC-1","CD4+ T cells","CD4+ T cells",0.301988590897203
"ACTTGTTCATCCTTGC-1","Monocytes","Monocytes",0.432127731443679
"ACTTGTTCATTGGTAC-1","T cells","T cells",0.376894026142354
"ACTTGTTGTCCCGACA-1","Monocytes","Monocytes",0.352035082199384
"ACTTGTTGTGCACCAC-1","CD4+ T cells","CD4+ T cells",0.294261443488372
"ACTTGTTGTGCTGTAT-1","CD4+ T cells","CD4+ T cells",0.322432489938666
"ACTTGTTGTGTTAAGA-1","CD8+ T cells","CD8+ T cells",0.305121604981561
"ACTTGTTGTTGCTCCT-1","Dendritic cells","Dendritic cells",0.545619935027371
"ACTTGTTGTTTGGGCC-1","Monocytes","Monocytes",0.46240114032311
"ACTTGTTTCCCTGACT-1","CD4+ T cells","CD4+ T cells",0.290766482333039
"ACTTGTTTCCTCAACC-1","B cells","B cells",0.321079032791087
"ACTTGTTTCTCCAACC-1","T cells","T cells",0.382684880811657
"ACTTGTTTCTCTTATG-1","Monocytes","Monocytes",0.480233528667675
"ACTTGTTTCTGGTGTA-1","T cells","T cells",0.282403819166135
"ACTTGTTTCTTCGGTC-1","Monocytes","Monocytes",0.490905433178819
"ACTTTCAAGCACCGTC-1","B cells","B cells",0.349149127510727
"ACTTTCAAGCCCAACC-1","B cells","B cells",0.310783116670865
"ACTTTCACACGTAAGG-1","CD8+ T cells","CD8+ T cells",0.309108144999538
"ACTTTCACACGTCAGC-1","CD4+ T cells","CD4+ T cells",0.33030339966791
"ACTTTCACACTGAAGG-1","T cells","T cells",0.339083414802641
"ACTTTCACAGACTCGC-1","B cells","B cells",0.394007292293465
"ACTTTCACAGGTTTCA-1","CD8+ T cells","CD8+ T cells",0.296432854217337
"ACTTTCACATCACAAC-1","T cells","T cells",0.334072320873141
"ACTTTCAGTCATGCCG-1","B cells","B cells",0.32041226996139
"ACTTTCAGTCGCCATG-1","CD4+ T cells","CD4+ T cells",0.369240311615207
"ACTTTCATCAATCTCT-1","Monocytes","Monocytes",0.480002998956074
"ACTTTCATCACTCTTA-1","T cells","T cells",0.310413852692724
"ACTTTCATCACTGGGC-1","T cells","T cells",0.367855688456092
"ACTTTCATCGAGGTAG-1","CD4+ T cells","CD4+ T cells",0.353582418173379
"ACTTTCATCTTCGGTC-1","Monocytes","Monocytes",0.340384972208469
"AGAATAGAGAGTAATC-1","Dendritic cells","Dendritic cells",0.518369874807391
"AGAATAGAGCTGCAAG-1","T cells","T cells",0.377584536896534
"AGAATAGAGGAGTTGC-1","Monocytes","Monocytes",0.402881672774275
"AGAATAGAGGCTATCT-1","CD4+ T cells","CD4+ T cells",0.329458615270585
"AGAATAGAGTCTTGCA-1","CD4+ T cells","CD4+ T cells",0.330728613539435
"AGAATAGCAATGTAAG-1","NK cells","NK cells",0.346551368234144
"AGAATAGCAATTCCTT-1","T cells","T cells",0.446766728696579
"AGAATAGCACACCGAC-1","T cells","T cells",0.409588731664266
"AGAATAGCAGATGGCA-1","T cells","T cells",0.294013451613362
"AGAATAGCAGTTAACC-1","Monocytes","Monocytes",0.370144489619087
"AGAATAGCATTCTTAC-1","CD4+ T cells","CD4+ T cells",0.336202630225961
"AGAATAGGTAGCAAAT-1","Dendritic cells","Dendritic cells",0.540699685770076
"AGAATAGGTGCCTTGG-1","CD4+ T cells","CD4+ T cells",0.302061524766603
"AGAATAGGTTCAACCA-1","T cells","T cells",0.348766390312017
"AGAATAGTCAACCAAC-1","CD4+ T cells","CD4+ T cells",0.364621034393488
"AGAATAGTCACCACCT-1","T cells","T cells",0.326839586322202
"AGAATAGTCCACTGGG-1","Monocytes","Monocytes",0.418504084352622
"AGAATAGTCGTGGGAA-1","Dendritic cells","Dendritic cells",0.52426338549642
"AGAATAGTCTGGTTCC-1","CD4+ T cells","CD4+ T cells",0.299497531951295
"AGACGTTAGCGATTCT-1","T cells","T cells",0.300046815987121
"AGACGTTAGGCTAGAC-1","Monocytes","Monocytes",0.473619969497227
"AGACGTTAGTGAAGTT-1","CD4+ T cells","CD4+ T cells",0.309573902571717
"AGACGTTAGTGCAAGC-1","CD4+ T cells","CD4+ T cells",0.315628562562279
"AGACGTTAGTGTACCT-1","B cells","B cells",0.319178939914677
"AGACGTTCAAAGGTGC-1","CD4+ T cells","CD4+ T cells",0.3639693318215
"AGACGTTCACGCCAGT-1","T cells","T cells",0.37067541529446
"AGACGTTCACTACAGT-1","CD8+ T cells","CD8+ T cells",0.308501560389478
"AGACGTTCAGGATCGA-1","CD8+ T cells","CD8+ T cells",0.355943879621297
"AGACGTTGTAAGTAGT-1","T cells","T cells",0.35227344804816
"AGACGTTGTAAGTGGC-1","Monocytes","Monocytes",0.402827772131633
"AGACGTTGTACTTAGC-1","Monocytes","Monocytes",0.344801988226467
"AGACGTTGTCCCTACT-1","CD8+ T cells","CD8+ T cells",0.376023446693525
"AGACGTTGTTGAGGTG-1","CD4+ T cells","CD4+ T cells",0.329396049880681
"AGACGTTTCAGTGTTG-1","B cells","B cells",0.308330739109634
"AGACGTTTCCAAATGC-1","CD4+ T cells","CD4+ T cells",0.347278710322431
"AGACGTTTCGGTCCGA-1","Monocytes","Monocytes",0.390529272937262
"AGACGTTTCGTCCGTT-1","T cells","T cells",0.346305703382219
"AGAGCGAAGCTGTCTA-1","Monocytes","Monocytes",0.455854294126863
"AGAGCGAAGGATGGTC-1","Monocytes","Monocytes",0.46762319602409
"AGAGCGAAGTGAACGC-1","T cells","T cells",0.460337207863214
"AGAGCGAAGTTGAGTA-1","CD4+ T cells","CD4+ T cells",0.312063455411725
"AGAGCGACATATACGC-1","B cells","B cells",0.337154431211268
"AGAGCGACATGTTCCC-1","B cells","B cells",0.315821417017911
"AGAGCGAGTCCATGAT-1","Dendritic cells","Dendritic cells",0.559723439590037
"AGAGCGAGTCTGCCAG-1","T cells","T cells",0.366337723686476
"AGAGCGATCACTCTTA-1","CD4+ T cells","CD4+ T cells",0.307204783943566
"AGAGCGATCAGGCCCA-1","Monocytes","Monocytes",0.517168411716859
"AGAGCTTAGAACAATC-1","B cells","B cells",0.332401471424481
"AGAGCTTAGCAGGTCA-1","CD4+ T cells","CD4+ T cells",0.353572007533627
"AGAGCTTAGCTGTCTA-1","CD8+ T cells","CD8+ T cells",0.335756025082461
"AGAGCTTAGCTTCGCG-1","T cells","T cells",0.336419357138854
"AGAGCTTAGGATATAC-1","CD8+ T cells","CD8+ T cells",0.316645529112129
"AGAGCTTAGGCTACGA-1","NK cells","NK cells",0.340532867578523
"AGAGCTTCAAGGTTCT-1","Monocytes",NA,0.270226543469079
"AGAGCTTCACATTAGC-1","Dendritic cells","Dendritic cells",0.550739810106509
"AGAGCTTCACCAGATT-1","Dendritic cells","Dendritic cells",0.539354451143993
"AGAGCTTCACGGTGTC-1","CD8+ T cells","CD8+ T cells",0.297200522571584
"AGAGCTTCAGATCGGA-1","CD8+ T cells","CD8+ T cells",0.326828624703224
"AGAGCTTCATGGTCTA-1","Monocytes","Monocytes",0.413667515363394
"AGAGCTTCATGTCTCC-1","T cells","T cells",0.303021271621219
"AGAGCTTGTCGACTGC-1","CD4+ T cells","CD4+ T cells",0.309804196424744
"AGAGCTTGTGCACGAA-1","Dendritic cells","Dendritic cells",0.534989428265103
"AGAGCTTGTGCTAGCC-1","CD8+ T cells","CD8+ T cells",0.33457683931166
"AGAGCTTGTTATCACG-1","T cells","T cells",0.338005412723429
"AGAGCTTGTTCGCTAA-1","Monocytes","Monocytes",0.4914181962246
"AGAGCTTTCAGAGACG-1","B cells","B cells",0.296148092776453
"AGAGCTTTCATGTAGC-1","Monocytes","Monocytes",0.423154201027871
"AGAGCTTTCCAAACTG-1","T cells","T cells",0.390311565939348
"AGAGCTTTCCTTTACA-1","CD8+ T cells","CD8+ T cells",0.355867556842063
"AGAGCTTTCGTACCGG-1","Monocytes","Monocytes",0.421877382083791
"AGAGCTTTCGTTACGA-1","CD8+ T cells","CD8+ T cells",0.295547959418732
"AGAGCTTTCTAACTGG-1","Dendritic cells","Dendritic cells",0.558340478892419
"AGAGCTTTCTAGCACA-1","CD4+ T cells","CD4+ T cells",0.301306772970006
"AGAGCTTTCTATCCTA-1","Monocytes","Monocytes",0.442517731773105
"AGAGCTTTCTGGAGCC-1","B cells","B cells",0.356520304938665
"AGAGTGGAGGACTGGT-1","T cells","T cells",0.376239517815397
"AGAGTGGCAAGCCCAC-1","Dendritic cells","Dendritic cells",0.489753653424752
"AGAGTGGCACTCTGTC-1","Dendritic cells","Dendritic cells",0.497050361247744
"AGAGTGGCAGAGTGTG-1","CD8+ T cells","CD8+ T cells",0.341307550059907
"AGAGTGGCAGGATCGA-1","B cells","B cells",0.26493189802809
"AGAGTGGCAGGGTTAG-1","T cells","T cells",0.363200034969956
"AGAGTGGCAGGTGCCT-1","Dendritic cells","Dendritic cells",0.468867970632779
"AGAGTGGCAGGTGGAT-1","Dendritic cells","Dendritic cells",0.460668553302431
"AGAGTGGCATGTAAGA-1","CD4+ T cells","CD4+ T cells",0.334095766794756
"AGAGTGGCATGTAGTC-1","CD4+ T cells","CD4+ T cells",0.287714138806572
"AGAGTGGGTACCGCTG-1","B cells","B cells",0.327579351154977
"AGAGTGGGTACTCTCC-1","CD8+ T cells","CD8+ T cells",0.326677630381705
"AGAGTGGGTCAGATAA-1","NK cells","NK cells",0.40788990658242
"AGAGTGGGTCCGACGT-1","Monocytes","Monocytes",0.450591298782512
"AGAGTGGGTGCAACTT-1","Monocytes","Monocytes",0.358281073820304
"AGAGTGGGTTCTGGTA-1","CD8+ T cells","CD8+ T cells",0.317283075841479
"AGAGTGGGTTTACTCT-1","CD4+ T cells","CD4+ T cells",0.358787830841215
"AGAGTGGTCAGTTTGG-1","CD8+ T cells","CD8+ T cells",0.319352249519464
"AGAGTGGTCATCGATG-1","CD8+ T cells","CD8+ T cells",0.264716742246713
"AGAGTGGTCGGAGCAA-1","Dendritic cells","Dendritic cells",0.562082978650467
"AGAGTGGTCTGGTATG-1","CD4+ T cells","CD4+ T cells",0.340068127934155
"AGAGTGGTCTTGACGA-1","CD8+ T cells","CD8+ T cells",0.300722024766646
"AGAGTGGTCTTGTACT-1","Monocytes","Monocytes",0.394125378767503
"AGATCTGAGCTGAACG-1","Dendritic cells","Dendritic cells",0.566456850625505
"AGATCTGAGGTACTCT-1","B cells","B cells",0.334810573875353
"AGATCTGCAACTGCTA-1","CD4+ T cells","CD4+ T cells",0.327889271554081
"AGATCTGCACCAGCAC-1","Dendritic cells","Dendritic cells",0.568497372915116
"AGATCTGCACCTGGTG-1","Monocytes","Monocytes",0.42488580771008
"AGATCTGCAGGGATTG-1","CD4+ T cells","CD4+ T cells",0.372191970536824
"AGATCTGGTAGCCTCG-1","CD4+ T cells","CD4+ T cells",0.326007003973765
"AGATCTGGTGCCTGGT-1","CD4+ T cells","CD4+ T cells",0.333590825853319
"AGATCTGGTGTGCGTC-1","B cells","B cells",0.421453866130094
"AGATCTGGTTAAAGAC-1","T cells","T cells",0.38484004622305
"AGATCTGTCAACCATG-1","B cells","B cells",0.320151163312628
"AGATCTGTCACCCTCA-1","Monocytes","Monocytes",0.3460858721837
"AGATCTGTCTTTCCTC-1","CD4+ T cells","CD4+ T cells",0.318966847277236
"AGATTGCAGGATTCGG-1","T cells","T cells",0.402745149319586
"AGATTGCCAATGAAAC-1","T cells","T cells",0.35346039052107
"AGATTGCCACCCATTC-1","B cells",NA,0.332925797584685
"AGATTGCCACGGATAG-1","CD4+ T cells","CD4+ T cells",0.326701484108166
"AGATTGCCACTTAACG-1","B cells","B cells",0.350984033452119
"AGATTGCCAGTAGAGC-1","CD4+ T cells","CD4+ T cells",0.329577723320177
"AGATTGCCATCGACGC-1","Monocytes","Monocytes",0.520257214364538
"AGATTGCCATGTTCCC-1","Monocytes","Monocytes",0.414233271548863
"AGATTGCGTATTAGCC-1","CD4+ T cells","CD4+ T cells",0.328723489857805
"AGATTGCGTCAGGACA-1","T cells","T cells",0.397210435744744
"AGATTGCGTGATAAAC-1","T cells","T cells",0.355608208232311
"AGATTGCGTTGCCTCT-1","CD4+ T cells","CD4+ T cells",0.32384640670187
"AGATTGCTCACCACCT-1","T cells","T cells",0.315386473537346
"AGATTGCTCAGGTAAA-1","CD8+ T cells","CD8+ T cells",0.379155668411457
"AGATTGCTCAGTTGAC-1","CD4+ T cells","CD4+ T cells",0.315166179784787
"AGATTGCTCCTACAGA-1","B cells","B cells",0.331912919309815
"AGATTGCTCCTTTACA-1","CD4+ T cells","CD4+ T cells",0.364253229347524
"AGATTGCTCTGGTTCC-1","CD8+ T cells","CD8+ T cells",0.30788861096824
"AGATTGCTCTTCGAGA-1","NK cells","NK cells",0.355390751576762
"AGCAGCCAGAGAACAG-1","T cells","T cells",0.322350212911486
"AGCAGCCAGAGCTTCT-1","CD4+ T cells","CD4+ T cells",0.285718941586707
"AGCAGCCAGTGTGAAT-1","Monocytes","Monocytes",0.425895053763515
"AGCAGCCCAAGTCTGT-1","CD4+ T cells","CD4+ T cells",0.316881510339989
"AGCAGCCCACCCATGG-1","B cells","B cells",0.33103843163445
"AGCAGCCCACGGTAAG-1","Monocytes","Monocytes",0.421903544535603
"AGCAGCCCACTTAAGC-1","Monocytes","Monocytes",0.43072926284891
"AGCAGCCCAGTCTTCC-1","B cells","B cells",0.298041793814398
"AGCAGCCGTAACGCGA-1","NK cells","NK cells",0.418184356892489
"AGCAGCCGTAGGACAC-1","CD4+ T cells","CD4+ T cells",0.328924850923023
"AGCAGCCGTCTAAAGA-1","T cells","T cells",0.332191074578662
"AGCAGCCGTTATCCGA-1","CD8+ T cells","CD8+ T cells",0.331279178328122
"AGCAGCCGTTTGGCGC-1","B cells",NA,0.354848722590675
"AGCAGCCTCACCATAG-1","B cells","B cells",0.355673703953228
"AGCAGCCTCCATGAGT-1","CD4+ T cells","CD4+ T cells",0.314599522701898
"AGCAGCCTCCCACTTG-1","Monocytes","Monocytes",0.492379709369156
"AGCAGCCTCCTGTACC-1","CD4+ T cells","CD4+ T cells",0.282469136490205
"AGCAGCCTCGGAAATA-1","CD4+ T cells","CD4+ T cells",0.347598317412335
"AGCAGCCTCGTGGTCG-1","T cells","T cells",0.362479475275075
"AGCATACAGACACTAA-1","B cells","B cells",0.334244964269417
"AGCATACAGCCTTGAT-1","CD8+ T cells","CD8+ T cells",0.339094627338173
"AGCATACAGGCTACGA-1","Monocytes","Monocytes",0.419655423745529
"AGCATACAGGGAGTAA-1","CD4+ T cells","CD4+ T cells",0.311244261979033
"AGCATACAGGGTTTCT-1","Monocytes","Monocytes",0.40623316325866
"AGCATACAGGTGCACA-1","CD4+ T cells","CD4+ T cells",0.294821469870777
"AGCATACAGTGCGATG-1","Monocytes","Monocytes",0.383080062025912
"AGCATACAGTGGAGTC-1","T cells","T cells",0.349272607946056
"AGCATACCAAAGCAAT-1","Monocytes","Monocytes",0.388929233577896
"AGCATACCAATGACCT-1","Monocytes","Monocytes",0.471867299966483
"AGCATACCAGGTCGTC-1","Monocytes","Monocytes",0.346975384191953
"AGCATACCATGACGGA-1","Monocytes","Monocytes",0.457950240640068
"AGCATACCATGCTGGC-1","Dendritic cells","Dendritic cells",0.56355336572251
"AGCATACGTCGCTTTC-1","Monocytes","Monocytes",0.503380177761276
"AGCATACGTGAGTGAC-1","Dendritic cells","Dendritic cells",0.5010606873482
"AGCATACTCACGCGGT-1","B cells","B cells",0.326743768838289
"AGCATACTCCATTCTA-1","B cells","B cells",0.343370512591014
"AGCATACTCGCTGATA-1","CD4+ T cells","CD4+ T cells",0.281665291972418
"AGCATACTCTACTCAT-1","B cells","B cells",0.350017944112069
"AGCCTAAAGAGATGAG-1","T cells","T cells",0.340150177304253
"AGCCTAAAGATAGTCA-1","CD8+ T cells","CD8+ T cells",0.284264741961918
"AGCCTAAAGATTACCC-1","Monocytes","Monocytes",0.357409093852407
"AGCCTAAAGCAATCTC-1","B cells","B cells",0.288741226261435
"AGCCTAAAGCTGTCTA-1","CD4+ T cells","CD4+ T cells",0.323524762452877
"AGCCTAAAGGCGATAC-1","CD4+ T cells","CD4+ T cells",0.293221396482186
"AGCCTAAAGTAGCCGA-1","NK cells","NK cells",0.381435420011895
"AGCCTAAAGTCGATAA-1","Monocytes","Monocytes",0.39772915071317
"AGCCTAAAGTGAATTG-1","Monocytes","Monocytes",0.420675063737982
"AGCCTAACAATCAGAA-1","CD8+ T cells","CD8+ T cells",0.326572691822995
"AGCCTAACACAGATTC-1","CD4+ T cells","CD4+ T cells",0.382314407676527
"AGCCTAACACATCCGG-1","CD4+ T cells","CD4+ T cells",0.303053691135304
"AGCCTAACACTATCTT-1","CD4+ T cells","CD4+ T cells",0.348716621792281
"AGCCTAAGTAAGGGAA-1","CD8+ T cells","CD8+ T cells",0.35256991348851
"AGCCTAAGTATATGAG-1","Monocytes","Monocytes",0.521060789276602
"AGCCTAAGTCTAAAGA-1","Monocytes","Monocytes",0.468378068088436
"AGCCTAAGTGCTCTTC-1","Monocytes","Monocytes",0.396763005002774
"AGCCTAATCACATGCA-1","Monocytes","Monocytes",0.447155761229953
"AGCCTAATCATGCTCC-1","T cells","T cells",0.356137496526925
"AGCCTAATCCCGGATG-1","B cells","B cells",0.328221775570039
"AGCGGTCAGAAGGTGA-1","T cells","T cells",0.307864898444177
"AGCGGTCAGAGCTGGT-1","B cells","B cells",0.280061357786689
"AGCGGTCAGCTGGAAC-1","T cells","T cells",0.380634433912661
"AGCGGTCCAATGTAAG-1","Monocytes","Monocytes",0.351932227735506
"AGCGGTCCACAGTCGC-1","T cells","T cells",0.28952152528233
"AGCGGTCCACCAGGCT-1","T cells","T cells",0.379899335659639
"AGCGGTCCACCATCCT-1","T cells","T cells",0.344805105890852
"AGCGGTCCAGTGGAGT-1","Monocytes","Monocytes",0.392917251247299
"AGCGGTCCATACTCTT-1","Monocytes","Monocytes",0.463220125885291
"AGCGGTCCATATGCTG-1","Monocytes","Monocytes",0.42652555581112
"AGCGGTCCATGTCTCC-1","T cells","T cells",0.38841636305556
"AGCGGTCGTATTAGCC-1","CD4+ T cells","CD4+ T cells",0.309153942413864
"AGCGGTCGTCCTAGCG-1","CD8+ T cells","CD8+ T cells",0.312850550379915
"AGCGGTCGTGGCCCTA-1","T cells","T cells",0.386689015654362
"AGCGGTCGTGGGTCAA-1","Monocytes","Monocytes",0.473045463270406
"AGCGGTCGTGGTCTCG-1","CD8+ T cells","CD8+ T cells",0.343528313888238
"AGCGGTCGTGGTGTAG-1","Monocytes","Monocytes",0.395412115937708
"AGCGGTCGTTTGACTG-1","CD8+ T cells","CD8+ T cells",0.393555894876841
"AGCGGTCTCCGAGCCA-1","CD4+ T cells","CD4+ T cells",0.372057897932596
"AGCGGTCTCGTGGGAA-1","Monocytes","Monocytes",0.434640944940279
"AGCGTATAGAAACGAG-1","Monocytes","Monocytes",0.464939232960704
"AGCGTATAGACCGGAT-1","Monocytes","Monocytes",0.404091039614316
"AGCGTATAGATAGGAG-1","T cells","T cells",0.380449106814515
"AGCGTATAGGCAGGTT-1","CD8+ T cells","CD8+ T cells",0.330962647628971
"AGCGTATAGTACGCCC-1","Monocytes","Monocytes",0.350876179363617
"AGCGTATAGTTTAGGA-1","Monocytes","Monocytes",0.467501339123439
"AGCGTATCACAAGACG-1","Monocytes","Monocytes",0.49851793584865
"AGCGTATCACAGACTT-1","Monocytes","Monocytes",0.412795644058288
"AGCGTATCACATAACC-1","CD4+ T cells","CD4+ T cells",0.373665288778037
"AGCGTATCACCTCGGA-1","CD4+ T cells","CD4+ T cells",0.330478540935528
"AGCGTATCACGTGAGA-1","T cells","T cells",0.32417848719725
"AGCGTATCAGTGAGTG-1","T cells","T cells",0.37490625579684
"AGCGTATGTACCGTAT-1","Monocytes","Monocytes",0.364445350919647
"AGCGTATGTGGTAACG-1","CD4+ T cells","CD4+ T cells",0.340765969587738
"AGCGTATTCAGCTTAG-1","B cells","B cells",0.358574540376654
"AGCGTATTCCCAACGG-1","T cells","T cells",0.343702631459478
"AGCGTATTCCTTGACC-1","Monocytes","Monocytes",0.407261838996459
"AGCGTATTCGCGCCAA-1","B cells","B cells",0.315678023520519
"AGCGTATTCTCACATT-1","T cells","T cells",0.414290322367041
"AGCGTCGAGATGTAAC-1","Dendritic cells","Dendritic cells",0.531578040905599
"AGCGTCGAGTTAACGA-1","B cells","B cells",0.302477014951384
"AGCGTCGAGTTCGCAT-1","CD4+ T cells","CD4+ T cells",0.341770559968244
"AGCGTCGGTCCAAGTT-1","B cells","B cells",0.330147821435159
"AGCGTCGGTTGGAGGT-1","Monocytes","Monocytes",0.36286556870951
"AGCGTCGTCACCGGGT-1","CD8+ T cells","CD8+ T cells",0.302027725429541
"AGCGTCGTCCTTGACC-1","CD4+ T cells","CD4+ T cells",0.272444008729707
"AGCGTCGTCGTGACAT-1","T cells","T cells",0.343020095557424
"AGCGTCGTCTCTGTCG-1","Monocytes","Monocytes",0.333835017078574
"AGCGTCGTCTGCAGTA-1","Monocytes","Monocytes",0.41583610892025
"AGCGTCGTCTTGTACT-1","CD8+ T cells","CD8+ T cells",0.292938740797594
"AGCTCCTAGACTACAA-1","B cells","B cells",0.336472868659596
"AGCTCCTAGCCCAATT-1","CD4+ T cells","CD4+ T cells",0.315058178266603
"AGCTCCTAGCTCAACT-1","Monocytes","Monocytes",0.335738766791628
"AGCTCCTAGGTGACCA-1","B cells","B cells",0.344008970175913
"AGCTCCTAGTCGAGTG-1","CD4+ T cells","CD4+ T cells",0.331682612251267
"AGCTCCTCAAGGACTG-1","T cells","T cells",0.330750494590079
"AGCTCCTCAAGTAGTA-1","CD4+ T cells","CD4+ T cells",0.331766765331503
"AGCTCCTCAATGGAGC-1","B cells","B cells",0.305051997154996
"AGCTCCTCACCTATCC-1","T cells","T cells",0.336954874304763
"AGCTCCTCACCTGGTG-1","B cells","B cells",0.346850105501996
"AGCTCCTCAGCGTTCG-1","NK cells","NK cells",0.39924786473432
"AGCTCCTGTACATGTC-1","CD8+ T cells","CD8+ T cells",0.291357422235882
"AGCTCCTGTACCGTAT-1","T cells","T cells",0.340584597322159
"AGCTCCTGTTCGGGCT-1","Dendritic cells","Dendritic cells",0.502832512734622
"AGCTCCTGTTGCCTCT-1","CD4+ T cells","CD4+ T cells",0.306964851183531
"AGCTCCTTCCAGAGGA-1","B cells","B cells",0.306850015479389
"AGCTCCTTCGCTTGTC-1","Monocytes","Monocytes",0.457340670432899
"AGCTCCTTCTCAAGTG-1","B cells","B cells",0.33115329932685
"AGCTCTCAGTACGTTC-1","T cells","T cells",0.423118498784751
"AGCTCTCCAAGGTTCT-1","Monocytes","Monocytes",0.441743498500084
"AGCTCTCCAGCTGGCT-1","B cells","B cells",0.369048600837305
"AGCTCTCCAGTCGTGC-1","CD8+ T cells","CD8+ T cells",0.329133206041338
"AGCTCTCCATGTAGTC-1","CD4+ T cells","CD4+ T cells",0.287759814430307
"AGCTCTCGTAGGGACT-1","NK cells","NK cells",0.375313419386484
"AGCTCTCGTCGAAAGC-1","B cells","B cells",0.335523542572163
"AGCTCTCGTGCCTGCA-1","T cells","T cells",0.358841383706448
"AGCTCTCGTTCGGGCT-1","T cells","T cells",0.371424548582027
"AGCTCTCTCCAGAAGG-1","B cells","B cells",0.342474578711101
"AGCTCTCTCCCTTGTG-1","CD4+ T cells","CD4+ T cells",0.294284142205915
"AGCTCTCTCCGATATG-1","Monocytes","Monocytes",0.384784444631513
"AGCTTGAAGAAGGTGA-1","T cells","T cells",0.347140594831648
"AGCTTGACAAACGTGG-1","CD4+ T cells","CD4+ T cells",0.293313435421595
"AGCTTGACAACTGCTA-1","B cells",NA,0.352815597074222
"AGCTTGACAAGCGATG-1","CD8+ T cells","CD8+ T cells",0.314686648323004
"AGCTTGACACCAGCAC-1","Dendritic cells",NA,0.364081574083533
"AGCTTGACACCATCCT-1","T cells","T cells",0.346635784776714
"AGCTTGACACCGTTGG-1","CD4+ T cells","CD4+ T cells",0.361979615463645
"AGCTTGACAGATCCAT-1","CD4+ T cells","CD4+ T cells",0.335985628750572
"AGCTTGACATTCCTCG-1","CD4+ T cells","CD4+ T cells",0.354684460016893
"AGCTTGAGTAGCGCAA-1","Monocytes","Monocytes",0.435259326837659
"AGCTTGAGTCATATGC-1","Monocytes","Monocytes",0.46981838525374
"AGCTTGAGTGACGGTA-1","T cells","T cells",0.334342316845422
"AGCTTGAGTGTCTGAT-1","T cells","T cells",0.37215421208037
"AGCTTGAGTGTGCGTC-1","CD4+ T cells","CD4+ T cells",0.322850607017664
"AGCTTGAGTTAAGAAC-1","CD8+ T cells","CD8+ T cells",0.344752071816903
"AGCTTGAGTTTGGCGC-1","B cells","B cells",0.324563340290312
"AGCTTGATCACCATAG-1","B cells","B cells",0.379965019551135
"AGCTTGATCCTCCTAG-1","T cells","T cells",0.343494131122668
"AGCTTGATCGATCCCT-1","CD4+ T cells","CD4+ T cells",0.386277764689653
"AGGCCACAGCACACAG-1","Monocytes","Monocytes",0.406663122225481
"AGGCCACAGCCTCGTG-1","Dendritic cells","Dendritic cells",0.44089991751245
"AGGCCACAGCTAACTC-1","CD8+ T cells","CD8+ T cells",0.276349706918081
"AGGCCACAGGCCCTCA-1","B cells","B cells",0.335743312769045
"AGGCCACAGTTCGCAT-1","B cells","B cells",0.333863534587452
"AGGCCACCAAGCCCAC-1","T cells","T cells",0.334415370517845
"AGGCCACCACCGAAAG-1","NK cells",NA,0.275113843502316
"AGGCCACCAGCGTCCA-1","CD4+ T cells","CD4+ T cells",0.316068177345841
"AGGCCACCAGCTGTTA-1","Monocytes","Monocytes",0.450697368805458
"AGGCCACCATTGGCGC-1","T cells","T cells",0.332062088813631
"AGGCCACGTACATCCA-1","Monocytes","Monocytes",0.471500597131734
"AGGCCACGTATAAACG-1","B cells","B cells",0.390555179427022
"AGGCCACGTCATCCCT-1","CD4+ T cells","CD4+ T cells",0.399493167115832
"AGGCCACGTTATCACG-1","B cells","B cells",0.320544641538751
"AGGCCACGTTCGCGAC-1","Monocytes","Monocytes",0.455137224858023
"AGGCCACGTTCGGCAC-1","CD8+ T cells","CD8+ T cells",0.315258020280483
"AGGCCACTCATCTGCC-1","T cells","T cells",0.438323222770248
"AGGCCACTCATGTCTT-1","Monocytes","Monocytes",0.495864216720807
"AGGCCACTCGAACGGA-1","T cells","T cells",0.385736251544799
"AGGCCACTCGCGTTTC-1","Monocytes","Monocytes",0.458879574547473
"AGGCCACTCGTAGGTT-1","CD8+ T cells","CD8+ T cells",0.343173555456482
"AGGCCACTCTGGGCCA-1","T cells","T cells",0.323015583284702
"AGGCCACTCTTGAGGT-1","CD4+ T cells","CD4+ T cells",0.347110122485676
"AGGCCACTCTTGCATT-1","Monocytes","Monocytes",0.365391250205225
"AGGCCACTCTTTAGGG-1","T cells","T cells",0.293768350395681
"AGGCCGTAGAAGGGTA-1","Monocytes","Monocytes",0.312063099378241
"AGGCCGTAGACAAAGG-1","B cells","B cells",0.339297897611846
"AGGCCGTAGCTGATAA-1","Monocytes","Monocytes",0.351507878238822
"AGGCCGTAGGAGTACC-1","T cells","T cells",0.322805458648399
"AGGCCGTAGTAATCCC-1","Monocytes","Monocytes",0.524999055161882
"AGGCCGTCAATGGAGC-1","CD4+ T cells","CD4+ T cells",0.348023484809167
"AGGCCGTCACAGATTC-1","CD4+ T cells","CD4+ T cells",0.331148560834022
"AGGCCGTCATATGAGA-1","B cells","B cells",0.319848932736488
"AGGCCGTGTAAGTGTA-1","CD8+ T cells","CD8+ T cells",0.343589317244919
"AGGCCGTGTCGCGAAA-1","T cells","T cells",0.364159690751861
"AGGCCGTGTTGAGGTG-1","CD4+ T cells","CD4+ T cells",0.346528861573101
"AGGCCGTTCACATACG-1","Monocytes","Monocytes",0.375272616113055
"AGGCCGTTCGACGGAA-1","NK cells","NK cells",0.392781222686289
"AGGCCGTTCGCAAGCC-1","T cells","T cells",0.326051047638299
"AGGCCGTTCGCAGGCT-1","B cells","B cells",0.351472892030117
"AGGGAGTAGAGAGCTC-1","CD8+ T cells","CD8+ T cells",0.323925240628236
"AGGGAGTAGATGCGAC-1","CD4+ T cells","CD4+ T cells",0.335136394481169
"AGGGAGTAGCCAGGAT-1","Monocytes","Monocytes",0.42585411730154
"AGGGAGTAGCGTCTAT-1","Monocytes","Monocytes",0.345623047349409
"AGGGAGTAGTCGATAA-1","Monocytes","Monocytes",0.35943445515554
"AGGGAGTCAACACGCC-1","NK cells","NK cells",0.399203520754847
"AGGGAGTCAACTGCTA-1","CD4+ T cells","CD4+ T cells",0.309869136086709
"AGGGAGTCACGGTGTC-1","Monocytes","Monocytes",0.426035123068668
"AGGGAGTCATATGCTG-1","T cells","T cells",0.435672414804748
"AGGGAGTGTAAATGTG-1","B cells","B cells",0.35647066977265
"AGGGAGTGTAATAGCA-1","Monocytes","Monocytes",0.412373985682554
"AGGGAGTGTACAGTGG-1","B cells","B cells",0.31125774412715
"AGGGAGTGTAGGCTGA-1","T cells","T cells",0.332703077807134
"AGGGAGTGTGTTCTTT-1","Monocytes","Monocytes",0.302409872449888
"AGGGAGTGTTCCACAA-1","CD4+ T cells","CD4+ T cells",0.255380654749932
"AGGGAGTTCTCTGTCG-1","T cells","T cells",0.327287308515921
"AGGGATGAGCACCGTC-1","Monocytes","Monocytes",0.42026662005176
"AGGGATGAGCATGGCA-1","Monocytes","Monocytes",0.414949999424313
"AGGGATGCAAAGTCAA-1","Progenitors","Progenitors",0.461215399336425
"AGGGATGCAAGGTTCT-1","Monocytes","Monocytes",0.455390049631344
"AGGGATGCAAGTAGTA-1","B cells","B cells",0.308286798679802
"AGGGATGCATCCGCGA-1","T cells","T cells",0.326211807566422
"AGGGATGCATGGATGG-1","CD4+ T cells","CD4+ T cells",0.333322255531262
"AGGGATGGTCAATACC-1","T cells","T cells",0.328756046351815
"AGGGATGGTCATATGC-1","B cells","B cells",0.31319548552811
"AGGGATGGTCCGCTGA-1","Monocytes","Monocytes",0.474469006968631
"AGGGATGTCCAGATCA-1","Monocytes","Monocytes",0.443627317217673
"AGGGATGTCGCGTAGC-1","CD8+ T cells","CD8+ T cells",0.26558657449434
"AGGGATGTCTTCGGTC-1","T cells","T cells",0.309610368731849
"AGGGTGAAGAGGGCTT-1","B cells","B cells",0.35129754248043
"AGGGTGAAGGCATGTG-1","CD4+ T cells","CD4+ T cells",0.303907540531298
"AGGGTGAAGTGGGATC-1","CD4+ T cells","CD4+ T cells",0.324689567635258
"AGGGTGACAAAGGTGC-1","Dendritic cells",NA,0.309105929057615
"AGGGTGACAAGAGTCG-1","Monocytes","Monocytes",0.468007172034168
"AGGGTGACAAGGGTCA-1","Monocytes","Monocytes",0.438867576623532
"AGGGTGACAATGAAAC-1","Monocytes","Monocytes",0.488994217055532
"AGGGTGACACACCGAC-1","T cells","T cells",0.394271961198874
"AGGGTGACACCAACCG-1","NK cells","NK cells",0.40033802322126
"AGGGTGACACTACAGT-1","Monocytes","Monocytes",0.432171302963055
"AGGGTGACAGGCAGTA-1","CD8+ T cells","CD8+ T cells",0.303003492157595
"AGGGTGACAGTTTACG-1","B cells","B cells",0.351622768962004
"AGGGTGAGTAAACGCG-1","CD8+ T cells","CD8+ T cells",0.347637434514651
"AGGGTGAGTAACGCGA-1","T cells","T cells",0.380252325770285
"AGGGTGAGTAAGTAGT-1","Monocytes","Monocytes",0.408686309157175
"AGGGTGAGTACCGTTA-1","B cells","B cells",0.338281564371044
"AGGGTGAGTCGATTGT-1","Dendritic cells",NA,0.327436428941227
"AGGGTGAGTGCAGACA-1","CD4+ T cells","CD4+ T cells",0.322385153478034
"AGGGTGAGTGCGGTAA-1","T cells","T cells",0.329421754383523
"AGGGTGAGTGTGGCTC-1","NK cells","NK cells",0.371350458190975
"AGGGTGAGTTGATTCG-1","Monocytes","Monocytes",0.435962057003214
"AGGGTGATCACCTTAT-1","T cells","T cells",0.370717327830561
"AGGGTGATCCATGAGT-1","CD4+ T cells","CD4+ T cells",0.339846672299725
"AGGGTGATCCGCAGTG-1","Monocytes","Monocytes",0.523078347836265
"AGGGTGATCCGGCACA-1","CD4+ T cells","CD4+ T cells",0.291567556373064
"AGGGTGATCCTGTACC-1","Monocytes","Monocytes",0.511599505217868
"AGGGTGATCGCCAAAT-1","CD4+ T cells","CD4+ T cells",0.301851925274359
"AGGTCATAGCTAAGAT-1","Dendritic cells","Dendritic cells",0.519185377560228
"AGGTCATAGGATGTAT-1","Monocytes","Monocytes",0.505872699750914
"AGGTCATAGTCTCCTC-1","CD8+ T cells","CD8+ T cells",0.337412642283164
"AGGTCATCAACACCTA-1","CD4+ T cells","CD4+ T cells",0.355260211398695
"AGGTCATCACATTCGA-1","B cells","B cells",0.306284340122039
"AGGTCATCACCGAAAG-1","Monocytes","Monocytes",0.505587797756583
"AGGTCATCACTGCCAG-1","CD8+ T cells","CD8+ T cells",0.362566956385906
"AGGTCATCATTCACTT-1","B cells","B cells",0.392010882750492
"AGGTCATGTAAGGGAA-1","CD4+ T cells","CD4+ T cells",0.362230635213915
"AGGTCATGTCAAAGAT-1","T cells","T cells",0.309232281999731
"AGGTCATGTCAGCTAT-1","T cells","T cells",0.41374401791131
"AGGTCATGTGGCCCTA-1","CD8+ T cells","CD8+ T cells",0.327204298515333
"AGGTCATGTTCCGGCA-1","Monocytes","Monocytes",0.459057987035263
"AGGTCATTCAGAGGTG-1","B cells","B cells",0.326014676218229
"AGGTCATTCATTGCGA-1","NK cells","NK cells",0.384377649513589
"AGGTCATTCCACGTTC-1","Monocytes","Monocytes",0.501839983066259
"AGGTCATTCGGATGGA-1","T cells","T cells",0.360795701161322
"AGGTCCGAGAATTGTG-1","T cells","T cells",0.273941218196661
"AGGTCCGAGCCTCGTG-1","CD4+ T cells","CD4+ T cells",0.34548434018432
"AGGTCCGAGCTAACTC-1","T cells","T cells",0.500056149607668
"AGGTCCGAGCTACCTA-1","Dendritic cells","Dendritic cells",0.479206434473405
"AGGTCCGAGGAATGGA-1","T cells","T cells",0.306621356030185
"AGGTCCGAGGTACTCT-1","B cells","B cells",0.372689388968724
"AGGTCCGAGTAGGCCA-1","Monocytes","Monocytes",0.421098894001542
"AGGTCCGCATCGGGTC-1","T cells","T cells",0.371046261057734
"AGGTCCGCATGAACCT-1","CD8+ T cells","CD8+ T cells",0.32795330946602
"AGGTCCGGTAACGACG-1","T cells","T cells",0.385334597395797
"AGGTCCGGTACCGCTG-1","Monocytes","Monocytes",0.421999649639838
"AGGTCCGGTACGACCC-1","CD8+ T cells","CD8+ T cells",0.347233478105247
"AGGTCCGGTATGCTTG-1","CD8+ T cells","CD8+ T cells",0.322488988272002
"AGGTCCGTCCATGAAC-1","Monocytes","Monocytes",0.463466369657852
"AGGTCCGTCCGCGGTA-1","Monocytes","Monocytes",0.436993646102286
"AGGTCCGTCGATCCCT-1","T cells","T cells",0.275833020521321
"AGTAGTCAGAGCTGCA-1","CD8+ T cells","CD8+ T cells",0.332213344472421
"AGTAGTCAGAGGGCTT-1","T cells","T cells",0.347316145165179
"AGTAGTCAGATATGGT-1","Monocytes","Monocytes",0.454086288126288
"AGTAGTCAGCAATATG-1","T cells","T cells",0.317410121662643
"AGTAGTCAGCCACGTC-1","CD4+ T cells","CD4+ T cells",0.334946601267051
"AGTAGTCCAAGCCTAT-1","Monocytes","Monocytes",0.351275518385449
"AGTAGTCCAATAAGCA-1","Monocytes","Monocytes",0.354834264347661
"AGTAGTCCAATTGCTG-1","Progenitors","Progenitors",0.226581467265101
"AGTAGTCCACCTGGTG-1","T cells","T cells",0.324799314780018
"AGTAGTCCAGCTGTTA-1","CD4+ T cells","CD4+ T cells",0.305402152051313
"AGTAGTCCATACTCTT-1","T cells","T cells",0.275580960060618
"AGTAGTCGTAAGGGAA-1","CD8+ T cells","CD8+ T cells",0.33618264134993
"AGTAGTCGTACTTCTT-1","NK cells","NK cells",0.343660197063302
"AGTAGTCGTATAGTAG-1","B cells","B cells",0.330824966281709
"AGTAGTCGTATGGTTC-1","Monocytes","Monocytes",0.42946618376462
"AGTAGTCGTTAAGGGC-1","CD4+ T cells","CD4+ T cells",0.317607120219717
"AGTAGTCTCACGACTA-1","B cells","B cells",0.340660827669433
"AGTAGTCTCGATAGAA-1","CD4+ T cells","CD4+ T cells",0.308998677839245
"AGTAGTCTCTACCTGC-1","CD8+ T cells","CD8+ T cells",0.332315577771586
"AGTCTTTAGAATAGGG-1","CD8+ T cells","CD8+ T cells",0.331589409893647
"AGTCTTTAGAGTCGGT-1","CD4+ T cells","CD4+ T cells",0.323450441689125
"AGTCTTTAGGGATGGG-1","NK cells","NK cells",0.432044799949007
"AGTCTTTCACAGATTC-1","CD4+ T cells","CD4+ T cells",0.336032790921322
"AGTCTTTCATCTACGA-1","Monocytes","Monocytes",0.49252162535273
"AGTCTTTCATGGGAAC-1","Monocytes","Monocytes",0.425396821846812
"AGTCTTTCATGTCTCC-1","CD4+ T cells","CD4+ T cells",0.347397983648995
"AGTCTTTGTAAATGAC-1","Monocytes","Monocytes",0.478239655325647
"AGTCTTTGTCCAGTAT-1","B cells","B cells",0.339480463547756
"AGTCTTTGTTCAGCGC-1","CD4+ T cells","CD4+ T cells",0.390661528372927
"AGTCTTTTCCACGTTC-1","T cells","T cells",0.311190979905583
"AGTCTTTTCGGTGTCG-1","B cells","B cells",0.314371518061935
"AGTCTTTTCGTAGGTT-1","Monocytes","Monocytes",0.469759288027721
"AGTCTTTTCTCTTGAT-1","T cells","T cells",0.369234402537396
"AGTCTTTTCTGTCAAG-1","CD4+ T cells",NA,0.262390013644765
"AGTCTTTTCTGTTTGT-1","Monocytes","Monocytes",0.463740670263217
"AGTCTTTTCTTACCTA-1","B cells","B cells",0.33798866130355
"AGTCTTTTCTTCTGGC-1","Monocytes","Monocytes",0.46548818381181
"AGTGAGGAGCATGGCA-1","Monocytes","Monocytes",0.473283000286716
"AGTGAGGAGGTCATCT-1","CD4+ T cells","CD4+ T cells",0.283395294774221
"AGTGAGGAGTAAGTAC-1","CD4+ T cells","CD4+ T cells",0.331857981428422
"AGTGAGGAGTCTCCTC-1","T cells","T cells",0.326709035517813
"AGTGAGGCAACTGCTA-1","B cells","B cells",0.356384912489049
"AGTGAGGCAAGAGGCT-1","B cells","B cells",0.346404764429674
"AGTGAGGCACAGGTTT-1","Progenitors","Progenitors",0.437599662668542
"AGTGAGGCACATCTTT-1","Monocytes","Monocytes",0.367986550602155
"AGTGAGGCACCACGTG-1","CD4+ T cells","CD4+ T cells",0.347954706789263
"AGTGAGGCACCCATGG-1","B cells","B cells",0.332080083612635
"AGTGAGGCACGCTTTC-1","Dendritic cells","Dendritic cells",0.494118342925155
"AGTGAGGCACTAGTAC-1","T cells","T cells",0.309703859875987
"AGTGAGGCAGTATCTG-1","Monocytes","Monocytes",0.504393596107103
"AGTGAGGGTGCAACGA-1","CD8+ T cells","CD8+ T cells",0.335278394039549
"AGTGAGGGTGGTACAG-1","T cells","T cells",0.331289202311889
"AGTGAGGGTTTAAGCC-1","Monocytes","Monocytes",0.331608576018632
"AGTGAGGGTTTGTTGG-1","CD4+ T cells","CD4+ T cells",0.307188538549876
"AGTGAGGTCACTGGGC-1","Monocytes","Monocytes",0.52391878994113
"AGTGAGGTCACTTCAT-1","T cells","T cells",0.270400839584705
"AGTGAGGTCCAAGCCG-1","Monocytes","Monocytes",0.426166159036769
"AGTGAGGTCCAGAAGG-1","T cells","T cells",0.356222398714426
"AGTGAGGTCCGCATAA-1","NK cells","NK cells",0.420116898214465
"AGTGAGGTCGACAGCC-1","T cells","T cells",0.343342576444249
"AGTGAGGTCGGCGCAT-1","CD4+ T cells","CD4+ T cells",0.315147337809218
"AGTGAGGTCGTATCAG-1","Monocytes","Monocytes",0.411736297519672
"AGTGAGGTCGTCACGG-1","CD4+ T cells","CD4+ T cells",0.385851620239299
"AGTGAGGTCGTTACGA-1","CD8+ T cells","CD8+ T cells",0.352845382017254
"AGTGAGGTCTGTTGAG-1","Monocytes","Monocytes",0.373475873939755
"AGTGGGAAGAACAACT-1","B cells","B cells",0.3393371170012
"AGTGGGAAGTCGTTTG-1","CD4+ T cells","CD4+ T cells",0.308860539235273
"AGTGGGACAGACAGGT-1","T cells","T cells",0.376987825740373
"AGTGGGACAGTAACGG-1","NK cells",NA,0.284308077379831
"AGTGGGACATCCGGGT-1","NK cells","NK cells",0.316627702848949
"AGTGGGACATTCTTAC-1","B cells","B cells",0.343964684823216
"AGTGGGAGTACTCGCG-1","B cells","B cells",0.320660552962356
"AGTGGGAGTAGAGTGC-1","NK cells","NK cells",0.355684877267789
"AGTGGGAGTCACCCAG-1","CD8+ T cells","CD8+ T cells",0.335788313600941
"AGTGGGAGTCGGCACT-1","Monocytes","Monocytes",0.451267100371719
"AGTGGGAGTTCCATGA-1","CD8+ T cells","CD8+ T cells",0.306823753697688
"AGTGGGATCATTATCC-1","NK cells","NK cells",0.388994452005184
"AGTGGGATCTGCTGTC-1","CD4+ T cells","CD4+ T cells",0.295055019861495
"AGTGTCAAGACGACGT-1","Dendritic cells","Dendritic cells",0.495684006446202
"AGTGTCAAGTATCTCG-1","B cells","B cells",0.347487876639978
"AGTGTCAAGTCTCGGC-1","B cells","B cells",0.297630486270488
"AGTGTCAAGTGTACTC-1","Monocytes","Monocytes",0.418908865865507
"AGTGTCACAAGTTAAG-1","Monocytes","Monocytes",0.501732186604976
"AGTGTCACACGGCCAT-1","T cells","T cells",0.335537618443759
"AGTGTCACAGCTATTG-1","B cells","B cells",0.312958085252435
"AGTGTCAGTAAGAGAG-1","Monocytes","Monocytes",0.474301921210888
"AGTGTCAGTAAGAGGA-1","B cells","B cells",0.329410125651527
"AGTGTCAGTCCTCTTG-1","B cells","B cells",0.301650667720642
"AGTGTCAGTCGCGTGT-1","B cells","B cells",0.353301206392853
"AGTGTCAGTCTCGTTC-1","CD4+ T cells","CD4+ T cells",0.33185311809193
"AGTGTCAGTGTTTGGT-1","CD8+ T cells","CD8+ T cells",0.336197657067788
"AGTGTCAGTTAAAGTG-1","T cells","T cells",0.406250426305789
"AGTGTCAGTTATCCGA-1","Monocytes","Monocytes",0.399167233375869
"AGTGTCAGTTCAGACT-1","CD8+ T cells","CD8+ T cells",0.322091778149266
"AGTGTCAGTTGAGTTC-1","Monocytes","Monocytes",0.450442571318708
"AGTGTCATCGACGGAA-1","T cells","T cells",0.398765300541507
"AGTGTCATCTCTGAGA-1","T cells","T cells",0.39467213176642
"AGTGTCATCTGCGTAA-1","B cells","B cells",0.379325189528354
"AGTTGGTAGACCGGAT-1","CD8+ T cells","CD8+ T cells",0.329270886741333
"AGTTGGTAGGCATGGT-1","B cells","B cells",0.369990403074991
"AGTTGGTCAAAGTCAA-1","CD4+ T cells","CD4+ T cells",0.3278323801759
"AGTTGGTCAGTGGAGT-1","CD4+ T cells","CD4+ T cells",0.321127493739247
"AGTTGGTGTATGGTTC-1","T cells","T cells",0.341833457937663
"AGTTGGTGTCCGAAGA-1","NK cells","NK cells",0.356541457920562
"AGTTGGTGTCGCCATG-1","B cells","B cells",0.374453525063305
"AGTTGGTGTCTAGTCA-1","CD8+ T cells","CD8+ T cells",0.326324016903428
"AGTTGGTGTTGAGGTG-1","B cells","B cells",0.257899185588523
"AGTTGGTGTTGGAGGT-1","NK cells","NK cells",0.381577402213705
"AGTTGGTGTTGGTGGA-1","NK cells","NK cells",0.349963321860809
"AGTTGGTTCATGTCTT-1","CD4+ T cells","CD4+ T cells",0.313440920150896
"AGTTGGTTCCGTAGTA-1","NK cells","NK cells",0.359605845203841
"AGTTGGTTCGCGTTTC-1","CD4+ T cells","CD4+ T cells",0.328334518283223
"AGTTGGTTCTAACGGT-1","T cells","T cells",0.33882677147395
"ATAACGCAGCGCCTCA-1","NK cells","NK cells",0.409582114150515
"ATAACGCCACGGACAA-1","B cells","B cells",0.269902081705305
"ATAACGCCACGGTAGA-1","NK cells","NK cells",0.423197871196357
"ATAACGCCAGGCAGTA-1","B cells","B cells",0.304987903963912
"ATAACGCCATGCCCGA-1","T cells","T cells",0.352194265130547
"ATAACGCGTCTCCCTA-1","Monocytes","Monocytes",0.42717254719696
"ATAACGCGTTGTCTTT-1","Monocytes","Monocytes",0.41464115821258
"ATAACGCTCACCCGAG-1","CD8+ T cells","CD8+ T cells",0.305557604030335
"ATAACGCTCAGTCAGT-1","Monocytes","Monocytes",0.424054587034014
"ATAACGCTCGAATCCA-1","T cells","T cells",0.285052422099452
"ATAACGCTCGGTTCGG-1","CD4+ T cells","CD4+ T cells",0.28716745947426
"ATAAGAGAGCGTCAAG-1","B cells","B cells",0.322248749793347
"ATAAGAGAGGTCATCT-1","Monocytes","Monocytes",0.401183996194513
"ATAAGAGAGTACGATA-1","T cells","T cells",0.242600268928749
"ATAAGAGCAAGCGTAG-1","Monocytes","Monocytes",0.31471407053862
"ATAAGAGCACTGTCGG-1","Monocytes","Monocytes",0.399550659305452
"ATAAGAGCATCGGACC-1","CD4+ T cells","CD4+ T cells",0.33993886117231
"ATAAGAGCATTGAGCT-1","T cells","T cells",0.398167324501359
"ATAAGAGGTAAACACA-1","Monocytes","Monocytes",0.502116065518044
"ATAAGAGGTACCATCA-1","NK cells","NK cells",0.414734194184398
"ATAAGAGGTCATACTG-1","T cells","T cells",0.328136154478794
"ATAAGAGTCACTGGGC-1","NK cells","NK cells",0.426022211873762
"ATAAGAGTCAGGTTCA-1","B cells","B cells",0.354791257300119
"ATAGACCAGAATTCCC-1","T cells","T cells",0.358020558065264
"ATAGACCAGATGCGAC-1","CD4+ T cells","CD4+ T cells",0.30107640575744
"ATAGACCAGTCCGGTC-1","B cells","B cells",0.316261131381171
"ATAGACCAGTGTACGG-1","Monocytes","Monocytes",0.414564634229674
"ATAGACCCAGCTGTTA-1","B cells","B cells",0.35331209304777
"ATAGACCCAGGAATCG-1","T cells","T cells",0.325653213452912
"ATAGACCCATATGAGA-1","B cells","B cells",0.334829329200505
"ATAGACCCATATGCTG-1","CD4+ T cells","CD4+ T cells",0.295968342021004
"ATAGACCGTATGAAAC-1","CD4+ T cells","CD4+ T cells",0.369527566956141
"ATAGACCGTCTAGCGC-1","CD8+ T cells","CD8+ T cells",0.368226819049998
"ATAGACCGTGCCTGCA-1","Monocytes","Monocytes",0.390056847526369
"ATAGACCGTTCAACCA-1","B cells","B cells",0.400087859227071
"ATAGACCTCAGGCGAA-1","Monocytes","Monocytes",0.417825609168234
"ATAGACCTCGAGAACG-1","CD4+ T cells","CD4+ T cells",0.275942121691184
"ATAGACCTCTGCCCTA-1","CD4+ T cells","CD4+ T cells",0.281708677083803
"ATCACGAAGACACTAA-1","T cells","T cells",0.386027540362795
"ATCACGAAGAGGTAGA-1","T cells","T cells",0.33927474077378
"ATCACGAAGAGGTTGC-1","CD4+ T cells","CD4+ T cells",0.326068491038928
"ATCACGAAGCTTATCG-1","Monocytes","Monocytes",0.496038636581412
"ATCACGAAGGAGCGTT-1","CD8+ T cells","CD8+ T cells",0.302421668660689
"ATCACGAAGGGCACTA-1","CD4+ T cells","CD4+ T cells",0.309653937386728
"ATCACGACAAGTTGTC-1","T cells","T cells",0.359678350440991
"ATCACGACACAGGTTT-1","Monocytes","Monocytes",0.447433373027933
"ATCACGACAGGTCGTC-1","Monocytes","Monocytes",0.426176004984318
"ATCACGACATGCAATC-1","Monocytes","Monocytes",0.335081825264371
"ATCACGACATGGTAGG-1","Monocytes","Monocytes",0.37211900312612
"ATCACGAGTACCGAGA-1","CD8+ T cells","CD8+ T cells",0.303549397764544
"ATCACGAGTACCGGCT-1","T cells","T cells",0.342061632678478
"ATCACGAGTACTTAGC-1","Monocytes","Monocytes",0.356733992696953
"ATCACGAGTATGAATG-1","Dendritic cells","Dendritic cells",0.554512280365865
"ATCACGAGTCCAGTTA-1","CD8+ T cells","CD8+ T cells",0.291455860405902
"ATCACGAGTCCATCCT-1","T cells","T cells",0.331894231382985
"ATCACGAGTCTTCAAG-1","Monocytes","Monocytes",0.472410495423597
"ATCACGAGTGAGGCTA-1","T cells","T cells",0.357593637186444
"ATCACGAGTTTCGCTC-1","CD4+ T cells","CD4+ T cells",0.312966391167362
"ATCACGATCAGCATGT-1","Monocytes","Monocytes",0.42394393118203
"ATCACGATCCACGTGG-1","T cells","T cells",0.40394098179623
"ATCACGATCTAAGCCA-1","Monocytes","Monocytes",0.347674253377702
"ATCACGATCTTGTTTG-1","B cells","B cells",0.397998700040184
"ATCATCTAGACAATAC-1","T cells","T cells",0.334853701960992
"ATCATCTAGCCAACAG-1","B cells","B cells",0.344807495221555
"ATCATCTAGCTAACAA-1","CD4+ T cells","CD4+ T cells",0.267417884259701
"ATCATCTAGGAATGGA-1","T cells","T cells",0.342724311209897
"ATCATCTAGTCATCCA-1","T cells","T cells",0.363814360115704
"ATCATCTAGTCCGTAT-1","Monocytes","Monocytes",0.47770254391338
"ATCATCTAGTGAACGC-1","T cells","T cells",0.34740854633742
"ATCATCTCAAAGGAAG-1","CD8+ T cells","CD8+ T cells",0.333134138729156
"ATCATCTCAAGCCATT-1","Dendritic cells","Dendritic cells",0.553500634583797
"ATCATCTCACATTCGA-1","Monocytes","Monocytes",0.422801764503463
"ATCATCTCACGAAACG-1","CD4+ T cells","CD4+ T cells",0.219091371702113
"ATCATCTCAGACTCGC-1","CD8+ T cells","CD8+ T cells",0.299017008787639
"ATCATCTCAGGGTATG-1","T cells","T cells",0.337355096988654
"ATCATCTGTCTGATTG-1","CD4+ T cells","CD4+ T cells",0.293020908565413
"ATCATCTGTGCACCAC-1","CD4+ T cells","CD4+ T cells",0.346943005534007
"ATCATCTTCAACACGT-1","NK cells","NK cells",0.401732606953626
"ATCATCTTCACAATGC-1","CD8+ T cells","CD8+ T cells",0.346809644849115
"ATCATCTTCACGAAGG-1","CD4+ T cells","CD4+ T cells",0.328486608863905
"ATCATCTTCCGTACAA-1","B cells","B cells",0.359959316576526
"ATCATCTTCCGTCAAA-1","T cells","T cells",0.316876821465757
"ATCATCTTCGAACTGT-1","Monocytes","Monocytes",0.351415928309128
"ATCATCTTCGGAATCT-1","CD4+ T cells","CD4+ T cells",0.333747150022995
"ATCATCTTCGGCTTGG-1","CD4+ T cells","CD4+ T cells",0.330040581054501
"ATCATCTTCTCATTCA-1","B cells","B cells",0.315324845708041
"ATCATCTTCTGAAAGA-1","CD8+ T cells","CD8+ T cells",0.346498978959779
"ATCATGGAGACAGGCT-1","Monocytes","Monocytes",0.463186413497588
"ATCATGGAGATGTGGC-1","Monocytes","Monocytes",0.397726212301276
"ATCATGGAGCGATCCC-1","Monocytes","Monocytes",0.426371854089315
"ATCATGGAGCTAGTCT-1","T cells","T cells",0.317940179826207
"ATCATGGAGGATTCGG-1","T cells","T cells",0.367180331065296
"ATCATGGAGTGTCTCA-1","CD4+ T cells","CD4+ T cells",0.339651763056562
"ATCATGGAGTTAACGA-1","Monocytes","Monocytes",0.507428407283853
"ATCATGGCAATGGATA-1","Monocytes","Monocytes",0.413333735067936
"ATCATGGCACACAGAG-1","B cells","B cells",0.28268654275541
"ATCATGGCACATGTGT-1","Monocytes","Monocytes",0.500961335550679
"ATCATGGCAGCTGTAT-1","CD4+ T cells","CD4+ T cells",0.35236596951052
"ATCATGGGTACAGCAG-1","Monocytes","Monocytes",0.475833035577941
"ATCATGGGTGAGCGAT-1","T cells","T cells",0.353298089639749
"ATCATGGGTTACTGAC-1","Monocytes","Monocytes",0.474642771243031
"ATCATGGGTTGTCGCG-1","NK cells","NK cells",0.408162196144091
"ATCATGGTCACTTATC-1","Monocytes","Monocytes",0.404641826586464
"ATCATGGTCATAACCG-1","T cells","T cells",0.356905965545794
"ATCATGGTCCACGAAT-1","Monocytes","Monocytes",0.51007246197346
"ATCATGGTCTGTTGAG-1","T cells","T cells",0.303802891037945
"ATCATGGTCTTGCATT-1","CD4+ T cells","CD4+ T cells",0.343826844453025
"ATCCACCAGCGGATCA-1","T cells","T cells",0.357686794235221
"ATCCACCAGGATGCGT-1","CD4+ T cells","CD4+ T cells",0.337149226335658
"ATCCACCCAACGATGG-1","CD4+ T cells","CD4+ T cells",0.345303309675415
"ATCCACCCAAGTAATG-1","B cells","B cells",0.324849109209662
"ATCCACCCAATCGGTT-1","Dendritic cells","Dendritic cells",0.55096048641524
"ATCCACCCAATCTGCA-1","Dendritic cells",NA,0.387331877929635
"ATCCACCCATAACCTG-1","T cells","T cells",0.354950834611547
"ATCCACCCATCCAACA-1","CD4+ T cells","CD4+ T cells",0.321258678539788
"ATCCACCGTACTTGAC-1","CD4+ T cells","CD4+ T cells",0.348414363775131
"ATCCACCGTAGGCTGA-1","CD4+ T cells","CD4+ T cells",0.37278633365284
"ATCCACCGTCGGCACT-1","Dendritic cells","Dendritic cells",0.459302156164988
"ATCCACCGTTTCGCTC-1","CD4+ T cells","CD4+ T cells",0.334554182747571
"ATCCGAAAGAAACGAG-1","CD4+ T cells","CD4+ T cells",0.369855422365142
"ATCCGAAAGCACAGGT-1","CD4+ T cells","CD4+ T cells",0.3169422943881
"ATCCGAAAGGCCATAG-1","CD4+ T cells","CD4+ T cells",0.303797721711207
"ATCCGAAAGTACGTAA-1","Progenitors","Progenitors",0.223169960227092
"ATCCGAAAGTAGTGCG-1","CD8+ T cells","CD8+ T cells",0.332131151969542
"ATCCGAACACAAGTAA-1","B cells","B cells",0.372737218993519
"ATCCGAACATTACCTT-1","CD8+ T cells","CD8+ T cells",0.282579597819825
"ATCCGAAGTCTGCCAG-1","T cells","T cells",0.416115386167068
"ATCCGAATCACAGGCC-1","Monocytes","Monocytes",0.35779014888158
"ATCCGAATCCAGATCA-1","B cells","B cells",0.314867858016797
"ATCCGAATCCTGCTTG-1","T cells","T cells",0.312878044632088
"ATCGAGTAGAGTCTGG-1","T cells","T cells",0.342391645995781
"ATCGAGTAGATGTGGC-1","Monocytes","Monocytes",0.390213741244888
"ATCGAGTAGGAGTTTA-1","Monocytes","Monocytes",0.409036943727198
"ATCGAGTAGGTGATAT-1","CD8+ T cells","CD8+ T cells",0.340848917510605
"ATCGAGTCACAGCGTC-1","CD4+ T cells","CD4+ T cells",0.34001963653025
"ATCGAGTCACCAACCG-1","Monocytes","Monocytes",0.44296098928155
"ATCGAGTGTCAAAGCG-1","NK cells","NK cells",0.402545187521797
"ATCGAGTGTCATGCAT-1","B cells","B cells",0.329802629250041
"ATCGAGTGTCTTCAAG-1","Monocytes","Monocytes",0.483420685188386
"ATCGAGTGTTATGCGT-1","CD4+ T cells","CD4+ T cells",0.332894049915841
"ATCGAGTTCAGGCAAG-1","Dendritic cells","Dendritic cells",0.523527499793622
"ATCGAGTTCGGACAAG-1","Monocytes","Monocytes",0.405534726493597
"ATCGAGTTCGGTGTTA-1","Monocytes","Monocytes",0.470105707422309
"ATCGAGTTCTTACCTA-1","Monocytes","Monocytes",0.482761228889894
"ATCTACTAGACACGAC-1","CD4+ T cells","CD4+ T cells",0.306962295056797
"ATCTACTAGCTACCGC-1","CD8+ T cells","CD8+ T cells",0.357320466364431
"ATCTACTAGGCTCAGA-1","CD8+ T cells","CD8+ T cells",0.306386454468821
"ATCTACTAGTACGATA-1","Monocytes","Monocytes",0.387756557813706
"ATCTACTAGTACGCCC-1","CD8+ T cells","CD8+ T cells",0.344101732078249
"ATCTACTAGTTGTAGA-1","T cells","T cells",0.296036519341843
"ATCTACTAGTTTCCTT-1","NK cells","NK cells",0.389707183934135
"ATCTACTCACGCCAGT-1","Monocytes","Monocytes",0.474494060138756
"ATCTACTCAGGCAGTA-1","Monocytes","Monocytes",0.433182585064582
"ATCTACTCAGGGTATG-1","Monocytes","Monocytes",0.337896788441918
"ATCTACTCATGCAATC-1","CD4+ T cells","CD4+ T cells",0.309957522023061
"ATCTACTCATGCCACG-1","CD4+ T cells","CD4+ T cells",0.321571995640374
"ATCTACTGTAAGGGCT-1","T cells","T cells",0.327556334245257
"ATCTACTGTAATAGCA-1","Monocytes","Monocytes",0.435116010157163
"ATCTACTGTCCTCTTG-1","CD4+ T cells","CD4+ T cells",0.293902150023348
"ATCTACTGTTGTTTGG-1","CD4+ T cells","CD4+ T cells",0.342901883111497
"ATCTACTTCACAACGT-1","Monocytes","Monocytes",0.39120056398102
"ATCTACTTCGTTTATC-1","Monocytes","Monocytes",0.474033778114787
"ATCTGCCAGACAGGCT-1","Monocytes","Monocytes",0.421576335055057
"ATCTGCCAGATGCCAG-1","NK cells","NK cells",0.422519164950928
"ATCTGCCAGCCACCTG-1","CD8+ T cells","CD8+ T cells",0.31077356980718
"ATCTGCCAGCCATCGC-1","CD4+ T cells","CD4+ T cells",0.35798324819155
"ATCTGCCAGGTAGCTG-1","Dendritic cells","Dendritic cells",0.496229592975087
"ATCTGCCCAAACAACA-1","CD8+ T cells","CD8+ T cells",0.334187852755996
"ATCTGCCCAAACGTGG-1","CD8+ T cells","CD8+ T cells",0.377452835729039
"ATCTGCCCACACCGAC-1","CD4+ T cells","CD4+ T cells",0.314759015732815
"ATCTGCCCAGATCTGT-1","B cells","B cells",0.319034322566347
"ATCTGCCCATCTATGG-1","CD8+ T cells","CD8+ T cells",0.321438006797801
"ATCTGCCGTAAATGAC-1","Monocytes","Monocytes",0.296383351351714
"ATCTGCCGTCAGATAA-1","CD8+ T cells","CD8+ T cells",0.335782094453365
"ATCTGCCGTCGCTTTC-1","CD4+ T cells","CD4+ T cells",0.331461264629917
"ATCTGCCGTCTAGGTT-1","Monocytes","Monocytes",0.437482136951904
"ATCTGCCGTTACGCGC-1","CD8+ T cells","CD8+ T cells",0.35736026834563
"ATCTGCCGTTACTGAC-1","CD4+ T cells","CD4+ T cells",0.405679687621947
"ATCTGCCGTTCTGTTT-1","Monocytes","Monocytes",0.362355046283439
"ATCTGCCGTTGGAGGT-1","B cells","B cells",0.374935011316773
"ATCTGCCGTTTCGCTC-1","T cells","T cells",0.283977367768338
"ATCTGCCTCACCCGAG-1","CD4+ T cells",NA,0.263257784824828
"ATCTGCCTCCATGCTC-1","Dendritic cells","Dendritic cells",0.504143474473817
"ATCTGCCTCTGTCAAG-1","T cells","T cells",0.345589976436648
"ATCTGCCTCTGTCTCG-1","CD4+ T cells","CD4+ T cells",0.32013506513627
"ATCTGCCTCTTCAACT-1","T cells","T cells",0.336268077158693
"ATGAGGGAGACCCACC-1","Monocytes","Monocytes",0.435963060951823
"ATGAGGGAGGAATCGC-1","Monocytes","Monocytes",0.359458813138225
"ATGAGGGAGGACTGGT-1","T cells","T cells",0.318629815303015
"ATGAGGGAGTAATCCC-1","Monocytes","Monocytes",0.488177142265154
"ATGAGGGAGTAGGTGC-1","T cells","T cells",0.329658891836449
"ATGAGGGAGTCCTCCT-1","T cells","T cells",0.390404923115548
"ATGAGGGCAATCACAC-1","CD4+ T cells","CD4+ T cells",0.354397554782883
"ATGAGGGCACCGATAT-1","CD8+ T cells","CD8+ T cells",0.289926074848041
"ATGAGGGCACCTCGTT-1","Monocytes","Monocytes",0.392419515514986
"ATGAGGGCACTCGACG-1","B cells","B cells",0.358608390092675
"ATGAGGGCATCCGGGT-1","B cells","B cells",0.344113982587189
"ATGAGGGCATGCGCAC-1","CD8+ T cells","CD8+ T cells",0.351301611432521
"ATGAGGGGTACCTACA-1","CD4+ T cells","CD4+ T cells",0.302419620974128
"ATGAGGGTCACGACTA-1","CD4+ T cells","CD4+ T cells",0.295940081298414
"ATGCGATAGACATAAC-1","CD4+ T cells","CD4+ T cells",0.334499714936437
"ATGCGATAGATCACGG-1","B cells",NA,0.345862866650681
"ATGCGATCAATGAAAC-1","Monocytes","Monocytes",0.424497387286812
"ATGCGATCAATGGAAT-1","NK cells","NK cells",0.325159496906934
"ATGCGATCACCTTGTC-1","CD4+ T cells","CD4+ T cells",0.33968154327051
"ATGCGATCACGTTGGC-1","Monocytes","Monocytes",0.493413958229691
"ATGCGATGTCACAAGG-1","Progenitors","Progenitors",0.448845789716038
"ATGCGATGTTTGCATG-1","CD4+ T cells","CD4+ T cells",0.319072131615587
"ATGCGATTCAGCATGT-1","Monocytes","Monocytes",0.469309699382305
"ATGCGATTCGGAAATA-1","Monocytes","Monocytes",0.425994757651144
"ATGCGATTCGGAGCAA-1","Monocytes","Monocytes",0.482968712361511
"ATGGGAGAGACGACGT-1","Monocytes","Monocytes",0.423241652992899
"ATGGGAGAGCGTTGCC-1","B cells","B cells",0.378486289468342
"ATGGGAGAGCTAAACA-1","Monocytes","Monocytes",0.468836111626721
"ATGGGAGAGGCTAGCA-1","Monocytes","Monocytes",0.354644098959193
"ATGGGAGAGGGATGGG-1","B cells","B cells",0.367861018217844
"ATGGGAGAGTACGTTC-1","Monocytes","Monocytes",0.453771441925437
"ATGGGAGAGTTAGCGG-1","CD4+ T cells","CD4+ T cells",0.299355009674592
"ATGGGAGCAATGGATA-1","CD4+ T cells","CD4+ T cells",0.314529008076022
"ATGGGAGCACAGACAG-1","NK cells","NK cells",0.415373241542675
"ATGGGAGCACGAAAGC-1","T cells","T cells",0.324741546971419
"ATGGGAGCATGGATGG-1","CD8+ T cells","CD8+ T cells",0.398621927815557
"ATGGGAGGTAAGTGGC-1","Monocytes","Monocytes",0.421060381348508
"ATGGGAGGTGTTCTTT-1","Monocytes","Monocytes",0.435541230232382
"ATGGGAGGTTCCCGAG-1","CD8+ T cells","CD8+ T cells",0.298595637440132
"ATGGGAGTCAGTTAGC-1","B cells","B cells",0.315106865598409
"ATGGGAGTCCCTCTTT-1","B cells","B cells",0.320117557305366
"ATGGGAGTCCCTTGTG-1","CD4+ T cells","CD4+ T cells",0.318497639761794
"ATGGGAGTCTCCAGGG-1","T cells","T cells",0.374772065601219
"ATGGGAGTCTGCCAGG-1","CD8+ T cells","CD8+ T cells",0.330702201774549
"ATGGGAGTCTTATCTG-1","Monocytes","Monocytes",0.406279079768977
"ATGTGTGAGCAACGGT-1","CD8+ T cells","CD8+ T cells",0.308357508786303
"ATGTGTGAGCCCAGCT-1","T cells","T cells",0.345525525596123
"ATGTGTGCAGGACGTA-1","Monocytes","Monocytes",0.433481654063279
"ATGTGTGCAGTTTACG-1","B cells","B cells",0.325756494235048
"ATGTGTGCATCACCCT-1","CD4+ T cells","CD4+ T cells",0.398934415007281
"ATGTGTGGTCAAACTC-1","Monocytes","Monocytes",0.500969840307422
"ATGTGTGGTGCTCTTC-1","Monocytes","Monocytes",0.464797938895549
"ATGTGTGTCACAACGT-1","CD8+ T cells","CD8+ T cells",0.332020338448025
"ATGTGTGTCCGTAGTA-1","B cells","B cells",0.330481278058046
"ATGTGTGTCTCGATGA-1","T cells","T cells",0.373373553607635
"ATTACTCAGCAAATCA-1","B cells","B cells",0.350596030662282
"ATTACTCAGCTGATAA-1","Monocytes","Monocytes",0.355169962838847
"ATTACTCAGGAGTTTA-1","T cells","T cells",0.346316762230978
"ATTACTCAGGTACTCT-1","NK cells","NK cells",0.392926597085411
"ATTACTCCAACGATCT-1","NK cells",NA,0.296904049191946
"ATTACTCCACGAGAGT-1","Monocytes","Monocytes",0.394688624515095
"ATTACTCCAGATAATG-1","CD4+ T cells","CD4+ T cells",0.420391319706412
"ATTACTCCAGATCTGT-1","CD4+ T cells","CD4+ T cells",0.293655034700971
"ATTACTCCATGAACCT-1","Monocytes","Monocytes",0.434323142043043
"ATTACTCCATTACGAC-1","B cells",NA,0.297487271689161
"ATTACTCGTCCAGTAT-1","B cells","B cells",0.333506515805543
"ATTACTCGTCTAGCCG-1","Monocytes","Monocytes",0.478003916875441
"ATTACTCGTTTGTTGG-1","Monocytes","Monocytes",0.388609950453615
"ATTACTCTCAGTTTGG-1","CD4+ T cells","CD4+ T cells",0.276239922583551
"ATTACTCTCCTAGTGA-1","B cells","B cells",0.31158489502707
"ATTATCCAGGCTAGGT-1","B cells","B cells",0.312147818834956
"ATTATCCCAAGTAATG-1","B cells","B cells",0.330405239570548
"ATTATCCCAGACAGGT-1","CD4+ T cells","CD4+ T cells",0.343412134192475
"ATTATCCCAGTGGAGT-1","B cells","B cells",0.311854214372078
"ATTATCCGTAGAAAGG-1","B cells",NA,0.336647970087807
"ATTATCCGTCCCGACA-1","Monocytes","Monocytes",0.362864698215277
"ATTATCCGTGTTAAGA-1","T cells","T cells",0.389825912668721
"ATTATCCTCGAGGTAG-1","CD4+ T cells","CD4+ T cells",0.280995089880228
"ATTATCCTCTTGTACT-1","CD4+ T cells",NA,0.257344081661079
"ATTCTACAGAAGATTC-1","B cells","B cells",0.323782216898182
"ATTCTACAGAGCTATA-1","CD4+ T cells","CD4+ T cells",0.324538178694548
"ATTCTACCAAATACAG-1","Monocytes","Monocytes",0.4844728484842
"ATTCTACCAAGACACG-1","CD4+ T cells","CD4+ T cells",0.334481246452014
"ATTCTACCAAGAGGCT-1","T cells","T cells",0.360042273108276
"ATTCTACCAAGCGTAG-1","CD8+ T cells","CD8+ T cells",0.34016314182746
"ATTCTACCAGACGTAG-1","T cells","T cells",0.366449576702549
"ATTCTACCAGCCTTGG-1","Monocytes","Monocytes",0.492711090301922
"ATTCTACCATCGATGT-1","Dendritic cells","Dendritic cells",0.503707369948508
"ATTCTACGTACCAGTT-1","T cells","T cells",0.338696880578761
"ATTCTACGTAGCCTAT-1","Monocytes","Monocytes",0.338784831305077
"ATTCTACGTCTCACCT-1","CD8+ T cells","CD8+ T cells",0.303216200544896
"ATTCTACTCCGGGTGT-1","Monocytes","Monocytes",0.379357999279908
"ATTCTACTCCTTTCTC-1","CD4+ T cells","CD4+ T cells",0.336588581622723
"ATTCTACTCTCAAACG-1","B cells","B cells",0.348404544766686
"ATTGGACAGACGCAAC-1","Monocytes","Monocytes",0.437331278633442
"ATTGGACAGCTAGTTC-1","B cells","B cells",0.35085132150106
"ATTGGACAGCTGCAAG-1","T cells","T cells",0.312265594441107
"ATTGGACAGTGGAGTC-1","T cells","T cells",0.337350849068683
"ATTGGACGTACCGAGA-1","CD8+ T cells","CD8+ T cells",0.318624464121918
"ATTGGACGTAGGGTAC-1","CD8+ T cells","CD8+ T cells",0.298246811076203
"ATTGGACTCAAGAAGT-1","T cells","T cells",0.339939991916173
"ATTGGACTCACAAACC-1","T cells","T cells",0.396660615693595
"ATTGGACTCCGCGCAA-1","CD8+ T cells","CD8+ T cells",0.320092825238954
"ATTGGACTCCTGCAGG-1","B cells","B cells",0.310416120287528
"ATTGGACTCGTAGGTT-1","NK cells","NK cells",0.37631363826896
"ATTGGACTCTCGAGTA-1","T cells","T cells",0.318102470014665
"ATTGGACTCTGGCGAC-1","CD4+ T cells","CD4+ T cells",0.407421008794211
"ATTGGTGAGCGAGAAA-1","Monocytes","Monocytes",0.469422723114771
"ATTGGTGAGTACGACG-1","B cells","B cells",0.278316438579451
"ATTGGTGCAAAGTGCG-1","B cells","B cells",0.334550560723133
"ATTGGTGCAAGCGATG-1","CD4+ T cells","CD4+ T cells",0.306794173381881
"ATTGGTGCAAGTAATG-1","Dendritic cells","Dendritic cells",0.55672393759662
"ATTGGTGCAAGTTAAG-1","Monocytes","Monocytes",0.317953024651517
"ATTGGTGCACAACGTT-1","T cells","T cells",0.365040978080328
"ATTGGTGCATTTGCCC-1","T cells","T cells",0.349042222702606
"ATTGGTGGTCACCCAG-1","T cells","T cells",0.347530596182596
"ATTGGTGGTCTGGAGA-1","CD4+ T cells","CD4+ T cells",0.297210187656469
"ATTGGTGGTGATGATA-1","Monocytes",NA,0.225271111466753
"ATTGGTGGTTCGCTAA-1","Monocytes","Monocytes",0.488766501379307
"ATTGGTGTCCTGTAGA-1","Dendritic cells","Dendritic cells",0.519114548873031
"ATTGGTGTCCTTAATC-1","Dendritic cells","Dendritic cells",0.571931588484907
"ATTGGTGTCGCTTGTC-1","B cells","B cells",0.348418090890343
"ATTGGTGTCGTACCGG-1","T cells","T cells",0.388537796837196
"ATTGGTGTCGTAGGAG-1","CD4+ T cells","CD4+ T cells",0.330290039363457
"ATTTCTGAGAGCCCAA-1","CD4+ T cells","CD4+ T cells",0.278323647921503
"ATTTCTGAGGTAGCTG-1","T cells","T cells",0.320494277426044
"ATTTCTGAGTACGCGA-1","CD8+ T cells","CD8+ T cells",0.369959252844736
"ATTTCTGAGTATCGAA-1","NK cells","NK cells",0.366868075479128
"ATTTCTGAGTATGACA-1","B cells","B cells",0.333046283410776
"ATTTCTGAGTTAACGA-1","Monocytes","Monocytes",0.389573325881894
"ATTTCTGCAATGGAGC-1","Monocytes","Monocytes",0.399151621111174
"ATTTCTGCACGGTGTC-1","Monocytes","Monocytes",0.459149971428308
"ATTTCTGCACTCGACG-1","CD8+ T cells","CD8+ T cells",0.326713853554893
"ATTTCTGCAGCGTAAG-1","T cells","T cells",0.295916957285073
"ATTTCTGCAGGTGCCT-1","Monocytes","Monocytes",0.387089159753457
"ATTTCTGCATAAAGGT-1","B cells","B cells",0.346325207809703
"ATTTCTGCATACGCTA-1","CD8+ T cells","CD8+ T cells",0.332821926716922
"ATTTCTGCATGCGCAC-1","NK cells","NK cells",0.37759888538595
"ATTTCTGCATTTGCTT-1","Monocytes","Monocytes",0.507413188569521
"ATTTCTGGTCATGCCG-1","B cells","B cells",0.333666725748647
"ATTTCTGGTCCCTACT-1","NK cells","NK cells",0.385859680205409
"ATTTCTGGTGAACCTT-1","CD8+ T cells","CD8+ T cells",0.341973417220667
"ATTTCTGGTGGTCCGT-1","CD8+ T cells","CD8+ T cells",0.312964942378047
"ATTTCTGTCCCACTTG-1","B cells","B cells",0.32104533944672
"ATTTCTGTCCGAATGT-1","Dendritic cells","Dendritic cells",0.492305302641721
"ATTTCTGTCCTGTACC-1","Monocytes","Monocytes",0.393129255615926
"ATTTCTGTCGTTGACA-1","CD4+ T cells","CD4+ T cells",0.306111479779708
"ATTTCTGTCTGCTGTC-1","Monocytes","Monocytes",0.399501773882096
"ATTTCTGTCTGTGCAA-1","T cells","T cells",0.311777953309776
"CAACCAACAAATCCGT-1","T cells","T cells",0.335743947145588
"CAACCAACAGTGGGAT-1","B cells","B cells",0.314159791751332
"CAACCAACAGTTAACC-1","CD4+ T cells","CD4+ T cells",0.311490147621386
"CAACCAACATTTGCTT-1","B cells","B cells",0.364604491150807
"CAACCAAGTATCGCAT-1","CD4+ T cells","CD4+ T cells",0.373831042290632
"CAACCAAGTCAAACTC-1","Dendritic cells","Dendritic cells",0.555830592883038
"CAACCAAGTCACTGGC-1","CD8+ T cells","CD8+ T cells",0.349172355169008
"CAACCAAGTCAGCTAT-1","Monocytes","Monocytes",0.42704565098977
"CAACCAAGTCGAACAG-1","Monocytes","Monocytes",0.404254831115466
"CAACCAAGTCTGGAGA-1","Monocytes","Monocytes",0.375552518921064
"CAACCAAGTGCTTCTC-1","CD4+ T cells","CD4+ T cells",0.325796810805234
"CAACCAAGTGTTGAGG-1","Monocytes","Monocytes",0.428320687501215
"CAACCAATCAGGCAAG-1","T cells","T cells",0.341316028148005
"CAACCAATCATCATTC-1","Monocytes","Monocytes",0.445386147766725
"CAACCAATCCACTGGG-1","CD4+ T cells","CD4+ T cells",0.368209290696848
"CAACCAATCGTCTGAA-1","Monocytes","Monocytes",0.437398171546098
"CAACCAATCTAACTGG-1","CD4+ T cells","CD4+ T cells",0.321945849105572
"CAACCTCAGAGACGAA-1","CD4+ T cells","CD4+ T cells",0.361929614977726
"CAACCTCAGGCACATG-1","NK cells","NK cells",0.43536746754052
"CAACCTCAGGGAACGG-1","B cells","B cells",0.34214178267936
"CAACCTCAGTGGTAGC-1","CD8+ T cells","CD8+ T cells",0.330331646408748
"CAACCTCCAAGCCTAT-1","B cells",NA,0.327173924873191
"CAACCTCCAAGCTGTT-1","T cells","T cells",0.308231018679744
"CAACCTCCAATGTAAG-1","T cells","T cells",0.335560740753476
"CAACCTCCACCAGGCT-1","Monocytes","Monocytes",0.392107383512708
"CAACCTCCACTATCTT-1","Monocytes","Monocytes",0.418117364851394
"CAACCTCCACTGAAGG-1","Monocytes","Monocytes",0.435559528313505
"CAACCTCCAGATCCAT-1","CD4+ T cells","CD4+ T cells",0.311805342194542
"CAACCTCCAGTAACGG-1","B cells","B cells",0.379491694032119
"CAACCTCCATTCTCAT-1","Monocytes","Monocytes",0.326314944216605
"CAACCTCGTAGCGCAA-1","B cells","B cells",0.329325215577802
"CAACCTCGTAGTAGTA-1","T cells","T cells",0.371290536139531
"CAACCTCGTCTTGATG-1","CD8+ T cells","CD8+ T cells",0.339412993596597
"CAACCTCGTTCCTCCA-1","Monocytes","Monocytes",0.441801279411398
"CAACCTCGTTCGGCAC-1","T cells","T cells",0.360213083582702
"CAACCTCTCCAGAAGG-1","Dendritic cells",NA,0.375453240136441
"CAACCTCTCTGCGTAA-1","B cells",NA,0.339835683664409
"CAACCTCTCTGTTGAG-1","Monocytes","Monocytes",0.420588705212532
"CAACTAGAGAGCAATT-1","Monocytes","Monocytes",0.479299873172993
"CAACTAGCAAGCGATG-1","T cells","T cells",0.385905937548077
"CAACTAGCAAGTCATC-1","CD4+ T cells","CD4+ T cells",0.359808157323694
"CAACTAGCACAGACTT-1","CD4+ T cells","CD4+ T cells",0.357874726322347
"CAACTAGCACAGGTTT-1","Monocytes","Monocytes",0.421532274013261
"CAACTAGCAGCCAGAA-1","CD4+ T cells","CD4+ T cells",0.33926807741536
"CAACTAGGTAGCACGA-1","B cells","B cells",0.309284017670517
"CAACTAGGTCATCGGC-1","CD4+ T cells","CD4+ T cells",0.340214948611386
"CAACTAGGTTGCCTCT-1","CD8+ T cells","CD8+ T cells",0.324180762008254
"CAACTAGTCACCTTAT-1","CD4+ T cells","CD4+ T cells",0.263754764101579
"CAACTAGTCAGAGACG-1","CD8+ T cells","CD8+ T cells",0.367927558386356
"CAACTAGTCGCATGAT-1","T cells","T cells",0.284178905871488
"CAAGAAAAGAGCAATT-1","B cells","B cells",0.315171353920029
"CAAGAAAAGCGGCTTC-1","Monocytes","Monocytes",0.468350656635752
"CAAGAAACACACCGCA-1","T cells","T cells",0.359446232713527
"CAAGAAACACATGTGT-1","B cells","B cells",0.336149960085446
"CAAGAAACACCACGTG-1","T cells","T cells",0.267130884367902
"CAAGAAACATTCTTAC-1","T cells","T cells",0.371777681590203
"CAAGAAAGTCAAAGCG-1","CD8+ T cells","CD8+ T cells",0.321692686552775
"CAAGAAAGTCCAGTAT-1","Monocytes","Monocytes",0.332425997304586
"CAAGAAAGTCGCGTGT-1","Monocytes","Monocytes",0.371348375592302
"CAAGAAAGTCGGGTCT-1","T cells","T cells",0.308913741330337
"CAAGAAAGTCTGGTCG-1","Monocytes","Monocytes",0.447920837674123
"CAAGAAAGTTAAGTAG-1","T cells","T cells",0.430521245738894
"CAAGAAAGTTCCTCCA-1","CD8+ T cells","CD8+ T cells",0.347822815993038
"CAAGAAAGTTGAGTTC-1","B cells","B cells",0.362168139084326
"CAAGAAAGTTTAAGCC-1","T cells","T cells",0.349780697255011
"CAAGAAATCACGCGGT-1","B cells","B cells",0.332374895822202
"CAAGAAATCTTCAACT-1","CD4+ T cells","CD4+ T cells",0.254663095209021
"CAAGATCAGACCACGA-1","B cells",NA,0.323068266053755
"CAAGATCAGGACTGGT-1","B cells","B cells",0.283912012228016
"CAAGATCAGTATTGGA-1","NK cells","NK cells",0.393992032022858
"CAAGATCAGTTGAGTA-1","Monocytes","Monocytes",0.508211769208562
"CAAGATCCACGTTGGC-1","CD4+ T cells","CD4+ T cells",0.336384426518403
"CAAGATCCAGCTCGAC-1","T cells","T cells",0.336109717158407
"CAAGATCGTAAGGGAA-1","CD8+ T cells","CD8+ T cells",0.332580070345138
"CAAGATCGTCAACTGT-1","Monocytes","Monocytes",0.432518708098547
"CAAGATCGTCAGAATA-1","T cells","T cells",0.339618398677334
"CAAGATCGTGCACCAC-1","CD4+ T cells","CD4+ T cells",0.295254284745872
"CAAGATCGTGTGTGCC-1","T cells","T cells",0.446422351833359
"CAAGATCGTTAGGGTG-1","B cells","B cells",0.409362193760921
"CAAGATCGTTGCTCCT-1","T cells","T cells",0.433268242465907
"CAAGATCTCACAATGC-1","CD8+ T cells","CD8+ T cells",0.337210632379911
"CAAGATCTCACATAGC-1","Monocytes","Monocytes",0.429714837369267
"CAAGATCTCGCCAGCA-1","B cells","B cells",0.346617174934461
"CAAGGCCAGAGGTTAT-1","CD8+ T cells","CD8+ T cells",0.346960021190836
"CAAGGCCAGCAGGCTA-1","B cells","B cells",0.344779190345783
"CAAGGCCAGGGATACC-1","T cells","T cells",0.376272291540925
"CAAGGCCAGGGTCGAT-1","B cells","B cells",0.324868917280573
"CAAGGCCAGGTAGCCA-1","CD4+ T cells","CD4+ T cells",0.336211881036715
"CAAGGCCCAACACGCC-1","Monocytes","Monocytes",0.435141612776907
"CAAGGCCCACCTGGTG-1","T cells","T cells",0.322577371274578
"CAAGGCCCACGTGAGA-1","Monocytes","Monocytes",0.33790940476533
"CAAGGCCCAGCAGTTT-1","B cells","B cells",0.369509277264759
"CAAGGCCCAGTGGAGT-1","CD4+ T cells","CD4+ T cells",0.334796074519003
"CAAGGCCCATCCCACT-1","Dendritic cells","Dendritic cells",0.553621943219185
"CAAGGCCCATGTCCTC-1","T cells","T cells",0.308194268124383
"CAAGGCCGTACAGTGG-1","T cells","T cells",0.363749414802667
"CAAGGCCGTCACAAGG-1","CD4+ T cells","CD4+ T cells",0.33931266813559
"CAAGGCCGTCGAGTTT-1","Monocytes","Monocytes",0.46664507642149
"CAAGGCCGTTATGCGT-1","T cells","T cells",0.338048970506164
"CAAGGCCTCTCAAGTG-1","CD4+ T cells","CD4+ T cells",0.320000535352249
"CAAGGCCTCTTCGGTC-1","Monocytes","Monocytes",0.419467390258737
"CAAGTTGAGAGTAATC-1","Monocytes","Monocytes",0.442261264380908
"CAAGTTGAGCTGCCCA-1","CD8+ T cells","CD8+ T cells",0.310984194032783
"CAAGTTGAGTCTCGGC-1","CD4+ T cells","CD4+ T cells",0.282518878616606
"CAAGTTGAGTGACTCT-1","B cells","B cells",0.374681921904344
"CAAGTTGAGTTAGCGG-1","B cells","B cells",0.367487316259559
"CAAGTTGCAAACTGTC-1","CD8+ T cells","CD8+ T cells",0.308718255843326
"CAAGTTGCAATCGGTT-1","Monocytes","Monocytes",0.352951072226167
"CAAGTTGCAATTGCTG-1","T cells","T cells",0.370276663854586
"CAAGTTGCACAGCGTC-1","B cells","B cells",0.334066050670157
"CAAGTTGCACCCAGTG-1","T cells","T cells",0.296059146709374
"CAAGTTGCAGTAAGCG-1","CD8+ T cells","CD8+ T cells",0.307799875538254
"CAAGTTGCATCTACGA-1","Monocytes","Monocytes",0.34142925280486
"CAAGTTGGTACTTAGC-1","NK cells","NK cells",0.406933451863687
"CAAGTTGGTATAAACG-1","Monocytes","Monocytes",0.460900854193621
"CAAGTTGGTCGACTGC-1","CD4+ T cells","CD4+ T cells",0.308743981992979
"CAAGTTGGTCGCATAT-1","Monocytes","Monocytes",0.501155568012652
"CAAGTTGGTCGGCTCA-1","T cells","T cells",0.339728812545558
"CAAGTTGGTCTCGTTC-1","Monocytes","Monocytes",0.444227655585945
"CAAGTTGGTCTTCAAG-1","T cells","T cells",0.327326678755798
"CAAGTTGGTGTGCGTC-1","B cells","B cells",0.326502838394179
"CAAGTTGTCATAAAGG-1","CD8+ T cells","CD8+ T cells",0.313111776885554
"CAAGTTGTCGGCCGAT-1","T cells","T cells",0.358140258148663
"CAAGTTGTCGGGAGTA-1","CD8+ T cells","CD8+ T cells",0.323654655970722
"CAAGTTGTCTCTTGAT-1","CD4+ T cells","CD4+ T cells",0.312742765686123
"CACAAACAGCTACCGC-1","Monocytes","Monocytes",0.418051202487827
"CACAAACAGTAGGTGC-1","Monocytes","Monocytes",0.507559824685985
"CACAAACCACGCTTTC-1","B cells","B cells",0.32931404829201
"CACAAACCACTGTGTA-1","B cells","B cells",0.333081894154173
"CACAAACCATAAGACA-1","CD8+ T cells","CD8+ T cells",0.345869557453327
"CACAAACCATACTCTT-1","CD8+ T cells","CD8+ T cells",0.374248522950851
"CACAAACGTCGCATAT-1","CD4+ T cells","CD4+ T cells",0.328378378654126
"CACAAACGTTAAAGTG-1","NK cells","NK cells",0.347976335011056
"CACAAACTCCAGAGGA-1","Monocytes","Monocytes",0.430594130554636
"CACAAACTCCGGCACA-1","Monocytes","Monocytes",0.423678770048566
"CACACAAAGACTGTAA-1","B cells","B cells",0.32529462828695
"CACACAAAGGTTCCTA-1","T cells","T cells",0.305203020353174
"CACACAACAATCTACG-1","CD8+ T cells","CD8+ T cells",0.328441260136666
"CACACAACAATGGTCT-1","T cells","T cells",0.32569739697739
"CACACAACAGCGAACA-1","CD4+ T cells","CD4+ T cells",0.341496565789075
"CACACAACATCGATTG-1","Dendritic cells","Dendritic cells",0.529232614959342
"CACACAACATGGTTGT-1","Monocytes","Monocytes",0.490803689111598
"CACACAAGTAAGGGAA-1","B cells",NA,0.344942525322471
"CACACAAGTAGCGATG-1","B cells","B cells",0.30094198299814
"CACACAAGTGACCAAG-1","CD4+ T cells","CD4+ T cells",0.397794207793955
"CACACAATCACCATAG-1","Monocytes","Monocytes",0.36908419172128
"CACACAATCCGCAAGC-1","T cells","T cells",0.384523893523479
"CACACAATCCGTAGGC-1","Monocytes","Monocytes",0.400563929844568
"CACACAATCCTATGTT-1","Monocytes","Monocytes",0.362392691396133
"CACACAATCGACAGCC-1","B cells","B cells",0.313283550543287
"CACACAATCGAGAACG-1","T cells","T cells",0.366022355398032
"CACACCTAGGCACATG-1","T cells","T cells",0.366198139930216
"CACACCTAGGCCGAAT-1","T cells","T cells",0.386415821241564
"CACACCTCAAGGTTCT-1","B cells","B cells",0.318261435127216
"CACACCTCAGAAGCAC-1","T cells","T cells",0.344475168258408
"CACACCTCATAAAGGT-1","Monocytes","Monocytes",0.507473888883831
"CACACCTCATCCAACA-1","Monocytes","Monocytes",0.345871033564468
"CACACCTCATGAGCGA-1","Monocytes","Monocytes",0.495373300040769
"CACACCTGTATGGTTC-1","CD4+ T cells","CD4+ T cells",0.308709274193759
"CACACCTGTCAGAAGC-1","T cells","T cells",0.399916244893508
"CACACCTGTCTAAACC-1","Dendritic cells","Dendritic cells",0.528822516017021
"CACACCTGTCTGATCA-1","Monocytes","Monocytes",0.477852968720666
"CACACCTTCAAAGACA-1","Monocytes","Monocytes",0.396806734502313
"CACACCTTCAGTCCCT-1","Dendritic cells","Dendritic cells",0.522004728999951
"CACACCTTCCCGGATG-1","Monocytes","Monocytes",0.504944603399042
"CACACCTTCGAGGTAG-1","Dendritic cells","Dendritic cells",0.573450877280624
"CACACTCAGAAGAAGC-1","CD4+ T cells","CD4+ T cells",0.363915307854054
"CACACTCAGCCACCTG-1","Monocytes","Monocytes",0.29414339855932
"CACACTCAGCCATCGC-1","CD4+ T cells","CD4+ T cells",0.362756222985489
"CACACTCAGCTAAGAT-1","CD4+ T cells","CD4+ T cells",0.375322202854477
"CACACTCAGGTGTTAA-1","B cells","B cells",0.344953458827889
"CACACTCAGTACGTTC-1","CD4+ T cells","CD4+ T cells",0.374267748087943
"CACACTCAGTTTGCGT-1","Monocytes","Monocytes",0.417440659009472
"CACACTCCACAGATTC-1","CD4+ T cells","CD4+ T cells",0.346941258798671
"CACACTCCACGTTGGC-1","T cells","T cells",0.37114802388469
"CACACTCCATATGGTC-1","Monocytes","Monocytes",0.422995073028892
"CACACTCGTACGAAAT-1","CD4+ T cells","CD4+ T cells",0.308200710416146
"CACACTCGTAGAGCTG-1","CD4+ T cells","CD4+ T cells",0.31988897625362
"CACACTCGTCCAGTAT-1","CD4+ T cells","CD4+ T cells",0.341530456330314
"CACACTCGTCTAGTGT-1","B cells","B cells",0.36561772404534
"CACACTCGTCTCATCC-1","Monocytes","Monocytes",0.435891693921463
"CACACTCGTGTAAGTA-1","CD8+ T cells","CD8+ T cells",0.295709514593605
"CACACTCGTTTACTCT-1","T cells","T cells",0.369331965955936
"CACACTCTCAGGCCCA-1","T cells","T cells",0.338059990004434
"CACACTCTCCCTAACC-1","CD4+ T cells","CD4+ T cells",0.353220533705642
"CACACTCTCCTTTCTC-1","B cells","B cells",0.3448925399655
"CACACTCTCGCAAACT-1","CD4+ T cells","CD4+ T cells",0.328512202693219
"CACAGGCAGACCGGAT-1","Monocytes","Monocytes",0.422767002242613
"CACAGGCAGAGCTATA-1","T cells","T cells",0.384016087842726
"CACAGGCAGCCACGTC-1","Monocytes","Monocytes",0.47469327093572
"CACAGGCAGTGAACGC-1","T cells","T cells",0.318570203420807
"CACAGGCCAAATTGCC-1","CD4+ T cells","CD4+ T cells",0.28357561242681
"CACAGGCCAAGCCCAC-1","CD4+ T cells","CD4+ T cells",0.293250705387138
"CACAGGCCAATGCCAT-1","T cells","T cells",0.329984613468817
"CACAGGCCACCAGGTC-1","T cells","T cells",0.357181557374539
"CACAGGCCACCTCGGA-1","T cells","T cells",0.350185203691111
"CACAGGCTCAGCGATT-1","Monocytes","Monocytes",0.404244300054392
"CACAGGCTCCAAGCCG-1","T cells","T cells",0.283271775144877
"CACAGGCTCCGCAGTG-1","Monocytes","Monocytes",0.344215375519132
"CACAGGCTCTCTTGAT-1","NK cells","NK cells",0.408576476050692
"CACAGGCTCTGCAGTA-1","T cells","T cells",0.348732630908905
"CACAGTAAGTACGATA-1","Monocytes","Monocytes",0.419025312294865
"CACAGTAAGTGAACGC-1","CD4+ T cells","CD4+ T cells",0.326835472880591
"CACAGTACAAGACGTG-1","Monocytes","Monocytes",0.420797761036623
"CACAGTACACATAACC-1","CD4+ T cells","CD4+ T cells",0.338417418833408
"CACAGTACATCGGTTA-1","B cells","B cells",0.270386567151407
"CACAGTAGTCCCTACT-1","B cells","B cells",0.332643431036389
"CACAGTAGTCGGCATC-1","B cells","B cells",0.358730123445128
"CACAGTAGTGCTTCTC-1","CD8+ T cells","CD8+ T cells",0.329107429479409
"CACAGTATCAGGCCCA-1","Monocytes","Monocytes",0.471645472542526
"CACAGTATCCCAACGG-1","T cells","T cells",0.394102679057208
"CACATAGAGACCCACC-1","Monocytes","Monocytes",0.42886579349131
"CACATAGAGGCTAGGT-1","B cells","B cells",0.312812494491726
"CACATAGAGTAATCCC-1","Monocytes","Monocytes",0.409384067969234
"CACATAGCAAGACGTG-1","B cells","B cells",0.340583474222279
"CACATAGCAAGTCTGT-1","Monocytes","Monocytes",0.430914451979743
"CACATAGGTATTACCG-1","T cells","T cells",0.343550390938228
"CACATAGGTCAGTGGA-1","B cells","B cells",0.339392774374178
"CACATAGTCATCACCC-1","Monocytes","Monocytes",0.369748322844351
"CACATAGTCCGCATAA-1","B cells","B cells",0.291191842821393
"CACATTTAGCACCGTC-1","CD8+ T cells","CD8+ T cells",0.340491786769343
"CACATTTAGGGTGTGT-1","B cells","B cells",0.315887758975035
"CACATTTAGTAGCGGT-1","Monocytes","Monocytes",0.420549283422331
"CACATTTAGTTACGGG-1","Progenitors","Progenitors",0.209042430431636
"CACATTTCAGATTGCT-1","T cells","T cells",0.378727865262522
"CACATTTGTAATCACC-1","B cells","B cells",0.334687183510799
"CACATTTGTACTCAAC-1","Monocytes","Monocytes",0.41037299871701
"CACATTTGTCACACGC-1","Dendritic cells","Dendritic cells",0.518535857948821
"CACATTTGTCACCTAA-1","CD8+ T cells","CD8+ T cells",0.321606685654977
"CACATTTGTCTCCATC-1","T cells","T cells",0.40188637700585
"CACATTTTCAGTTAGC-1","CD8+ T cells","CD8+ T cells",0.310466099564962
"CACATTTTCGGAAATA-1","B cells","B cells",0.366828972861381
"CACATTTTCTGAGGGA-1","T cells","T cells",0.376334047193237
"CACATTTTCTTGCAAG-1","T cells","T cells",0.371682971529651
"CACCACTAGACTTGAA-1","T cells","T cells",0.418419191244285
"CACCACTAGAGGACGG-1","T cells","T cells",0.385692473631315
"CACCACTAGATAGTCA-1","T cells","T cells",0.306287234549569
"CACCACTAGATCACGG-1","Monocytes","Monocytes",0.433720348724944
"CACCACTAGCCGTCGT-1","T cells","T cells",0.324700413293156
"CACCACTAGTACGACG-1","Monocytes","Monocytes",0.463432546236867
"CACCACTAGTGCGATG-1","T cells","T cells",0.35549766019792
"CACCACTCAGTATGCT-1","Monocytes","Monocytes",0.425015666758835
"CACCACTCATGTCCTC-1","B cells",NA,0.338092384734953
"CACCACTCATTCGACA-1","Monocytes","Monocytes",0.41671910249975
"CACCACTGTAGTAGTA-1","Monocytes","Monocytes",0.371453862882557
"CACCACTGTATGGTTC-1","CD4+ T cells","CD4+ T cells",0.290391434367314
"CACCACTGTTGTCGCG-1","CD4+ T cells","CD4+ T cells",0.348105468479229
"CACCACTTCTATCCCG-1","NK cells","NK cells",0.343740312471923
"CACCACTTCTTCATGT-1","NK cells","NK cells",0.378277658342433
"CACCAGGAGAAGGGTA-1","T cells","T cells",0.347512904783341
"CACCAGGAGAGCTGGT-1","Monocytes","Monocytes",0.399955525672037
"CACCAGGAGCCAGGAT-1","B cells","B cells",0.332774516725988
"CACCAGGAGGTAGCTG-1","Monocytes","Monocytes",0.37009639419325
"CACCAGGAGTATCGAA-1","T cells","T cells",0.275730673921432
"CACCAGGAGTCGAGTG-1","CD4+ T cells","CD4+ T cells",0.295073994146465
"CACCAGGAGTTCGCGC-1","NK cells","NK cells",0.403139384655632
"CACCAGGAGTTTGCGT-1","T cells","T cells",0.326168372004197
"CACCAGGCAACTGCGC-1","Monocytes","Monocytes",0.47102163719848
"CACCAGGCACAGCGTC-1","CD4+ T cells","CD4+ T cells",0.29601759218884
"CACCAGGCACGTCAGC-1","CD4+ T cells","CD4+ T cells",0.324607278663845
"CACCAGGCAGTCAGAG-1","CD4+ T cells","CD4+ T cells",0.336475119923676
"CACCAGGCAGTCCTTC-1","Monocytes","Monocytes",0.449306704373907
"CACCAGGCAGTCTTCC-1","B cells","B cells",0.364261952792206
"CACCAGGGTATCAGTC-1","CD4+ T cells","CD4+ T cells",0.319681262887514
"CACCAGGGTTCCCGAG-1","T cells","T cells",0.360504358069558
"CACCAGGGTTCGCGAC-1","T cells","T cells",0.324498629602761
"CACCAGGTCGTACCGG-1","B cells","B cells",0.349118193169385
"CACCAGGTCTACTATC-1","CD8+ T cells","CD8+ T cells",0.30002139064292
"CACCAGGTCTGTTGAG-1","CD4+ T cells","CD4+ T cells",0.337447131791252
"CACCAGGTCTTCAACT-1","T cells","T cells",0.338243860329536
"CACCTTGAGAACTGTA-1","T cells","T cells",0.272750612012779
"CACCTTGAGACAGAGA-1","CD8+ T cells","CD8+ T cells",0.317035200326119
"CACCTTGAGAGACGAA-1","CD4+ T cells","CD4+ T cells",0.309900820192475
"CACCTTGAGCAGACTG-1","CD4+ T cells","CD4+ T cells",0.331138442851665
"CACCTTGAGCAGCGTA-1","Monocytes","Monocytes",0.423474340320772
"CACCTTGAGGCCCTCA-1","Monocytes","Monocytes",0.430932756663636
"CACCTTGAGTGGAGAA-1","B cells","B cells",0.331989255242843
"CACCTTGAGTGTACCT-1","B cells","B cells",0.267714667142397
"CACCTTGCAGCTGCTG-1","B cells","B cells",0.363723382873291
"CACCTTGGTAAGAGGA-1","T cells","T cells",0.382759433846458
"CACCTTGGTATGGTTC-1","B cells","B cells",0.380689004510281
"CACCTTGGTCCATGAT-1","CD4+ T cells","CD4+ T cells",0.330055471034865
"CACCTTGGTCTTTCAT-1","Monocytes","Monocytes",0.377653759380531
"CACCTTGGTGGCTCCA-1","Monocytes","Monocytes",0.409146785494613
"CACCTTGGTGTGGCTC-1","NK cells","NK cells",0.447113522233021
"CACCTTGGTTGCCTCT-1","NK cells","NK cells",0.433672147275487
"CACCTTGGTTTACTCT-1","NK cells","NK cells",0.393635384509826
"CACCTTGTCAGAAATG-1","Monocytes","Monocytes",0.408967249417994
"CACCTTGTCAGCTGGC-1","CD4+ T cells","CD4+ T cells",0.356799792461807
"CACCTTGTCATTTGGG-1","Monocytes","Monocytes",0.463196769263609
"CACCTTGTCCGTTGCT-1","CD4+ T cells","CD4+ T cells",0.314819457530695
"CACCTTGTCCTGCAGG-1","CD4+ T cells","CD4+ T cells",0.380144589827367
"CACCTTGTCTACTCAT-1","Monocytes","Monocytes",0.361142254573216
"CACCTTGTCTCTGAGA-1","B cells","B cells",0.332740461769553
"CACTCCAAGAGCTTCT-1","T cells","T cells",0.368708152693913
"CACTCCAAGAGGTACC-1","T cells","T cells",0.329192421137302
"CACTCCAAGATGCGAC-1","CD4+ T cells","CD4+ T cells",0.360329888638388
"CACTCCAAGCGATGAC-1","Monocytes","Monocytes",0.373314039253078
"CACTCCAAGTGGTAGC-1","Dendritic cells","Dendritic cells",0.530279122017865
"CACTCCACAAGCGTAG-1","Monocytes","Monocytes",0.37418463832596
"CACTCCACACAAGCCC-1","Monocytes","Monocytes",0.476985466233909
"CACTCCACACCTATCC-1","CD4+ T cells","CD4+ T cells",0.349668257987072
"CACTCCACACGCGAAA-1","CD4+ T cells","CD4+ T cells",0.34092346304636
"CACTCCACATACTACG-1","B cells","B cells",0.3358659372326
"CACTCCACATTCCTCG-1","T cells","T cells",0.324220282992605
"CACTCCAGTACAGTGG-1","Monocytes","Monocytes",0.46846068374874
"CACTCCAGTCGCGGTT-1","Monocytes","Monocytes",0.473417321234437
"CACTCCAGTGAAATCA-1","CD4+ T cells","CD4+ T cells",0.33021173570069
"CACTCCAGTGATAAGT-1","Monocytes","Monocytes",0.4373782988037
"CACTCCAGTGATGATA-1","T cells","T cells",0.342036217146367
"CACTCCAGTGTCGCTG-1","CD4+ T cells","CD4+ T cells",0.304558416624987
"CACTCCAGTTATCGGT-1","Monocytes","Monocytes",0.360671394035271
"CACTCCATCGCCAAAT-1","Monocytes","Monocytes",0.440604576973392
"CACTCCATCGGACAAG-1","CD4+ T cells","CD4+ T cells",0.321911669974022
"CACTCCATCTCTTATG-1","NK cells","NK cells",0.389480879863076
"CACTCCATCTGTCAAG-1","B cells","B cells",0.3897990196507
"CAGAATCAGAAACCAT-1","Monocytes","Monocytes",0.420422623062839
"CAGAATCAGCGGCTTC-1","B cells","B cells",0.363021295062475
"CAGAATCAGTATGACA-1","CD4+ T cells","CD4+ T cells",0.373727202403021
"CAGAATCAGTCCCACG-1","CD4+ T cells","CD4+ T cells",0.311867786569623
"CAGAATCCAAAGAATC-1","B cells","B cells",0.318691646828186
"CAGAATCCACCGGAAA-1","CD8+ T cells","CD8+ T cells",0.326804765328097
"CAGAATCCACGGTGTC-1","Dendritic cells","Dendritic cells",0.515904097415884
"CAGAATCCACTGAAGG-1","B cells","B cells",0.348551490442221
"CAGAATCCACTGTGTA-1","CD8+ T cells","CD8+ T cells",0.305662449745646
"CAGAATCCAGCCTATA-1","CD8+ T cells","CD8+ T cells",0.338743654544055
"CAGAATCCATCGGGTC-1","Monocytes","Monocytes",0.353395359040768
"CAGAATCGTACTTAGC-1","CD4+ T cells","CD4+ T cells",0.270822747527446
"CAGAATCGTATATGAG-1","Monocytes","Monocytes",0.333568772582518
"CAGAATCGTATCGCAT-1","CD8+ T cells","CD8+ T cells",0.296661138152141
"CAGAATCGTATGAAAC-1","CD8+ T cells","CD8+ T cells",0.309331166516731
"CAGAATCGTCGTCTTC-1","B cells","B cells",0.347782502138276
"CAGAATCGTGATGCCC-1","B cells","B cells",0.391479471176893
"CAGAATCGTGGGTATG-1","CD4+ T cells","CD4+ T cells",0.288343161949582
"CAGAATCGTTTCGCTC-1","CD8+ T cells","CD8+ T cells",0.331233543341361
"CAGAATCTCACCGTAA-1","CD4+ T cells","CD4+ T cells",0.319269054309663
"CAGAATCTCCACTGGG-1","T cells","T cells",0.423401644392854
"CAGAATCTCGGCGCAT-1","CD8+ T cells","CD8+ T cells",0.34623504182036
"CAGAATCTCTATGTGG-1","Monocytes","Monocytes",0.389102087460883
"CAGAATCTCTGAGGGA-1","B cells","B cells",0.355142730084909
"CAGAATCTCTTCGGTC-1","Monocytes","Monocytes",0.459691566687671
"CAGAGAGAGAGTGAGA-1","CD8+ T cells","CD8+ T cells",0.315995819422786
"CAGAGAGAGATAGTCA-1","CD4+ T cells","CD4+ T cells",0.350899253084209
"CAGAGAGAGCGTGAGT-1","B cells","B cells",0.339649616616623
"CAGAGAGAGCTACCTA-1","B cells","B cells",0.339713819198101
"CAGAGAGAGGAGTTGC-1","CD8+ T cells","CD8+ T cells",0.330366143478579
"CAGAGAGAGGCGTACA-1","Monocytes","Monocytes",0.36520587816505
"CAGAGAGAGTAATCCC-1","Monocytes","Monocytes",0.431189703774966
"CAGAGAGAGTACACCT-1","Monocytes","Monocytes",0.317565489492339
"CAGAGAGCATAAAGGT-1","CD4+ T cells","CD4+ T cells",0.363869884321853
"CAGAGAGGTAAGTAGT-1","Dendritic cells","Dendritic cells",0.480738038791524
"CAGAGAGGTCAACTGT-1","Monocytes","Monocytes",0.431174201437032
"CAGAGAGGTTTACTCT-1","Dendritic cells","Dendritic cells",0.531480267706667
"CAGAGAGTCAATACCG-1","T cells","T cells",0.369226072127011
"CAGAGAGTCCCAAGAT-1","T cells","T cells",0.353633107273304
"CAGAGAGTCGGCGCTA-1","CD8+ T cells","CD8+ T cells",0.311847372681059
"CAGAGAGTCTGGTGTA-1","B cells","B cells",0.312237540459722
"CAGATCAAGACTAAGT-1","Dendritic cells",NA,0.314428629949782
"CAGATCAAGCCACCTG-1","Monocytes","Monocytes",0.406433906242429
"CAGATCAAGCCAGGAT-1","Monocytes","Monocytes",0.471531339387348
"CAGATCAAGCGTAATA-1","Dendritic cells","Dendritic cells",0.542592230837959
"CAGATCAAGGCGATAC-1","T cells","T cells",0.305327463356884
"CAGATCAAGGGTCGAT-1","Monocytes","Monocytes",0.338244423813929
"CAGATCAAGTGTCCAT-1","CD4+ T cells","CD4+ T cells",0.339692928492382
"CAGATCACAAAGGTGC-1","B cells","B cells",0.323362200687295
"CAGATCACAATGTTGC-1","NK cells","NK cells",0.393244517018528
"CAGATCACAGACGCAA-1","Monocytes","Monocytes",0.422963786322623
"CAGATCAGTACAGTGG-1","NK cells","NK cells",0.405689397082006
"CAGATCAGTACCGTAT-1","T cells","T cells",0.362813150815886
"CAGATCAGTCTGGAGA-1","CD4+ T cells","CD4+ T cells",0.364205556979173
"CAGATCAGTGCACTTA-1","T cells","T cells",0.311810293703513
"CAGATCAGTTCAGCGC-1","CD8+ T cells","CD8+ T cells",0.312841883620644
"CAGATCATCATCACCC-1","T cells","T cells",0.322487673933753
"CAGATCATCTGCTGCT-1","Dendritic cells","Dendritic cells",0.551415946474541
"CAGCAGCAGATGTCGG-1","CD8+ T cells","CD8+ T cells",0.355528578155597
"CAGCAGCAGGTGCACA-1","CD4+ T cells","CD4+ T cells",0.433315099911661
"CAGCAGCCACCGAATT-1","CD8+ T cells","CD8+ T cells",0.321305968454002
"CAGCAGCCACGAGGTA-1","Monocytes","Monocytes",0.361193795433826
"CAGCAGCCAGGGATTG-1","CD4+ T cells","CD4+ T cells",0.435215218850875
"CAGCAGCGTAATAGCA-1","Dendritic cells",NA,0.385380330115496
"CAGCAGCGTATAAACG-1","Monocytes","Monocytes",0.490747833230837
"CAGCAGCGTCAGAATA-1","Dendritic cells","Dendritic cells",0.53386172762856
"CAGCAGCGTGCATCTA-1","Monocytes","Monocytes",0.49530800889175
"CAGCAGCGTTCGCTAA-1","Monocytes","Monocytes",0.436905774628966
"CAGCAGCGTTCGGCAC-1","B cells","B cells",0.317726133015649
"CAGCAGCTCAACGAAA-1","B cells","B cells",0.344794408483813
"CAGCAGCTCAAGGCTT-1","T cells","T cells",0.369605634545835
"CAGCAGCTCCGTACAA-1","CD8+ T cells","CD8+ T cells",0.303600954129011
"CAGCAGCTCGTGGTCG-1","CD8+ T cells","CD8+ T cells",0.328971610052025
"CAGCATAAGACATAAC-1","B cells","B cells",0.294822299490612
"CAGCATAAGGATCGCA-1","T cells","T cells",0.324953393488275
"CAGCATAAGGCTCATT-1","Monocytes","Monocytes",0.533359772853796
"CAGCATACACATTAGC-1","CD8+ T cells","CD8+ T cells",0.334909596013692
"CAGCATACAGCGTTCG-1","Monocytes","Monocytes",0.354024551524784
"CAGCATACAGGTCCAC-1","B cells","B cells",0.313422243057044
"CAGCATAGTACCGCTG-1","B cells","B cells",0.360830802775514
"CAGCATAGTACGAAAT-1","T cells","T cells",0.38874046833024
"CAGCATATCACTTATC-1","CD8+ T cells","CD8+ T cells",0.32457936148351
"CAGCATATCAGTGCAT-1","B cells","B cells",0.341898128087938
"CAGCATATCAGTGTTG-1","T cells","T cells",0.31341080310753
"CAGCATATCCCTAATT-1","Monocytes","Monocytes",0.414025875708235
"CAGCATATCTTCGAGA-1","CD4+ T cells","CD4+ T cells",0.311454111806748
"CAGCCGAAGATGTTAG-1","CD4+ T cells","CD4+ T cells",0.366007096839447
"CAGCCGAAGCAGGCTA-1","CD8+ T cells","CD8+ T cells",0.358730387851755
"CAGCCGAAGCCTATGT-1","Monocytes","Monocytes",0.451511025460247
"CAGCCGAAGGCAAAGA-1","T cells","T cells",0.2916584073306
"CAGCCGAAGGTCATCT-1","CD4+ T cells","CD4+ T cells",0.293871812675384
"CAGCCGACAGACGCCT-1","T cells","T cells",0.322661642847047
"CAGCCGACATGTTGAC-1","Dendritic cells","Dendritic cells",0.520927307546891
"CAGCCGAGTAGGAGTC-1","T cells","T cells",0.32988416057496
"CAGCCGAGTCAGAAGC-1","T cells","T cells",0.245796029734684
"CAGCCGAGTCGTCTTC-1","CD8+ T cells","CD8+ T cells",0.356137847947626
"CAGCCGAGTCTTGATG-1","Monocytes","Monocytes",0.455616948309384
"CAGCCGAGTTGATTCG-1","CD4+ T cells","CD4+ T cells",0.327905832511996
"CAGCCGAGTTGTCTTT-1","Monocytes","Monocytes",0.461013511556531
"CAGCCGATCATCGGAT-1","B cells","B cells",0.31042361821167
"CAGCCGATCATTATCC-1","CD4+ T cells","CD4+ T cells",0.417631360670802
"CAGCGACAGATCCGAG-1","CD4+ T cells","CD4+ T cells",0.310557986416772
"CAGCGACAGTCAAGGC-1","B cells","B cells",0.304378297727232
"CAGCGACAGTTGAGAT-1","Monocytes","Monocytes",0.427289541764749
"CAGCGACCAGCTCGAC-1","B cells","B cells",0.325087005249019
"CAGCGACGTAGTACCT-1","CD8+ T cells","CD8+ T cells",0.333728939749166
"CAGCGACGTCCGTCAG-1","B cells","B cells",0.291030891561834
"CAGCGACGTCTAGCGC-1","CD8+ T cells","CD8+ T cells",0.35664931611982
"CAGCGACGTTATCCGA-1","CD4+ T cells","CD4+ T cells",0.298929873474647
"CAGCGACGTTTAGGAA-1","CD8+ T cells","CD8+ T cells",0.269523282953208
"CAGCGACTCCACGAAT-1","CD4+ T cells","CD4+ T cells",0.320817332518197
"CAGCGACTCGGATGGA-1","T cells","T cells",0.338846275881106
"CAGCGACTCTGTTTGT-1","CD8+ T cells","CD8+ T cells",0.30872624636865
"CAGCGACTCTTAGAGC-1","NK cells","NK cells",0.405177690026643
"CAGCTAAAGCCCAATT-1","CD4+ T cells","CD4+ T cells",0.289321582102941
"CAGCTAAAGGCAAAGA-1","T cells","T cells",0.400087983668918
"CAGCTAACAAATACAG-1","CD4+ T cells","CD4+ T cells",0.306076791821811
"CAGCTAACAAGTAGTA-1","B cells","B cells",0.380361787218153
"CAGCTAACACTTCTGC-1","B cells","B cells",0.33140953074323
"CAGCTAACATGCAACT-1","CD4+ T cells","CD4+ T cells",0.411168091180065
"CAGCTAAGTCCTAGCG-1","B cells","B cells",0.347772275947079
"CAGCTAATCAGCACAT-1","NK cells","NK cells",0.428713818951387
"CAGCTAATCGTCGTTC-1","CD4+ T cells","CD4+ T cells",0.30588476796472
"CAGCTAATCTGTCAAG-1","CD4+ T cells","CD4+ T cells",0.259927730649985
"CAGCTGGAGAAACCTA-1","B cells","B cells",0.361042451458715
"CAGCTGGAGATCTGCT-1","CD4+ T cells","CD4+ T cells",0.365724841377725
"CAGCTGGAGGATGGAA-1","Monocytes","Monocytes",0.362443980834099
"CAGCTGGCAAACCTAC-1","NK cells","NK cells",0.400942915004537
"CAGCTGGCAAGTCTAC-1","T cells","T cells",0.315631389849764
"CAGCTGGCACCAGGCT-1","NK cells","NK cells",0.374423992634171
"CAGCTGGCACCGATAT-1","T cells","T cells",0.310638598815978
"CAGCTGGCACGTCAGC-1","NK cells","NK cells",0.390922660488097
"CAGCTGGCAGCGAACA-1","Monocytes","Monocytes",0.376305279713282
"CAGCTGGGTACCGCTG-1","Monocytes","Monocytes",0.504869134422179
"CAGCTGGGTATTCTCT-1","Monocytes","Monocytes",0.498411254495906
"CAGCTGGGTCGGCACT-1","NK cells","NK cells",0.390466190897069
"CAGCTGGGTCGTTGTA-1","T cells","T cells",0.375198335209135
"CAGCTGGGTCTAAACC-1","CD4+ T cells","CD4+ T cells",0.337461981903869
"CAGCTGGGTCTCATCC-1","Monocytes","Monocytes",0.471868176470762
"CAGCTGGGTTACTGAC-1","CD4+ T cells","CD4+ T cells",0.329732082882642
"CAGCTGGGTTATCGGT-1","Monocytes","Monocytes",0.443361386233511
"CAGCTGGGTTGAACTC-1","CD4+ T cells","CD4+ T cells",0.310327628805463
"CAGCTGGTCACGGTTA-1","Monocytes","Monocytes",0.520870407661418
"CAGCTGGTCAGAAATG-1","Dendritic cells","Dendritic cells",0.520681465214559
"CAGCTGGTCAGCACAT-1","Monocytes","Monocytes",0.385878485566789
"CAGCTGGTCAGTGTTG-1","CD4+ T cells","CD4+ T cells",0.292049461637131
"CAGGTGCAGAGCTGGT-1","CD4+ T cells","CD4+ T cells",0.341041920164858
"CAGGTGCAGAGGGCTT-1","B cells","B cells",0.318416577454888
"CAGGTGCAGATCGGGT-1","CD4+ T cells","CD4+ T cells",0.315914519232156
"CAGGTGCAGGCGTACA-1","Monocytes","Monocytes",0.440792805564359
"CAGGTGCAGTGTTTGC-1","T cells","T cells",0.364177288730117
"CAGGTGCCACAACGCC-1","CD4+ T cells","CD4+ T cells",0.334714305549617
"CAGGTGCCACCTATCC-1","CD4+ T cells","CD4+ T cells",0.321281120266501
"CAGGTGCGTAACGCGA-1","CD4+ T cells","CD4+ T cells",0.302048144799425
"CAGGTGCGTATTACCG-1","Dendritic cells","Dendritic cells",0.548140201369379
"CAGGTGCGTGTGAATA-1","T cells","T cells",0.326158039312078
"CAGGTGCTCATCGATG-1","T cells","T cells",0.293692476275318
"CAGGTGCTCCCGACTT-1","Dendritic cells","Dendritic cells",0.492754419307185
"CAGGTGCTCTGGTATG-1","T cells","T cells",0.352202427160681
"CAGTAACAGAGCCCAA-1","T cells","T cells",0.331407288615775
"CAGTAACAGGCCCTCA-1","B cells","B cells",0.335613193131578
"CAGTAACAGTGTGGCA-1","T cells","T cells",0.267092611067698
"CAGTAACCACAGGCCT-1","NK cells",NA,0.241362612653257
"CAGTAACCAGACTCGC-1","Monocytes","Monocytes",0.366492315864359
"CAGTAACCAGGACGTA-1","NK cells","NK cells",0.406044777372825
"CAGTAACCAGTCAGAG-1","Dendritic cells","Dendritic cells",0.56228146482027
"CAGTAACGTAAGAGAG-1","T cells","T cells",0.34521033657032
"CAGTAACGTCGCTTCT-1","CD4+ T cells","CD4+ T cells",0.317006422015723
"CAGTAACGTGCATCTA-1","CD4+ T cells","CD4+ T cells",0.305898516492649
"CAGTAACGTTTGTTTC-1","CD8+ T cells","CD8+ T cells",0.352658296898091
"CAGTAACTCCTGTACC-1","Monocytes","Monocytes",0.434827050673481
"CAGTAACTCGGACAAG-1","Monocytes","Monocytes",0.39877750791537
"CAGTAACTCGGTCCGA-1","Monocytes","Monocytes",0.460625947913426
"CAGTAACTCTTTACGT-1","T cells","T cells",0.357868411834405
"CAGTCCTAGAAGGACA-1","B cells","B cells",0.306697058181663
"CAGTCCTAGACGCAAC-1","CD4+ T cells","CD4+ T cells",0.307625066914574
"CAGTCCTAGATGTCGG-1","CD4+ T cells","CD4+ T cells",0.321558895311413
"CAGTCCTAGCAATCTC-1","CD4+ T cells","CD4+ T cells",0.322506914249801
"CAGTCCTAGTTGAGTA-1","CD4+ T cells","CD4+ T cells",0.357436197747626
"CAGTCCTCAATGGATA-1","T cells","T cells",0.319589212283325
"CAGTCCTCACACGCTG-1","CD4+ T cells","CD4+ T cells",0.250032095863914
"CAGTCCTCACATGTGT-1","CD4+ T cells","CD4+ T cells",0.31138524099215
"CAGTCCTCAGCTGTGC-1","CD4+ T cells","CD4+ T cells",0.326396906409857
"CAGTCCTCATGCGCAC-1","Monocytes","Monocytes",0.306632056128292
"CAGTCCTCATGTCCTC-1","NK cells","NK cells",0.332264905644125
"CAGTCCTCATTTGCTT-1","CD4+ T cells","CD4+ T cells",0.310808543162592
"CAGTCCTTCTCAAGTG-1","T cells","T cells",0.393649450795864
"CAGTCCTTCTGCGTAA-1","T cells","T cells",0.336453544599451
"CAGTCCTTCTTCAACT-1","T cells","T cells",0.370013234981853
"CATATGGAGAACAACT-1","CD4+ T cells","CD4+ T cells",0.317794238336615
"CATATGGAGGAGTAGA-1","CD4+ T cells","CD4+ T cells",0.340380299110709
"CATATGGAGGCTCTTA-1","T cells","T cells",0.494680400126653
"CATATGGAGGTCATCT-1","T cells","T cells",0.339670181543968
"CATATGGAGTCACGCC-1","B cells","B cells",0.28815409081036
"CATATGGAGTGCCAGA-1","B cells","B cells",0.330042599135047
"CATATGGAGTGTTAGA-1","Dendritic cells","Dendritic cells",0.474562730943144
"CATATGGCAACACCCG-1","T cells","T cells",0.384582710707269
"CATATGGCAAGCCGTC-1","T cells","T cells",0.403202262046208
"CATATGGCACGGCCAT-1","B cells","B cells",0.3402573598027
"CATATGGCAGGGTATG-1","Monocytes","Monocytes",0.495550307949172
"CATATGGCAGTAAGCG-1","T cells","T cells",0.353985719336378
"CATATGGGTGAGCGAT-1","B cells","B cells",0.357993061094604
"CATATGGGTTGATTGC-1","Monocytes","Monocytes",0.489774293826141
"CATATGGTCAGGCGAA-1","B cells","B cells",0.310791867951724
"CATATGGTCCGCGTTT-1","CD4+ T cells","CD4+ T cells",0.340501715396183
"CATATGGTCGCAGGCT-1","Monocytes","Monocytes",0.389947676836293
"CATATGGTCGGCTACG-1","Monocytes","Monocytes",0.467831196323519
"CATATGGTCTATCCCG-1","T cells","T cells",0.290768149712753
"CATATGGTCTCAAACG-1","T cells","T cells",0.288512722432756
"CATATGGTCTCGCTTG-1","T cells","T cells",0.338968938541311
"CATATGGTCTTGTCAT-1","T cells","T cells",0.334225227261459
"CATATTCAGAGGTACC-1","CD4+ T cells","CD4+ T cells",0.314419185060969
"CATATTCAGCTCCCAG-1","CD4+ T cells","CD4+ T cells",0.322516159791267
"CATATTCAGGGAACGG-1","CD4+ T cells","CD4+ T cells",0.2961711510515
"CATATTCAGGTGATTA-1","B cells","B cells",0.351297673858611
"CATATTCAGTGAACAT-1","T cells","T cells",0.352673822009639
"CATATTCCAATCGAAA-1","CD8+ T cells","CD8+ T cells",0.372639181826494
"CATATTCCACCTATCC-1","T cells","T cells",0.334737925839295
"CATATTCCATCGTCGG-1","T cells","T cells",0.389294741872908
"CATATTCCATTAGCCA-1","Monocytes","Monocytes",0.565856527232039
"CATATTCGTGAGGCTA-1","Monocytes","Monocytes",0.470524253195034
"CATATTCGTGTAAGTA-1","CD8+ T cells","CD8+ T cells",0.328901941561349
"CATATTCGTTGTCGCG-1","B cells","B cells",0.341652427082515
"CATATTCTCACAATGC-1","B cells","B cells",0.323838968986114
"CATATTCTCACAGTAC-1","CD4+ T cells","CD4+ T cells",0.334250402280572
"CATATTCTCATCGGAT-1","CD4+ T cells","CD4+ T cells",0.336910364312086
"CATATTCTCCTGCTTG-1","Monocytes","Monocytes",0.372925699771614
"CATCAAGAGATATACG-1","B cells","B cells",0.275090745758332
"CATCAAGAGCCACCTG-1","T cells","T cells",0.397100436108506
"CATCAAGAGTCCATAC-1","B cells","B cells",0.302834143140055
"CATCAAGAGTTGCAGG-1","Monocytes","Monocytes",0.485016250851638
"CATCAAGAGTTGTCGT-1","NK cells","NK cells",0.37260656972823
"CATCAAGCAAGCGAGT-1","T cells","T cells",0.32403676033361
"CATCAAGCACGACGAA-1","Monocytes","Monocytes",0.409373736650507
"CATCAAGCACGGTAAG-1","Monocytes","Monocytes",0.403233074724861
"CATCAAGCAGGTCCAC-1","CD4+ T cells","CD4+ T cells",0.35416692975249
"CATCAAGCATGCCACG-1","Monocytes","Monocytes",0.515068610748402
"CATCAAGGTCGAATCT-1","Monocytes","Monocytes",0.411605440265154
"CATCAAGGTCGACTGC-1","T cells","T cells",0.368131556788502
"CATCAAGGTGAACCTT-1","CD8+ T cells","CD8+ T cells",0.361917805395117
"CATCAAGGTGTCCTCT-1","CD4+ T cells","CD4+ T cells",0.31759728255618
"CATCAAGGTTGACGTT-1","B cells","B cells",0.327601050078364
"CATCAAGTCAACGCTA-1","Monocytes","Monocytes",0.42588615974312
"CATCAAGTCGTCCGTT-1","T cells","T cells",0.37902096767022
"CATCAAGTCTCCAACC-1","Monocytes","Monocytes",0.49232279379141
"CATCAAGTCTCTGAGA-1","T cells","T cells",0.433095495090991
"CATCAGAAGCGTAGTG-1","CD8+ T cells","CD8+ T cells",0.325657101687341
"CATCAGAAGCTATGCT-1","Monocytes","Monocytes",0.41756259360708
"CATCAGAAGGCAGGTT-1","CD8+ T cells","CD8+ T cells",0.321156891499381
"CATCAGAAGGCCGAAT-1","NK cells","NK cells",0.346458371886276
"CATCAGAAGTGATCGG-1","T cells","T cells",0.319337030166119
"CATCAGACAACTGCGC-1","CD4+ T cells","CD4+ T cells",0.305730554522979
"CATCAGACAAGGTTCT-1","CD8+ T cells","CD8+ T cells",0.293510283367866
"CATCAGACAAGTCATC-1","Monocytes","Monocytes",0.407495406063296
"CATCAGACACAAGACG-1","T cells","T cells",0.323605472187576
"CATCAGACAGATAATG-1","B cells","B cells",0.336914734340879
"CATCAGACATATACCG-1","CD4+ T cells","CD4+ T cells",0.325823791252467
"CATCAGAGTAACGACG-1","B cells","B cells",0.357888604641423
"CATCAGAGTAATAGCA-1","CD4+ T cells","CD4+ T cells",0.330557411270625
"CATCAGAGTAGGGACT-1","B cells","B cells",0.328451115562247
"CATCAGAGTCGAACAG-1","Monocytes","Monocytes",0.410597170666051
"CATCAGAGTGTCTGAT-1","Monocytes","Monocytes",0.378121252214655
"CATCAGAGTTCCCGAG-1","T cells","T cells",0.347652589754157
"CATCAGATCATCGGAT-1","CD4+ T cells","CD4+ T cells",0.300259654251453
"CATCAGATCATGCATG-1","CD8+ T cells","CD8+ T cells",0.360745281649842
"CATCAGATCCGTAGGC-1","CD8+ T cells","CD8+ T cells",0.312355982430471
"CATCAGATCGGAAATA-1","CD8+ T cells","CD8+ T cells",0.342575575799832
"CATCAGATCGTAGATC-1","T cells","T cells",0.35725466730274
"CATCCACAGAAACCGC-1","T cells","T cells",0.389553235074171
"CATCCACAGTGCGTGA-1","T cells","T cells",0.338162577783602
"CATCCACAGTGTACGG-1","CD4+ T cells","CD4+ T cells",0.307301255844143
"CATCCACCACAACTGT-1","T cells","T cells",0.398073815977408
"CATCCACCACGGTAAG-1","Monocytes","Monocytes",0.427981537629082
"CATCCACCATCATCCC-1","NK cells","NK cells",0.301529439063382
"CATCCACGTACTCAAC-1","CD4+ T cells","CD4+ T cells",0.310419398259859
"CATCCACGTAGCCTCG-1","CD8+ T cells","CD8+ T cells",0.33844839536613
"CATCCACGTCGCTTCT-1","B cells","B cells",0.408974993067009
"CATCCACGTCGGATCC-1","NK cells","NK cells",0.412592267271495
"CATCCACGTGCTGTAT-1","T cells","T cells",0.308913726497559
"CATCCACTCAGTGTTG-1","Monocytes","Monocytes",0.439463689476846
"CATCCACTCATTGCCC-1","NK cells","NK cells",0.393312170588165
"CATCCACTCCGAACGC-1","T cells","T cells",0.355114157814986
"CATCCACTCGAATCCA-1","T cells","T cells",0.38778996516682
"CATCGAAAGGCGCTCT-1","Dendritic cells","Dendritic cells",0.469609899059458
"CATCGAAAGGGATCTG-1","CD4+ T cells","CD4+ T cells",0.351776997144324
"CATCGAACATTTGCTT-1","T cells","T cells",0.444211823781191
"CATCGAAGTGGCGAAT-1","B cells","B cells",0.335060630417315
"CATCGAAGTTCTGTTT-1","CD4+ T cells","CD4+ T cells",0.334348332819704
"CATCGAATCAACACTG-1","NK cells","NK cells",0.388384473008161
"CATCGAATCACAGGCC-1","Monocytes","Monocytes",0.500240659315561
"CATCGGGAGAGAACAG-1","NK cells","NK cells",0.407956290211627
"CATCGGGAGATAGCAT-1","B cells","B cells",0.302267915842596
"CATCGGGAGCAGGCTA-1","T cells","T cells",0.358169771529552
"CATCGGGAGGCGCTCT-1","B cells","B cells",0.333488107428357
"CATCGGGAGTGGTAGC-1","CD4+ T cells","CD4+ T cells",0.293003067175937
"CATCGGGCAAGAAGAG-1","T cells","T cells",0.384939573540466
"CATCGGGGTACAGTGG-1","Monocytes","Monocytes",0.372961455767836
"CATCGGGGTAGCGCAA-1","T cells","T cells",0.393106973015701
"CATCGGGGTTAAAGTG-1","CD4+ T cells","CD4+ T cells",0.366258210959443
"CATCGGGGTTCCGTCT-1","NK cells","NK cells",0.354927159166584
"CATCGGGGTTGGGACA-1","T cells","T cells",0.360270697312069
"CATCGGGGTTGTGGCC-1","Monocytes","Monocytes",0.418784909368294
"CATCGGGTCACATGCA-1","NK cells",NA,0.378664174155711
"CATCGGGTCACGCGGT-1","Monocytes","Monocytes",0.413863648760588
"CATCGGGTCCGCAGTG-1","Monocytes","Monocytes",0.443650891033556
"CATCGGGTCCTCAATT-1","CD4+ T cells","CD4+ T cells",0.317465894076429
"CATCGGGTCGCCTGAG-1","CD4+ T cells","CD4+ T cells",0.300507168952278
"CATCGGGTCTCTGAGA-1","T cells","T cells",0.323607649838
"CATCGGGTCTGACCTC-1","CD8+ T cells","CD8+ T cells",0.359703748313454
"CATCGGGTCTGCCCTA-1","T cells","T cells",0.367641523641114
"CATCGGGTCTGTCAAG-1","CD4+ T cells","CD4+ T cells",0.304142780534574
"CATGACAAGCGGCTTC-1","CD4+ T cells","CD4+ T cells",0.329344276346493
"CATGACAAGGCATTGG-1","T cells","T cells",0.30081897107303
"CATGACAAGGGTATCG-1","T cells","T cells",0.325523323588538
"CATGACACAAGCCGCT-1","T cells","T cells",0.323323415286247
"CATGACACAATCCAAC-1","T cells","T cells",0.285248948519087
"CATGACACACGGTAGA-1","Monocytes","Monocytes",0.408395599292297
"CATGACACAGGAATGC-1","CD8+ T cells","CD8+ T cells",0.312616146703226
"CATGACACATAAGACA-1","NK cells","NK cells",0.316383675892542
"CATGACAGTAAGTGGC-1","T cells","T cells",0.325653495269057
"CATGACAGTAGAAGGA-1","Monocytes","Monocytes",0.443945805081222
"CATGACAGTGGGTCAA-1","CD8+ T cells","CD8+ T cells",0.333386780959074
"CATGACAGTTCCACAA-1","Monocytes","Monocytes",0.476988979846022
"CATGACAGTTCCATGA-1","B cells","B cells",0.329910024787943
"CATGACATCACGATGT-1","Monocytes","Monocytes",0.444384230389532
"CATGACATCAGCAACT-1","B cells","B cells",0.366801721784531
"CATGACATCAGTGCAT-1","CD4+ T cells","CD4+ T cells",0.366882830981847
"CATGACATCTCCTATA-1","Monocytes","Monocytes",0.370508043421889
"CATGACATCTGTCTCG-1","B cells",NA,0.309009147879718
"CATGCCTAGGCATGGT-1","Monocytes","Monocytes",0.42093725079983
"CATGCCTCACCAGTTA-1","T cells","T cells",0.376973679627169
"CATGCCTCACCTCGGA-1","Monocytes","Monocytes",0.403561634212469
"CATGCCTCACTATCTT-1","B cells","B cells",0.36306168071312
"CATGCCTCATCTCGCT-1","CD8+ T cells","CD8+ T cells",0.313078039810489
"CATGCCTGTACCAGTT-1","B cells","B cells",0.309221895387163
"CATGCCTGTCTGGAGA-1","CD4+ T cells","CD4+ T cells",0.345066935860395
"CATGCCTGTGCCTGTG-1","CD4+ T cells","CD4+ T cells",0.315111062957739
"CATGCCTGTGTAAGTA-1","T cells","T cells",0.363173524854348
"CATGCCTTCAACACAC-1","CD4+ T cells","CD4+ T cells",0.350206259534474
"CATGCCTTCACCCGAG-1","Dendritic cells","Dendritic cells",0.547144325943254
"CATGCCTTCACCGGGT-1","Monocytes","Monocytes",0.399701901201507
"CATGCCTTCAGCTCGG-1","B cells",NA,0.331494991846614
"CATGCCTTCCGGGTGT-1","CD4+ T cells","CD4+ T cells",0.305431042722614
"CATGCCTTCCTTGCCA-1","CD4+ T cells","CD4+ T cells",0.311933891137678
"CATGCCTTCGATAGAA-1","B cells","B cells",0.358206893956082
"CATGCCTTCGGAAATA-1","T cells","T cells",0.345429694175637
"CATGCCTTCGGTTCGG-1","CD4+ T cells","CD4+ T cells",0.282880091672111
"CATGCCTTCTGCCCTA-1","NK cells","NK cells",0.397932436669971
"CATGGCGAGGAGTTTA-1","CD8+ T cells","CD8+ T cells",0.315963298324178
"CATGGCGAGTCCTCCT-1","CD4+ T cells","CD4+ T cells",0.299571490057252
"CATGGCGCAATCCGAT-1","Monocytes","Monocytes",0.399767532075579
"CATGGCGCACACGCTG-1","B cells","B cells",0.336341316030823
"CATGGCGCAGATGGGT-1","T cells","T cells",0.332877100747593
"CATGGCGCAGCTGTAT-1","CD4+ T cells","CD4+ T cells",0.355480731818512
"CATGGCGCAGGTCCAC-1","CD4+ T cells","CD4+ T cells",0.307978397709414
"CATGGCGGTCTAGTGT-1","CD8+ T cells","CD8+ T cells",0.298390214761792
"CATGGCGTCACGGTTA-1","B cells","B cells",0.336179323872157
"CATTATCAGAGTGACC-1","Monocytes","Monocytes",0.433042776398123
"CATTATCAGCGTCTAT-1","Monocytes","Monocytes",0.494926685238706
"CATTATCAGGAGTTGC-1","Monocytes","Monocytes",0.410106399802568
"CATTATCAGGTGTGGT-1","B cells","B cells",0.340820879038803
"CATTATCAGTCTTGCA-1","NK cells","NK cells",0.393903652145982
"CATTATCCAACAACCT-1","T cells","T cells",0.357465865789674
"CATTATCCACGCATCG-1","CD4+ T cells","CD4+ T cells",0.32942702955648
"CATTATCCACGGATAG-1","B cells","B cells",0.326386452646569
"CATTATCCACTGCCAG-1","CD4+ T cells","CD4+ T cells",0.311440754796727
"CATTATCCAGTTCATG-1","T cells","T cells",0.393342979588758
"CATTATCCATAACCTG-1","Monocytes","Monocytes",0.504209619703707
"CATTATCCATCTACGA-1","T cells","T cells",0.331054376494553
"CATTATCCATCTGGTA-1","Monocytes","Monocytes",0.377890080169282
"CATTATCCATGCCACG-1","CD8+ T cells","CD8+ T cells",0.335963295325618
"CATTATCCATGCCCGA-1","T cells","T cells",0.315238054252487
"CATTATCGTGTGCGTC-1","Monocytes","Monocytes",0.383999567736053
"CATTATCTCACAACGT-1","Monocytes","Monocytes",0.472689663697071
"CATTCGCAGACTTTCG-1","CD8+ T cells","CD8+ T cells",0.342675890124352
"CATTCGCAGAGAGCTC-1","Monocytes","Monocytes",0.309106005301797
"CATTCGCAGCGTGAGT-1","T cells","T cells",0.386233457645291
"CATTCGCAGCTAACAA-1","T cells","T cells",0.365899061657051
"CATTCGCAGGATATAC-1","CD4+ T cells","CD4+ T cells",0.330450280056509
"CATTCGCAGGTGTTAA-1","T cells","T cells",0.29193455379238
"CATTCGCCAATGTTGC-1","CD4+ T cells","CD4+ T cells",0.302081800333769
"CATTCGCCATTTGCTT-1","T cells","T cells",0.34722763662489
"CATTCGCGTACCGTTA-1","Monocytes","Monocytes",0.383346224909719
"CATTCGCGTAGGCATG-1","CD8+ T cells","CD8+ T cells",0.276933306270912
"CATTCGCGTCTTCGTC-1","CD4+ T cells","CD4+ T cells",0.33386626781839
"CATTCGCGTGAACCTT-1","Monocytes","Monocytes",0.396865978570035
"CATTCGCTCAACCAAC-1","T cells","T cells",0.336166224200987
"CATTCGCTCAGAGGTG-1","B cells","B cells",0.283144652401794
"CATTCGCTCAGTTTGG-1","NK cells","NK cells",0.37534788505303
"CATTCGCTCGAACGGA-1","B cells","B cells",0.351225128082979
"CATTCGCTCGCTTAGA-1","B cells","B cells",0.3281869570473
"CATTCGCTCGGAGGTA-1","CD8+ T cells","CD8+ T cells",0.296624949977638
"CATTCGCTCTCGCTTG-1","B cells","B cells",0.372492786445371
"CATTCGCTCTTCTGGC-1","CD4+ T cells","CD4+ T cells",0.29915691806846
"CCAATCCAGAAACCAT-1","NK cells",NA,0.343152966282507
"CCAATCCAGACCACGA-1","CD4+ T cells","CD4+ T cells",0.294791332802216
"CCAATCCAGCACCGTC-1","CD4+ T cells","CD4+ T cells",0.308391096189831
"CCAATCCAGCAGCGTA-1","Monocytes","Monocytes",0.330432717827209
"CCAATCCAGGACACCA-1","T cells","T cells",0.426589830311273
"CCAATCCAGGCACATG-1","Monocytes","Monocytes",0.447124387908656
"CCAATCCAGTGGAGAA-1","CD4+ T cells","CD4+ T cells",0.36223783822357
"CCAATCCCACTGTGTA-1","Dendritic cells","Dendritic cells",0.543381867181544
"CCAATCCGTCCCTTGT-1","Monocytes","Monocytes",0.395779265382144
"CCAATCCGTCCTAGCG-1","CD4+ T cells","CD4+ T cells",0.311814200448837
"CCAATCCGTCGACTGC-1","T cells","T cells",0.405120044195975
"CCAATCCGTGATGTGG-1","T cells","T cells",0.376399375735488
"CCAATCCGTGCTTCTC-1","T cells","T cells",0.397778543842339
"CCAATCCGTTACCGAT-1","Monocytes","Monocytes",0.460191714348248
"CCAATCCGTTCCCGAG-1","B cells","B cells",0.311528790823331
"CCAATCCTCAACGAAA-1","B cells","B cells",0.316385052554454
"CCAATCCTCACTATTC-1","Monocytes","Monocytes",0.40583759012757
"CCAATCCTCAGGCGAA-1","CD8+ T cells","CD8+ T cells",0.3411548747995
"CCAATCCTCATGGTCA-1","CD4+ T cells","CD4+ T cells",0.332579390312187
"CCAATCCTCCGCATCT-1","T cells","T cells",0.349627456760544
"CCACCTAAGACAAGCC-1","CD8+ T cells","CD8+ T cells",0.293471414805138
"CCACCTAAGACAGACC-1","Monocytes","Monocytes",0.365995293345288
"CCACCTAAGCTGAAAT-1","CD8+ T cells","CD8+ T cells",0.303119409456339
"CCACCTAAGCTTATCG-1","B cells","B cells",0.340743295692413
"CCACCTAAGGAGCGAG-1","Monocytes","Monocytes",0.414030050122715
"CCACCTAAGGTGATTA-1","Monocytes","Monocytes",0.423825004247873
"CCACCTAAGTATCGAA-1","B cells","B cells",0.338846639000015
"CCACCTAAGTCCGTAT-1","T cells","T cells",0.308046242198213
"CCACCTAAGTTAGGTA-1","CD8+ T cells","CD8+ T cells",0.312385340643312
"CCACCTACAATGGTCT-1","Monocytes","Monocytes",0.457190616305196
"CCACCTACAGGGATTG-1","CD8+ T cells","CD8+ T cells",0.340666468120386
"CCACCTACAGTCGTGC-1","Dendritic cells",NA,0.41963798820723
"CCACCTACAGTTTACG-1","T cells","T cells",0.338900261158951
"CCACCTAGTTAAGGGC-1","CD4+ T cells","CD4+ T cells",0.370079904012039
"CCACCTAGTTCCCGAG-1","Dendritic cells","Dendritic cells",0.460971356237235
"CCACCTATCCTGTACC-1","Monocytes","Monocytes",0.293690687773298
"CCACGGAAGATAGCAT-1","CD8+ T cells","CD8+ T cells",0.325996454426286
"CCACGGAAGCCGGTAA-1","B cells","B cells",0.338690918965177
"CCACGGAAGGTGTTAA-1","Monocytes","Monocytes",0.466921234144651
"CCACGGACACGGCCAT-1","CD4+ T cells","CD4+ T cells",0.29698545617928
"CCACGGACACGTCAGC-1","Monocytes","Monocytes",0.454739756159277
"CCACGGAGTAAATGTG-1","B cells","B cells",0.347551777194587
"CCACGGAGTATAGGTA-1","CD4+ T cells","CD4+ T cells",0.304826040324872
"CCACGGAGTCGCTTTC-1","Dendritic cells","Dendritic cells",0.41354884015437
"CCACGGAGTCTCTTTA-1","B cells","B cells",0.345906000324382
"CCACGGAGTTAGGGTG-1","Monocytes","Monocytes",0.457724260429625
"CCACGGATCACCTTAT-1","Monocytes","Monocytes",0.320849624364647
"CCACGGATCATAAAGG-1","Dendritic cells","Dendritic cells",0.55202856329482
"CCACGGATCCTTTCGG-1","T cells","T cells",0.370823305140267
"CCACGGATCGCAGGCT-1","CD8+ T cells","CD8+ T cells",0.325915385264215
"CCACGGATCTCCAGGG-1","Dendritic cells","Dendritic cells",0.553503107866641
"CCACGGATCTGGAGCC-1","CD8+ T cells","CD8+ T cells",0.309127884382898
"CCACGGATCTTACCTA-1","T cells","T cells",0.36558157272741
"CCACGGATCTTTAGTC-1","CD4+ T cells","CD4+ T cells",0.332621258928944
"CCACTACAGCCCAACC-1","Monocytes","Monocytes",0.469715653551454
"CCACTACAGCTACCTA-1","CD4+ T cells","CD4+ T cells",0.328793704366245
"CCACTACAGGGTCTCC-1","T cells","T cells",0.290404202372551
"CCACTACAGTGTGAAT-1","CD8+ T cells","CD8+ T cells",0.284562650588957
"CCACTACCAATGGAAT-1","CD4+ T cells","CD4+ T cells",0.3134305195855
"CCACTACCAGCTGTTA-1","CD8+ T cells","CD8+ T cells",0.356381273623277
"CCACTACCAGTCCTTC-1","CD4+ T cells","CD4+ T cells",0.292209470601859
"CCACTACCATTTCAGG-1","CD4+ T cells","CD4+ T cells",0.341468181396801
"CCACTACGTCCAGTAT-1","CD4+ T cells","CD4+ T cells",0.346033758251721
"CCACTACGTTCTGGTA-1","CD8+ T cells","CD8+ T cells",0.356646778408914
"CCACTACTCCGTCAAA-1","T cells","T cells",0.306656544884626
"CCACTACTCTTGACGA-1","Monocytes","Monocytes",0.407558003616724
"CCAGCGAAGATGTTAG-1","Monocytes","Monocytes",0.425092057875931
"CCAGCGAAGGGCTTGA-1","T cells","T cells",0.340978021353541
"CCAGCGAAGTCACGCC-1","CD8+ T cells","CD8+ T cells",0.319082457145157
"CCAGCGACAAAGTGCG-1","T cells","T cells",0.355697834802844
"CCAGCGACAAGCGCTC-1","NK cells","NK cells",0.4688868728981
"CCAGCGACAAGCGTAG-1","CD8+ T cells","CD8+ T cells",0.342172265556147
"CCAGCGACACATGTGT-1","Monocytes","Monocytes",0.422035707044332
"CCAGCGACAGTGGAGT-1","CD8+ T cells","CD8+ T cells",0.325613301074252
"CCAGCGAGTATAGGGC-1","B cells","B cells",0.328560293935245
"CCAGCGAGTCACCTAA-1","NK cells","NK cells",0.396569279492631
"CCAGCGAGTCTAGGTT-1","T cells","T cells",0.355628564591285
"CCAGCGAGTGATGTCT-1","CD4+ T cells","CD4+ T cells",0.354228774368638
"CCAGCGAGTTGCTCCT-1","CD4+ T cells","CD4+ T cells",0.329342495506827
"CCAGCGATCAACGGCC-1","CD4+ T cells","CD4+ T cells",0.339599571896772
"CCAGCGATCCGAACGC-1","T cells","T cells",0.28344862055633
"CCAGCGATCCGTTGCT-1","CD4+ T cells","CD4+ T cells",0.320825250367507
"CCAGCGATCCTAGTGA-1","T cells","T cells",0.362904154498311
"CCAGCGATCGAGGTAG-1","CD8+ T cells","CD8+ T cells",0.322751267954759
"CCATGTCAGAGTCTGG-1","T cells","T cells",0.369966908727231
"CCATGTCAGGCAGTCA-1","Monocytes","Monocytes",0.374572491110119
"CCATGTCAGGCGTACA-1","CD4+ T cells","CD4+ T cells",0.377618072609657
"CCATGTCCACCACCAG-1","T cells","T cells",0.268495329768153
"CCATGTCCAGGCTCAC-1","NK cells","NK cells",0.371533297926698
"CCATGTCCATGCCCGA-1","B cells","B cells",0.348564272532956
"CCATGTCGTAGAAAGG-1","Monocytes","Monocytes",0.399835638426564
"CCATGTCGTCAGAAGC-1","CD4+ T cells","CD4+ T cells",0.324986720404567
"CCATGTCGTTCGGGCT-1","CD8+ T cells","CD8+ T cells",0.336100301427806
"CCATGTCTCAACACTG-1","Monocytes","Monocytes",0.40093441727918
"CCATGTCTCAATCTCT-1","T cells","T cells",0.328070888793249
"CCATGTCTCCAAATGC-1","Monocytes","Monocytes",0.426428317854158
"CCATTCGAGACAAAGG-1","Monocytes","Monocytes",0.356818727952569
"CCATTCGAGATGCCAG-1","NK cells","NK cells",0.37752069041015
"CCATTCGAGTAATCCC-1","T cells","T cells",0.376188737122176
"CCATTCGCAACTGCTA-1","CD8+ T cells","CD8+ T cells",0.354944410666905
"CCATTCGCACAGGAGT-1","T cells","T cells",0.361849995855451
"CCATTCGCATACTACG-1","T cells","T cells",0.349758145215119
"CCATTCGCATGTCGAT-1","Monocytes","Monocytes",0.343299293785022
"CCATTCGGTGTGCGTC-1","Monocytes","Monocytes",0.416570751747107
"CCATTCGTCATATCGG-1","CD4+ T cells","CD4+ T cells",0.293830475868296
"CCATTCGTCCACTGGG-1","B cells","B cells",0.313745810336689
"CCATTCGTCGCCCTTA-1","Monocytes","Monocytes",0.440032672596349
"CCATTCGTCGCGGATC-1","B cells","B cells",0.297088864486666
"CCATTCGTCTCAACTT-1","CD4+ T cells","CD4+ T cells",0.267647066657639
"CCATTCGTCTCCAACC-1","CD4+ T cells","CD4+ T cells",0.325412452468489
"CCCAATCAGAAGGTGA-1","CD4+ T cells","CD4+ T cells",0.353031921797594
"CCCAATCAGACAGGCT-1","T cells","T cells",0.336897551786186
"CCCAATCAGATCACGG-1","B cells",NA,0.313633245681286
"CCCAATCAGATCCCGC-1","Monocytes","Monocytes",0.434474129823753
"CCCAATCAGCTTCGCG-1","NK cells","NK cells",0.416012360473667
"CCCAATCCAAGAAGAG-1","B cells","B cells",0.338346444535541
"CCCAATCCACCACGTG-1","T cells","T cells",0.371112225290948
"CCCAATCCAGAGTGTG-1","CD4+ T cells","CD4+ T cells",0.276098215567711
"CCCAATCCATCTCCCA-1","Monocytes","Monocytes",0.455537505705207
"CCCAATCCATTTCACT-1","CD4+ T cells","CD4+ T cells",0.309244334432393
"CCCAATCGTCACACGC-1","B cells","B cells",0.331471223302488
"CCCAATCGTCAGAATA-1","Monocytes","Monocytes",0.418174231925349
"CCCAATCGTGCTGTAT-1","T cells","T cells",0.329650818456948
"CCCAATCGTTACCAGT-1","CD4+ T cells","CD4+ T cells",0.295099853180924
"CCCAATCGTTGTACAC-1","Monocytes","Monocytes",0.417050455809396
"CCCAATCTCAGTGTTG-1","CD4+ T cells","CD4+ T cells",0.331992952925216
"CCCAATCTCGCGTTTC-1","B cells","B cells",0.320897627206929
"CCCAGTTAGAAACCTA-1","CD4+ T cells","CD4+ T cells",0.346467389258584
"CCCAGTTAGATGAGAG-1","CD4+ T cells","CD4+ T cells",0.297912848208854
"CCCAGTTAGTGTCCAT-1","Monocytes","Monocytes",0.37879088657304
"CCCAGTTCAAGAGGCT-1","B cells","B cells",0.338450707693151
"CCCAGTTCAATAGCAA-1","B cells","B cells",0.31117819478727
"CCCAGTTCACCATGTA-1","T cells","T cells",0.332163098269839
"CCCAGTTCACGGATAG-1","Monocytes","Monocytes",0.389834689652582
"CCCAGTTCAGGAATGC-1","CD8+ T cells","CD8+ T cells",0.312191208770559
"CCCAGTTCAGGTGGAT-1","Monocytes","Monocytes",0.415168731053432
"CCCAGTTGTACATGTC-1","T cells","T cells",0.330372325217103
"CCCAGTTGTGTCGCTG-1","Monocytes","Monocytes",0.367622072982203
"CCCAGTTGTTATGTGC-1","CD8+ T cells","CD8+ T cells",0.329840630865252
"CCCAGTTGTTGTACAC-1","T cells","T cells",0.321936380480682
"CCCAGTTTCAGCATGT-1","CD4+ T cells","CD4+ T cells",0.314017680801536
"CCCAGTTTCCACGAAT-1","CD8+ T cells","CD8+ T cells",0.313651131231825
"CCCAGTTTCCCTAACC-1","Dendritic cells","Dendritic cells",0.511999749409245
"CCCAGTTTCCTCAACC-1","CD4+ T cells","CD4+ T cells",0.286126933730683
"CCCATACAGCTTCGCG-1","CD8+ T cells","CD8+ T cells",0.318916220411644
"CCCATACAGTCTTGCA-1","T cells","T cells",0.332588210561214
"CCCATACAGTGGTAGC-1","Monocytes","Monocytes",0.520732435114114
"CCCATACAGTTGAGTA-1","Monocytes","Monocytes",0.506818078799271
"CCCATACCAAGCGATG-1","Dendritic cells","Dendritic cells",0.570402976986037
"CCCATACCAAGGACTG-1","Monocytes","Monocytes",0.389877965299295
"CCCATACCACCTGGTG-1","Dendritic cells","Dendritic cells",0.436847340726384
"CCCATACCACGAGAGT-1","B cells","B cells",0.317621988300965
"CCCATACCAGTTTACG-1","CD4+ T cells","CD4+ T cells",0.36766172458911
"CCCATACGTAGGACAC-1","Monocytes","Monocytes",0.483333802306085
"CCCATACGTCATACTG-1","NK cells","NK cells",0.417865608120766
"CCCATACGTCCGTCAG-1","Monocytes","Monocytes",0.43347843823075
"CCCATACGTGAGGGAG-1","T cells","T cells",0.361565256312322
"CCCATACGTGTTCGAT-1","T cells","T cells",0.306012822211788
"CCCATACGTTGTCTTT-1","Monocytes","Monocytes",0.440235778702139
"CCCATACTCTGAAAGA-1","CD8+ T cells","CD8+ T cells",0.342677203516349
"CCCTCCTAGAAGGGTA-1","CD4+ T cells","CD4+ T cells",0.30770503163051
"CCCTCCTAGACAAAGG-1","NK cells","NK cells",0.361411005293012
"CCCTCCTAGACCCACC-1","B cells","B cells",0.334131559845825
"CCCTCCTAGACTGGGT-1","T cells","T cells",0.343909808216967
"CCCTCCTAGAGTCGGT-1","CD8+ T cells","CD8+ T cells",0.389512788279817
"CCCTCCTAGCACGCCT-1","CD4+ T cells","CD4+ T cells",0.309742230436162
"CCCTCCTAGGCAGGTT-1","Monocytes","Monocytes",0.404567123646678
"CCCTCCTAGGCGCTCT-1","T cells","T cells",0.411883565545984
"CCCTCCTAGTCGCCGT-1","NK cells",NA,0.274509969706797
"CCCTCCTCAAGAGTCG-1","T cells","T cells",0.34308500524441
"CCCTCCTCAATCAGAA-1","CD4+ T cells","CD4+ T cells",0.31362102374868
"CCCTCCTCAGATCCAT-1","B cells","B cells",0.310469131609046
"CCCTCCTCAGGGTATG-1","Monocytes","Monocytes",0.398889264038357
"CCCTCCTCAGTAACGG-1","CD4+ T cells","CD4+ T cells",0.314085535376147
"CCCTCCTCATTTCAGG-1","B cells","B cells",0.359392357672516
"CCCTCCTGTAATAGCA-1","B cells","B cells",0.3694304372287
"CCCTCCTGTACCCAAT-1","Monocytes","Monocytes",0.427437487292202
"CCCTCCTGTCAGTGGA-1","CD4+ T cells","CD4+ T cells",0.331071355568785
"CCCTCCTGTGAGGGTT-1","CD8+ T cells","CD8+ T cells",0.304260382671584
"CCCTCCTGTGCAGTAG-1","Monocytes","Monocytes",0.404749175024755
"CCCTCCTGTGTGACCC-1","Monocytes","Monocytes",0.452394846939268
"CCCTCCTTCAGTCAGT-1","Monocytes","Monocytes",0.48903472050143
"CCCTCCTTCCAGATCA-1","T cells","T cells",0.331167506487937
"CCCTCCTTCGCCTGAG-1","Monocytes","Monocytes",0.429369845902773
"CCCTCCTTCGTCTGCT-1","CD4+ T cells","CD4+ T cells",0.31454854095997
"CCCTCCTTCTCCCTGA-1","CD8+ T cells","CD8+ T cells",0.366348921895524
"CCGGGATCAAACCCAT-1","Monocytes","Monocytes",0.426709900658333
"CCGGGATCAAAGGAAG-1","T cells","T cells",0.425268408726936
"CCGGGATCAGATAATG-1","CD4+ T cells","CD4+ T cells",0.321932950539712
"CCGGGATCAGCGTCCA-1","CD4+ T cells","CD4+ T cells",0.361304798290993
"CCGGGATCAGCTGCAC-1","CD4+ T cells","CD4+ T cells",0.333801021302272
"CCGGGATCATAGGATA-1","T cells","T cells",0.325484319319858
"CCGGGATCATCCGGGT-1","T cells","T cells",0.367337899960019
"CCGGGATGTAAAGTCA-1","Dendritic cells","Dendritic cells",0.437340426243547
"CCGGGATGTAAGGGAA-1","CD4+ T cells","CD4+ T cells",0.289957302773203
"CCGGGATGTACCGTAT-1","CD4+ T cells","CD4+ T cells",0.339996812502795
"CCGGGATGTACTCGCG-1","CD4+ T cells","CD4+ T cells",0.332143862337468
"CCGGGATGTAGCTTGT-1","CD8+ T cells","CD8+ T cells",0.328780560289611
"CCGGGATGTATTCGTG-1","Monocytes","Monocytes",0.401168013477906
"CCGGGATGTCCGTTAA-1","T cells","T cells",0.320325172715657
"CCGGGATGTGATGATA-1","B cells","B cells",0.311897167711928
"CCGGGATGTTACTGAC-1","B cells","B cells",0.312392506708033
"CCGGGATGTTCGTCTC-1","Monocytes","Monocytes",0.382938076707773
"CCGGGATTCAACGAAA-1","B cells","B cells",0.329051144586725
"CCGGGATTCATAGCAC-1","NK cells",NA,0.3362874220007
"CCGGGATTCCCAGGTG-1","CD4+ T cells","CD4+ T cells",0.292286140266243
"CCGGGATTCCGTAGGC-1","Monocytes","Monocytes",0.42178867878419
"CCGGGATTCTCAACTT-1","Monocytes","Monocytes",0.434741306774518
"CCGGTAGAGCCAGAAC-1","Monocytes","Monocytes",0.462323660845152
"CCGGTAGAGCTCCTCT-1","B cells","B cells",0.340413705261345
"CCGGTAGAGCTTATCG-1","CD8+ T cells","CD8+ T cells",0.284778518613058
"CCGGTAGAGGCTAGAC-1","CD4+ T cells","CD4+ T cells",0.336936511202026
"CCGGTAGAGTCCGTAT-1","T cells","T cells",0.357774203302145
"CCGGTAGCAAACGCGA-1","CD8+ T cells","CD8+ T cells",0.329310747636579
"CCGGTAGCAGACGCTC-1","CD4+ T cells","CD4+ T cells",0.288110357618935
"CCGGTAGCAGTAGAGC-1","CD8+ T cells","CD8+ T cells",0.338771958067669
"CCGGTAGCATATGAGA-1","T cells","T cells",0.378800740954523
"CCGGTAGCATCGATGT-1","T cells","T cells",0.354946765993196
"CCGGTAGCATTACCTT-1","T cells","T cells",0.332292808331781
"CCGGTAGGTAACGTTC-1","B cells","B cells",0.343002456264773
"CCGGTAGGTTGAGTTC-1","B cells","B cells",0.345995660196239
"CCGGTAGTCAACACGT-1","CD4+ T cells","CD4+ T cells",0.30002954774292
"CCGGTAGTCGAGCCCA-1","B cells","B cells",0.31136626375475
"CCGGTAGTCGTCTGAA-1","T cells","T cells",0.359281632879991
"CCGGTAGTCTCTTATG-1","Monocytes","Monocytes",0.482356498798111
"CCGTACTAGAGACTTA-1","T cells","T cells",0.384784382408492
"CCGTACTAGAGCTATA-1","T cells","T cells",0.305132614759661
"CCGTACTAGCTACCTA-1","CD4+ T cells","CD4+ T cells",0.270221500191661
"CCGTACTAGCTCTCGG-1","T cells","T cells",0.378435803463617
"CCGTACTCAGACGCTC-1","T cells","T cells",0.247782174812457
"CCGTACTCAGCCAATT-1","Monocytes","Monocytes",0.442420985372813
"CCGTACTCAGTCAGCC-1","B cells","B cells",0.33189865787813
"CCGTACTGTAAATACG-1","B cells","B cells",0.40925315856686
"CCGTACTGTAACGTTC-1","CD4+ T cells","CD4+ T cells",0.30576343889248
"CCGTACTGTACCGGCT-1","CD4+ T cells","CD4+ T cells",0.333381056442116
"CCGTACTGTCGGGTCT-1","B cells","B cells",0.313533990606656
"CCGTACTGTCTAAACC-1","Monocytes","Monocytes",0.509213185697806
"CCGTACTGTTCCTCCA-1","NK cells","NK cells",0.420327477174524
"CCGTACTGTTTGCATG-1","CD4+ T cells","CD4+ T cells",0.318345541257466
"CCGTACTTCAGTTGAC-1","T cells","T cells",0.388681443260748
"CCGTACTTCATAACCG-1","Monocytes","Monocytes",0.447914623721713
"CCGTACTTCCTCATTA-1","CD4+ T cells","CD4+ T cells",0.352742496089728
"CCGTACTTCGGTGTTA-1","CD4+ T cells","CD4+ T cells",0.337752381199472
"CCGTACTTCTGTCCGT-1","T cells","T cells",0.368292954332503
"CCGTGGAAGATCGGGT-1","CD4+ T cells","CD4+ T cells",0.351694883257192
"CCGTGGAAGCAGCGTA-1","Monocytes","Monocytes",0.424732588333669
"CCGTGGAAGCAGGCTA-1","CD4+ T cells","CD4+ T cells",0.361199520450912
"CCGTGGACAACACCTA-1","Monocytes","Monocytes",0.34233692833262
"CCGTGGACAATGTTGC-1","CD4+ T cells","CD4+ T cells",0.303177807042279
"CCGTGGACACCCATGG-1","Monocytes","Monocytes",0.371086039476142
"CCGTGGACAGATCTGT-1","T cells","T cells",0.329888116385838
"CCGTGGACAGGATCGA-1","CD4+ T cells","CD4+ T cells",0.347017501740216
"CCGTGGACAGTCAGCC-1","CD8+ T cells","CD8+ T cells",0.323274859776318
"CCGTGGACAGTGACAG-1","CD4+ T cells","CD4+ T cells",0.34942278426113
"CCGTGGACAGTTCATG-1","Monocytes","Monocytes",0.460998295541385
"CCGTGGACATCCTTGC-1","Monocytes","Monocytes",0.440724423152428
"CCGTGGAGTCATGCAT-1","T cells","T cells",0.298742402612553
"CCGTGGAGTCTAGCGC-1","B cells","B cells",0.310971590952611
"CCGTGGAGTTACGCGC-1","CD4+ T cells","CD4+ T cells",0.327081479897021
"CCGTGGATCGTACCGG-1","CD4+ T cells","CD4+ T cells",0.342765936350219
"CCGTTCAAGACTTGAA-1","T cells","T cells",0.349376083050987
"CCGTTCAAGAGAACAG-1","CD8+ T cells","CD8+ T cells",0.383198734686006
"CCGTTCAAGGCTCAGA-1","B cells","B cells",0.292735876496047
"CCGTTCAAGGTAGCTG-1","Dendritic cells","Dendritic cells",0.487055013857244
"CCGTTCAAGTCTCAAC-1","CD4+ T cells","CD4+ T cells",0.334431126077789
"CCGTTCACAAGGCTCC-1","T cells","T cells",0.357045450012121
"CCGTTCACACCCATGG-1","Monocytes","Monocytes",0.409687843860928
"CCGTTCACAGTAACGG-1","T cells","T cells",0.333046611301673
"CCGTTCACATGCCACG-1","T cells","T cells",0.375015381311526
"CCGTTCACATGCCTAA-1","Dendritic cells","Dendritic cells",0.564687138565577
"CCGTTCACATGGAATA-1","CD4+ T cells","CD4+ T cells",0.284646557054431
"CCGTTCAGTCCTAGCG-1","CD4+ T cells","CD4+ T cells",0.316504726789781
"CCGTTCAGTGAGGGAG-1","T cells","T cells",0.360837232235993
"CCGTTCAGTGCACGAA-1","T cells","T cells",0.379854873433223
"CCGTTCAGTGCGCTTG-1","B cells","B cells",0.315889345695495
"CCGTTCAGTGCTCTTC-1","CD4+ T cells","CD4+ T cells",0.321287265274258
"CCGTTCAGTTGGAGGT-1","CD4+ T cells","CD4+ T cells",0.316429200118759
"CCGTTCATCACCACCT-1","T cells","T cells",0.348924718674645
"CCGTTCATCACTCCTG-1","Monocytes","Monocytes",0.396455784806978
"CCGTTCATCCACGCAG-1","Monocytes","Monocytes",0.451335734035322
"CCGTTCATCCATGAAC-1","B cells","B cells",0.361490785894132
"CCGTTCATCGGTCTAA-1","B cells","B cells",0.355307820153105
"CCGTTCATCTTACCTA-1","T cells","T cells",0.309255095129054
"CCGTTCATCTTCTGGC-1","T cells","T cells",0.384257184556613
"CCTAAAGAGAATGTTG-1","T cells","T cells",0.367091259866969
"CCTAAAGAGCACACAG-1","Monocytes","Monocytes",0.383599454113893
"CCTAAAGAGCCAGTAG-1","CD8+ T cells","CD8+ T cells",0.318311159354812
"CCTAAAGAGCTCCCAG-1","CD8+ T cells","CD8+ T cells",0.338254625390164
"CCTAAAGAGGGTCGAT-1","CD8+ T cells","CD8+ T cells",0.32021108264017
"CCTAAAGAGTAATCCC-1","CD8+ T cells","CD8+ T cells",0.345700962380623
"CCTAAAGAGTGGTAAT-1","T cells","T cells",0.34382797201098
"CCTAAAGCAAGTAGTA-1","CD4+ T cells","CD4+ T cells",0.302076344287794
"CCTAAAGCACACAGAG-1","B cells","B cells",0.293655021727767
"CCTAAAGCACCTGGTG-1","CD4+ T cells","CD4+ T cells",0.330375819601527
"CCTAAAGCAGCATACT-1","NK cells","NK cells",0.389725462565952
"CCTAAAGCAGCTCCGA-1","Monocytes","Monocytes",0.47304828189805
"CCTAAAGCAGGTTTCA-1","Monocytes","Monocytes",0.505074732966868
"CCTAAAGCAGTGACAG-1","T cells","T cells",0.330096779557087
"CCTAAAGCATGAACCT-1","CD4+ T cells","CD4+ T cells",0.324340874279844
"CCTAAAGCATTAGGCT-1","CD4+ T cells","CD4+ T cells",0.361589383420469
"CCTAAAGCATTTCACT-1","T cells","T cells",0.421455751893506
"CCTAAAGGTCAGAGGT-1","Monocytes","Monocytes",0.465624272935097
"CCTAAAGTCGTTTGCC-1","CD4+ T cells","CD4+ T cells",0.353566938954262
"CCTAAAGTCTCAAACG-1","T cells","T cells",0.386278825712905
"CCTAAAGTCTGAGTGT-1","B cells","B cells",0.312710494911416
"CCTACACAGAATTCCC-1","B cells","B cells",0.387332036663689
"CCTACACAGATGTGTA-1","Monocytes","Monocytes",0.416573545852012
"CCTACACAGCTACCGC-1","T cells","T cells",0.39290129647019
"CCTACACCAAGCCGTC-1","T cells","T cells",0.363146426484341
"CCTACACCACGCCAGT-1","CD8+ T cells","CD8+ T cells",0.32857765015865
"CCTACACCAGCTCCGA-1","CD8+ T cells","CD8+ T cells",0.350418386237352
"CCTACACCAGTTCCCT-1","T cells","T cells",0.390466768829348
"CCTACACCATCTCCCA-1","B cells","B cells",0.331314678880897
"CCTACACGTACCAGTT-1","CD8+ T cells","CD8+ T cells",0.345739891516137
"CCTACACGTATCAGTC-1","CD4+ T cells","CD4+ T cells",0.381947308469103
"CCTACACGTCTAAAGA-1","Dendritic cells",NA,0.416588219735581
"CCTACACGTTCGAATC-1","Monocytes","Monocytes",0.440112919028576
"CCTACACTCAACGGCC-1","CD8+ T cells","CD8+ T cells",0.352059382035411
"CCTACACTCGAATCCA-1","Dendritic cells","Dendritic cells",0.505627001262153
"CCTACACTCGGCGGTT-1","T cells","T cells",0.374258675771819
"CCTACCAAGACTCGGA-1","T cells","T cells",0.304250999652329
"CCTACCAAGCCAGTTT-1","Monocytes","Monocytes",0.390559417973358
"CCTACCAAGCGGCTTC-1","Monocytes","Monocytes",0.441046420032173
"CCTACCAAGCTGGAAC-1","CD8+ T cells","CD8+ T cells",0.340605064197516
"CCTACCAAGGCTCATT-1","Monocytes","Monocytes",0.446131418728217
"CCTACCAAGGTGCACA-1","T cells","T cells",0.321811537274842
"CCTACCACAAATACAG-1","T cells","T cells",0.337158202702006
"CCTACCACAAGTAGTA-1","CD4+ T cells","CD4+ T cells",0.319043545118982
"CCTACCACAGCTATTG-1","T cells","T cells",0.310383156458336
"CCTACCACAGTAAGCG-1","Monocytes","Monocytes",0.329413858429042
"CCTACCACATGAACCT-1","Dendritic cells",NA,0.258708330603376
"CCTACCACATTCACTT-1","T cells","T cells",0.316344442356787
"CCTACCAGTAGCTGCC-1","CD4+ T cells","CD4+ T cells",0.327439194556783
"CCTACCAGTATCGCAT-1","Dendritic cells","Dendritic cells",0.395596698168416
"CCTACCAGTCCCTACT-1","Monocytes","Monocytes",0.38362822104671
"CCTACCAGTCTAGAGG-1","CD8+ T cells","CD8+ T cells",0.304774362951301
"CCTACCAGTCTGATTG-1","T cells","T cells",0.31103863223224
"CCTACCAGTGGTCTCG-1","CD8+ T cells","CD8+ T cells",0.321865829211337
"CCTACCAGTGTTTGGT-1","T cells","T cells",0.371915695331905
"CCTACCAGTTTAAGCC-1","T cells","T cells",0.325826585601345
"CCTACCATCCAAATGC-1","CD4+ T cells","CD4+ T cells",0.314787589498057
"CCTACCATCCCATTTA-1","Monocytes","Monocytes",0.426817583117035
"CCTACCATCCTCCTAG-1","T cells","T cells",0.282640621693042
"CCTACCATCGGAATCT-1","T cells","T cells",0.361437766677248
"CCTAGCTAGAGACGAA-1","T cells","T cells",0.348887396442405
"CCTAGCTAGAGGTTAT-1","CD4+ T cells","CD4+ T cells",0.362905704423246
"CCTAGCTAGATGCGAC-1","Monocytes","Monocytes",0.411945721890012
"CCTAGCTAGCTTCGCG-1","B cells","B cells",0.397867563845016
"CCTAGCTAGTGTACGG-1","Monocytes","Monocytes",0.421990441592042
"CCTAGCTAGTTTGCGT-1","T cells","T cells",0.360801740515312
"CCTAGCTCAATAACGA-1","CD4+ T cells","CD4+ T cells",0.322722323788493
"CCTAGCTCAATCGGTT-1","NK cells","NK cells",0.365895693556234
"CCTAGCTCACCTCGTT-1","Monocytes","Monocytes",0.419801716761803
"CCTAGCTCATAGACTC-1","T cells","T cells",0.417026507918204
"CCTAGCTCATGCGCAC-1","B cells",NA,0.312353751497922
"CCTAGCTGTGCACTTA-1","T cells","T cells",0.394712777498661
"CCTAGCTGTGGTTTCA-1","Monocytes","Monocytes",0.368884516664052
"CCTAGCTGTTAAGATG-1","CD4+ T cells","CD4+ T cells",0.337356104791978
"CCTAGCTGTTGGAGGT-1","Monocytes","Monocytes",0.473391644068555
"CCTAGCTGTTTGGCGC-1","B cells","B cells",0.362319853181428
"CCTAGCTTCAAACCGT-1","T cells","T cells",0.351725771823719
"CCTAGCTTCAGCACAT-1","T cells","T cells",0.332330019723418
"CCTAGCTTCCCATTAT-1","Monocytes","Monocytes",0.541508254780416
"CCTAGCTTCCGAACGC-1","Monocytes","Monocytes",0.384548886957569
"CCTATTAAGTACTTGC-1","Monocytes","Monocytes",0.429270044852356
"CCTATTAAGTCTCAAC-1","CD4+ T cells","CD4+ T cells",0.294994106136558
"CCTATTACATCTACGA-1","CD4+ T cells","CD4+ T cells",0.36557606387936
"CCTATTACATTGAGCT-1","CD4+ T cells","CD4+ T cells",0.279806246107959
"CCTATTAGTAAATACG-1","Monocytes","Monocytes",0.435926477041555
"CCTATTAGTGACAAAT-1","B cells","B cells",0.346631747556447
"CCTATTAGTGTGGTTT-1","Monocytes","Monocytes",0.451607325978571
"CCTATTATCACGCGGT-1","Monocytes","Monocytes",0.513508621842943
"CCTATTATCGATGAGG-1","NK cells","NK cells",0.401745364810617
"CCTATTATCGCGCCAA-1","CD8+ T cells","CD8+ T cells",0.334772763934352
"CCTATTATCGTTGACA-1","T cells","T cells",0.359567803720028
"CCTATTATCTGGCGTG-1","Monocytes","Monocytes",0.395822949665567
"CCTATTATCTTACCGC-1","Monocytes","Monocytes",0.477637168563667
"CCTCAGTAGGATGTAT-1","Monocytes","Monocytes",0.511833723541657
"CCTCAGTAGGCTATCT-1","CD8+ T cells","CD8+ T cells",0.357878864198154
"CCTCAGTAGGGAACGG-1","Monocytes","Monocytes",0.474637916963922
"CCTCAGTAGTCCATAC-1","CD8+ T cells","CD8+ T cells",0.293682901351595
"CCTCAGTCAAACGCGA-1","Monocytes","Monocytes",0.440976663248086
"CCTCAGTCAACACCCG-1","CD8+ T cells","CD8+ T cells",0.319818209686918
"CCTCAGTCAAGCCTAT-1","CD4+ T cells","CD4+ T cells",0.290912240202715
"CCTCAGTCACCATCCT-1","T cells","T cells",0.40237627820533
"CCTCAGTGTACATCCA-1","B cells","B cells",0.327783757526181
"CCTCAGTGTAGAAAGG-1","CD8+ T cells","CD8+ T cells",0.321139640088397
"CCTCAGTGTATCTGCA-1","CD8+ T cells","CD8+ T cells",0.337935196088261
"CCTCAGTGTGCAGGTA-1","CD8+ T cells","CD8+ T cells",0.330038495650455
"CCTCAGTTCCACGCAG-1","Monocytes","Monocytes",0.331360328366957
"CCTCAGTTCGTTTATC-1","CD4+ T cells","CD4+ T cells",0.354303453686876
"CCTCAGTTCTGACCTC-1","Progenitors","Progenitors",0.234884182060499
"CCTCAGTTCTGAGGGA-1","CD8+ T cells","CD8+ T cells",0.333165705915581
"CCTCAGTTCTTGTACT-1","T cells","T cells",0.309699189694681
"CCTCTGAAGACCACGA-1","CD4+ T cells","CD4+ T cells",0.310918007425639
"CCTCTGAAGCGTCAAG-1","CD8+ T cells","CD8+ T cells",0.351408487535753
"CCTCTGACACATTCGA-1","T cells","T cells",0.365300392829502
"CCTCTGACACCTTGTC-1","Monocytes","Monocytes",0.439380015035345
"CCTCTGACAGCTTAAC-1","NK cells","NK cells",0.442153150564818
"CCTCTGACAGGGTTAG-1","Monocytes","Monocytes",0.446951323429543
"CCTCTGACATCGATGT-1","Dendritic cells",NA,0.447689709347963
"CCTCTGACATGGAATA-1","B cells","B cells",0.315849334320294
"CCTCTGACATGGATGG-1","T cells","T cells",0.322532761192971
"CCTCTGAGTCTTCGTC-1","Dendritic cells","Dendritic cells",0.423039687206185
"CCTCTGAGTTGACGTT-1","Monocytes","Monocytes",0.338904926869283
"CCTCTGATCAAGGCTT-1","NK cells","NK cells",0.405593256179074
"CCTCTGATCTAAGCCA-1","CD4+ T cells","CD4+ T cells",0.291879239824014
"CCTCTGATCTACCAGA-1","Monocytes","Monocytes",0.497549275736579
"CCTTACGAGCAACGGT-1","B cells","B cells",0.304366666340843
"CCTTACGAGTCTCAAC-1","Monocytes","Monocytes",0.395882590348522
"CCTTACGAGTGTACTC-1","Monocytes","Monocytes",0.396132336952102
"CCTTACGCAAGCGCTC-1","CD8+ T cells","CD8+ T cells",0.332274568570666
"CCTTACGCACATTTCT-1","Monocytes","Monocytes",0.395291546709791
"CCTTACGCACGTCAGC-1","CD4+ T cells","CD4+ T cells",0.362066071752034
"CCTTACGCAGCGAACA-1","CD8+ T cells","CD8+ T cells",0.299750119968473
"CCTTACGCATAGACTC-1","CD4+ T cells","CD4+ T cells",0.35566122186689
"CCTTACGCATTGTGCA-1","CD4+ T cells","CD4+ T cells",0.363696487535333
"CCTTACGGTACAAGTA-1","NK cells","NK cells",0.408405721628258
"CCTTACGGTCAATACC-1","B cells",NA,0.316093356431819
"CCTTACGGTGTCTGAT-1","T cells","T cells",0.307787898600787
"CCTTACGGTGTTAAGA-1","CD8+ T cells","CD8+ T cells",0.345454957909575
"CCTTACGTCAATCTCT-1","NK cells","NK cells",0.426009415208139
"CCTTACGTCAGCCTAA-1","Monocytes","Monocytes",0.459297776461419
"CCTTACGTCATGCTCC-1","CD4+ T cells","CD4+ T cells",0.327141427983501
"CCTTACGTCCCAAGAT-1","CD4+ T cells","CD4+ T cells",0.318040104642311
"CCTTACGTCCTACAGA-1","Monocytes","Monocytes",0.418745473839301
"CCTTACGTCGCTTGTC-1","Monocytes","Monocytes",0.381314764927299
"CCTTACGTCGGAAACG-1","CD4+ T cells","CD4+ T cells",0.365141361000933
"CCTTACGTCTCAAGTG-1","Monocytes","Monocytes",0.398008616497109
"CCTTCCCAGAGTGAGA-1","Monocytes","Monocytes",0.405483658048291
"CCTTCCCAGCTGAACG-1","B cells","B cells",0.315516489002234
"CCTTCCCAGCTTATCG-1","CD8+ T cells","CD8+ T cells",0.322045293031529
"CCTTCCCAGGCAATTA-1","B cells",NA,0.331990883851948
"CCTTCCCCAATAGCAA-1","Dendritic cells","Dendritic cells",0.532409963466224
"CCTTCCCCAATGACCT-1","Monocytes","Monocytes",0.430384208238296
"CCTTCCCCACAGATTC-1","Monocytes","Monocytes",0.4137726130735
"CCTTCCCCATAGGATA-1","B cells","B cells",0.352767800009588
"CCTTCCCGTACACCGC-1","Monocytes","Monocytes",0.463717012881585
"CCTTCCCGTCGGCTCA-1","T cells","T cells",0.362329338616627
"CCTTCCCGTTTACTCT-1","Dendritic cells","Dendritic cells",0.545531144852221
"CCTTCCCTCACGAAGG-1","T cells","T cells",0.37439867579255
"CCTTCCCTCAGCTTAG-1","CD4+ T cells","CD4+ T cells",0.330257433992248
"CCTTCCCTCATCTGTT-1","CD4+ T cells","CD4+ T cells",0.472683446966211
"CCTTCCCTCCTTTCTC-1","Monocytes","Monocytes",0.435009800904469
"CCTTCGAAGACTAAGT-1","CD4+ T cells","CD4+ T cells",0.355936335158967
"CCTTCGAAGAGCTGCA-1","B cells","B cells",0.344319161439429
"CCTTCGAAGCTAACTC-1","Monocytes","Monocytes",0.433813409829267
"CCTTCGAAGGCGTACA-1","T cells","T cells",0.35249665915998
"CCTTCGAAGGTGCTTT-1","CD4+ T cells","CD4+ T cells",0.314493033555788
"CCTTCGAAGTCCAGGA-1","T cells","T cells",0.404062422078612
"CCTTCGAAGTGCTGCC-1","T cells","T cells",0.341856073188098
"CCTTCGACAACAACCT-1","CD4+ T cells","CD4+ T cells",0.32491491234013
"CCTTCGACACAGACAG-1","T cells","T cells",0.313473545009889
"CCTTCGACATGTTCCC-1","Monocytes","Monocytes",0.4101483344886
"CCTTCGAGTAAGTAGT-1","B cells","B cells",0.294479402426861
"CCTTCGAGTCGAGATG-1","T cells","T cells",0.37377812528029
"CCTTCGAGTCGAGTTT-1","T cells","T cells",0.350550031427819
"CCTTCGAGTTCCCGAG-1","Monocytes","Monocytes",0.482761264677794
"CCTTCGATCCAAGCCG-1","T cells","T cells",0.30402665614576
"CCTTCGATCGGCGCTA-1","T cells","T cells",0.366707329566884
"CCTTCGATCTTGTCAT-1","T cells","T cells",0.325866635118868
"CCTTTCTAGCCAGTTT-1","T cells","T cells",0.345908654379878
"CCTTTCTAGGCAAAGA-1","CD4+ T cells","CD4+ T cells",0.31588128722268
"CCTTTCTAGTAGATGT-1","CD8+ T cells","CD8+ T cells",0.263605095151247
"CCTTTCTAGTGTGAAT-1","Dendritic cells","Dendritic cells",0.505732501255037
"CCTTTCTCACAGAGGT-1","NK cells","NK cells",0.391424960228113
"CCTTTCTCACATAACC-1","CD4+ T cells","CD4+ T cells",0.291348853103348
"CCTTTCTCACGTCAGC-1","T cells","T cells",0.395957314300586
"CCTTTCTGTCTTTCAT-1","Monocytes","Monocytes",0.473864278836394
"CCTTTCTGTGCGATAG-1","Monocytes","Monocytes",0.473245419460632
"CCTTTCTGTGCGGTAA-1","NK cells","NK cells",0.376273965803157
"CCTTTCTGTGTGAATA-1","Dendritic cells","Dendritic cells",0.535681620799084
"CCTTTCTTCAATCTCT-1","Monocytes","Monocytes",0.375114158800257
"CCTTTCTTCGCCTGTT-1","Monocytes","Monocytes",0.351506185133399
"CCTTTCTTCGGTCCGA-1","Dendritic cells","Dendritic cells",0.443974856478608
"CGAACATAGAAACCGC-1","CD8+ T cells","CD8+ T cells",0.336057065377308
"CGAACATAGCCGATTT-1","Dendritic cells","Dendritic cells",0.512640464768134
"CGAACATAGGCCCGTT-1","T cells","T cells",0.315049569639306
"CGAACATAGGTAAACT-1","CD8+ T cells","CD8+ T cells",0.383154804404286
"CGAACATAGTAGCCGA-1","T cells","T cells",0.344602752611195
"CGAACATCAAACCCAT-1","CD4+ T cells","CD4+ T cells",0.348134578735488
"CGAACATCAAGTAATG-1","CD4+ T cells","CD4+ T cells",0.325127344515255
"CGAACATCAGATGGGT-1","CD4+ T cells","CD4+ T cells",0.294543121752769
"CGAACATCATCATCCC-1","B cells","B cells",0.328336799730402
"CGAACATCATCGATGT-1","Monocytes","Monocytes",0.353477450118706
"CGAACATCATTCGACA-1","T cells","T cells",0.352402706114599
"CGAACATGTAAGTTCC-1","B cells","B cells",0.432824876104475
"CGAACATGTCAAAGAT-1","Monocytes","Monocytes",0.430021729259596
"CGAACATGTCATCGGC-1","CD4+ T cells","CD4+ T cells",0.331878413211318
"CGAACATGTCCAAGTT-1","T cells","T cells",0.339410111805588
"CGAACATGTCTTGATG-1","Monocytes","Monocytes",0.492972595149188
"CGAACATGTGCAGTAG-1","Progenitors","Progenitors",0.437042732804484
"CGAACATGTGGCCCTA-1","Monocytes","Monocytes",0.33877716375387
"CGAACATGTTAAGGGC-1","CD4+ T cells","CD4+ T cells",0.28362995456174
"CGAACATTCAACACAC-1","B cells","B cells",0.312642596868148
"CGAACATTCACATAGC-1","Monocytes","Monocytes",0.476043519476163
"CGAACATTCCAAGCCG-1","CD4+ T cells","CD4+ T cells",0.31979823461061
"CGAACATTCCCAAGTA-1","NK cells","NK cells",0.413690986753056
"CGAACATTCCGATATG-1","CD8+ T cells","CD8+ T cells",0.284860957126573
"CGAACATTCTTACCTA-1","B cells","B cells",0.404600267041378
"CGAATGTAGACCTAGG-1","Monocytes","Monocytes",0.379829888200855
"CGAATGTAGAGTCTGG-1","CD4+ T cells","CD4+ T cells",0.272070672524084
"CGAATGTAGTCCATAC-1","CD4+ T cells","CD4+ T cells",0.31074733372823
"CGAATGTCATTGCGGC-1","NK cells","NK cells",0.346127624056178
"CGAATGTGTGAGGCTA-1","CD4+ T cells","CD4+ T cells",0.346999660586778
"CGAATGTGTGCAGACA-1","Monocytes","Monocytes",0.360459791079162
"CGAATGTGTTTCGCTC-1","T cells","T cells",0.312541690653492
"CGAATGTGTTTGGGCC-1","CD8+ T cells","CD8+ T cells",0.330782765501816
"CGAATGTTCAACGAAA-1","B cells",NA,0.321277572919647
"CGAATGTTCCGAGCCA-1","B cells","B cells",0.378292983433871
"CGAATGTTCGTACGGC-1","Monocytes","Monocytes",0.399577435247031
"CGAATGTTCTATCGCC-1","T cells","T cells",0.384333896659643
"CGACCTTAGATCTGCT-1","CD4+ T cells","CD4+ T cells",0.321025906716994
"CGACCTTAGCCTTGAT-1","CD8+ T cells","CD8+ T cells",0.315879051794371
"CGACCTTCACGTTGGC-1","T cells","T cells",0.40473666372826
"CGACCTTCAGCGATCC-1","B cells","B cells",0.338220344804677
"CGACCTTCAGCTATTG-1","Monocytes","Monocytes",0.451796965090747
"CGACCTTCATCCAACA-1","T cells","T cells",0.382790524663477
"CGACCTTCATCCCATC-1","Monocytes","Monocytes",0.503346842078561
"CGACCTTCATCTGGTA-1","T cells","T cells",0.291347591032757
"CGACCTTCATGCAATC-1","T cells","T cells",0.34887298226689
"CGACCTTCATTACGAC-1","T cells","T cells",0.367477730881854
"CGACCTTGTACCGGCT-1","T cells","T cells",0.368416438096405
"CGACCTTGTCAACATC-1","T cells","T cells",0.353080166017299
"CGACCTTGTCCTCCAT-1","Dendritic cells","Dendritic cells",0.525453813742111
"CGACCTTGTGGTGTAG-1","Monocytes","Monocytes",0.418440036813693
"CGACCTTTCCACGTGG-1","CD4+ T cells","CD4+ T cells",0.26174942483702
"CGACCTTTCCGCGCAA-1","CD8+ T cells","CD8+ T cells",0.256817949343165
"CGACTTCAGAAGGCCT-1","CD8+ T cells","CD8+ T cells",0.319608434598976
"CGACTTCAGACCCACC-1","CD4+ T cells","CD4+ T cells",0.292179029203495
"CGACTTCAGTACGTAA-1","T cells","T cells",0.366321683417411
"CGACTTCCAAAGCGGT-1","CD8+ T cells","CD8+ T cells",0.325027918986251
"CGACTTCCACGACGAA-1","T cells","T cells",0.367386837283389
"CGACTTCCACGGCTAC-1","CD4+ T cells","CD4+ T cells",0.303557179756881
"CGACTTCCATACTCTT-1","B cells","B cells",0.340828308312624
"CGACTTCCATCCGCGA-1","CD4+ T cells","CD4+ T cells",0.306839547185927
"CGACTTCGTAGATTAG-1","CD4+ T cells","CD4+ T cells",0.338108739036749
"CGACTTCGTATGAAAC-1","T cells","T cells",0.449272326451272
"CGACTTCGTTCCACAA-1","Monocytes","Monocytes",0.489271503242002
"CGACTTCTCAGGCAAG-1","T cells","T cells",0.237741147659441
"CGACTTCTCAGGTTCA-1","T cells","T cells",0.345227830938902
"CGACTTCTCGATCCCT-1","CD4+ T cells","CD4+ T cells",0.351764219846487
"CGACTTCTCGGAAACG-1","B cells","B cells",0.330970335654781
"CGACTTCTCGTGGTCG-1","CD8+ T cells","CD8+ T cells",0.341057216415359
"CGAGAAGAGATATGGT-1","T cells","T cells",0.31435630450403
"CGAGAAGAGCGGCTTC-1","CD4+ T cells","CD4+ T cells",0.305554224592871
"CGAGAAGAGGTACTCT-1","B cells","B cells",0.379244698074343
"CGAGAAGAGTACGCCC-1","T cells","T cells",0.344506054903196
"CGAGAAGCAGTAAGCG-1","B cells","B cells",0.291802955467623
"CGAGAAGCATCTGGTA-1","CD8+ T cells","CD8+ T cells",0.31564413793994
"CGAGAAGGTAAGTAGT-1","T cells","T cells",0.356148135971749
"CGAGAAGGTACCCAAT-1","B cells","B cells",0.325090098920009
"CGAGAAGGTACCGTTA-1","Monocytes","Monocytes",0.372343362027666
"CGAGAAGGTAGGACAC-1","CD4+ T cells","CD4+ T cells",0.311216691993204
"CGAGAAGGTGTTTGGT-1","B cells","B cells",0.3937927541805
"CGAGAAGGTTATCACG-1","T cells","T cells",0.385756352534219
"CGAGAAGTCACGGTTA-1","NK cells","NK cells",0.424634729850797
"CGAGAAGTCACTTCAT-1","NK cells","NK cells",0.406418479317109
"CGAGAAGTCAGTGTTG-1","CD4+ T cells","CD4+ T cells",0.264137330855356
"CGAGAAGTCATCTGTT-1","CD4+ T cells","CD4+ T cells",0.322260802918092
"CGAGAAGTCTGACCTC-1","Monocytes","Monocytes",0.395436722909689
"CGAGCACAGGCTCATT-1","Monocytes","Monocytes",0.473221751459525
"CGAGCACAGTCGTTTG-1","NK cells","NK cells",0.411639449047438
"CGAGCACCAACTTGAC-1","B cells","B cells",0.302148427373549
"CGAGCACCAAGGACAC-1","Monocytes","Monocytes",0.443309405342274
"CGAGCACCACGGTAAG-1","B cells","B cells",0.357896888393299
"CGAGCACCAGATAATG-1","Monocytes","Monocytes",0.374715602604622
"CGAGCACCAGTGACAG-1","Monocytes","Monocytes",0.434120020427777
"CGAGCACGTAAGGATT-1","T cells","T cells",0.403544049429766
"CGAGCACGTGCACCAC-1","B cells","B cells",0.336718410427124
"CGAGCACGTGTAAGTA-1","T cells","T cells",0.323139456433824
"CGAGCACTCAGCTCGG-1","CD8+ T cells","CD8+ T cells",0.364188877856338
"CGAGCACTCGACCAGC-1","T cells","T cells",0.326636882176978
"CGAGCACTCGCGATCG-1","Monocytes","Monocytes",0.494241527127404
"CGAGCCAAGATAGTCA-1","B cells","B cells",0.324685130375037
"CGAGCCAAGATGCGAC-1","Monocytes","Monocytes",0.385475652953706
"CGAGCCAAGCCACGTC-1","CD8+ T cells","CD8+ T cells",0.330064605824452
"CGAGCCAAGGAATTAC-1","Monocytes","Monocytes",0.362458070920124
"CGAGCCAAGTGGACGT-1","CD8+ T cells","CD8+ T cells",0.289195852200723
"CGAGCCACACCCTATC-1","B cells","B cells",0.341165581335395
"CGAGCCACACGTGAGA-1","Monocytes","Monocytes",0.433824042627974
"CGAGCCACAGGAACGT-1","B cells","B cells",0.343055159044385
"CGAGCCACAGGTGGAT-1","Monocytes","Monocytes",0.423795807528813
"CGAGCCACATGAACCT-1","B cells","B cells",0.301654855610513
"CGAGCCACATGCCCGA-1","CD4+ T cells","CD4+ T cells",0.328978764384444
"CGAGCCACATGTTGAC-1","T cells","T cells",0.281509597570375
"CGAGCCAGTAAGTGGC-1","B cells","B cells",0.319636103167805
"CGAGCCAGTAGCCTCG-1","T cells","T cells",0.327141536946419
"CGAGCCAGTCCATCCT-1","Monocytes","Monocytes",0.463164654539186
"CGAGCCAGTCCGAGTC-1","CD4+ T cells","CD4+ T cells",0.295444723928589
"CGAGCCAGTGACGGTA-1","Monocytes","Monocytes",0.429605045238367
"CGAGCCATCACGATGT-1","B cells","B cells",0.32602737912338
"CGAGCCATCCATTCTA-1","CD4+ T cells","CD4+ T cells",0.287658431083232
"CGAGCCATCCCTAACC-1","CD4+ T cells","CD4+ T cells",0.349967998422092
"CGAGCCATCCCTGACT-1","NK cells","NK cells",0.361581861961834
"CGAGCCATCCTTGACC-1","CD8+ T cells","CD8+ T cells",0.324030097597872
"CGAGCCATCGCTTGTC-1","CD8+ T cells","CD8+ T cells",0.362151469447091
"CGAGCCATCGGAGGTA-1","NK cells","NK cells",0.372031317884818
"CGAGCCATCTCGAGTA-1","T cells","T cells",0.38664276380538
"CGAGCCATCTGGAGCC-1","CD8+ T cells","CD8+ T cells",0.318095378561788
"CGAGCCATCTTACCTA-1","CD4+ T cells","CD4+ T cells",0.352669543000814
"CGATCGGAGTATCTCG-1","Monocytes","Monocytes",0.373193743320746
"CGATCGGAGTCAAGCG-1","NK cells","NK cells",0.393589628885828
"CGATCGGAGTCCAGGA-1","T cells","T cells",0.324509763013352
"CGATCGGAGTGAACAT-1","Monocytes","Monocytes",0.44662145373997
"CGATCGGCACAAGACG-1","B cells","B cells",0.302427854037906
"CGATCGGCACACCGAC-1","Monocytes","Monocytes",0.373152669863723
"CGATCGGCACACCGCA-1","Dendritic cells","Dendritic cells",0.463816774798952
"CGATCGGCACATCCAA-1","B cells","B cells",0.291334984616773
"CGATCGGCATTGGTAC-1","B cells","B cells",0.315339094015601
"CGATCGGGTACCCAAT-1","Monocytes","Monocytes",0.343495810253661
"CGATCGGGTACCGGCT-1","CD4+ T cells","CD4+ T cells",0.312262252799877
"CGATCGGGTAGAGGAA-1","T cells","T cells",0.359156067970843
"CGATCGGGTATAGGTA-1","Monocytes","Monocytes",0.353807718364032
"CGATCGGGTCCAGTAT-1","Dendritic cells",NA,0.439080323626153
"CGATCGGGTCTAGCCG-1","Monocytes","Monocytes",0.351552031781627
"CGATCGGGTGCGCTTG-1","CD8+ T cells","CD8+ T cells",0.322548281310443
"CGATCGGGTTGCCTCT-1","Dendritic cells","Dendritic cells",0.335428514401022
"CGATCGGTCAGTTTGG-1","Monocytes","Monocytes",0.318783663708517
"CGATCGGTCATAAAGG-1","NK cells","NK cells",0.383794562060965
"CGATCGGTCTCTGCTG-1","CD8+ T cells","CD8+ T cells",0.308756255736308
"CGATGGCAGCACCGTC-1","CD8+ T cells","CD8+ T cells",0.348829728109348
"CGATGGCAGGAATCGC-1","B cells","B cells",0.313436522314309
"CGATGGCAGGTAGCCA-1","B cells","B cells",0.307354416448576
"CGATGGCAGTGAACAT-1","NK cells","NK cells",0.349275340317447
"CGATGGCAGTTGAGTA-1","CD4+ T cells","CD4+ T cells",0.331572358776327
"CGATGGCCACAGACTT-1","B cells","B cells",0.344686346439481
"CGATGGCCACATCCAA-1","NK cells","NK cells",0.396890974185287
"CGATGGCCACGAAAGC-1","B cells","B cells",0.307571055292224
"CGATGGCCAGGGAGAG-1","T cells","T cells",0.30894608170106
"CGATGGCCATCACGAT-1","CD8+ T cells","CD8+ T cells",0.338295164572499
"CGATGGCCATGGTTGT-1","CD4+ T cells","CD4+ T cells",0.313182871352744
"CGATGGCGTAGCGATG-1","Monocytes","Monocytes",0.458296437248223
"CGATGGCGTAGCGCTC-1","Monocytes","Monocytes",0.370113691260792
"CGATGGCGTCGAACAG-1","CD4+ T cells","CD4+ T cells",0.35755629023927
"CGATGGCTCAACACTG-1","Monocytes","Monocytes",0.430133866257189
"CGATGGCTCACCAGGC-1","CD8+ T cells","CD8+ T cells",0.342840788114124
"CGATGGCTCTTGACGA-1","CD4+ T cells","CD4+ T cells",0.403709621150189
"CGATGTAAGAAACCAT-1","B cells","B cells",0.344252794188658
"CGATGTAAGCTAGTGG-1","B cells","B cells",0.336415010378061
"CGATGTAAGGGCTTCC-1","Monocytes","Monocytes",0.438035000780792
"CGATGTACACTCAGGC-1","Monocytes","Monocytes",0.401292756054356
"CGATGTAGTAGCTAAA-1","T cells","T cells",0.343409234460213
"CGATGTAGTATCAGTC-1","T cells","T cells",0.305566071801599
"CGATGTATCACCTTAT-1","Monocytes","Monocytes",0.325096187690924
"CGATGTATCGTGGGAA-1","Monocytes","Monocytes",0.38197911656241
"CGATGTATCTCAACTT-1","CD8+ T cells","CD8+ T cells",0.303766002372975
"CGATTGAAGCGTAGTG-1","B cells","B cells",0.368982375085229
"CGATTGAAGGTGTTAA-1","T cells","T cells",0.366111307469313
"CGATTGAAGTTCGCAT-1","Monocytes","Monocytes",0.372195026696531
"CGATTGACAAGCCGCT-1","Monocytes","Monocytes",0.419373727658336
"CGATTGACAGAGTGTG-1","T cells","T cells",0.323503278606447
"CGATTGACATAGAAAC-1","CD8+ T cells","CD8+ T cells",0.31556794255723
"CGATTGAGTAAACCTC-1","B cells","B cells",0.331244143048706
"CGATTGAGTACAGTGG-1","B cells","B cells",0.290439551955282
"CGATTGAGTAGCGATG-1","Monocytes","Monocytes",0.384766500960792
"CGATTGAGTCCGAATT-1","CD4+ T cells","CD4+ T cells",0.309946267892
"CGATTGAGTCTGCAAT-1","Monocytes","Monocytes",0.456755889365497
"CGATTGAGTCTTTCAT-1","CD4+ T cells","CD4+ T cells",0.326049121959763
"CGATTGAGTGACAAAT-1","B cells","B cells",0.36248501558011
"CGATTGATCGTAGGAG-1","Monocytes","Monocytes",0.458455582736772
"CGATTGATCGTGGACC-1","B cells","B cells",0.316098186056665
"CGATTGATCTGTGCAA-1","Monocytes","Monocytes",0.449754843478393
"CGCCAAGAGAAGAAGC-1","Monocytes","Monocytes",0.436217077096203
"CGCCAAGAGCTAGTCT-1","B cells","B cells",0.36573702837026
"CGCCAAGAGCTGAACG-1","CD4+ T cells","CD4+ T cells",0.343879729042098
"CGCCAAGAGGCATGTG-1","T cells","T cells",0.360596763640008
"CGCCAAGCACTCTGTC-1","T cells","T cells",0.331469767380278
"CGCCAAGCATATGGTC-1","B cells","B cells",0.312965248712318
"CGCCAAGCATCTCGCT-1","Monocytes","Monocytes",0.416903886454081
"CGCCAAGCATGAAGTA-1","T cells","T cells",0.379868354548284
"CGCCAAGCATTAGGCT-1","B cells","B cells",0.376096962001857
"CGCCAAGGTAAAGGAG-1","CD8+ T cells","CD8+ T cells",0.34473502737127
"CGCCAAGGTAGGAGTC-1","CD8+ T cells","CD8+ T cells",0.331679940700915
"CGCCAAGGTTACGCGC-1","CD4+ T cells","CD4+ T cells",0.327122792705118
"CGCCAAGTCACCCGAG-1","CD8+ T cells","CD8+ T cells",0.354308493901301
"CGCCAAGTCAGCGATT-1","B cells","B cells",0.354703499155683
"CGCCAAGTCCATGCTC-1","NK cells","NK cells",0.387522652962362
"CGCCAAGTCCGAACGC-1","Monocytes","Monocytes",0.420030121760226
"CGCCAAGTCGGTCTAA-1","B cells","B cells",0.394042194635983
"CGCCAAGTCGTACCGG-1","CD4+ T cells","CD4+ T cells",0.331734151304763
"CGCCAAGTCTACCAGA-1","Monocytes","Monocytes",0.505857517824366
"CGCGGTAAGAAACCAT-1","CD8+ T cells","CD8+ T cells",0.281125498894505
"CGCGGTAAGAGTACCG-1","NK cells","NK cells",0.399206055854102
"CGCGGTAAGCAAATCA-1","Dendritic cells","Dendritic cells",0.504258375058212
"CGCGGTAAGGTGCAAC-1","T cells","T cells",0.296648403435668
"CGCGGTAAGTGCCATT-1","CD4+ T cells","CD4+ T cells",0.321927735057601
"CGCGGTACAAGCCATT-1","CD8+ T cells","CD8+ T cells",0.349212778195625
"CGCGGTACAAGCCGTC-1","T cells","T cells",0.378684037123735
"CGCGGTACAGTACACT-1","T cells","T cells",0.338286857673692
"CGCGGTAGTACTCGCG-1","Monocytes","Monocytes",0.384492016491331
"CGCGGTAGTATCTGCA-1","T cells","T cells",0.387229253557172
"CGCGGTAGTCAACTGT-1","CD4+ T cells","CD4+ T cells",0.320220291638836
"CGCGGTAGTGGGTCAA-1","Monocytes","Monocytes",0.445203493946217
"CGCGGTATCAGAAATG-1","CD4+ T cells","CD4+ T cells",0.295215871463442
"CGCGGTATCGCCAAAT-1","CD4+ T cells","CD4+ T cells",0.298212209285071
"CGCGGTATCGTAGGAG-1","CD8+ T cells","CD8+ T cells",0.310620412111933
"CGCGGTATCTGCAAGT-1","Dendritic cells","Dendritic cells",0.464550496293183
"CGCGGTATCTTTACAC-1","Monocytes","Monocytes",0.371310476603639
"CGCGTTTAGACAGACC-1","Monocytes","Monocytes",0.470223558419899
"CGCGTTTAGGACATTA-1","Monocytes","Monocytes",0.480618756597468
"CGCGTTTAGGTGTTAA-1","T cells","T cells",0.424618071207017
"CGCGTTTAGTTGAGTA-1","Monocytes","Monocytes",0.361830863133012
"CGCGTTTCACAGTCGC-1","T cells","T cells",0.331847223264873
"CGCGTTTCACGTCTCT-1","CD4+ T cells","CD4+ T cells",0.314766285136623
"CGCGTTTCACTGTCGG-1","Monocytes","Monocytes",0.467234010881346
"CGCGTTTCAGAAGCAC-1","CD4+ T cells","CD4+ T cells",0.311215803085914
"CGCGTTTCAGCTTAAC-1","CD8+ T cells","CD8+ T cells",0.354202079741331
"CGCGTTTCATAACCTG-1","CD4+ T cells","CD4+ T cells",0.331574089358632
"CGCGTTTCATGTAAGA-1","B cells","B cells",0.3200633364529
"CGCGTTTGTCAAACTC-1","T cells","T cells",0.373499943190966
"CGCGTTTGTCACTTCC-1","T cells","T cells",0.416029346519703
"CGCGTTTGTCGCTTCT-1","CD4+ T cells","CD4+ T cells",0.350757720238635
"CGCGTTTGTCGGATCC-1","NK cells","NK cells",0.413839468168075
"CGCGTTTGTCTGCCAG-1","CD8+ T cells","CD8+ T cells",0.335194276179257
"CGCGTTTGTCTTGCGG-1","T cells","T cells",0.365908394025558
"CGCGTTTGTGTCGCTG-1","CD8+ T cells","CD8+ T cells",0.34306288230343
"CGCGTTTGTGTTCTTT-1","T cells","T cells",0.398041186050934
"CGCGTTTGTTTAGCTG-1","CD4+ T cells","CD4+ T cells",0.293006179674828
"CGCGTTTTCCGCGGTA-1","T cells","T cells",0.368688846448357
"CGCGTTTTCGCTGATA-1","Monocytes","Monocytes",0.490531031327254
"CGCGTTTTCGTGACAT-1","T cells","T cells",0.279461708199734
"CGCTATCAGAATTCCC-1","CD4+ T cells","CD4+ T cells",0.329488022712723
"CGCTATCAGCAGATCG-1","Monocytes","Monocytes",0.423688411617938
"CGCTATCAGCGATATA-1","Monocytes","Monocytes",0.48268474517699
"CGCTATCAGTACCGGA-1","B cells","B cells",0.311807954955079
"CGCTATCCACTTAACG-1","CD8+ T cells","CD8+ T cells",0.342781285402409
"CGCTATCCAGGCTCAC-1","CD8+ T cells","CD8+ T cells",0.312119201260937
"CGCTATCCAGTGGAGT-1","CD8+ T cells","CD8+ T cells",0.3232989630076
"CGCTATCCATCGGGTC-1","T cells","T cells",0.310159962041981
"CGCTATCCATGCTGGC-1","T cells","T cells",0.324676660627226
"CGCTATCGTATTCGTG-1","T cells","T cells",0.339467492238397
"CGCTATCGTCAGAGGT-1","B cells","B cells",0.297988820893466
"CGCTATCGTGAGGGTT-1","NK cells","NK cells",0.355086024153467
"CGCTATCGTTTGTTGG-1","CD4+ T cells","CD4+ T cells",0.324688325158315
"CGCTATCTCTAGCACA-1","CD4+ T cells","CD4+ T cells",0.293411474485641
"CGCTATCTCTGGAGCC-1","NK cells","NK cells",0.370527483058826
"CGCTATCTCTGTCCGT-1","NK cells","NK cells",0.387531657227452
"CGCTGGAAGCGAAGGG-1","Monocytes","Monocytes",0.443280916736049
"CGCTGGAAGCTAGCCC-1","Dendritic cells","Dendritic cells",0.45034906301304
"CGCTGGAAGGACAGCT-1","CD8+ T cells","CD8+ T cells",0.35825438350507
"CGCTGGAAGGCTACGA-1","Monocytes","Monocytes",0.437151136903441
"CGCTGGACACAGCCCA-1","T cells","T cells",0.364027843528896
"CGCTGGACACATAACC-1","CD8+ T cells","CD8+ T cells",0.358936982349038
"CGCTGGACAGTCGTGC-1","Monocytes","Monocytes",0.317361307542237
"CGCTGGACATATGGTC-1","B cells","B cells",0.313315141363647
"CGCTGGATCGTCTGAA-1","T cells","T cells",0.349782218925666
"CGCTGGATCTCTTGAT-1","CD4+ T cells","CD4+ T cells",0.308301274058039
"CGCTGGATCTTGCATT-1","CD8+ T cells","CD8+ T cells",0.349413882763034
"CGCTTCAAGTGACATA-1","CD4+ T cells","CD4+ T cells",0.333957106966286
"CGCTTCAAGTTCGATC-1","Monocytes","Monocytes",0.463146822703559
"CGCTTCACAATCGGTT-1","Monocytes","Monocytes",0.436753239777198
"CGCTTCACAGGTCCAC-1","T cells","T cells",0.373740145720391
"CGCTTCACATAGGATA-1","T cells","T cells",0.351527572957406
"CGCTTCACATGAGCGA-1","Monocytes","Monocytes",0.411790201528801
"CGCTTCAGTAGCGTGA-1","T cells","T cells",0.363128459821721
"CGCTTCAGTCCGCTGA-1","B cells","B cells",0.308992420642133
"CGCTTCAGTGCGCTTG-1","Monocytes","Monocytes",0.3982524288186
"CGCTTCAGTTCCACTC-1","Monocytes","Monocytes",0.359677890313164
"CGCTTCATCCGGCACA-1","Monocytes","Monocytes",0.478704155787699
"CGCTTCATCGCATGAT-1","T cells","T cells",0.380511735323043
"CGCTTCATCTTGTACT-1","T cells","T cells",0.352341993164038
"CGGACACAGAACTGTA-1","B cells","B cells",0.340347982565728
"CGGACACAGAATAGGG-1","Dendritic cells","Dendritic cells",0.534095903103416
"CGGACACAGATACACA-1","T cells","T cells",0.414110910212202
"CGGACACAGTACGTTC-1","T cells","T cells",0.410083155578612
"CGGACACAGTCCGTAT-1","CD4+ T cells","CD4+ T cells",0.326600243162851
"CGGACACCAAATTGCC-1","T cells","T cells",0.358896680967775
"CGGACACCAGGTGGAT-1","CD4+ T cells","CD4+ T cells",0.301547363438654
"CGGACACGTAGAAAGG-1","CD8+ T cells","CD8+ T cells",0.317770067395067
"CGGACACGTCGAAAGC-1","CD8+ T cells","CD8+ T cells",0.340943925553481
"CGGACACGTGTTTGGT-1","CD4+ T cells","CD4+ T cells",0.33560050015455
"CGGACACTCAGCTGGC-1","Monocytes","Monocytes",0.442578062651945
"CGGACACTCCCTCAGT-1","T cells","T cells",0.343341256256777
"CGGACACTCGCCCTTA-1","CD8+ T cells","CD8+ T cells",0.365743171869388
"CGGACACTCTTACCGC-1","Monocytes","Monocytes",0.436406173673473
"CGGACGTAGACAAAGG-1","CD8+ T cells","CD8+ T cells",0.327608245563949
"CGGACGTAGACACTAA-1","Monocytes","Monocytes",0.390561471846552
"CGGACGTAGCGTCTAT-1","T cells","T cells",0.320752628817292
"CGGACGTAGTAACCCT-1","CD8+ T cells","CD8+ T cells",0.322937992602657
"CGGACGTAGTGGGCTA-1","Dendritic cells","Dendritic cells",0.542865622494111
"CGGACGTCAAATTGCC-1","NK cells","NK cells",0.36560389923652
"CGGACGTCACAACGTT-1","CD4+ T cells","CD4+ T cells",0.350749578310941
"CGGACGTCACATTCGA-1","T cells","T cells",0.371960211876079
"CGGACGTCACCGATAT-1","CD4+ T cells","CD4+ T cells",0.340494719025669
"CGGACGTCACCTGGTG-1","Dendritic cells","Dendritic cells",0.440511216389365
"CGGACGTCACGGACAA-1","CD4+ T cells","CD4+ T cells",0.301248223042686
"CGGACGTCATCTCCCA-1","CD8+ T cells","CD8+ T cells",0.320748915996763
"CGGACGTCATGAAGTA-1","T cells","T cells",0.338669116817988
"CGGACGTGTACCATCA-1","T cells","T cells",0.350556183522506
"CGGACGTGTCACCCAG-1","T cells","T cells",0.302951264873583
"CGGACGTGTGCTTCTC-1","CD4+ T cells","CD4+ T cells",0.300592553292058
"CGGACGTGTGGGTATG-1","Monocytes","Monocytes",0.436331997331251
"CGGACGTGTGTCAATC-1","T cells","T cells",0.303878265638224
"CGGACGTTCACAATGC-1","B cells","B cells",0.375002814423216
"CGGACGTTCACATGCA-1","T cells","T cells",0.261936373228254
"CGGACGTTCCATGAGT-1","Dendritic cells","Dendritic cells",0.447117796668856
"CGGACGTTCCTCATTA-1","T cells","T cells",0.368762435861234
"CGGACGTTCGCGGATC-1","T cells","T cells",0.373038402046654
"CGGACGTTCTTCATGT-1","Dendritic cells","Dendritic cells",0.555897089923561
"CGGACTGAGCGATTCT-1","T cells","T cells",0.299384509107187
"CGGACTGAGTACTTGC-1","CD8+ T cells","CD8+ T cells",0.29969075025836
"CGGACTGAGTCGCCGT-1","CD8+ T cells","CD8+ T cells",0.333211613333487
"CGGACTGCAACTGGCC-1","CD4+ T cells","CD4+ T cells",0.341006131180119
"CGGACTGCAAGAGTCG-1","Monocytes","Monocytes",0.345655767001335
"CGGACTGCACACGCTG-1","Monocytes","Monocytes",0.425731049512629
"CGGACTGGTAAGGGAA-1","T cells","T cells",0.310898560010734
"CGGACTGTCAACGCTA-1","T cells","T cells",0.312710749414224
"CGGAGCTAGAATTCCC-1","B cells","B cells",0.320444470305664
"CGGAGCTAGAGACTTA-1","T cells","T cells",0.340141018221674
"CGGAGCTAGATGTGTA-1","CD4+ T cells","CD4+ T cells",0.275167620351591
"CGGAGCTAGCCCAGCT-1","Monocytes","Monocytes",0.390564537765261
"CGGAGCTCAAACCCAT-1","T cells","T cells",0.43823744127273
"CGGAGCTGTAACGCGA-1","CD8+ T cells","CD8+ T cells",0.314868703199868
"CGGAGCTGTAATTGGA-1","T cells","T cells",0.352021371115492
"CGGAGCTGTAGCGATG-1","B cells","B cells",0.354372304361334
"CGGAGCTGTATATGGA-1","B cells","B cells",0.29224175941543
"CGGAGCTGTCTCAACA-1","B cells","B cells",0.320016850422141
"CGGAGCTGTGCAACGA-1","CD4+ T cells","CD4+ T cells",0.333504252674721
"CGGAGCTGTGGACGAT-1","Monocytes","Monocytes",0.485467330921247
"CGGAGCTGTTACCAGT-1","B cells","B cells",0.353621071519259
"CGGAGCTGTTATGTGC-1","CD8+ T cells","CD8+ T cells",0.339752427344663
"CGGAGCTTCAGTGTTG-1","T cells","T cells",0.295903563309921
"CGGAGTCAGCTGAAAT-1","CD4+ T cells","CD4+ T cells",0.307304926959553
"CGGAGTCAGGGAACGG-1","CD4+ T cells","CD4+ T cells",0.353761763943997
"CGGAGTCCAAGCCGCT-1","B cells","B cells",0.360120308467199
"CGGAGTCCACGAAATA-1","CD8+ T cells","CD8+ T cells",0.317031939153635
"CGGAGTCCAGCGTCCA-1","CD4+ T cells","CD4+ T cells",0.294621283853393
"CGGAGTCCAGGAATGC-1","CD4+ T cells","CD4+ T cells",0.309715430075896
"CGGAGTCCATCCCATC-1","T cells","T cells",0.356890751479491
"CGGAGTCGTAATCACC-1","Monocytes","Monocytes",0.445998597441915
"CGGAGTCGTGTGTGCC-1","Monocytes","Monocytes",0.431322792335392
"CGGAGTCTCAGATAAG-1","Monocytes","Monocytes",0.462469851737886
"CGGAGTCTCATGCATG-1","T cells","T cells",0.353802696044327
"CGGAGTCTCCAAACAC-1","Monocytes","Monocytes",0.433518363653644
"CGGAGTCTCGCAAACT-1","CD8+ T cells","CD8+ T cells",0.292661633264732
"CGGAGTCTCGGTTAAC-1","Monocytes","Monocytes",0.336076237497978
"CGGAGTCTCTTCGGTC-1","CD4+ T cells","CD4+ T cells",0.356483982594439
"CGGCTAGAGACGCAAC-1","B cells","B cells",0.353443029424896
"CGGCTAGAGCAATATG-1","B cells","B cells",0.308543421487719
"CGGCTAGAGGGTATCG-1","T cells","T cells",0.266419846087908
"CGGCTAGAGTGATCGG-1","B cells","B cells",0.359803546930703
"CGGCTAGAGTGTTGAA-1","CD8+ T cells","CD8+ T cells",0.349373321578275
"CGGCTAGCACCATCCT-1","CD4+ T cells","CD4+ T cells",0.313733717850657
"CGGCTAGCAGCATGAG-1","Dendritic cells","Dendritic cells",0.507627762734882
"CGGCTAGCATCGACGC-1","T cells","T cells",0.424835772738661
"CGGCTAGCATCGGGTC-1","CD4+ T cells","CD4+ T cells",0.341592945343344
"CGGCTAGCATTAGGCT-1","Monocytes","Monocytes",0.391701213134865
"CGGCTAGGTACGCTGC-1","B cells","B cells",0.325736699977068
"CGGCTAGGTCAGATAA-1","Monocytes","Monocytes",0.435911764149345
"CGGCTAGGTCCCTACT-1","NK cells","NK cells",0.375884683182425
"CGGCTAGGTCGAGTTT-1","Progenitors","Progenitors",0.414224711003197
"CGGCTAGGTGATGATA-1","CD4+ T cells","CD4+ T cells",0.334918607130487
"CGGCTAGGTTAAAGAC-1","Dendritic cells","Dendritic cells",0.507988086209587
"CGGCTAGGTTGGGACA-1","CD4+ T cells","CD4+ T cells",0.358517196386245
"CGGCTAGTCACAACGT-1","Monocytes","Monocytes",0.429366325735259
"CGGCTAGTCACCTCGT-1","CD4+ T cells","CD4+ T cells",0.304124319289447
"CGGCTAGTCTATCGCC-1","CD4+ T cells","CD4+ T cells",0.312035152607197
"CGGCTAGTCTCAACTT-1","T cells","T cells",0.336549509142879
"CGGGTCAAGAGAGCTC-1","B cells","B cells",0.352109271959351
"CGGGTCAAGATAGGAG-1","Monocytes","Monocytes",0.402550792618238
"CGGGTCAAGATGGCGT-1","Monocytes","Monocytes",0.413273681931893
"CGGGTCAAGCTAACAA-1","CD4+ T cells","CD4+ T cells",0.314050399662246
"CGGGTCAAGGCACATG-1","CD4+ T cells","CD4+ T cells",0.340447655642077
"CGGGTCAAGGGTCGAT-1","T cells","T cells",0.319687478382594
"CGGGTCAAGGGTCTCC-1","CD8+ T cells","CD8+ T cells",0.333443980190242
"CGGGTCAAGTATCGAA-1","B cells",NA,0.321721993024814
"CGGGTCAAGTATCTCG-1","B cells","B cells",0.329464189641534
"CGGGTCAAGTGTACGG-1","CD4+ T cells","CD4+ T cells",0.295362664383601
"CGGGTCACAATTCCTT-1","CD4+ T cells","CD4+ T cells",0.327232885408539
"CGGGTCACATTGGGCC-1","Monocytes","Monocytes",0.3905296701044
"CGGGTCAGTCACTGGC-1","CD4+ T cells","CD4+ T cells",0.335582926371192
"CGGGTCAGTCTCTTAT-1","T cells","T cells",0.312514672890261
"CGGGTCAGTCTGATCA-1","CD4+ T cells","CD4+ T cells",0.318533235469032
"CGGGTCAGTTCATGGT-1","B cells","B cells",0.360370953331888
"CGGGTCATCATCACCC-1","CD4+ T cells","CD4+ T cells",0.336804408358314
"CGGTTAAAGAGTAAGG-1","CD8+ T cells","CD8+ T cells",0.3573249198915
"CGGTTAAAGCGATTCT-1","B cells","B cells",0.340294757909557
"CGGTTAAAGCTACCTA-1","CD4+ T cells","CD4+ T cells",0.348730031713739
"CGGTTAAAGTAAGTAC-1","B cells","B cells",0.328572078436264
"CGGTTAACAAGTCTAC-1","T cells","T cells",0.302062139135766
"CGGTTAACAATGAATG-1","Monocytes","Monocytes",0.382614153130523
"CGGTTAACATCCGGGT-1","Monocytes","Monocytes",0.439760219777055
"CGGTTAAGTACTCGCG-1","Monocytes","Monocytes",0.412863652216603
"CGGTTAAGTAGTGAAT-1","T cells","T cells",0.39832332603476
"CGGTTAAGTGCAGTAG-1","Monocytes","Monocytes",0.46614651275445
"CGGTTAAGTGGTCCGT-1","CD4+ T cells","CD4+ T cells",0.297986911268794
"CGGTTAAGTTTGGGCC-1","Monocytes","Monocytes",0.480875680559345
"CGGTTAATCAGAAATG-1","Monocytes","Monocytes",0.357597306464966
"CGGTTAATCAGCACAT-1","CD4+ T cells","CD4+ T cells",0.301156595022149
"CGGTTAATCCAAACAC-1","CD8+ T cells","CD8+ T cells",0.346388934541215
"CGGTTAATCCATGAGT-1","Progenitors","Progenitors",0.483001327258749
"CGGTTAATCCCTAATT-1","T cells","T cells",0.327347336437805
"CGGTTAATCCGTAGGC-1","Monocytes","Monocytes",0.365392536251382
"CGGTTAATCGAGCCCA-1","B cells","B cells",0.367056964260456
"CGGTTAATCGCGTTTC-1","Monocytes","Monocytes",0.518019674123223
"CGTAGCGAGAAACGCC-1","CD4+ T cells","CD4+ T cells",0.310303248725394
"CGTAGCGAGAACAACT-1","Monocytes","Monocytes",0.39955726323078
"CGTAGCGAGCACGCCT-1","CD4+ T cells","CD4+ T cells",0.286239814600701
"CGTAGCGAGCGATAGC-1","T cells","T cells",0.358763648020338
"CGTAGCGAGGACAGCT-1","CD4+ T cells","CD4+ T cells",0.323214711634167
"CGTAGCGAGGGATACC-1","T cells","T cells",0.282714582380042
"CGTAGCGAGTATCTCG-1","T cells","T cells",0.34764478025731
"CGTAGCGCAGGCTCAC-1","B cells","B cells",0.370807275700948
"CGTAGCGCAGTACACT-1","Monocytes","Monocytes",0.423504372904461
"CGTAGCGGTCCGAGTC-1","Monocytes","Monocytes",0.399875271168196
"CGTAGCGGTCGAGATG-1","T cells","T cells",0.308743225377201
"CGTAGCGTCAGAGGTG-1","CD4+ T cells","CD4+ T cells",0.310936587298395
"CGTAGCGTCATGTGGT-1","NK cells","NK cells",0.421827110340322
"CGTAGCGTCATTTGGG-1","T cells","T cells",0.340439760443949
"CGTAGCGTCGTAGGTT-1","T cells","T cells",0.33572516902541
"CGTAGGCAGCCACGTC-1","CD8+ T cells","CD8+ T cells",0.316452186350892
"CGTAGGCAGCTCCCAG-1","CD4+ T cells","CD4+ T cells",0.279730710047702
"CGTAGGCAGTATCGAA-1","Monocytes","Monocytes",0.462726512940236
"CGTAGGCAGTCTCAAC-1","T cells","T cells",0.31569353372342
"CGTAGGCAGTGTGAAT-1","CD4+ T cells","CD4+ T cells",0.288909350092921
"CGTAGGCCACAGGTTT-1","Monocytes","Monocytes",0.508520161430645
"CGTAGGCCACCAACCG-1","NK cells","NK cells",0.363015827159405
"CGTAGGCCACGAAATA-1","Dendritic cells","Dendritic cells",0.399012122291283
"CGTAGGCCAGGACCCT-1","T cells","T cells",0.328899726946545
"CGTAGGCCAGTAAGCG-1","Monocytes","Monocytes",0.415153631943349
"CGTAGGCCATAGAAAC-1","Dendritic cells","Dendritic cells",0.533696858451122
"CGTAGGCCATATACGC-1","T cells","T cells",0.412445122699463
"CGTAGGCGTACGACCC-1","Monocytes","Monocytes",0.451938538571903
"CGTAGGCGTCAGGACA-1","Monocytes","Monocytes",0.48423269608356
"CGTAGGCGTCCGTGAC-1","CD8+ T cells","CD8+ T cells",0.350812130349946
"CGTAGGCGTCGGCACT-1","CD4+ T cells","CD4+ T cells",0.335557761876226
"CGTAGGCTCGTTACGA-1","CD4+ T cells","CD4+ T cells",0.36305934428232
"CGTCACTAGCACGCCT-1","Monocytes","Monocytes",0.423684832293141
"CGTCACTAGGAGTAGA-1","B cells","B cells",0.370214478604754
"CGTCACTAGTGAACGC-1","CD4+ T cells","CD4+ T cells",0.313321927590326
"CGTCACTCAAACAACA-1","T cells","T cells",0.305727300236052
"CGTCACTCACTGTGTA-1","NK cells","NK cells",0.344029518961213
"CGTCACTCAGCTTCGG-1","B cells","B cells",0.307662113408186
"CGTCACTGTAAAGTCA-1","CD4+ T cells","CD4+ T cells",0.309740750547235
"CGTCACTGTCCAGTAT-1","Monocytes","Monocytes",0.36826057910573
"CGTCACTGTCGCTTCT-1","CD8+ T cells","CD8+ T cells",0.307803739011154
"CGTCACTGTGATAAGT-1","T cells","T cells",0.438103378747952
"CGTCACTGTGGCGAAT-1","B cells","B cells",0.328956021310161
"CGTCACTTCACCTTAT-1","NK cells","NK cells",0.351692657809712
"CGTCACTTCGGAATCT-1","CD4+ T cells","CD4+ T cells",0.385891223859674
"CGTCACTTCGGTTCGG-1","B cells","B cells",0.329447070756998
"CGTCACTTCTCCAACC-1","CD8+ T cells","CD8+ T cells",0.318048914059222
"CGTCACTTCTCGATGA-1","Dendritic cells","Dendritic cells",0.537274594787025
"CGTCACTTCTCTGTCG-1","CD4+ T cells","CD4+ T cells",0.301344908727077
"CGTCAGGAGCAGCCTC-1","Monocytes","Monocytes",0.419512052903031
"CGTCAGGAGCCACGCT-1","CD8+ T cells","CD8+ T cells",0.287532393281958
"CGTCAGGAGGACAGCT-1","B cells","B cells",0.317959754875737
"CGTCAGGAGTCTTGCA-1","NK cells","NK cells",0.435031941161464
"CGTCAGGAGTGGGTTG-1","Monocytes","Monocytes",0.51178678720351
"CGTCAGGCAAGGCTCC-1","CD4+ T cells","CD4+ T cells",0.325178689709629
"CGTCAGGCAATAGCGG-1","CD4+ T cells","CD4+ T cells",0.341906186879279
"CGTCAGGCACCCAGTG-1","T cells","T cells",0.292900788673635
"CGTCAGGCACCTTGTC-1","CD4+ T cells","CD4+ T cells",0.323872448696234
"CGTCAGGCACGGCCAT-1","T cells","T cells",0.320496285672288
"CGTCAGGCACTGTCGG-1","T cells","T cells",0.447096758854868
"CGTCAGGGTCATGCCG-1","T cells","T cells",0.330975295383684
"CGTCAGGGTCTCTTTA-1","T cells","T cells",0.398222005146495
"CGTCAGGTCTATGTGG-1","T cells","T cells",0.358331632119528
"CGTCCATAGAAACGCC-1","CD8+ T cells","CD8+ T cells",0.328144579561359
"CGTCCATAGATGCCTT-1","CD4+ T cells","CD4+ T cells",0.30636472819818
"CGTCCATAGCTTTGGT-1","CD8+ T cells","CD8+ T cells",0.339342223110995
"CGTCCATAGTAGCCGA-1","T cells","T cells",0.341598298802685
"CGTCCATAGTTTGCGT-1","T cells","T cells",0.397968900938575
"CGTCCATGTAGCTCCG-1","CD8+ T cells","CD8+ T cells",0.306040668996078
"CGTCCATGTCTTCGTC-1","CD4+ T cells","CD4+ T cells",0.326538387824754
"CGTCCATGTGACAAAT-1","T cells","T cells",0.440502869744697
"CGTCCATGTGCAACGA-1","T cells","T cells",0.330145149439466
"CGTCCATGTTGGTTTG-1","CD4+ T cells","CD4+ T cells",0.330277852660504
"CGTCCATTCAGGTTCA-1","T cells","T cells",0.37240643927958
"CGTCCATTCCAACCAA-1","Monocytes","Monocytes",0.458134704891582
"CGTCCATTCCACTGGG-1","T cells","T cells",0.432276260291291
"CGTCCATTCGGTGTTA-1","T cells","T cells",0.374518376907305
"CGTCCATTCTAACTCT-1","Monocytes","Monocytes",0.338228292914226
"CGTCCATTCTGCTTGC-1","B cells","B cells",0.337720709134304
"CGTCTACAGAGACGAA-1","CD4+ T cells","CD4+ T cells",0.316225037049209
"CGTCTACAGCTCAACT-1","CD8+ T cells","CD8+ T cells",0.321671553249387
"CGTCTACAGGATGTAT-1","CD4+ T cells","CD4+ T cells",0.360429255375571
"CGTCTACAGTGCCATT-1","Monocytes","Monocytes",0.478896074696
"CGTCTACAGTTACCCA-1","Monocytes","Monocytes",0.394426999553139
"CGTCTACCAAAGCAAT-1","Monocytes","Monocytes",0.429815802284058
"CGTCTACCAAGGACTG-1","CD4+ T cells","CD4+ T cells",0.317813523500676
"CGTCTACCAGGTGCCT-1","Monocytes","Monocytes",0.393440907985249
"CGTCTACGTAATTGGA-1","CD4+ T cells","CD4+ T cells",0.337133846786016
"CGTCTACGTGATAAAC-1","CD8+ T cells","CD8+ T cells",0.351090117473515
"CGTCTACGTTAGTGGG-1","CD4+ T cells","CD4+ T cells",0.366109700133282
"CGTCTACTCCTATTCA-1","CD4+ T cells","CD4+ T cells",0.31806224681089
"CGTCTACTCGCGTAGC-1","B cells","B cells",0.326114041731949
"CGTCTACTCTACTTAC-1","T cells","T cells",0.366213854232994
"CGTGAGCAGAGGTTAT-1","CD4+ T cells","CD4+ T cells",0.340602924388217
"CGTGAGCAGCCGGTAA-1","B cells","B cells",0.313342008020853
"CGTGAGCAGGAATTAC-1","CD8+ T cells","CD8+ T cells",0.256814943050421
"CGTGAGCCACGCCAGT-1","B cells","B cells",0.319977872332411
"CGTGAGCCATCACGAT-1","Monocytes","Monocytes",0.518423937496467
"CGTGAGCGTATGGTTC-1","Monocytes","Monocytes",0.444637172323468
"CGTGAGCGTCTCCACT-1","CD8+ T cells","CD8+ T cells",0.302437387081878
"CGTGAGCTCAGTTCGA-1","CD8+ T cells","CD8+ T cells",0.290607661901342
"CGTGAGCTCATCTGCC-1","CD4+ T cells","CD4+ T cells",0.3074273130292
"CGTGAGCTCCAAACAC-1","T cells","T cells",0.355387023640473
"CGTGAGCTCCAATGGT-1","CD8+ T cells","CD8+ T cells",0.324247857728514
"CGTGAGCTCCACGTGG-1","CD4+ T cells","CD4+ T cells",0.31246693598165
"CGTGAGCTCGCATGGC-1","Dendritic cells","Dendritic cells",0.499943064055952
"CGTGAGCTCGCTTGTC-1","CD4+ T cells","CD4+ T cells",0.362293147791451
"CGTGAGCTCTATCGCC-1","NK cells","NK cells",0.430746152236488
"CGTGAGCTCTCTAAGG-1","CD4+ T cells","CD4+ T cells",0.383390436627683
"CGTGTAAAGACTACAA-1","T cells","T cells",0.335084312744945
"CGTGTAAAGCAGGTCA-1","B cells","B cells",0.331513593637054
"CGTGTAAAGCGATCCC-1","Monocytes","Monocytes",0.368179327405154
"CGTGTAAAGGCAGGTT-1","Monocytes","Monocytes",0.373753659981284
"CGTGTAACAACTGCTA-1","Dendritic cells","Dendritic cells",0.538251576528118
"CGTGTAACAATGAATG-1","B cells","B cells",0.322950942842517
"CGTGTAACACAGGAGT-1","B cells","B cells",0.292915956718908
"CGTGTAACACCTGGTG-1","CD4+ T cells","CD4+ T cells",0.337773993223789
"CGTGTAACACCTTGTC-1","Monocytes","Monocytes",0.345467941234671
"CGTGTAACATCTATGG-1","T cells","T cells",0.347969117666245
"CGTGTAACATGGTAGG-1","Dendritic cells","Dendritic cells",0.50169735736006
"CGTGTAAGTAAACGCG-1","Monocytes","Monocytes",0.430151692192279
"CGTGTAAGTAGCAAAT-1","Monocytes","Monocytes",0.383837148419513
"CGTGTAAGTAGCCTAT-1","T cells","T cells",0.303071537696136
"CGTGTAAGTATAATGG-1","NK cells","NK cells",0.34173792630222
"CGTGTAAGTGATAAAC-1","CD4+ T cells","CD4+ T cells",0.307536579585392
"CGTGTAAGTGCCTGCA-1","CD4+ T cells","CD4+ T cells",0.304796070197235
"CGTGTAAGTGCTGTAT-1","T cells","T cells",0.405758660290243
"CGTGTAAGTTCACGGC-1","T cells","T cells",0.371413406288266
"CGTGTAATCAGATAAG-1","CD4+ T cells","CD4+ T cells",0.267831433310227
"CGTGTAATCCAAAGTC-1","NK cells","NK cells",0.332172426966641
"CGTGTAATCGGGAGTA-1","CD8+ T cells","CD8+ T cells",0.284138599244152
"CGTGTCTAGCGTGAGT-1","CD8+ T cells","CD8+ T cells",0.306843720984435
"CGTGTCTAGTAGTGCG-1","T cells","T cells",0.36378707558815
"CGTGTCTCAAAGGAAG-1","B cells","B cells",0.346166214800978
"CGTGTCTCAAGTTGTC-1","Monocytes","Monocytes",0.498758590327007
"CGTGTCTCACATAACC-1","CD4+ T cells","CD4+ T cells",0.310387041446944
"CGTGTCTCACCGAAAG-1","B cells","B cells",0.366049487966527
"CGTGTCTCAGCGATCC-1","T cells","T cells",0.350192311313871
"CGTGTCTCATGGTAGG-1","Monocytes","Monocytes",0.39759118202503
"CGTGTCTGTAAGAGAG-1","Dendritic cells",NA,0.381713673766779
"CGTGTCTGTATTCTCT-1","CD4+ T cells","CD4+ T cells",0.331859482920024
"CGTGTCTGTCCGAGTC-1","NK cells","NK cells",0.456398138684189
"CGTGTCTGTTCATGGT-1","Monocytes","Monocytes",0.517895326894553
"CGTGTCTGTTGCCTCT-1","T cells","T cells",0.366604264018561
"CGTGTCTGTTTGTTGG-1","Monocytes","Monocytes",0.488805845243447
"CGTGTCTTCATCGATG-1","B cells","B cells",0.334905782818592
"CGTGTCTTCCTTAATC-1","CD4+ T cells","CD4+ T cells",0.325878554187199
"CGTGTCTTCTACGAGT-1","CD8+ T cells","CD8+ T cells",0.297461411819606
"CGTTAGAAGATAGGAG-1","CD4+ T cells","CD4+ T cells",0.36680016559874
"CGTTAGAAGCTGGAAC-1","CD8+ T cells","CD8+ T cells",0.378480303027148
"CGTTAGACAACACGCC-1","CD4+ T cells","CD4+ T cells",0.318272122104616
"CGTTAGACACTCGACG-1","CD8+ T cells","CD8+ T cells",0.313827574487591
"CGTTAGACAGGCAGTA-1","Monocytes","Monocytes",0.459690461210445
"CGTTAGACAGGGCATA-1","T cells","T cells",0.292609309025403
"CGTTAGACATCTCCCA-1","Monocytes","Monocytes",0.474805152541933
"CGTTAGACATGTCGAT-1","Monocytes","Monocytes",0.341588110112689
"CGTTAGACATTCTCAT-1","B cells","B cells",0.326434900917415
"CGTTAGAGTACTTAGC-1","CD8+ T cells","CD8+ T cells",0.321713901975619
"CGTTAGAGTGACGCCT-1","T cells","T cells",0.329150469022512
"CGTTAGATCATGCTCC-1","CD4+ T cells","CD4+ T cells",0.320046953159722
"CGTTCTGAGAGCCCAA-1","CD4+ T cells","CD4+ T cells",0.372413221962629
"CGTTCTGAGGGTCGAT-1","Monocytes","Monocytes",0.457337369420566
"CGTTCTGAGTAGCGGT-1","CD8+ T cells","CD8+ T cells",0.327081483273256
"CGTTCTGAGTATCGAA-1","CD4+ T cells","CD4+ T cells",0.404580873457234
"CGTTCTGAGTCCGTAT-1","CD4+ T cells","CD4+ T cells",0.313863884477222
"CGTTCTGCAAGTTCTG-1","NK cells","NK cells",0.374664608839138
"CGTTCTGCAGACAGGT-1","CD4+ T cells","CD4+ T cells",0.32303906988039
"CGTTCTGCAGTAGAGC-1","CD4+ T cells","CD4+ T cells",0.351548196324937
"CGTTCTGGTACAGTGG-1","B cells","B cells",0.326025490572891
"CGTTCTGGTCACCTAA-1","Monocytes","Monocytes",0.384175983095215
"CGTTCTGGTCGTTGTA-1","B cells",NA,0.315473450631157
"CGTTCTGGTCTGGTCG-1","T cells","T cells",0.41470400613261
"CGTTCTGGTTGCTCCT-1","B cells","B cells",0.327172937276695
"CGTTCTGTCACAAACC-1","NK cells","NK cells",0.377134369500854
"CGTTCTGTCACCGGGT-1","Monocytes","Monocytes",0.417506943844575
"CGTTCTGTCACGACTA-1","CD4+ T cells","CD4+ T cells",0.346492196500279
"CGTTCTGTCAGGCGAA-1","CD4+ T cells","CD4+ T cells",0.353477269455778
"CGTTCTGTCCTGTACC-1","T cells","T cells",0.379299667572449
"CGTTCTGTCGCCCTTA-1","CD8+ T cells","CD8+ T cells",0.297732393935211
"CGTTGGGAGAAACCTA-1","T cells","T cells",0.342013756755697
"CGTTGGGAGAACAATC-1","T cells","T cells",0.335875935859251
"CGTTGGGAGAAGGTGA-1","T cells","T cells",0.342654669534049
"CGTTGGGAGAGCCTAG-1","Monocytes","Monocytes",0.432620154695567
"CGTTGGGAGCTCTCGG-1","B cells","B cells",0.312936378125366
"CGTTGGGAGGTGATTA-1","NK cells","NK cells",0.372119984227979
"CGTTGGGCAACACGCC-1","B cells","B cells",0.306439788898422
"CGTTGGGCAATGGAAT-1","B cells","B cells",0.409807000518654
"CGTTGGGCACGTGAGA-1","Monocytes","Monocytes",0.431094052385626
"CGTTGGGCAGGCTGAA-1","T cells","T cells",0.404095736422102
"CGTTGGGCATCCGTGG-1","T cells","T cells",0.379307069283883
"CGTTGGGCATTTCACT-1","T cells","T cells",0.393277966275726
"CGTTGGGGTGAGGCTA-1","CD8+ T cells","CD8+ T cells",0.323023082508359
"CGTTGGGGTGAGGGTT-1","Monocytes","Monocytes",0.49520016709146
"CGTTGGGGTGTAAGTA-1","CD8+ T cells","CD8+ T cells",0.313180190001702
"CGTTGGGGTTCAGTAC-1","B cells","B cells",0.314957330773812
"CGTTGGGGTTCCGTCT-1","CD4+ T cells","CD4+ T cells",0.333113675646668
"CGTTGGGTCAAACAAG-1","Monocytes","Monocytes",0.400745459504669
"CGTTGGGTCCAGGGCT-1","Monocytes","Monocytes",0.436339659473264
"CGTTGGGTCCGGCACA-1","Monocytes","Monocytes",0.347791376569311
"CGTTGGGTCTGAGTGT-1","CD8+ T cells","CD8+ T cells",0.291408934512538
"CTAACTTAGACTTTCG-1","T cells","T cells",0.436870730907078
"CTAACTTAGAGAGCTC-1","Dendritic cells","Dendritic cells",0.507461297279768
"CTAACTTAGATAGGAG-1","T cells","T cells",0.338664114063801
"CTAACTTAGCCCGAAA-1","Dendritic cells","Dendritic cells",0.488704499247195
"CTAACTTAGCTTATCG-1","Monocytes","Monocytes",0.518848428272645
"CTAACTTAGGTGATAT-1","CD4+ T cells","CD4+ T cells",0.340157951345997
"CTAACTTAGTCATCCA-1","CD4+ T cells","CD4+ T cells",0.375337312321723
"CTAACTTAGTCCCACG-1","T cells","T cells",0.326175948977563
"CTAACTTAGTGTACGG-1","CD8+ T cells","CD8+ T cells",0.303929257667646
"CTAACTTCAGATGAGC-1","B cells","B cells",0.343605164551908
"CTAACTTCAGTCGTGC-1","CD4+ T cells","CD4+ T cells",0.363761057282914
"CTAACTTCATGAAGTA-1","B cells","B cells",0.354843961064638
"CTAACTTGTCAACTGT-1","CD8+ T cells","CD8+ T cells",0.286168464354049
"CTAACTTGTCTCGTTC-1","Monocytes","Monocytes",0.516572182190155
"CTAACTTTCCTCCTAG-1","CD8+ T cells","CD8+ T cells",0.317533439856075
"CTAACTTTCCTTGGTC-1","CD4+ T cells","CD4+ T cells",0.334762227179491
"CTAACTTTCGAGGTAG-1","Monocytes","Monocytes",0.403079467430006
"CTAACTTTCTCGTATT-1","Monocytes","Monocytes",0.415339471696
"CTAACTTTCTGATTCT-1","T cells","T cells",0.436268170636407
"CTAACTTTCTTCGAGA-1","T cells","T cells",0.3662355047951
"CTAAGACAGATATGCA-1","CD4+ T cells","CD4+ T cells",0.365733795538842
"CTAAGACAGCAGCGTA-1","NK cells","NK cells",0.409081929644964
"CTAAGACAGCTGCCCA-1","CD4+ T cells","CD4+ T cells",0.310730011562944
"CTAAGACAGGGTATCG-1","Monocytes","Monocytes",0.367257964442184
"CTAAGACCAACACGCC-1","Monocytes","Monocytes",0.346573059047222
"CTAAGACCAATCGAAA-1","Monocytes","Monocytes",0.430867112025839
"CTAAGACCAGTCTTCC-1","T cells","T cells",0.333220835907589
"CTAAGACCAGTTCCCT-1","CD4+ T cells","CD4+ T cells",0.348591878630752
"CTAAGACCATTAGCCA-1","Monocytes","Monocytes",0.43897204928104
"CTAAGACGTCGACTGC-1","Dendritic cells","Dendritic cells",0.491714797871092
"CTAAGACGTCGAGATG-1","T cells","T cells",0.392014558631161
"CTAAGACGTTAGTGGG-1","Monocytes","Monocytes",0.394876065644906
"CTAAGACTCACGCGGT-1","Dendritic cells","Dendritic cells",0.532974359752766
"CTAAGACTCCACGTTC-1","T cells","T cells",0.33329007931318
"CTAAGACTCCGTAGGC-1","Monocytes","Monocytes",0.465457870210906
"CTAAGACTCGCCCTTA-1","Monocytes","Monocytes",0.375954766286081
"CTAAGACTCTGTCTAT-1","CD8+ T cells","CD8+ T cells",0.396898222108625
"CTAATGGAGGTCGGAT-1","CD4+ T cells","CD4+ T cells",0.339226046031826
"CTAATGGAGTACGTTC-1","B cells","B cells",0.360802747989976
"CTAATGGAGTCGTTTG-1","NK cells","NK cells",0.430392995859761
"CTAATGGAGTTCGCAT-1","CD4+ T cells","CD4+ T cells",0.317937664079078
"CTAATGGCAAGCGATG-1","CD8+ T cells","CD8+ T cells",0.331725564038089
"CTAATGGCAATGAAAC-1","B cells","B cells",0.382578218793283
"CTAATGGCACCATCCT-1","CD4+ T cells","CD4+ T cells",0.317032267695287
"CTAATGGCACGACTCG-1","B cells","B cells",0.372755806478215
"CTAATGGCAGATTGCT-1","Monocytes","Monocytes",0.507896636912453
"CTAATGGCAGCCAATT-1","CD8+ T cells","CD8+ T cells",0.349261650409098
"CTAATGGCATTGAGCT-1","Monocytes","Monocytes",0.384660910526092
"CTAATGGGTACCGGCT-1","CD8+ T cells","CD8+ T cells",0.351574768490224
"CTAATGGGTCCGTTAA-1","NK cells","NK cells",0.425369705483688
"CTAATGGGTCGCCATG-1","Monocytes","Monocytes",0.382119345488671
"CTAATGGGTGGGTCAA-1","CD4+ T cells","CD4+ T cells",0.335766212455155
"CTAATGGGTTACGTCA-1","T cells","T cells",0.343436785000735
"CTAATGGGTTCAGGCC-1","CD4+ T cells","CD4+ T cells",0.300362067683643
"CTAATGGTCCAAACAC-1","CD4+ T cells","CD4+ T cells",0.438767484555588
"CTAATGGTCGACAGCC-1","B cells","B cells",0.326522807749953
"CTACACCAGAGCTGCA-1","B cells","B cells",0.331732214487473
"CTACACCAGCACCGCT-1","T cells","T cells",0.38898960711477
"CTACACCAGCCAGAAC-1","CD8+ T cells","CD8+ T cells",0.332044689254838
"CTACACCAGGCAATTA-1","Monocytes","Monocytes",0.47809975707528
"CTACACCCAATGTTGC-1","CD4+ T cells","CD4+ T cells",0.283939084735677
"CTACACCCACAGCGTC-1","Monocytes","Monocytes",0.42216621590095
"CTACACCCAGCGTTCG-1","CD8+ T cells","CD8+ T cells",0.284733489744357
"CTACACCCATTCCTGC-1","T cells","T cells",0.350388992486692
"CTACACCCATTGTGCA-1","CD8+ T cells","CD8+ T cells",0.301327066723596
"CTACACCGTAGGACAC-1","CD8+ T cells","CD8+ T cells",0.338597862298708
"CTACACCGTCAGAGGT-1","T cells","T cells",0.370312622104896
"CTACACCGTCGTCTTC-1","CD4+ T cells","CD4+ T cells",0.302453563782229
"CTACACCGTCTAAACC-1","T cells","T cells",0.352033004265509
"CTACACCGTGATAAAC-1","CD8+ T cells","CD8+ T cells",0.344317482306573
"CTACACCGTGTGCGTC-1","B cells","B cells",0.324289788386668
"CTACACCTCAGCTTAG-1","T cells","T cells",0.367975926756841
"CTACACCTCCCATTTA-1","CD4+ T cells","CD4+ T cells",0.361167963494113
"CTACACCTCTGTCAAG-1","Monocytes","Monocytes",0.394156052011727
"CTACACCTCTTATCTG-1","B cells","B cells",0.32654812944672
"CTACACCTCTTGACGA-1","CD4+ T cells","CD4+ T cells",0.336499909394308
"CTACATTAGAATAGGG-1","CD4+ T cells","CD4+ T cells",0.359990184911925
"CTACATTAGACTAAGT-1","Monocytes","Monocytes",0.477117754546491
"CTACATTAGAGCTTCT-1","CD4+ T cells","CD4+ T cells",0.316645757006085
"CTACATTAGCCCGAAA-1","B cells","B cells",0.380549882142016
"CTACATTAGCGTGAGT-1","CD4+ T cells","CD4+ T cells",0.344136991750462
"CTACATTAGGCTAGGT-1","CD4+ T cells","CD4+ T cells",0.308769091573575
"CTACATTAGTTATCGC-1","CD8+ T cells","CD8+ T cells",0.291273980901641
"CTACATTCAAGACGTG-1","Monocytes","Monocytes",0.390815283821554
"CTACATTCAAGAGGCT-1","Monocytes","Monocytes",0.398256907383028
"CTACATTCACCCAGTG-1","B cells","B cells",0.328640725734625
"CTACATTCAGACACTT-1","CD4+ T cells","CD4+ T cells",0.31955628722591
"CTACATTGTAAGTGGC-1","Monocytes","Monocytes",0.415076587810323
"CTACATTGTAATAGCA-1","B cells","B cells",0.29553855928203
"CTACATTGTAGAGGAA-1","T cells","T cells",0.281658034530696
"CTACATTGTATTAGCC-1","Monocytes",NA,0.282319638709635
"CTACATTGTCTACCTC-1","CD8+ T cells","CD8+ T cells",0.244532450587526
"CTACATTGTCTAGAGG-1","B cells","B cells",0.346070128793605
"CTACATTGTGTTTGGT-1","T cells","T cells",0.378289180845202
"CTACATTGTTACGCGC-1","B cells","B cells",0.319529047337853
"CTACATTGTTCGGCAC-1","B cells","B cells",0.324129988151569
"CTACATTTCACTCTTA-1","T cells","T cells",0.37929344187043
"CTACATTTCGTGGGAA-1","B cells","B cells",0.290374562625262
"CTACATTTCTGGCGAC-1","CD8+ T cells","CD8+ T cells",0.389886465806351
"CTACCCAAGAAACCTA-1","T cells","T cells",0.352720961312845
"CTACCCAAGACGCACA-1","CD4+ T cells","CD4+ T cells",0.308046310218256
"CTACCCAAGAGCTTCT-1","CD4+ T cells","CD4+ T cells",0.349584962823221
"CTACCCAAGATGGCGT-1","CD4+ T cells","CD4+ T cells",0.338005510717884
"CTACCCAAGCCAGTAG-1","B cells","B cells",0.410126151865642
"CTACCCAAGCGACGTA-1","CD4+ T cells","CD4+ T cells",0.314128424090568
"CTACCCAAGTGAACAT-1","Monocytes","Monocytes",0.512143740779889
"CTACCCACAACTGCTA-1","Monocytes","Monocytes",0.509139894468477
"CTACCCACAAGTACCT-1","CD8+ T cells","CD8+ T cells",0.330992596360227
"CTACCCACACCCATGG-1","Monocytes","Monocytes",0.380096329077595
"CTACCCACAGTGACAG-1","Monocytes","Monocytes",0.467206770578816
"CTACCCAGTAATCACC-1","CD8+ T cells","CD8+ T cells",0.363024205348766
"CTACCCAGTCAGGACA-1","T cells","T cells",0.35939791406584
"CTACCCAGTGCAGACA-1","CD4+ T cells","CD4+ T cells",0.302228699430553
"CTACCCAGTGGCCCTA-1","CD4+ T cells","CD4+ T cells",0.303134897598351
"CTACCCAGTTTAGGAA-1","B cells","B cells",0.343888465518864
"CTACCCATCCGAATGT-1","Monocytes","Monocytes",0.399252916455422
"CTACCCATCGATAGAA-1","Monocytes","Monocytes",0.35922510875369
"CTACCCATCGGCTACG-1","Monocytes","Monocytes",0.311125116308805
"CTACCCATCTGATTCT-1","Monocytes","Monocytes",0.413408789515426
"CTACGTCAGGCTAGGT-1","CD8+ T cells","CD8+ T cells",0.350315182757999
"CTACGTCAGTAGCCGA-1","T cells","T cells",0.345919090680646
"CTACGTCAGTATGACA-1","CD4+ T cells","CD4+ T cells",0.334480813398075
"CTACGTCCAATGACCT-1","CD4+ T cells","CD4+ T cells",0.321110447218988
"CTACGTCCACGACTCG-1","Dendritic cells","Dendritic cells",0.593607932277166
"CTACGTCCATGCAATC-1","NK cells","NK cells",0.398042589865612
"CTACGTCCATGTAAGA-1","CD8+ T cells","CD8+ T cells",0.336039347054558
"CTACGTCGTACCAGTT-1","CD4+ T cells","CD4+ T cells",0.306752102928899
"CTACGTCGTCGGCACT-1","T cells","T cells",0.292204963109574
"CTACGTCGTGAGGGAG-1","Monocytes","Monocytes",0.436994998210111
"CTACGTCGTTAAGACA-1","T cells","T cells",0.300964697803569
"CTACGTCGTTGTCGCG-1","NK cells","NK cells",0.368511470081577
"CTACGTCGTTTGGGCC-1","T cells","T cells",0.392819721768405
"CTACGTCTCAACACTG-1","CD4+ T cells","CD4+ T cells",0.31662070619235
"CTACGTCTCCCAACGG-1","T cells","T cells",0.394962348581017
"CTAGAGTAGACGCACA-1","CD4+ T cells","CD4+ T cells",0.362233742538419
"CTAGAGTAGCCAGGAT-1","Monocytes","Monocytes",0.417746814713322
"CTAGAGTAGGTTCCTA-1","CD4+ T cells","CD4+ T cells",0.336587793920277
"CTAGAGTAGTAGGTGC-1","T cells","T cells",0.32456732972384
"CTAGAGTCAACTGGCC-1","CD8+ T cells","CD8+ T cells",0.318085449356276
"CTAGAGTCAAGCGATG-1","T cells","T cells",0.268757671696997
"CTAGAGTCAAGCGCTC-1","CD8+ T cells","CD8+ T cells",0.317289233714622
"CTAGAGTCAAGCTGTT-1","CD4+ T cells","CD4+ T cells",0.330622159361374
"CTAGAGTCAAGTACCT-1","CD4+ T cells","CD4+ T cells",0.318484367566949
"CTAGAGTCAATGGTCT-1","T cells","T cells",0.395226658108831
"CTAGAGTCACGTAAGG-1","CD4+ T cells","CD4+ T cells",0.318307483747906
"CTAGAGTCACTTCGAA-1","T cells","T cells",0.335495145041197
"CTAGAGTGTCATGCAT-1","B cells","B cells",0.368405705273218
"CTAGAGTGTCTAGCCG-1","CD4+ T cells","CD4+ T cells",0.33316734712727
"CTAGAGTGTGTTGGGA-1","CD4+ T cells","CD4+ T cells",0.378362892699901
"CTAGAGTTCATCATTC-1","Monocytes","Monocytes",0.386826707174262
"CTAGAGTTCCGTTGTC-1","CD4+ T cells","CD4+ T cells",0.347369615137662
"CTAGAGTTCCTAGTGA-1","CD4+ T cells","CD4+ T cells",0.321831185133026
"CTAGCCTAGAGTAAGG-1","B cells","B cells",0.352120429172309
"CTAGCCTAGCGATATA-1","B cells","B cells",0.311718218839549
"CTAGCCTAGCTTCGCG-1","B cells","B cells",0.322688405445312
"CTAGCCTAGTACACCT-1","NK cells","NK cells",0.409977488420659
"CTAGCCTCACCGATAT-1","CD4+ T cells","CD4+ T cells",0.267913779683623
"CTAGCCTCAGAAGCAC-1","Monocytes","Monocytes",0.333094675995422
"CTAGCCTGTCAAACTC-1","CD8+ T cells","CD8+ T cells",0.324916104359161
"CTAGCCTGTCATATGC-1","Dendritic cells","Dendritic cells",0.488777461098975
"CTAGCCTGTCTCGTTC-1","Monocytes","Monocytes",0.457480293410425
"CTAGCCTTCACAAACC-1","CD4+ T cells","CD4+ T cells",0.345703075947377
"CTAGCCTTCACTTCAT-1","CD4+ T cells","CD4+ T cells",0.356604194037372
"CTAGCCTTCCAAAGTC-1","Monocytes","Monocytes",0.413930610630555
"CTAGCCTTCCTTCAAT-1","Monocytes","Monocytes",0.465317300299438
"CTAGCCTTCGATCCCT-1","B cells","B cells",0.440483317092305
"CTAGCCTTCGCGCCAA-1","CD4+ T cells","CD4+ T cells",0.292494734022002
"CTAGCCTTCGGTCTAA-1","CD8+ T cells","CD8+ T cells",0.336176309393413
"CTAGCCTTCGGTTCGG-1","T cells","T cells",0.323446630045752
"CTAGCCTTCGTGGTCG-1","CD4+ T cells","CD4+ T cells",0.35393496198222
"CTAGTGAAGTGTCCAT-1","Monocytes","Monocytes",0.465910747825934
"CTAGTGACAAACCTAC-1","Dendritic cells","Dendritic cells",0.507378301713703
"CTAGTGACACGAAGCA-1","B cells","B cells",0.316324022415529
"CTAGTGACAGTAAGCG-1","T cells","T cells",0.256346548755012
"CTAGTGACAGTCTTCC-1","Monocytes","Monocytes",0.309404413866114
"CTAGTGAGTAAGCACG-1","CD4+ T cells","CD4+ T cells",0.322646973252175
"CTAGTGAGTCAGTGGA-1","CD4+ T cells","CD4+ T cells",0.30223468684845
"CTAGTGAGTTGTCGCG-1","CD8+ T cells","CD8+ T cells",0.285026397299387
"CTAGTGATCTCGAGTA-1","NK cells","NK cells",0.372824425611569
"CTAGTGATCTTGTACT-1","CD8+ T cells","CD8+ T cells",0.317591266617207
"CTCACACAGATGTCGG-1","CD4+ T cells","CD4+ T cells",0.310699834133654
"CTCACACAGTACATGA-1","Monocytes","Monocytes",0.345920955992927
"CTCACACAGTGTCCCG-1","CD4+ T cells","CD4+ T cells",0.365222216432328
"CTCACACAGTGTGAAT-1","CD4+ T cells","CD4+ T cells",0.321282862971694
"CTCACACAGTTGAGAT-1","CD4+ T cells","CD4+ T cells",0.263675203883895
"CTCACACCAAAGAATC-1","CD8+ T cells","CD8+ T cells",0.29837569670495
"CTCACACCAAGGTGTG-1","Monocytes","Monocytes",0.368658448118385
"CTCACACCACAAGCCC-1","T cells","T cells",0.310218828765643
"CTCACACCACTGTCGG-1","Monocytes","Monocytes",0.434450204757535
"CTCACACCAGCTCCGA-1","Monocytes","Monocytes",0.317043456666144
"CTCACACCATGTCTCC-1","CD4+ T cells","CD4+ T cells",0.323456186473213
"CTCACACGTACTTAGC-1","Dendritic cells","Dendritic cells",0.525880330214575
"CTCACACGTGGCTCCA-1","CD8+ T cells","CD8+ T cells",0.335043610676527
"CTCACACGTGGTCCGT-1","CD8+ T cells","CD8+ T cells",0.335210178108504
"CTCACACGTTGTTTGG-1","CD4+ T cells","CD4+ T cells",0.332815078394918
"CTCACACTCCACGAAT-1","CD4+ T cells","CD4+ T cells",0.3042471139448
"CTCACACTCGAATGCT-1","CD4+ T cells","CD4+ T cells",0.324788337352263
"CTCACACTCGCGATCG-1","CD4+ T cells","CD4+ T cells",0.32794787626312
"CTCACACTCTAGAGTC-1","CD4+ T cells","CD4+ T cells",0.334455777484395
"CTCACACTCTGGTTCC-1","Monocytes","Monocytes",0.454597197394419
"CTCAGAAAGACAATAC-1","NK cells","NK cells",0.347705802041744
"CTCAGAAAGCCACTAT-1","CD8+ T cells","CD8+ T cells",0.331331126305405
"CTCAGAAAGGTGCACA-1","B cells","B cells",0.310544328937795
"CTCAGAAAGTCATGCT-1","B cells","B cells",0.358007438872836
"CTCAGAAAGTCTTGCA-1","Monocytes","Monocytes",0.469610618137234
"CTCAGAACAAATACAG-1","NK cells",NA,0.350281354287619
"CTCAGAACACGAAAGC-1","T cells","T cells",0.282646498486271
"CTCAGAACAGCGTAAG-1","Monocytes","Monocytes",0.462463808941874
"CTCAGAAGTACTCGCG-1","CD4+ T cells","CD4+ T cells",0.301971794744312
"CTCAGAAGTGTTCGAT-1","Monocytes","Monocytes",0.3275816936856
"CTCAGAATCCGTTGTC-1","B cells","B cells",0.338643025563551
"CTCAGAATCCTAGGGC-1","T cells","T cells",0.273806190069838
"CTCATTAAGTCTTGCA-1","Monocytes","Monocytes",0.538465102139413
"CTCATTAAGTGGAGAA-1","Monocytes","Monocytes",0.383479121297326
"CTCATTAAGTTACCCA-1","T cells","T cells",0.395233741075203
"CTCATTAAGTTCGATC-1","CD4+ T cells","CD4+ T cells",0.3488499685827
"CTCATTACAAATTGCC-1","T cells","T cells",0.276337209882343
"CTCATTACAAGTAATG-1","Monocytes","Monocytes",0.397359099180982
"CTCATTACAATCCAAC-1","T cells","T cells",0.317481098024172
"CTCATTACACCTGGTG-1","CD4+ T cells","CD4+ T cells",0.36577047945055
"CTCATTACACGGCTAC-1","B cells","B cells",0.308623495896364
"CTCATTACACGTGAGA-1","Monocytes","Monocytes",0.471106694707802
"CTCATTACAGCTCGCA-1","Monocytes","Monocytes",0.505283078876833
"CTCATTACAGCTGTGC-1","B cells","B cells",0.334705756359418
"CTCATTACATATGAGA-1","CD4+ T cells","CD4+ T cells",0.291116062498881
"CTCATTACATGCCTTC-1","T cells","T cells",0.313944132318727
"CTCATTACATTCACTT-1","Monocytes","Monocytes",0.403545973131919
"CTCATTAGTAGGACAC-1","CD4+ T cells","CD4+ T cells",0.346513711768437
"CTCATTAGTCGGCTCA-1","T cells","T cells",0.385154154368754
"CTCATTAGTTCAGGCC-1","CD4+ T cells","CD4+ T cells",0.325612264781228
"CTCATTATCTTCGGTC-1","T cells",NA,0.388998858422421
"CTCCTAGAGGAATCGC-1","CD4+ T cells","CD4+ T cells",0.316728963012396
"CTCCTAGAGGACATTA-1","CD4+ T cells","CD4+ T cells",0.25511079662112
"CTCCTAGAGTAAGTAC-1","T cells","T cells",0.374574609501143
"CTCCTAGAGTGGTAGC-1","B cells","B cells",0.315481552887886
"CTCCTAGCATAAGACA-1","T cells","T cells",0.393414982148463
"CTCCTAGGTCCGAAGA-1","T cells","T cells",0.35907262477615
"CTCCTAGGTCTCCATC-1","CD4+ T cells","CD4+ T cells",0.369442735632465
"CTCCTAGGTGAGTGAC-1","Monocytes","Monocytes",0.518832693981024
"CTCCTAGTCAATACCG-1","Monocytes","Monocytes",0.382027541291715
"CTCCTAGTCATGTAGC-1","Monocytes","Monocytes",0.349824504428363
"CTCCTAGTCGAGAGCA-1","T cells","T cells",0.324038822260952
"CTCCTAGTCGTGGTCG-1","Monocytes","Monocytes",0.396334311813643
"CTCCTAGTCTAACTGG-1","T cells","T cells",0.366196290144936
"CTCGAAAAGACTAGGC-1","Monocytes","Monocytes",0.425649608830784
"CTCGAAAAGCAGGTCA-1","Monocytes","Monocytes",0.490014021532331
"CTCGAAAAGGCCCGTT-1","T cells","T cells",0.341396603849523
"CTCGAAACACTGTGTA-1","B cells",NA,0.317562403034927
"CTCGAAACAGTAACGG-1","Monocytes","Monocytes",0.372632279635961
"CTCGAAACATGTCTCC-1","Monocytes","Monocytes",0.348961530914308
"CTCGAAAGTACAGTTC-1","CD4+ T cells","CD4+ T cells",0.318962579124229
"CTCGAAAGTACTCTCC-1","T cells","T cells",0.369028047571103
"CTCGAAAGTAGAGCTG-1","B cells","B cells",0.323918345461232
"CTCGAAAGTCTCCATC-1","Monocytes","Monocytes",0.407482577365725
"CTCGAAAGTGCTTCTC-1","B cells","B cells",0.344930841086548
"CTCGAAAGTGGCTCCA-1","B cells","B cells",0.32304093701502
"CTCGAAAGTTGGAGGT-1","B cells","B cells",0.335372187388435
"CTCGAAAGTTTCCACC-1","T cells","T cells",0.318200176819389
"CTCGAAATCAGTACGT-1","B cells","B cells",0.317895754692505
"CTCGAAATCGTTGCCT-1","CD4+ T cells","CD4+ T cells",0.396684313987963
"CTCGAAATCGTTTGCC-1","Monocytes","Monocytes",0.450628328058429
"CTCGAAATCTCGCATC-1","CD8+ T cells","CD8+ T cells",0.348198343229795
"CTCGAGGAGAGGTTGC-1","B cells","B cells",0.335694926699878
"CTCGAGGAGCTACCTA-1","CD8+ T cells","CD8+ T cells",0.330667056356596
"CTCGAGGAGTGTCTCA-1","B cells","B cells",0.332592133070958
"CTCGAGGCACTGTCGG-1","Monocytes","Monocytes",0.358228638786178
"CTCGAGGGTAAACCTC-1","Monocytes","Monocytes",0.411974243842317
"CTCGAGGGTCTTGATG-1","Monocytes","Monocytes",0.419121481351863
"CTCGAGGGTGCTCTTC-1","CD4+ T cells","CD4+ T cells",0.327053101032989
"CTCGAGGGTTGAGTTC-1","Dendritic cells","Dendritic cells",0.52513097207483
"CTCGAGGTCCTCCTAG-1","T cells","T cells",0.30393833584311
"CTCGAGGTCCTGTACC-1","B cells",NA,0.318903931924144
"CTCGAGGTCGCCAGCA-1","T cells","T cells",0.289538614190794
"CTCGAGGTCGTTACAG-1","T cells","T cells",0.331745448583928
"CTCGAGGTCTCTTATG-1","CD8+ T cells","CD8+ T cells",0.323485025284373
"CTCGGAGAGACAAAGG-1","Dendritic cells",NA,0.416893047335864
"CTCGGAGAGGACATTA-1","T cells","T cells",0.338550384042476
"CTCGGAGAGGGCTCTC-1","CD4+ T cells","CD4+ T cells",0.313528964344693
"CTCGGAGAGTAGCCGA-1","T cells","T cells",0.285950419252512
"CTCGGAGCAACTTGAC-1","CD8+ T cells","CD8+ T cells",0.322041728244988
"CTCGGAGCACCACGTG-1","CD8+ T cells","CD8+ T cells",0.360877421947855
"CTCGGAGCAGGCTCAC-1","CD4+ T cells","CD4+ T cells",0.308026142185401
"CTCGGAGCAGTTCATG-1","CD8+ T cells","CD8+ T cells",0.302757000038534
"CTCGGAGGTAACGCGA-1","T cells","T cells",0.351636837556833
"CTCGGAGGTCAGTGGA-1","Monocytes","Monocytes",0.400334752213855
"CTCGGAGGTGGCCCTA-1","NK cells","NK cells",0.34136700859565
"CTCGGAGGTTGATTCG-1","CD8+ T cells","CD8+ T cells",0.335059163063598
"CTCGGAGGTTGGGACA-1","CD8+ T cells","CD8+ T cells",0.306852705267276
"CTCGGAGGTTGTCGCG-1","CD4+ T cells","CD4+ T cells",0.329517481342611
"CTCGGAGTCGCCTGAG-1","Monocytes","Monocytes",0.449333547077466
"CTCGGAGTCGGCGCAT-1","B cells","B cells",0.353396260058595
"CTCGGAGTCTATCCCG-1","T cells","T cells",0.381911278145165
"CTCGGGAAGAATAGGG-1","T cells","T cells",0.317527269063678
"CTCGGGAAGTGCGATG-1","B cells","B cells",0.339811944425389
"CTCGGGACAAGCCATT-1","Monocytes","Monocytes",0.435635454437562
"CTCGGGACACTAAGTC-1","CD8+ T cells","CD8+ T cells",0.395373819181465
"CTCGGGACAGTTAACC-1","CD8+ T cells","CD8+ T cells",0.335654399542546
"CTCGGGACATAAAGGT-1","Monocytes","Monocytes",0.354899440536929
"CTCGGGACATCCCATC-1","T cells","T cells",0.329631976406287
"CTCGGGACATTCCTCG-1","B cells","B cells",0.316911020829731
"CTCGGGAGTCGAGTTT-1","B cells","B cells",0.353165959333495
"CTCGGGAGTGAAAGAG-1","CD4+ T cells","CD4+ T cells",0.306910166281462
"CTCGGGAGTTAAAGAC-1","T cells","T cells",0.397035843912282
"CTCGGGAGTTCTGAAC-1","CD4+ T cells","CD4+ T cells",0.36480612931862
"CTCGGGATCCATGAGT-1","B cells","B cells",0.328428776127099
"CTCGGGATCCCAGGTG-1","CD4+ T cells","CD4+ T cells",0.30789242622725
"CTCGGGATCTGCTGCT-1","T cells","T cells",0.33593692099274
"CTCGGGATCTGTGCAA-1","B cells","B cells",0.325897228156372
"CTCGGGATCTTACCGC-1","CD4+ T cells","CD4+ T cells",0.324352427345733
"CTCGTACAGAAACCTA-1","NK cells",NA,0.419358752124716
"CTCGTACAGTCACGCC-1","CD4+ T cells","CD4+ T cells",0.323522281403514
"CTCGTACAGTTCGCGC-1","B cells","B cells",0.329058095691971
"CTCGTACCAACGATCT-1","B cells","B cells",0.326102385821893
"CTCGTACCAAGGACAC-1","T cells","T cells",0.39712722282535
"CTCGTACCACTATCTT-1","T cells","T cells",0.326227698559201
"CTCGTACCAGTAAGAT-1","Dendritic cells","Dendritic cells",0.554540928358088
"CTCGTACCATAGACTC-1","CD8+ T cells","CD8+ T cells",0.296168691771942
"CTCGTACGTACAGACG-1","T cells","T cells",0.310327843050123
"CTCGTACGTAGCGTCC-1","B cells","B cells",0.335617254404816
"CTCGTACGTCAGTGGA-1","CD4+ T cells","CD4+ T cells",0.317094668948183
"CTCGTACGTCCGAACC-1","B cells","B cells",0.375836572765676
"CTCGTACGTGACGGTA-1","CD8+ T cells","CD8+ T cells",0.332263486555971
"CTCGTACGTTAAGTAG-1","B cells","B cells",0.392296498038331
"CTCGTACGTTATGTGC-1","T cells","T cells",0.34933315767501
"CTCGTACTCCGAGCCA-1","Monocytes","Monocytes",0.346505978526393
"CTCGTACTCCTAGTGA-1","Monocytes","Monocytes",0.545421784282537
"CTCGTACTCGCGCCAA-1","Monocytes","Monocytes",0.476445826612968
"CTCGTACTCTACTATC-1","CD4+ T cells","CD4+ T cells",0.32132450881303
"CTCGTCAAGACACTAA-1","T cells","T cells",0.324474934770417
"CTCGTCAAGATATGGT-1","CD8+ T cells","CD8+ T cells",0.329997035046873
"CTCGTCAAGCACACAG-1","Monocytes","Monocytes",0.277640554609417
"CTCGTCAAGCGATCCC-1","T cells","T cells",0.449512349835952
"CTCGTCAAGCTAGTTC-1","CD8+ T cells","CD8+ T cells",0.338300383493082
"CTCGTCAAGGAACTGC-1","B cells","B cells",0.373042343162816
"CTCGTCACAAAGGTGC-1","T cells","T cells",0.453984471443554
"CTCGTCACAACTGGCC-1","CD4+ T cells","CD4+ T cells",0.431422912406192
"CTCGTCACAATAGCAA-1","CD4+ T cells","CD4+ T cells",0.386059233803001
"CTCGTCACAATGTTGC-1","Monocytes","Monocytes",0.460342054068474
"CTCGTCACACGAAAGC-1","CD8+ T cells","CD8+ T cells",0.303249541375928
"CTCGTCACACGTGAGA-1","Dendritic cells","Dendritic cells",0.472241291160748
"CTCGTCACAGGACCCT-1","Monocytes","Monocytes",0.444160417316313
"CTCGTCACATCTCGCT-1","CD8+ T cells","CD8+ T cells",0.365410027102402
"CTCGTCAGTACCATCA-1","NK cells","NK cells",0.397043388532541
"CTCGTCAGTCAAACTC-1","B cells","B cells",0.291200621417173
"CTCGTCAGTCATCCCT-1","T cells","T cells",0.318629015312874
"CTCGTCAGTCTTTCAT-1","B cells","B cells",0.366638154204388
"CTCGTCATCCAAACTG-1","CD4+ T cells","CD4+ T cells",0.347048971556911
"CTCGTCATCCATGAAC-1","T cells","T cells",0.366024140531615
"CTCGTCATCCCTGACT-1","B cells","B cells",0.322941837873298
"CTCGTCATCCTAGAAC-1","T cells","T cells",0.355060927466043
"CTCGTCATCGGATGTT-1","Monocytes","Monocytes",0.417935344651433
"CTCGTCATCGGTCCGA-1","T cells","T cells",0.31748263699477
"CTCGTCATCTGTCCGT-1","CD4+ T cells","CD4+ T cells",0.381898317945684
"CTCTAATAGACCTTTG-1","CD4+ T cells","CD4+ T cells",0.277642288039004
"CTCTAATAGTGGAGAA-1","B cells","B cells",0.336518825865094
"CTCTAATCACACGCTG-1","B cells","B cells",0.322337953468535
"CTCTAATCACCCATGG-1","Monocytes","Monocytes",0.432041013968464
"CTCTAATCACGCTTTC-1","CD4+ T cells","CD4+ T cells",0.333519915041707
"CTCTAATCAGCTGTGC-1","Monocytes","Monocytes",0.426555678087132
"CTCTAATCAGGATCGA-1","Monocytes","Monocytes",0.398124316191433
"CTCTAATCATCGGAAG-1","B cells","B cells",0.367137514712352
"CTCTAATCATGACGGA-1","Monocytes","Monocytes",0.419550912034877
"CTCTAATGTACCTACA-1","Monocytes","Monocytes",0.367850727790468
"CTCTAATGTAGCGTCC-1","Monocytes","Monocytes",0.437654702514838
"CTCTAATGTATTAGCC-1","T cells","T cells",0.308000748686418
"CTCTAATGTCAATGTC-1","B cells","B cells",0.34278782920393
"CTCTAATGTCAGTGGA-1","CD4+ T cells","CD4+ T cells",0.323289171207586
"CTCTAATGTGCTTCTC-1","CD4+ T cells","CD4+ T cells",0.361897887435196
"CTCTAATGTGTAATGA-1","CD8+ T cells","CD8+ T cells",0.311851763021031
"CTCTAATGTGTGAAAT-1","Dendritic cells","Dendritic cells",0.479385717568004
"CTCTAATGTTGAGTTC-1","T cells","T cells",0.355099730496488
"CTCTAATGTTTGTTGG-1","B cells","B cells",0.347095320225134
"CTCTAATTCATCGCTC-1","CD4+ T cells","CD4+ T cells",0.356671321342074
"CTCTAATTCTCTGAGA-1","CD4+ T cells","CD4+ T cells",0.308317428466092
"CTCTACGAGGTGTGGT-1","Monocytes","Monocytes",0.403556255583325
"CTCTACGCAAGCTGAG-1","T cells","T cells",0.383787508562982
"CTCTACGCACAAGCCC-1","Monocytes","Monocytes",0.360352071248801
"CTCTACGCAGTGACAG-1","Progenitors","Progenitors",0.423020720558281
"CTCTACGGTCAGAGGT-1","CD8+ T cells","CD8+ T cells",0.343487118671964
"CTCTACGGTGGTAACG-1","B cells","B cells",0.31715733429213
"CTCTACGGTTTAGCTG-1","NK cells","NK cells",0.417724256410369
"CTCTACGTCAGGATCT-1","CD8+ T cells","CD8+ T cells",0.328489991792024
"CTCTACGTCGGTTAAC-1","Dendritic cells","Dendritic cells",0.47350008086933
"CTCTACGTCGTCGTTC-1","Dendritic cells","Dendritic cells",0.46570633014728
"CTCTACGTCTGCGGCA-1","CD4+ T cells","CD4+ T cells",0.320511654677864
"CTCTGGTAGCTCCTTC-1","B cells","B cells",0.312320103062862
"CTCTGGTAGTTTGCGT-1","NK cells","NK cells",0.401845687385571
"CTCTGGTCACAAGCCC-1","Dendritic cells","Dendritic cells",0.465686791949571
"CTCTGGTCACCTTGTC-1","CD4+ T cells","CD4+ T cells",0.32938405740331
"CTCTGGTCATGGTCAT-1","B cells","B cells",0.357412931071012
"CTCTGGTGTAAGTAGT-1","B cells","B cells",0.325646794824724
"CTCTGGTGTCATGCAT-1","CD8+ T cells","CD8+ T cells",0.338047197856914
"CTCTGGTTCCACGACG-1","B cells","B cells",0.306645666509618
"CTCTGGTTCTCTAGGA-1","T cells","T cells",0.40752130636814
"CTCTGGTTCTGGTGTA-1","CD8+ T cells","CD8+ T cells",0.36092480027736
"CTCTGGTTCTTGTTTG-1","T cells","T cells",0.415622647367781
"CTGAAACAGAACAATC-1","T cells","T cells",0.396706010416859
"CTGAAACAGAGGACGG-1","T cells","T cells",0.338807234450249
"CTGAAACAGATGTTAG-1","T cells","T cells",0.333104603119943
"CTGAAACAGCCACTAT-1","CD8+ T cells","CD8+ T cells",0.302886840248958
"CTGAAACCAAACAACA-1","B cells","B cells",0.370648165351806
"CTGAAACCAACTGGCC-1","CD4+ T cells","CD4+ T cells",0.311821957034413
"CTGAAACCACACTGCG-1","Dendritic cells","Dendritic cells",0.534191884516513
"CTGAAACCACATTAGC-1","T cells","T cells",0.371112777441238
"CTGAAACCATTAGGCT-1","CD8+ T cells","CD8+ T cells",0.338816597307504
"CTGAAACCATTTCACT-1","Dendritic cells","Dendritic cells",0.484594037017538
"CTGAAACGTATAGGTA-1","T cells","T cells",0.324455457279539
"CTGAAACGTCTCACCT-1","CD4+ T cells","CD4+ T cells",0.346168618221164
"CTGAAACGTGGTGTAG-1","CD4+ T cells","CD4+ T cells",0.34627803048731
"CTGAAACGTTCCGGCA-1","NK cells","NK cells",0.393481445907266
"CTGAAACTCAGCGACC-1","T cells","T cells",0.329191163709769
"CTGAAACTCCCTTGCA-1","B cells",NA,0.321976908776612
"CTGAAACTCTTGAGGT-1","CD8+ T cells","CD8+ T cells",0.332909974822253
"CTGAAGTAGCAGCCTC-1","CD4+ T cells","CD4+ T cells",0.29662615796488
"CTGAAGTAGGCGCTCT-1","Monocytes","Monocytes",0.45952451670783
"CTGAAGTAGGCTACGA-1","CD4+ T cells","CD4+ T cells",0.316004601638473
"CTGAAGTCAACTGGCC-1","CD8+ T cells","CD8+ T cells",0.380416214687237
"CTGAAGTCAATAGAGT-1","CD8+ T cells","CD8+ T cells",0.290350542975926
"CTGAAGTCATCATCCC-1","T cells","T cells",0.326254970755328
"CTGAAGTCATGGAATA-1","T cells","T cells",0.341085117964034
"CTGAAGTCATGTTCCC-1","Monocytes","Monocytes",0.387965902207053
"CTGAAGTGTAAAGGAG-1","T cells","T cells",0.364986798165023
"CTGAAGTGTAGCTAAA-1","NK cells","NK cells",0.410068024683454
"CTGAAGTTCATGCTCC-1","Monocytes","Monocytes",0.454828340584668
"CTGAAGTTCCCATTTA-1","T cells","T cells",0.443664495289439
"CTGATAGAGATCCCGC-1","Monocytes","Monocytes",0.476356982905636
"CTGATAGAGCGCCTCA-1","B cells","B cells",0.326084476957467
"CTGATAGAGGACCACA-1","CD8+ T cells","CD8+ T cells",0.314938255569158
"CTGATAGAGTGATCGG-1","CD4+ T cells","CD4+ T cells",0.324532979374536
"CTGATAGCAAGAGTCG-1","CD8+ T cells","CD8+ T cells",0.32178464492318
"CTGATAGCATGGGACA-1","CD4+ T cells","CD4+ T cells",0.32580507383369
"CTGATAGGTACAGCAG-1","CD8+ T cells","CD8+ T cells",0.333407915596155
"CTGATAGGTAGCCTAT-1","Monocytes","Monocytes",0.404767716800583
"CTGATAGGTATCACCA-1","T cells","T cells",0.317061732960462
"CTGATAGGTCATGCAT-1","B cells","B cells",0.384910656341898
"CTGATAGGTTGAGGTG-1","Monocytes","Monocytes",0.520524142294781
"CTGATAGTCAAACCAC-1","T cells","T cells",0.337525546868773
"CTGATAGTCACAGGCC-1","Monocytes","Monocytes",0.487851788971097
"CTGATAGTCACCCGAG-1","Dendritic cells","Dendritic cells",0.531742631703971
"CTGATAGTCAGCACAT-1","Monocytes","Monocytes",0.350478645037504
"CTGATAGTCCGTCAAA-1","T cells","T cells",0.332320571768706
"CTGATCCAGAAGGCCT-1","T cells","T cells",0.336851550179419
"CTGATCCAGACGCTTT-1","Monocytes","Monocytes",0.473912305301032
"CTGATCCAGATAGCAT-1","Dendritic cells",NA,0.348073791626419
"CTGATCCAGCGTTGCC-1","CD4+ T cells","CD4+ T cells",0.327634196365689
"CTGATCCAGGACATTA-1","T cells","T cells",0.316142048109778
"CTGATCCAGGCCCGTT-1","CD4+ T cells","CD4+ T cells",0.355218378361699
"CTGATCCCACATCTTT-1","T cells","T cells",0.302655937154156
"CTGATCCCACGAAAGC-1","CD4+ T cells","CD4+ T cells",0.375146940770008
"CTGATCCCACTTCTGC-1","CD4+ T cells","CD4+ T cells",0.328608785083655
"CTGATCCCAGACAGGT-1","CD4+ T cells","CD4+ T cells",0.304719704001176
"CTGATCCCAGACTCGC-1","CD4+ T cells","CD4+ T cells",0.339762529811067
"CTGATCCGTACCCAAT-1","Monocytes","Monocytes",0.445308221755058
"CTGATCCGTGAGCGAT-1","B cells","B cells",0.370758518375678
"CTGATCCGTTTCCACC-1","B cells","B cells",0.351122779379998
"CTGATCCGTTTCGCTC-1","CD8+ T cells","CD8+ T cells",0.316082301612428
"CTGATCCGTTTGTTGG-1","T cells","T cells",0.385111013499122
"CTGATCCTCAAACGGG-1","B cells","B cells",0.318561288399226
"CTGATCCTCCTCATTA-1","CD8+ T cells","CD8+ T cells",0.338753380401962
"CTGCCTAAGAAACGCC-1","Monocytes","Monocytes",0.408988812765648
"CTGCCTAAGAGGGCTT-1","Monocytes","Monocytes",0.395719709874836
"CTGCCTAAGCGGATCA-1","CD4+ T cells","CD4+ T cells",0.352525611979793
"CTGCCTAAGCTAGGCA-1","Monocytes","Monocytes",0.388134993547883
"CTGCCTAAGCTGAAAT-1","T cells","T cells",0.378847679756004
"CTGCCTAAGGACAGCT-1","CD8+ T cells","CD8+ T cells",0.338446310367702
"CTGCCTAAGGCTAGAC-1","T cells","T cells",0.315403685806265
"CTGCCTAAGGGCTTCC-1","CD4+ T cells","CD4+ T cells",0.300850424874632
"CTGCCTACAAAGGAAG-1","NK cells","NK cells",0.418795841971975
"CTGCCTACAAAGGCGT-1","B cells","B cells",0.332633716551084
"CTGCCTACAACACCTA-1","NK cells","NK cells",0.391295237749784
"CTGCCTACACTCGACG-1","T cells","T cells",0.352602699933547
"CTGCCTACACTGTCGG-1","CD8+ T cells","CD8+ T cells",0.287639879306822
"CTGCCTACATGGAATA-1","T cells","T cells",0.292435784581693
"CTGCCTACATTAGCCA-1","Dendritic cells","Dendritic cells",0.472036766394979
"CTGCCTAGTAGCACGA-1","B cells","B cells",0.348162304211166
"CTGCCTAGTCGGGTCT-1","Monocytes","Monocytes",0.455928113025097
"CTGCCTATCCGTTGCT-1","CD8+ T cells","CD8+ T cells",0.30719787919967
"CTGCCTATCCTGCAGG-1","NK cells","NK cells",0.398064010397556
"CTGCCTATCCTTGGTC-1","B cells","B cells",0.321882675558673
"CTGCCTATCTGTTTGT-1","CD4+ T cells","CD4+ T cells",0.33152957528405
"CTGCCTATCTTTAGTC-1","CD4+ T cells","CD4+ T cells",0.290491314581571
"CTGCGGAAGAGTGACC-1","T cells","T cells",0.416597028082278
"CTGCGGAAGATATGCA-1","Monocytes","Monocytes",0.410289349931565
"CTGCGGAAGCGATCCC-1","CD4+ T cells","CD4+ T cells",0.328020807531124
"CTGCGGAAGCTAAACA-1","CD8+ T cells","CD8+ T cells",0.312694698196433
"CTGCGGAAGGACTGGT-1","Monocytes","Monocytes",0.500150299062135
"CTGCGGAAGGGTTTCT-1","Monocytes","Monocytes",0.466610800548874
"CTGCGGAAGTGGACGT-1","T cells","T cells",0.324788297796086
"CTGCGGAAGTGTACTC-1","Monocytes","Monocytes",0.358084492326707
"CTGCGGACAAACCCAT-1","T cells","T cells",0.334301579906955
"CTGCGGACAGATAATG-1","T cells","T cells",0.428982142924023
"CTGCGGACAGGGTATG-1","Monocytes","Monocytes",0.436362089736892
"CTGCGGACATCCCACT-1","Monocytes","Monocytes",0.447934883393034
"CTGCGGACATGCGCAC-1","B cells","B cells",0.359349482858772
"CTGCGGAGTACTCAAC-1","Dendritic cells","Dendritic cells",0.515442859518194
"CTGCGGAGTCGCTTCT-1","CD4+ T cells","CD4+ T cells",0.284585452654582
"CTGCGGAGTCGCTTTC-1","Monocytes","Monocytes",0.507387126652061
"CTGCGGAGTCTCTTAT-1","T cells","T cells",0.363749987588502
"CTGCGGAGTTATCGGT-1","T cells","T cells",0.32453411506659
"CTGCGGAGTTCGCGAC-1","T cells","T cells",0.264202793461565
"CTGCGGATCAATCACG-1","CD8+ T cells","CD8+ T cells",0.364370767637063
"CTGCGGATCAGTTGAC-1","CD4+ T cells","CD4+ T cells",0.296988089669752
"CTGCGGATCCACTGGG-1","Monocytes","Monocytes",0.396962782114821
"CTGCGGATCCGCTGTT-1","T cells","T cells",0.34829635523788
"CTGCGGATCGTTTATC-1","T cells","T cells",0.356948281803711
"CTGCGGATCTAACGGT-1","T cells","T cells",0.346292514804095
"CTGCTGTAGATAGGAG-1","T cells","T cells",0.347335750230468
"CTGCTGTAGATTACCC-1","T cells","T cells",0.351495203593091
"CTGCTGTAGGCCCGTT-1","NK cells","NK cells",0.407624260213866
"CTGCTGTAGGGATACC-1","CD4+ T cells","CD4+ T cells",0.307844161335427
"CTGCTGTAGTCCATAC-1","CD4+ T cells","CD4+ T cells",0.441763220592239
"CTGCTGTCAAAGCGGT-1","CD4+ T cells","CD4+ T cells",0.261279765824103
"CTGCTGTCAATCCAAC-1","CD4+ T cells","CD4+ T cells",0.294889378623364
"CTGCTGTCACAACGCC-1","CD4+ T cells","CD4+ T cells",0.321938439943507
"CTGCTGTCACCAGATT-1","Monocytes","Monocytes",0.36077641725276
"CTGCTGTCACGAAACG-1","CD4+ T cells","CD4+ T cells",0.331635903970998
"CTGCTGTCACGGTTTA-1","Monocytes","Monocytes",0.410643573742362
"CTGCTGTCACTAGTAC-1","B cells","B cells",0.298683773217932
"CTGCTGTCAGATCGGA-1","B cells",NA,0.302294510116314
"CTGCTGTGTACCGTTA-1","Dendritic cells","Dendritic cells",0.35267356966409
"CTGCTGTGTCAACATC-1","Dendritic cells","Dendritic cells",0.575555601806882
"CTGCTGTGTCGGCACT-1","Monocytes","Monocytes",0.46871782623243
"CTGCTGTGTCTGGAGA-1","T cells","T cells",0.335669249943534
"CTGCTGTGTGATGTCT-1","CD4+ T cells","CD4+ T cells",0.328869356014863
"CTGCTGTTCCAAGCCG-1","CD4+ T cells","CD4+ T cells",0.299105833911124
"CTGCTGTTCTTTACGT-1","NK cells","NK cells",0.378831015686876
"CTGGTCTAGAGAGCTC-1","T cells","T cells",0.37056989019948
"CTGGTCTAGCTAAGAT-1","T cells","T cells",0.330909028646538
"CTGGTCTAGGAGCGAG-1","T cells","T cells",0.379140838181441
"CTGGTCTAGGCTCTTA-1","Monocytes","Monocytes",0.385257621724446
"CTGGTCTAGGGATCTG-1","T cells","T cells",0.33611775469271
"CTGGTCTAGGTGGGTT-1","B cells","B cells",0.303773241306893
"CTGGTCTAGTCCCACG-1","T cells","T cells",0.426183040191396
"CTGGTCTAGTGGGCTA-1","B cells","B cells",0.34020762409986
"CTGGTCTCAAACCCAT-1","Monocytes","Monocytes",0.432599591673382
"CTGGTCTCAAAGCAAT-1","CD4+ T cells","CD4+ T cells",0.30216807066255
"CTGGTCTCACGGCTAC-1","CD4+ T cells","CD4+ T cells",0.296240201004156
"CTGGTCTCATTCCTGC-1","CD4+ T cells","CD4+ T cells",0.312806946813078
"CTGGTCTCATTCTCAT-1","NK cells","NK cells",0.388563397181059
"CTGGTCTGTGCAACTT-1","Monocytes","Monocytes",0.391597444499964
"CTGGTCTGTGCCTTGG-1","Monocytes","Monocytes",0.425459837806614
"CTGGTCTGTGCGGTAA-1","CD4+ T cells","CD4+ T cells",0.315109743876475
"CTGGTCTGTTCCAACA-1","B cells","B cells",0.270369833782647
"CTGGTCTGTTGTCTTT-1","CD4+ T cells","CD4+ T cells",0.373764673154548
"CTGGTCTTCAGAGCTT-1","CD4+ T cells","CD4+ T cells",0.356467948922965
"CTGGTCTTCAGCCTAA-1","Monocytes","Monocytes",0.412503643433544
"CTGGTCTTCCAAGTAC-1","CD8+ T cells","CD8+ T cells",0.330317176093876
"CTGGTCTTCTGCGACG-1","T cells","T cells",0.342599680130585
"CTGGTCTTCTTTACAC-1","CD4+ T cells","CD4+ T cells",0.3270436501634
"CTGTGCTAGAGTGAGA-1","Monocytes","Monocytes",0.439560369483172
"CTGTGCTAGATCCCAT-1","T cells","T cells",0.349932981616936
"CTGTGCTAGATCGATA-1","Monocytes","Monocytes",0.485582500003114
"CTGTGCTAGCCCAGCT-1","Monocytes","Monocytes",0.467008645237554
"CTGTGCTAGCCGTCGT-1","CD4+ T cells","CD4+ T cells",0.332605695981055
"CTGTGCTAGCGTCTAT-1","Monocytes","Monocytes",0.450575880948538
"CTGTGCTAGGACACCA-1","T cells","T cells",0.304413453642798
"CTGTGCTCAAGAGTCG-1","CD4+ T cells","CD4+ T cells",0.261054362186617
"CTGTGCTCACGCATCG-1","T cells","T cells",0.380719444470188
"CTGTGCTCAGTGAGTG-1","T cells","T cells",0.35076787841884
"CTGTGCTCATCATCCC-1","CD8+ T cells","CD8+ T cells",0.310932132219288
"CTGTGCTGTATGGTTC-1","Monocytes","Monocytes",0.45294730595799
"CTGTGCTGTGTTTGGT-1","CD4+ T cells","CD4+ T cells",0.349981938772886
"CTGTGCTGTTACAGAA-1","T cells","T cells",0.364731822881075
"CTGTGCTGTTCAGGCC-1","CD4+ T cells","CD4+ T cells",0.326623560285342
"CTGTGCTTCAGCTTAG-1","T cells","T cells",0.367187120781069
"CTGTGCTTCGTCGTTC-1","CD4+ T cells","CD4+ T cells",0.327545141147234
"CTGTTTAAGGGTCGAT-1","B cells","B cells",0.337462825669199
"CTGTTTAAGGTAGCCA-1","CD4+ T cells","CD4+ T cells",0.294920441211993
"CTGTTTAAGTCACGCC-1","B cells","B cells",0.366368950754804
"CTGTTTAAGTGGGATC-1","CD4+ T cells","CD4+ T cells",0.340041190609818
"CTGTTTACAAGTCATC-1","Monocytes","Monocytes",0.36892149613566
"CTGTTTACATCGTCGG-1","T cells","T cells",0.386969245491613
"CTGTTTACATTAACCG-1","T cells","T cells",0.384769432143201
"CTGTTTAGTCAAAGCG-1","B cells","B cells",0.313873578419644
"CTGTTTAGTCCCGACA-1","T cells","T cells",0.38640734097517
"CTGTTTAGTCGCATCG-1","CD4+ T cells","CD4+ T cells",0.318618675760291
"CTGTTTAGTCGCGAAA-1","CD8+ T cells","CD8+ T cells",0.311265427072421
"CTGTTTAGTCGGGTCT-1","Monocytes","Monocytes",0.389053459428958
"CTGTTTAGTCTAGAGG-1","CD4+ T cells","CD4+ T cells",0.3375327323592
"CTGTTTAGTGATGATA-1","Monocytes","Monocytes",0.429630323003539
"CTGTTTAGTTATCACG-1","B cells","B cells",0.368147598918339
"CTGTTTATCAACGGCC-1","CD8+ T cells","CD8+ T cells",0.348590548699545
"CTGTTTATCGGAAATA-1","Dendritic cells","Dendritic cells",0.516152184436768
"CTGTTTATCTGCTTGC-1","T cells","T cells",0.335960357953628
"CTTAACTAGACACGAC-1","CD8+ T cells","CD8+ T cells",0.369872513571348
"CTTAACTAGCGATATA-1","Monocytes","Monocytes",0.42407515312052
"CTTAACTAGCTGCAAG-1","CD8+ T cells","CD8+ T cells",0.335120326148706
"CTTAACTAGTGTTTGC-1","CD4+ T cells","CD4+ T cells",0.316598654921034
"CTTAACTCAAGGTGTG-1","CD4+ T cells","CD4+ T cells",0.334582453936955
"CTTAACTCACGCCAGT-1","Monocytes","Monocytes",0.373662783061785
"CTTAACTCACGGTGTC-1","CD4+ T cells","CD4+ T cells",0.345039066927029
"CTTAACTCAGTGGGAT-1","CD4+ T cells","CD4+ T cells",0.39093957832716
"CTTAACTGTAAGTGTA-1","CD8+ T cells","CD8+ T cells",0.299991442443865
"CTTAACTGTCGACTGC-1","B cells","B cells",0.341565783613136
"CTTAACTTCACGCGGT-1","B cells","B cells",0.30298664159848
"CTTAACTTCAGCTCTC-1","CD8+ T cells","CD8+ T cells",0.278153328336052
"CTTAACTTCCAGTATG-1","B cells","B cells",0.366060365704465
"CTTAACTTCGACGGAA-1","T cells","T cells",0.432590460539032
"CTTAACTTCGCTTGTC-1","CD4+ T cells","CD4+ T cells",0.300529822571533
"CTTAACTTCGTGGGAA-1","CD4+ T cells","CD4+ T cells",0.303310574760579
"CTTAACTTCTGCGGCA-1","T cells","T cells",0.338140801802862
"CTTACCGAGAAGGTTT-1","T cells","T cells",0.337511286977577
"CTTACCGAGCGTAGTG-1","B cells","B cells",0.31624113855934
"CTTACCGAGGAGTTTA-1","CD8+ T cells","CD8+ T cells",0.34137375569713
"CTTACCGCAGCCTATA-1","Dendritic cells",NA,0.418728991396204
"CTTACCGCAGGACCCT-1","CD4+ T cells","CD4+ T cells",0.29988841618712
"CTTACCGCATTACCTT-1","T cells","T cells",0.323181420503877
"CTTACCGGTAAACACA-1","T cells","T cells",0.33499220377262
"CTTACCGGTACCGGCT-1","CD4+ T cells","CD4+ T cells",0.360061762751339
"CTTACCGGTCGTTGTA-1","CD8+ T cells","CD8+ T cells",0.29916244047531
"CTTACCGTCACGACTA-1","T cells","T cells",0.345797410477768
"CTTACCGTCAGCATGT-1","CD4+ T cells","CD4+ T cells",0.357636920475077
"CTTACCGTCAGCTCGG-1","T cells","T cells",0.391546531322351
"CTTACCGTCATAGCAC-1","T cells","T cells",0.335094301070281
"CTTACCGTCCACGAAT-1","CD4+ T cells","CD4+ T cells",0.356782398398735
"CTTACCGTCCTTTCTC-1","B cells","B cells",0.329390536504832
"CTTACCGTCGACCAGC-1","Monocytes","Monocytes",0.459195137599665
"CTTACCGTCGCCAAAT-1","Monocytes","Monocytes",0.34784586045688
"CTTAGGAAGAAGCCCA-1","CD4+ T cells","CD4+ T cells",0.321744566540555
"CTTAGGAAGCGATATA-1","CD4+ T cells","CD4+ T cells",0.337480773400057
"CTTAGGAAGCTACCTA-1","Monocytes","Monocytes",0.464707595007509
"CTTAGGACACTAAGTC-1","Monocytes","Monocytes",0.402206685227296
"CTTAGGATCAGCTCGG-1","Monocytes",NA,0.343650211814205
"CTTAGGATCCACTCCA-1","T cells","T cells",0.323960845568769
"CTTAGGATCGCGGATC-1","Dendritic cells","Dendritic cells",0.501474326804387
"CTTAGGATCGGAAACG-1","T cells","T cells",0.344150866090995
"CTTAGGATCGTTTGCC-1","CD4+ T cells","CD4+ T cells",0.335965202291187
"CTTAGGATCTACCTGC-1","Monocytes","Monocytes",0.433008048123856
"CTTAGGATCTAGAGTC-1","CD4+ T cells","CD4+ T cells",0.329190138711394
"CTTAGGATCTCCCTGA-1","B cells","B cells",0.369753836663146
"CTTCTCTAGAGGTAGA-1","Monocytes","Monocytes",0.382257446841448
"CTTCTCTAGGCATTGG-1","B cells","B cells",0.379462933156808
"CTTCTCTAGGCTCAGA-1","Monocytes","Monocytes",0.45181888044177
"CTTCTCTCAGATGGCA-1","B cells","B cells",0.395863405694315
"CTTCTCTCATCAGTCA-1","T cells","T cells",0.319852563655417
"CTTCTCTGTAAACGCG-1","Monocytes","Monocytes",0.403621690236072
"CTTCTCTGTACCGTTA-1","B cells","B cells",0.345151735583892
"CTTCTCTGTCAGATAA-1","B cells","B cells",0.305968123895324
"CTTCTCTGTTCCATGA-1","Monocytes","Monocytes",0.390727776688995
"CTTCTCTTCCAAATGC-1","B cells","B cells",0.423628773773303
"CTTCTCTTCGGAGGTA-1","Monocytes","Monocytes",0.416052387133313
"CTTGGCTAGATAGTCA-1","NK cells","NK cells",0.369915570810153
"CTTGGCTAGATATGCA-1","Monocytes","Monocytes",0.344915657707435
"CTTGGCTAGGGTGTGT-1","CD8+ T cells","CD8+ T cells",0.347589097177645
"CTTGGCTAGGTTCCTA-1","T cells","T cells",0.393400311986929
"CTTGGCTCAACTGCTA-1","CD4+ T cells","CD4+ T cells",0.351287922990676
"CTTGGCTCACAGACAG-1","T cells","T cells",0.404100337142276
"CTTGGCTCACGAAACG-1","CD4+ T cells","CD4+ T cells",0.315530394261219
"CTTGGCTCACGGATAG-1","Monocytes","Monocytes",0.393877254898821
"CTTGGCTCACTAAGTC-1","T cells","T cells",0.347315894233425
"CTTGGCTCAGGCTCAC-1","B cells","B cells",0.35807363696385
"CTTGGCTGTGGCCCTA-1","B cells","B cells",0.373938633018341
"CTTGGCTGTGTTTGGT-1","CD4+ T cells","CD4+ T cells",0.323834990214164
"CTTGGCTGTTAAGTAG-1","CD4+ T cells","CD4+ T cells",0.373438449842033
"CTTGGCTGTTCCACTC-1","CD4+ T cells","CD4+ T cells",0.281289634804849
"CTTGGCTTCAGAGCTT-1","B cells","B cells",0.308741361106924
"CTTGGCTTCATTTGGG-1","B cells","B cells",0.333590635594832
"CTTGGCTTCCCAGGTG-1","T cells","T cells",0.366097177230904
"CTTTGCGAGAAGGCCT-1","Monocytes","Monocytes",0.367106164975347
"CTTTGCGAGAGTACCG-1","Monocytes","Monocytes",0.433356197277333
"CTTTGCGAGCATCATC-1","T cells","T cells",0.412124398625044
"CTTTGCGAGCCCAATT-1","B cells","B cells",0.340519856087326
"CTTTGCGAGCCTATGT-1","B cells","B cells",0.30305648742874
"CTTTGCGAGGCATGGT-1","CD4+ T cells","CD4+ T cells",0.306489760891181
"CTTTGCGAGTGTGAAT-1","B cells","B cells",0.296786077300953
"CTTTGCGCAGCGATCC-1","Dendritic cells","Dendritic cells",0.48681822170049
"CTTTGCGCAGTCAGAG-1","T cells","T cells",0.450851424213377
"CTTTGCGGTACATCCA-1","T cells","T cells",0.381542731156779
"CTTTGCGGTAGCTAAA-1","T cells","T cells",0.369623103658148
"CTTTGCGGTCCAACTA-1","Monocytes","Monocytes",0.46056001978465
"CTTTGCGGTGTTTGTG-1","Monocytes","Monocytes",0.406623845859582
"CTTTGCGGTTACAGAA-1","CD4+ T cells","CD4+ T cells",0.306989712112651
"CTTTGCGTCACTCTTA-1","B cells","B cells",0.336803236686476
"CTTTGCGTCACTTCAT-1","CD4+ T cells","CD4+ T cells",0.291914345964065
"CTTTGCGTCATCTGCC-1","B cells","B cells",0.350552777288387
"CTTTGCGTCATGTCTT-1","Monocytes","Monocytes",0.475636778949783
"CTTTGCGTCCGTCAAA-1","B cells","B cells",0.335626938169315
"CTTTGCGTCGTTTAGG-1","Monocytes","Monocytes",0.336428853461037
"CTTTGCGTCTGACCTC-1","T cells","T cells",0.364072247882763
"GAAACTCAGTATTGGA-1","CD8+ T cells","CD8+ T cells",0.316008775448278
"GAAACTCAGTTGCAGG-1","Dendritic cells","Dendritic cells",0.52176359689235
"GAAACTCCAACGATCT-1","CD4+ T cells","CD4+ T cells",0.318211512394712
"GAAACTCCAAGACACG-1","CD4+ T cells","CD4+ T cells",0.3438785064979
"GAAACTCCACACGCTG-1","CD4+ T cells","CD4+ T cells",0.296006821586227
"GAAACTCCAGATCTGT-1","T cells","T cells",0.342029678608917
"GAAACTCCATCGTCGG-1","Monocytes","Monocytes",0.39848749226882
"GAAACTCCATTGGGCC-1","CD4+ T cells","CD4+ T cells",0.299062347026631
"GAAACTCGTCATATCG-1","CD8+ T cells","CD8+ T cells",0.338387074134356
"GAAACTCGTGAGCGAT-1","NK cells","NK cells",0.363463416370398
"GAAACTCGTGCGGTAA-1","Monocytes","Monocytes",0.461932776723554
"GAAACTCGTTACGGAG-1","CD4+ T cells","CD4+ T cells",0.373246990187012
"GAAACTCGTTGATTGC-1","CD8+ T cells","CD8+ T cells",0.314307113967963
"GAAACTCGTTGTCTTT-1","B cells","B cells",0.364164890159243
"GAAACTCTCAAACAAG-1","Monocytes","Monocytes",0.470554019623581
"GAAACTCTCAAACGGG-1","CD4+ T cells","CD4+ T cells",0.320374461040968
"GAAACTCTCACTATTC-1","B cells","B cells",0.327217483303436
"GAAACTCTCCAGATCA-1","T cells","T cells",0.460497243858972
"GAAACTCTCGGAATCT-1","CD8+ T cells","CD8+ T cells",0.337361741022896
"GAAACTCTCTATCCCG-1","Dendritic cells","Dendritic cells",0.56244843217127
"GAAACTCTCTTATCTG-1","B cells","B cells",0.346437184339292
"GAAATGAAGATCCGAG-1","Monocytes","Monocytes",0.424613830718193
"GAAATGAAGGCATGGT-1","Monocytes","Monocytes",0.424411471610931
"GAAATGAAGTAGCGGT-1","CD4+ T cells","CD4+ T cells",0.413716793817818
"GAAATGACAAACGCGA-1","T cells","T cells",0.376307144661456
"GAAATGACACGAAAGC-1","CD8+ T cells","CD8+ T cells",0.30169289639215
"GAAATGACACTGAAGG-1","B cells","B cells",0.338103142928268
"GAAATGACAGTCGATT-1","Monocytes","Monocytes",0.34478028891837
"GAAATGACATCACGTA-1","T cells","T cells",0.354912296716168
"GAAATGACATGGGACA-1","T cells","T cells",0.369901414265673
"GAAATGACATGTAGTC-1","T cells","T cells",0.321690609130751
"GAAATGAGTAGGGACT-1","CD8+ T cells","CD8+ T cells",0.343477954744434
"GAAATGAGTATAATGG-1","B cells","B cells",0.342168773183388
"GAAATGAGTATAGTAG-1","T cells","T cells",0.327290402002531
"GAAATGAGTCAGATAA-1","Monocytes","Monocytes",0.42653572047541
"GAAATGATCAAACGGG-1","CD4+ T cells","CD4+ T cells",0.340825767871807
"GAAATGATCACGATGT-1","NK cells","NK cells",0.403914500641584
"GAAATGATCATTATCC-1","CD8+ T cells","CD8+ T cells",0.326189936260885
"GAAATGATCTCCAACC-1","T cells","T cells",0.321689751114328
"GAACATCAGATGTTAG-1","NK cells","NK cells",0.440557281444722
"GAACATCAGCAATCTC-1","T cells","T cells",0.328702698861947
"GAACATCAGCGTGTCC-1","Monocytes","Monocytes",0.398243794270763
"GAACATCCAACTGCGC-1","B cells","B cells",0.316444929289292
"GAACATCCAGTTCATG-1","Monocytes","Monocytes",0.401254023505909
"GAACATCGTAATCACC-1","T cells","T cells",0.373597807045566
"GAACATCGTAGCAAAT-1","B cells","B cells",0.346905163198963
"GAACATCGTAGCGATG-1","B cells","B cells",0.359007980196707
"GAACATCGTATGCTTG-1","T cells","T cells",0.36844248031588
"GAACATCGTGGCGAAT-1","B cells","B cells",0.311708933013342
"GAACATCGTGTGACGA-1","T cells","T cells",0.373829031652584
"GAACATCGTTAGAACA-1","CD4+ T cells","CD4+ T cells",0.279740100667747
"GAACATCGTTAGGGTG-1","T cells","T cells",0.399202390909108
"GAACATCTCTAACGGT-1","T cells","T cells",0.358284084296827
"GAACATCTCTGCAAGT-1","Monocytes","Monocytes",0.470425812422445
"GAACCTAAGATCTGAA-1","Monocytes","Monocytes",0.322259142820995
"GAACCTAAGCCAACAG-1","Monocytes","Monocytes",0.451134314753778
"GAACCTAAGCTAAGAT-1","T cells","T cells",0.328241437772009
"GAACCTAAGGACCACA-1","T cells","T cells",0.322577048626275
"GAACCTAAGGCAAAGA-1","Monocytes","Monocytes",0.40979926124194
"GAACCTAAGTTTCCTT-1","CD4+ T cells","CD4+ T cells",0.315084903499047
"GAACCTACAAACAACA-1","T cells","T cells",0.306257900374169
"GAACCTACAAGCTGAG-1","CD8+ T cells","CD8+ T cells",0.286352307299179
"GAACCTACAATCAGAA-1","T cells","T cells",0.332336570100053
"GAACCTACAGCCTGTG-1","CD4+ T cells","CD4+ T cells",0.340083974627457
"GAACCTACATGCAATC-1","CD4+ T cells","CD4+ T cells",0.346629326911345
"GAACCTACATTACCTT-1","Dendritic cells","Dendritic cells",0.437064436680921
"GAACCTAGTAGCGCAA-1","CD4+ T cells","CD4+ T cells",0.335525859284158
"GAACCTAGTATAGGTA-1","NK cells","NK cells",0.303863556342792
"GAACCTAGTATGGTTC-1","Monocytes","Monocytes",0.423409490609536
"GAACCTAGTCTTGATG-1","Dendritic cells","Dendritic cells",0.460761453202646
"GAACCTAGTGTTCTTT-1","CD4+ T cells","CD4+ T cells",0.273602148409288
"GAACCTAGTTGTTTGG-1","Dendritic cells","Dendritic cells",0.558078665316687
"GAACCTAGTTTAAGCC-1","Monocytes","Monocytes",0.367176833765696
"GAACCTATCAACTCTT-1","CD4+ T cells","CD4+ T cells",0.363364454229477
"GAACCTATCAGTGCAT-1","T cells","T cells",0.386746656511608
"GAACCTATCATGTCTT-1","Monocytes","Monocytes",0.353339100795043
"GAACCTATCCAAATGC-1","CD8+ T cells","CD8+ T cells",0.353330361619258
"GAACCTATCCCAACGG-1","CD4+ T cells","CD4+ T cells",0.353755609518528
"GAACCTATCGCCTGTT-1","CD4+ T cells","CD4+ T cells",0.277899234778784
"GAACCTATCGGAATCT-1","CD4+ T cells","CD4+ T cells",0.345960271910956
"GAACCTATCGGAGGTA-1","CD4+ T cells","CD4+ T cells",0.374802569403102
"GAACGGAAGAGCAATT-1","CD4+ T cells","CD4+ T cells",0.252472172427598
"GAACGGAAGGATGTAT-1","T cells","T cells",0.367969487020627
"GAACGGAAGGCTCAGA-1","Monocytes","Monocytes",0.535035046742635
"GAACGGAAGGGCTTGA-1","Dendritic cells","Dendritic cells",0.48510943381006
"GAACGGACAATGGATA-1","NK cells","NK cells",0.410999216092849
"GAACGGACACAACTGT-1","T cells","T cells",0.387200860219097
"GAACGGACAGCCAATT-1","Monocytes","Monocytes",0.450011997364094
"GAACGGACAGTAAGAT-1","Monocytes","Monocytes",0.484114868837692
"GAACGGACATAAGACA-1","CD8+ T cells","CD8+ T cells",0.306320856610424
"GAACGGAGTAGAAAGG-1","NK cells","NK cells",0.304579405286668
"GAACGGAGTCGCGTGT-1","Monocytes","Monocytes",0.355557010309943
"GAACGGAGTTAGATGA-1","B cells","B cells",0.323986450546104
"GAACGGAGTTCCCGAG-1","T cells","T cells",0.271097923681165
"GAACGGATCATAACCG-1","T cells","T cells",0.41752921866038
"GAACGGATCGAATCCA-1","Monocytes","Monocytes",0.418754787036333
"GAACGGATCTAACTCT-1","Monocytes","Monocytes",0.504355057290908
"GAACGGATCTGAGTGT-1","Monocytes","Monocytes",0.391119413083178
"GAACGGATCTGTCAAG-1","CD8+ T cells","CD8+ T cells",0.309963813700712
"GAAGCAGAGAACTGTA-1","Monocytes","Monocytes",0.485646468921783
"GAAGCAGAGACGCAAC-1","Monocytes","Monocytes",0.468452950606499
"GAAGCAGAGAGAGCTC-1","CD4+ T cells","CD4+ T cells",0.291367872565225
"GAAGCAGAGAGCAATT-1","Monocytes","Monocytes",0.443487130249765
"GAAGCAGAGGGCTTGA-1","T cells","T cells",0.361209656310734
"GAAGCAGAGGTGCACA-1","CD4+ T cells","CD4+ T cells",0.363022462205967
"GAAGCAGAGTCATGCT-1","Monocytes","Monocytes",0.472791049844817
"GAAGCAGGTAGAGTGC-1","Dendritic cells","Dendritic cells",0.464152952360193
"GAAGCAGGTCAATACC-1","CD4+ T cells","CD4+ T cells",0.347826864420533
"GAAGCAGTCAGCTCTC-1","T cells","T cells",0.328934395187666
"GAAGCAGTCATCTGCC-1","T cells","T cells",0.354686738920144
"GAAGCAGTCGCCAAAT-1","Dendritic cells","Dendritic cells",0.400761903645972
"GAAGCAGTCTCTTGAT-1","Monocytes","Monocytes",0.342573530322908
"GAAGCAGTCTTGTATC-1","T cells","T cells",0.338319270143122
"GAATAAGAGCTATGCT-1","Monocytes","Monocytes",0.446427846323556
"GAATAAGAGGCATTGG-1","B cells","B cells",0.320507434973586
"GAATAAGAGGGCTTCC-1","Monocytes","Monocytes",0.440215600380879
"GAATAAGAGTCCATAC-1","B cells","B cells",0.366319766369544
"GAATAAGAGTGCGATG-1","CD8+ T cells","CD8+ T cells",0.352316361206627
"GAATAAGCAATAGCAA-1","CD4+ T cells","CD4+ T cells",0.34050268496486
"GAATAAGCACGTGAGA-1","B cells","B cells",0.358329861542812
"GAATAAGCACTACAGT-1","Monocytes","Monocytes",0.446818482356053
"GAATAAGCATTGGGCC-1","Monocytes","Monocytes",0.450193492901499
"GAATAAGGTCAGCTAT-1","CD4+ T cells","CD4+ T cells",0.32275300268348
"GAATAAGGTCGAAAGC-1","Monocytes","Monocytes",0.333200632786104
"GAATAAGGTCGCGTGT-1","CD4+ T cells","CD4+ T cells",0.303528036516359
"GAATAAGGTGAAATCA-1","NK cells","NK cells",0.396940010095798
"GAATAAGGTGAAGGCT-1","B cells","B cells",0.362643230754766
"GAATAAGGTGACGCCT-1","T cells","T cells",0.346558832633696
"GAATAAGGTGCAACTT-1","CD4+ T cells","CD4+ T cells",0.2893168429452
"GAATAAGGTTAGAACA-1","Monocytes","Monocytes",0.540056284496999
"GAATAAGGTTCCACTC-1","Monocytes","Monocytes",0.438770623939738
"GAATAAGTCACAAACC-1","CD8+ T cells","CD8+ T cells",0.354174831017365
"GAATAAGTCATGTCCC-1","B cells","B cells",0.325378161778309
"GAATAAGTCCGCATCT-1","CD4+ T cells","CD4+ T cells",0.339087842634159
"GAATAAGTCTATCCCG-1","CD4+ T cells","CD4+ T cells",0.363710172544703
"GAATAAGTCTGGAGCC-1","CD4+ T cells","CD4+ T cells",0.358074292763902
"GAATGAAAGAAACGCC-1","CD8+ T cells","CD8+ T cells",0.331749670261105
"GAATGAACAAATCCGT-1","Dendritic cells","Dendritic cells",0.522722593200474
"GAATGAACAACAACCT-1","Monocytes","Monocytes",0.503607793289815
"GAATGAACAACACGCC-1","CD4+ T cells",NA,0.228494398168145
"GAATGAACACACCGAC-1","B cells","B cells",0.331927137401599
"GAATGAACACACTGCG-1","B cells","B cells",0.293865222496043
"GAATGAACACCTGGTG-1","CD8+ T cells","CD8+ T cells",0.299365181197821
"GAATGAACAGGGCATA-1","NK cells","NK cells",0.327307011824088
"GAATGAACAGGGTACA-1","B cells","B cells",0.320727997157714
"GAATGAACAGTTCCCT-1","Monocytes","Monocytes",0.49585213755091
"GAATGAACATATGGTC-1","Monocytes","Monocytes",0.433266894280246
"GAATGAACATGCTAGT-1","CD4+ T cells","CD4+ T cells",0.296224781856896
"GAATGAAGTATATGAG-1","NK cells","NK cells",0.413457915372795
"GAATGAAGTATTACCG-1","Monocytes","Monocytes",0.348912511601381
"GAATGAAGTTGCGCAC-1","NK cells","NK cells",0.418924626290766
"GAATGAATCAACACGT-1","CD8+ T cells","CD8+ T cells",0.305315946839913
"GAATGAATCAGCATGT-1","T cells","T cells",0.340026925026688
"GAATGAATCCAAGCCG-1","CD4+ T cells","CD4+ T cells",0.370717386826951
"GAATGAATCCAAGTAC-1","T cells","T cells",0.381249209748039
"GAATGAATCCACGACG-1","CD8+ T cells","CD8+ T cells",0.355716728557256
"GAATGAATCGTACCGG-1","CD4+ T cells","CD4+ T cells",0.29926924204663
"GAATGAATCGTCACGG-1","CD4+ T cells","CD4+ T cells",0.308470072917102
"GAATGAATCTCCAGGG-1","CD4+ T cells","CD4+ T cells",0.311995626985616
"GAATGAATCTGCGACG-1","B cells","B cells",0.309610319259261
"GAATGAATCTGTCTCG-1","B cells","B cells",0.310064764349793
"GAATGAATCTTGAGAC-1","T cells","T cells",0.413940404294987
"GACACGCAGAGTTGGC-1","Monocytes","Monocytes",0.404542048086694
"GACACGCAGATTACCC-1","T cells","T cells",0.356422304128918
"GACACGCAGCTATGCT-1","Monocytes","Monocytes",0.465477698904374
"GACACGCAGGCATTGG-1","T cells","T cells",0.356608923948286
"GACACGCAGTACTTGC-1","B cells","B cells",0.340287237999722
"GACACGCCAGCCTTGG-1","T cells","T cells",0.307894584290233
"GACACGCGTAATCACC-1","Monocytes","Monocytes",0.326961552079046
"GACACGCGTAGAGCTG-1","Dendritic cells","Dendritic cells",0.516781422919737
"GACACGCGTCACACGC-1","CD8+ T cells","CD8+ T cells",0.325042204336252
"GACACGCGTGACAAAT-1","T cells","T cells",0.337901093080024
"GACACGCGTTACTGAC-1","T cells","T cells",0.303308245811913
"GACACGCGTTATTCTC-1","Monocytes","Monocytes",0.377547308282543
"GACACGCGTTTGCATG-1","T cells","T cells",0.371735838232355
"GACACGCTCGTTTATC-1","T cells","T cells",0.411707086221878
"GACACGCTCTGAGGGA-1","Monocytes","Monocytes",0.398113246221942
"GACAGAGAGAAACCTA-1","Monocytes","Monocytes",0.353931781809918
"GACAGAGAGACGCAAC-1","CD8+ T cells","CD8+ T cells",0.275611980647709
"GACAGAGAGCGATATA-1","CD4+ T cells","CD4+ T cells",0.358270209851432
"GACAGAGAGTCGTACT-1","Dendritic cells","Dendritic cells",0.499526205896307
"GACAGAGCAATGGTCT-1","Monocytes","Monocytes",0.472643462998916
"GACAGAGCACGCGAAA-1","Monocytes","Monocytes",0.371051877166599
"GACAGAGCAGATCTGT-1","CD4+ T cells","CD4+ T cells",0.343737319437448
"GACAGAGCAGCCTGTG-1","B cells","B cells",0.385893932904001
"GACAGAGGTACATCCA-1","CD4+ T cells","CD4+ T cells",0.343286429636756
"GACAGAGGTAGCTAAA-1","CD4+ T cells","CD4+ T cells",0.356590336605576
"GACAGAGGTCTAAAGA-1","B cells","B cells",0.32653334396372
"GACAGAGGTCTGCGGT-1","T cells","T cells",0.316666892318464
"GACAGAGGTTCGGGCT-1","Monocytes","Monocytes",0.458898508600281
"GACAGAGGTTGGTGGA-1","CD4+ T cells","CD4+ T cells",0.399928977578482
"GACAGAGTCCACTGGG-1","Monocytes","Monocytes",0.466439740845035
"GACAGAGTCTGATACG-1","Monocytes","Monocytes",0.385622003644976
"GACCAATAGCCTCGTG-1","Dendritic cells","Dendritic cells",0.464973996337766
"GACCAATAGTACGTTC-1","B cells","B cells",0.349511046411589
"GACCAATCACCGTTGG-1","CD8+ T cells","CD8+ T cells",0.284685835276248
"GACCAATCACTTAACG-1","CD4+ T cells","CD4+ T cells",0.321544734143159
"GACCAATCAGGGTACA-1","Monocytes","Monocytes",0.486520198937471
"GACCAATCATCGGGTC-1","B cells","B cells",0.317427912061019
"GACCAATGTCCGTGAC-1","CD4+ T cells","CD4+ T cells",0.351495782167436
"GACCAATGTCTTGTCC-1","Monocytes","Monocytes",0.332963713334248
"GACCAATGTGGTCCGT-1","Dendritic cells","Dendritic cells",0.537879695327881
"GACCAATGTGGTCTCG-1","Dendritic cells","Dendritic cells",0.530530041266742
"GACCAATGTTTGTTGG-1","CD4+ T cells","CD4+ T cells",0.331741597795868
"GACCAATTCCTATGTT-1","CD4+ T cells","CD4+ T cells",0.311253282875655
"GACCAATTCTCTGTCG-1","T cells","T cells",0.367638904875052
"GACCAATTCTGCAAGT-1","CD4+ T cells","CD4+ T cells",0.323029681199579
"GACCTGGAGAAACGAG-1","CD4+ T cells","CD4+ T cells",0.306635102029798
"GACCTGGAGACGCAAC-1","T cells","T cells",0.364997461807294
"GACCTGGAGACTCGGA-1","Monocytes","Monocytes",0.440265992502939
"GACCTGGAGATCGGGT-1","Monocytes","Monocytes",0.497300369348659
"GACCTGGAGCTAACAA-1","T cells","T cells",0.356804926652882
"GACCTGGCACTTAACG-1","T cells","T cells",0.313007533718146
"GACCTGGCAGGGAGAG-1","B cells","B cells",0.321788359441346
"GACCTGGCAGTCAGAG-1","Monocytes","Monocytes",0.358281159569234
"GACCTGGCATCCTTGC-1","CD4+ T cells","CD4+ T cells",0.373471653788225
"GACCTGGGTACCGTTA-1","CD4+ T cells","CD4+ T cells",0.31224601941102
"GACCTGGGTCTTTCAT-1","CD4+ T cells","CD4+ T cells",0.292404835290248
"GACCTGGGTGGTGTAG-1","CD4+ T cells","CD4+ T cells",0.271657509949029
"GACCTGGTCGGTTCGG-1","T cells","T cells",0.411973301662385
"GACCTGGTCTTCATGT-1","Monocytes","Monocytes",0.419687819967653
"GACGCGTAGCGATGAC-1","CD4+ T cells","CD4+ T cells",0.314569875978848
"GACGCGTAGTTAACGA-1","NK cells","NK cells",0.392351598462584
"GACGCGTCAAGGTGTG-1","Monocytes","Monocytes",0.485148919613348
"GACGCGTCAATCCGAT-1","Monocytes","Monocytes",0.402489801760094
"GACGCGTCACAACTGT-1","B cells","B cells",0.324617115235756
"GACGCGTCACGCATCG-1","CD8+ T cells","CD8+ T cells",0.317161281741031
"GACGCGTCAGGGTACA-1","Dendritic cells","Dendritic cells",0.488641262788113
"GACGCGTGTAGAGTGC-1","T cells","T cells",0.308056693326667
"GACGCGTGTAGCGATG-1","B cells","B cells",0.310609694026339
"GACGCGTGTGAGTGAC-1","Monocytes","Monocytes",0.438678867983476
"GACGCGTGTGCACTTA-1","T cells","T cells",0.349677077935911
"GACGCGTGTTGAGTTC-1","CD8+ T cells","CD8+ T cells",0.294258599773541
"GACGCGTTCATGTAGC-1","CD8+ T cells","CD8+ T cells",0.283849456164432
"GACGCGTTCCAAAGTC-1","Monocytes","Monocytes",0.387066979627466
"GACGCGTTCGTTTAGG-1","T cells","T cells",0.360314173683284
"GACGCGTTCTTGTACT-1","CD4+ T cells","CD4+ T cells",0.301136397618836
"GACGGCTAGAGATGAG-1","T cells","T cells",0.357599392474801
"GACGGCTAGCCTATGT-1","CD8+ T cells","CD8+ T cells",0.31797631301852
"GACGGCTAGTCACGCC-1","CD4+ T cells","CD4+ T cells",0.279471834538412
"GACGGCTCACAACGCC-1","T cells","T cells",0.314925158426828
"GACGGCTCATCACGAT-1","T cells","T cells",0.413285743392501
"GACGGCTCATCACGTA-1","Monocytes","Monocytes",0.450522300362124
"GACGGCTCATCTCCCA-1","Monocytes","Monocytes",0.380436330143704
"GACGGCTCATGTCTCC-1","Monocytes","Monocytes",0.369990116293807
"GACGGCTCATTAGCCA-1","CD8+ T cells","CD8+ T cells",0.314958124087389
"GACGGCTCATTGGTAC-1","B cells",NA,0.30496552185862
"GACGGCTGTCTACCTC-1","CD4+ T cells","CD4+ T cells",0.334341218506829
"GACGGCTGTGCGGTAA-1","Monocytes","Monocytes",0.426293835153834
"GACGGCTGTGGACGAT-1","B cells","B cells",0.343608919603611
"GACGGCTGTTCGTTGA-1","Monocytes","Monocytes",0.496636910280577
"GACGGCTGTTGAGTTC-1","CD4+ T cells","CD4+ T cells",0.317510077400998
"GACGGCTTCAGCTCGG-1","T cells","T cells",0.33047509379989
"GACGGCTTCAGGTTCA-1","T cells","T cells",0.282915394011092
"GACGGCTTCCATTCTA-1","CD4+ T cells","CD4+ T cells",0.345422156453875
"GACGTGCAGCGCCTTG-1","T cells","T cells",0.356637150526688
"GACGTGCAGCGTTCCG-1","CD4+ T cells","CD4+ T cells",0.327983287434824
"GACGTGCAGGATATAC-1","Monocytes","Monocytes",0.457863700432198
"GACGTGCAGTGGGTTG-1","CD4+ T cells","CD4+ T cells",0.353678679371152
"GACGTGCCAAATCCGT-1","Monocytes","Monocytes",0.435080153495774
"GACGTGCCAGGATTGG-1","B cells","B cells",0.357615449749834
"GACGTGCCATCGATTG-1","NK cells","NK cells",0.323584286500565
"GACGTGCGTACCAGTT-1","NK cells","NK cells",0.393122582452991
"GACGTGCGTCGAACAG-1","Monocytes","Monocytes",0.437888357275341
"GACGTGCGTGCGGTAA-1","T cells","T cells",0.334004228297724
"GACGTGCGTTACCGAT-1","NK cells",NA,0.296514912156964
"GACGTGCGTTCTGTTT-1","Monocytes","Monocytes",0.333175038442677
"GACGTGCTCAGAGACG-1","T cells","T cells",0.405394885627514
"GACGTGCTCGTACCGG-1","CD4+ T cells","CD4+ T cells",0.345501568031001
"GACGTGCTCGTTTGCC-1","Monocytes","Monocytes",0.451821913553605
"GACGTTAAGAATCTCC-1","Monocytes","Monocytes",0.459833119466722
"GACGTTAAGACACTAA-1","Dendritic cells","Dendritic cells",0.499416592493776
"GACGTTAAGCGCTTAT-1","T cells","T cells",0.323901125917688
"GACGTTAAGGTGATAT-1","Monocytes","Monocytes",0.461749944722809
"GACGTTAAGTCATGCT-1","B cells","B cells",0.337486546786892
"GACGTTACATGCGCAC-1","Monocytes","Monocytes",0.331256300813994
"GACGTTAGTACCGGCT-1","B cells","B cells",0.317340928853528
"GACGTTAGTCACACGC-1","CD4+ T cells","CD4+ T cells",0.321166647323521
"GACGTTAGTCCTGCTT-1","B cells","B cells",0.38336228166136
"GACGTTAGTCGTGGCT-1","CD4+ T cells","CD4+ T cells",0.303671518644861
"GACGTTAGTCTTCAAG-1","Monocytes","Monocytes",0.418173745017678
"GACGTTAGTTGCCTCT-1","CD8+ T cells","CD8+ T cells",0.290825569883281
"GACGTTATCACTCTTA-1","CD4+ T cells","CD4+ T cells",0.326074486395966
"GACGTTATCTTCATGT-1","CD8+ T cells","CD8+ T cells",0.35390854260076
"GACTAACAGGCCGAAT-1","T cells","T cells",0.305581908313016
"GACTAACAGGGCATGT-1","Monocytes","Monocytes",0.456143272727134
"GACTAACCAATCTGCA-1","B cells","B cells",0.373143624807285
"GACTAACCACCAGGCT-1","T cells","T cells",0.333326327787025
"GACTAACCAGTCCTTC-1","NK cells","NK cells",0.430688541824386
"GACTAACCAGTGACAG-1","CD4+ T cells","CD4+ T cells",0.376809352505976
"GACTAACCATGGTCTA-1","CD8+ T cells","CD8+ T cells",0.291025874035871
"GACTAACGTCCCGACA-1","CD4+ T cells","CD4+ T cells",0.35831852731087
"GACTAACGTCGGCATC-1","NK cells","NK cells",0.407583605993108
"GACTAACGTCTAAAGA-1","B cells","B cells",0.354965770500737
"GACTAACGTCTAACGT-1","Monocytes","Monocytes",0.400972936315298
"GACTAACGTCTGCAAT-1","CD4+ T cells","CD4+ T cells",0.320103047281764
"GACTAACGTTCCACGG-1","NK cells","NK cells",0.379627011681374
"GACTAACGTTGTGGCC-1","CD8+ T cells","CD8+ T cells",0.283375193286375
"GACTAACTCCTGTACC-1","CD4+ T cells","CD4+ T cells",0.329632004574833
"GACTAACTCTAACGGT-1","B cells","B cells",0.2906881580528
"GACTAACTCTGCGTAA-1","Monocytes","Monocytes",0.422756283477931
"GACTACAAGATGGGTC-1","CD8+ T cells","CD8+ T cells",0.333369659143227
"GACTACAAGATGTGTA-1","CD4+ T cells","CD4+ T cells",0.29475984360751
"GACTACAAGGCTAGAC-1","Monocytes","Monocytes",0.404319556751907
"GACTACAAGTACGCGA-1","T cells","T cells",0.312239998126349
"GACTACACAAGCGCTC-1","CD4+ T cells","CD4+ T cells",0.363851538943435
"GACTACACAATGGTCT-1","CD4+ T cells","CD4+ T cells",0.311147592891977
"GACTACACACCATCCT-1","Monocytes","Monocytes",0.431792354963653
"GACTACACAGCCAGAA-1","Monocytes","Monocytes",0.409863243795218
"GACTACAGTCTCTTAT-1","NK cells","NK cells",0.368349901625353
"GACTACAGTGTGCGTC-1","Monocytes","Monocytes",0.383727509290799
"GACTACATCGAATGGG-1","CD8+ T cells","CD8+ T cells",0.3227793211265
"GACTACATCGCGATCG-1","Dendritic cells","Dendritic cells",0.532475226376708
"GACTACATCTCTAGGA-1","NK cells","NK cells",0.357846806238637
"GACTGCGAGACTAAGT-1","B cells","B cells",0.320117151767256
"GACTGCGAGATCCCGC-1","CD4+ T cells","CD4+ T cells",0.328393071806188
"GACTGCGAGCGTTCCG-1","Monocytes","Monocytes",0.3942454497029
"GACTGCGAGCTAACTC-1","B cells","B cells",0.291586823833438
"GACTGCGAGGTAAACT-1","NK cells","NK cells",0.394928401481401
"GACTGCGAGTTGCAGG-1","B cells","B cells",0.312421798319356
"GACTGCGCAAGTCTAC-1","CD4+ T cells","CD4+ T cells",0.284241844787236
"GACTGCGCAAGTTCTG-1","Dendritic cells","Dendritic cells",0.453562802219887
"GACTGCGCAATGGAGC-1","B cells","B cells",0.335956714825351
"GACTGCGCATAGTAAG-1","Monocytes","Monocytes",0.404283977101135
"GACTGCGCATTGAGCT-1","Monocytes","Monocytes",0.363421689490768
"GACTGCGGTCCGACGT-1","Dendritic cells","Dendritic cells",0.495658983063004
"GACTGCGGTCGCCATG-1","Monocytes","Monocytes",0.422074381626735
"GACTGCGGTTCCCTTG-1","CD4+ T cells","CD4+ T cells",0.296946431184215
"GACTGCGGTTTAAGCC-1","CD4+ T cells","CD4+ T cells",0.29071034765631
"GACTGCGTCACGCGGT-1","CD4+ T cells","CD4+ T cells",0.304243003259045
"GACTGCGTCAGGCAAG-1","T cells","T cells",0.404589640777731
"GACTGCGTCATCACCC-1","Monocytes","Monocytes",0.445898042032497
"GACTGCGTCTTCTGGC-1","CD8+ T cells","CD8+ T cells",0.350411550526201
"GAGCAGAAGAAACGCC-1","CD8+ T cells","CD8+ T cells",0.301340489739264
"GAGCAGAAGAGCCCAA-1","B cells","B cells",0.332251309613224
"GAGCAGAAGAGCTGCA-1","NK cells","NK cells",0.441222406202972
"GAGCAGAAGAGTAATC-1","Monocytes","Monocytes",0.403516764420562
"GAGCAGAAGCAAATCA-1","Monocytes","Monocytes",0.419723148163814
"GAGCAGAAGCAGCCTC-1","NK cells","NK cells",0.368172416326954
"GAGCAGAAGCCACCTG-1","CD8+ T cells","CD8+ T cells",0.313098710659718
"GAGCAGAAGTCGTTTG-1","CD4+ T cells","CD4+ T cells",0.352651597670802
"GAGCAGAAGTTTAGGA-1","T cells","T cells",0.380720422391689
"GAGCAGACACACCGCA-1","T cells","T cells",0.338432175782105
"GAGCAGACAGACTCGC-1","CD4+ T cells","CD4+ T cells",0.297219659372144
"GAGCAGACATAAAGGT-1","CD4+ T cells","CD4+ T cells",0.354502999243281
"GAGCAGACATTCCTCG-1","T cells","T cells",0.296387797181881
"GAGCAGAGTACAGACG-1","Monocytes","Monocytes",0.368211126516809
"GAGCAGAGTAGAGTGC-1","Monocytes","Monocytes",0.443271169196755
"GAGCAGAGTATAATGG-1","B cells","B cells",0.335787289351064
"GAGCAGAGTCCGAAGA-1","B cells","B cells",0.340377404277746
"GAGCAGAGTCTGATTG-1","CD4+ T cells","CD4+ T cells",0.303466476354995
"GAGCAGAGTTGATTCG-1","T cells","T cells",0.363226554250643
"GAGCAGATCAAGGCTT-1","Dendritic cells","Dendritic cells",0.535783877416129
"GAGGTGAAGATACACA-1","T cells","T cells",0.368117594526703
"GAGGTGAAGATCACGG-1","T cells","T cells",0.318377980206135
"GAGGTGAAGGACAGCT-1","Monocytes","Monocytes",0.431987467224418
"GAGGTGAAGTACGTAA-1","Monocytes","Monocytes",0.499873786611073
"GAGGTGACAAGCCGTC-1","CD8+ T cells","CD8+ T cells",0.288376464073342
"GAGGTGACAAGGACTG-1","B cells","B cells",0.391475456550364
"GAGGTGACAAGTCTGT-1","T cells","T cells",0.367818488332004
"GAGGTGACACAGACTT-1","T cells","T cells",0.294859446288081
"GAGGTGACAGTAAGAT-1","CD4+ T cells","CD4+ T cells",0.323683742734454
"GAGGTGACAGTGAGTG-1","Monocytes","Monocytes",0.471658119659653
"GAGGTGACAGTGGGAT-1","NK cells",NA,0.306499373410407
"GAGGTGACAGTTTACG-1","Monocytes","Monocytes",0.469799520886505
"GAGGTGAGTACCGAGA-1","B cells","B cells",0.341641868308381
"GAGGTGAGTATCACCA-1","CD8+ T cells","CD8+ T cells",0.337686361504699
"GAGGTGAGTCAACTGT-1","CD4+ T cells","CD4+ T cells",0.293824964435933
"GAGGTGAGTCATGCAT-1","T cells","T cells",0.287336170712475
"GAGGTGAGTGGCAAAC-1","CD4+ T cells","CD4+ T cells",0.350546234654887
"GAGGTGAGTTCAGGCC-1","Dendritic cells","Dendritic cells",0.524948742438724
"GAGGTGATCAGCACAT-1","CD4+ T cells","CD4+ T cells",0.335496380323513
"GAGGTGATCCTGTAGA-1","B cells","B cells",0.318605829911061
"GAGGTGATCGCATGGC-1","T cells","T cells",0.336065329998311
"GAGGTGATCTAACTGG-1","T cells","T cells",0.344263883006637
"GAGGTGATCTGCCCTA-1","NK cells","NK cells",0.424075445153644
"GAGTCCGAGAGCAATT-1","T cells","T cells",0.440700480198132
"GAGTCCGAGAGCCCAA-1","Monocytes","Monocytes",0.387131717715176
"GAGTCCGAGCGCTTAT-1","T cells","T cells",0.372043196826158
"GAGTCCGAGGAGTTGC-1","CD4+ T cells","CD4+ T cells",0.402430092986736
"GAGTCCGAGTGCAAGC-1","Monocytes","Monocytes",0.386491281533011
"GAGTCCGCAACTTGAC-1","CD8+ T cells","CD8+ T cells",0.317521353572382
"GAGTCCGCACACATGT-1","T cells","T cells",0.352667604361883
"GAGTCCGCAGCAGTTT-1","T cells","T cells",0.347334356511442
"GAGTCCGCAGCATACT-1","CD8+ T cells","CD8+ T cells",0.354730751395544
"GAGTCCGCAGCCACCA-1","T cells","T cells",0.318705369241654
"GAGTCCGCATAAAGGT-1","T cells","T cells",0.351142746994756
"GAGTCCGCATGAGCGA-1","CD4+ T cells","CD4+ T cells",0.369641728451088
"GAGTCCGCATTAGCCA-1","B cells","B cells",0.311069006207336
"GAGTCCGCATTCGACA-1","Monocytes","Monocytes",0.426102365772215
"GAGTCCGGTAACGCGA-1","CD4+ T cells","CD4+ T cells",0.318102545294435
"GAGTCCGGTATATCCG-1","Monocytes","Monocytes",0.415526561114794
"GAGTCCGGTATCACCA-1","NK cells","NK cells",0.400401487279862
"GAGTCCGGTCCGCTGA-1","CD4+ T cells","CD4+ T cells",0.3120435163436
"GAGTCCGGTCTGCCAG-1","T cells","T cells",0.357769078807547
"GAGTCCGGTTTGTGTG-1","CD4+ T cells","CD4+ T cells",0.335200579991256
"GAGTCCGTCACTGGGC-1","Monocytes","Monocytes",0.383243454286652
"GAGTCCGTCATGCATG-1","B cells","B cells",0.325619914822764
"GAGTCCGTCCGATATG-1","Monocytes","Monocytes",0.465142495699222
"GAGTCCGTCGTCGTTC-1","CD8+ T cells","CD8+ T cells",0.342898558962289
"GATCAGTAGCAGGTCA-1","NK cells","NK cells",0.429140713542673
"GATCAGTAGCCCGAAA-1","CD4+ T cells","CD4+ T cells",0.291318957108949
"GATCAGTCAAGGTTTC-1","B cells","B cells",0.333153148957441
"GATCAGTCACCACCAG-1","Dendritic cells","Dendritic cells",0.506644137088816
"GATCAGTCAGCCACCA-1","T cells","T cells",0.305983067023147
"GATCAGTCAGCGATCC-1","CD8+ T cells","CD8+ T cells",0.342935377551085
"GATCAGTCAGGCTCAC-1","CD8+ T cells","CD8+ T cells",0.330611499470308
"GATCAGTCAGTAGAGC-1","CD8+ T cells","CD8+ T cells",0.340881508983069
"GATCAGTCAGTCCTTC-1","Monocytes","Monocytes",0.451943909369605
"GATCAGTCATGCCTTC-1","T cells","T cells",0.317330526283172
"GATCAGTCATTCTCAT-1","B cells","B cells",0.375801744736525
"GATCAGTGTACCTACA-1","T cells","T cells",0.382310010037388
"GATCAGTGTCCAGTAT-1","CD4+ T cells","CD4+ T cells",0.329639029469523
"GATCAGTGTCCAGTTA-1","CD8+ T cells","CD8+ T cells",0.328186673502956
"GATCAGTGTGTAATGA-1","CD8+ T cells","CD8+ T cells",0.337121916139254
"GATCAGTTCCGGCACA-1","Monocytes","Monocytes",0.335829357093283
"GATCAGTTCCTAAGTG-1","CD8+ T cells","CD8+ T cells",0.299284683911865
"GATCAGTTCGCTTAGA-1","CD4+ T cells","CD4+ T cells",0.343835296752704
"GATCGATAGAAACGCC-1","CD8+ T cells","CD8+ T cells",0.330906825670862
"GATCGATAGAGTGACC-1","T cells","T cells",0.386568432256968
"GATCGATAGATCACGG-1","CD4+ T cells","CD4+ T cells",0.303194467899909
"GATCGATAGCCACGCT-1","CD4+ T cells","CD4+ T cells",0.28452581949162
"GATCGATAGCTAACAA-1","CD4+ T cells","CD4+ T cells",0.335558213129979
"GATCGATAGTGGGATC-1","Monocytes","Monocytes",0.381140127066575
"GATCGATCAACTGGCC-1","B cells","B cells",0.435580259780338
"GATCGATCACAACGCC-1","Dendritic cells","Dendritic cells",0.465057823881399
"GATCGATCACAGAGGT-1","B cells","B cells",0.345316819029416
"GATCGATCACTTACGA-1","Monocytes","Monocytes",0.480309055889167
"GATCGATCATTACGAC-1","T cells","T cells",0.382877202583895
"GATCGATGTCTGCCAG-1","Monocytes","Monocytes",0.374045807538962
"GATCGATGTCTTTCAT-1","T cells","T cells",0.421865805895962
"GATCGATGTGCACGAA-1","Monocytes","Monocytes",0.384212187391184
"GATCGATGTTCCACTC-1","Monocytes","Monocytes",0.451759138839405
"GATCGATTCACCGTAA-1","CD4+ T cells","CD4+ T cells",0.344350921782862
"GATCGATTCCAGTATG-1","CD4+ T cells","CD4+ T cells",0.307900843380479
"GATCGATTCTGTGCAA-1","Monocytes","Monocytes",0.423130947888243
"GATCGCGAGACCGGAT-1","B cells","B cells",0.345507343979391
"GATCGCGAGCGGCTTC-1","Monocytes","Monocytes",0.42139304411026
"GATCGCGAGGTAAACT-1","B cells","B cells",0.359869819306385
"GATCGCGAGTCTTGCA-1","Monocytes","Monocytes",0.486627954083685
"GATCGCGAGTTTAGGA-1","CD8+ T cells","CD8+ T cells",0.265566688568917
"GATCGCGCAAGCTGGA-1","NK cells","NK cells",0.413166504285816
"GATCGCGCACTTGGAT-1","Monocytes","Monocytes",0.42510262691144
"GATCGCGCAGTATCTG-1","CD8+ T cells","CD8+ T cells",0.355045077231884
"GATCGCGCATTACGAC-1","CD8+ T cells","CD8+ T cells",0.357979199610653
"GATCGCGGTAGGGACT-1","NK cells","NK cells",0.362808515113917
"GATCGCGGTCGAAAGC-1","CD8+ T cells","CD8+ T cells",0.330542534884133
"GATCGCGGTGAAAGAG-1","B cells",NA,0.3498136382346
"GATCGCGTCCGGGTGT-1","B cells","B cells",0.373744275775268
"GATCGCGTCCTGCTTG-1","Dendritic cells","Dendritic cells",0.536151353005288
"GATCGTAAGGCCCTTG-1","Monocytes","Monocytes",0.466513336142191
"GATCGTAAGGTAAACT-1","CD4+ T cells","CD4+ T cells",0.316700740512632
"GATCGTACAAAGGTGC-1","CD8+ T cells","CD8+ T cells",0.31870959653972
"GATCGTACAAGCTGAG-1","NK cells","NK cells",0.458380882183877
"GATCGTACACATCCAA-1","CD4+ T cells","CD4+ T cells",0.327332666807093
"GATCGTACACCGAAAG-1","B cells","B cells",0.316399567547337
"GATCGTACAGAGCCAA-1","Dendritic cells","Dendritic cells",0.350714926299864
"GATCGTAGTCACAAGG-1","CD4+ T cells","CD4+ T cells",0.331072481043449
"GATCGTAGTCTAACGT-1","B cells","B cells",0.330861232462635
"GATCGTATCAATAAGG-1","Monocytes","Monocytes",0.375552811694066
"GATCTAGAGAATGTGT-1","CD4+ T cells","CD4+ T cells",0.289427779951002
"GATCTAGAGCAAATCA-1","B cells","B cells",0.377195942410562
"GATCTAGAGCCCAACC-1","Monocytes","Monocytes",0.490374221679792
"GATCTAGAGCTACCTA-1","T cells","T cells",0.359853140252665
"GATCTAGAGTGATCGG-1","Monocytes","Monocytes",0.398809653622378
"GATCTAGCAAGCCGCT-1","B cells","B cells",0.315309759348217
"GATCTAGCAAGGTGTG-1","Monocytes","Monocytes",0.393578048656667
"GATCTAGCACCGCTAG-1","CD8+ T cells","CD8+ T cells",0.336013339175484
"GATCTAGCATACGCCG-1","Monocytes","Monocytes",0.42075405975885
"GATCTAGCATCCGTGG-1","CD8+ T cells","CD8+ T cells",0.28465369699401
"GATCTAGCATTGGCGC-1","B cells","B cells",0.375853430521649
"GATCTAGGTAAGTTCC-1","B cells","B cells",0.31731921537643
"GATCTAGGTGCAACTT-1","CD4+ T cells","CD4+ T cells",0.289790075206747
"GATCTAGGTGTAACGG-1","Monocytes","Monocytes",0.478397216771016
"GATCTAGTCAGCATGT-1","Monocytes","Monocytes",0.427966945311765
"GATCTAGTCAGTCCCT-1","CD8+ T cells","CD8+ T cells",0.334950787344107
"GATCTAGTCCTTGACC-1","T cells","T cells",0.385750718635995
"GATCTAGTCTATCGCC-1","Monocytes","Monocytes",0.390156825496266
"GATGAAAAGACAATAC-1","CD8+ T cells","CD8+ T cells",0.33007093170442
"GATGAAAAGATAGGAG-1","CD8+ T cells","CD8+ T cells",0.316579692627751
"GATGAAAAGGAATCGC-1","T cells","T cells",0.309548642729526
"GATGAAACACCCAGTG-1","Monocytes","Monocytes",0.508162501068872
"GATGAAACAGACGCTC-1","NK cells","NK cells",0.433260752822768
"GATGAAACAGATGGCA-1","Monocytes","Monocytes",0.396764893644528
"GATGAAAGTAATCGTC-1","Monocytes","Monocytes",0.413798424358331
"GATGAAAGTGGAAAGA-1","Monocytes","Monocytes",0.380114682212974
"GATGAAAGTGTCTGAT-1","Dendritic cells","Dendritic cells",0.464285128502047
"GATGAAAGTTGACGTT-1","T cells","T cells",0.290922749438678
"GATGAAATCCCTTGTG-1","Monocytes","Monocytes",0.487633922017318
"GATGAGGAGACAAGCC-1","T cells","T cells",0.391118005505074
"GATGAGGAGACAGACC-1","CD8+ T cells","CD8+ T cells",0.340575234402126
"GATGAGGAGCAATCTC-1","T cells","T cells",0.317046098881761
"GATGAGGAGCAGCGTA-1","Monocytes","Monocytes",0.427032835939976
"GATGAGGAGCTTCGCG-1","CD4+ T cells","CD4+ T cells",0.251684529297521
"GATGAGGAGTACGTAA-1","Dendritic cells","Dendritic cells",0.481510263844439
"GATGAGGAGTCCGGTC-1","Monocytes","Monocytes",0.419520729798281
"GATGAGGAGTTGTAGA-1","Monocytes","Monocytes",0.382845367982038
"GATGAGGCAATAGCGG-1","Monocytes","Monocytes",0.462770010039438
"GATGAGGGTAGCGCTC-1","Monocytes","Monocytes",0.490662637862845
"GATGAGGGTCCGTTAA-1","Monocytes","Monocytes",0.383982766557004
"GATGAGGGTTAAGAAC-1","CD4+ T cells","CD4+ T cells",0.263507452879053
"GATGAGGTCCACGCAG-1","Monocytes","Monocytes",0.447802683869761
"GATGAGGTCCGCAAGC-1","CD4+ T cells","CD4+ T cells",0.329108223085298
"GATGAGGTCGCACTCT-1","NK cells","NK cells",0.407932954351365
"GATGAGGTCTCTGAGA-1","CD8+ T cells","CD8+ T cells",0.318526464148058
"GATGCTAAGAAGGACA-1","Dendritic cells","Dendritic cells",0.553676349181308
"GATGCTAAGGCTATCT-1","B cells","B cells",0.340640633146346
"GATGCTAAGTCGCCGT-1","B cells","B cells",0.328958284490598
"GATGCTAAGTGGGCTA-1","T cells","T cells",0.330354200412185
"GATGCTACAACCGCCA-1","B cells","B cells",0.317727569521685
"GATGCTACAGAGCCAA-1","CD8+ T cells","CD8+ T cells",0.360526865551472
"GATGCTACATTGGTAC-1","T cells","T cells",0.35088689575614
"GATGCTAGTCGCATCG-1","CD8+ T cells","CD8+ T cells",0.349515260780987
"GATGCTAGTCTTCAAG-1","Monocytes","Monocytes",0.424380681975538
"GATGCTAGTGTGACGA-1","NK cells","NK cells",0.358997574030249
"GATGCTAGTTCAGGCC-1","CD4+ T cells","CD4+ T cells",0.276026720382564
"GATGCTAGTTGCTCCT-1","CD4+ T cells","CD4+ T cells",0.369105889036873
"GATGCTATCAACACTG-1","T cells","T cells",0.435885769717688
"GATGCTATCATACGGT-1","T cells","T cells",0.342326739462085
"GATGCTATCCTCCTAG-1","CD8+ T cells","CD8+ T cells",0.347397311360783
"GATGCTATCCTTTCTC-1","CD4+ T cells","CD4+ T cells",0.342486164383934
"GATGCTATCGAGAACG-1","T cells","T cells",0.37723485136577
"GATGCTATCGGAAACG-1","Monocytes","Monocytes",0.369157890193577
"GATTCAGAGCACCGCT-1","Monocytes","Monocytes",0.47553979883923
"GATTCAGAGTTGCAGG-1","CD4+ T cells","CD4+ T cells",0.264477165227131
"GATTCAGCAAGCCGTC-1","Monocytes","Monocytes",0.429559391566224
"GATTCAGCAATGGTCT-1","CD8+ T cells","CD8+ T cells",0.334608421009366
"GATTCAGCACAGGCCT-1","B cells","B cells",0.326544566580088
"GATTCAGCAGTAAGAT-1","Monocytes","Monocytes",0.411649671798555
"GATTCAGCATGCCTAA-1","Monocytes","Monocytes",0.369699429428234
"GATTCAGCATTCCTCG-1","CD4+ T cells","CD4+ T cells",0.340004579628023
"GATTCAGGTAGCTCCG-1","CD4+ T cells","CD4+ T cells",0.297177044125758
"GATTCAGGTATAGGGC-1","T cells","T cells",0.346176193664346
"GATTCAGGTCTCACCT-1","B cells","B cells",0.332931063774459
"GATTCAGGTCTTCTCG-1","B cells","B cells",0.360891892662135
"GATTCAGGTGACTACT-1","CD8+ T cells","CD8+ T cells",0.329790597051371
"GATTCAGTCAGTGCAT-1","B cells","B cells",0.349786202999517
"GATTCAGTCCCAAGTA-1","Progenitors","Progenitors",0.339058491655853
"GATTCAGTCGATCCCT-1","CD8+ T cells","CD8+ T cells",0.310358341936978
"GATTCAGTCTGTCCGT-1","CD4+ T cells","CD4+ T cells",0.315761175821052
"GATTCAGTCTGTTGAG-1","CD4+ T cells","CD4+ T cells",0.306046867770584
"GCAAACTAGAAAGTGG-1","T cells","T cells",0.298932435574367
"GCAAACTAGCCACCTG-1","T cells","T cells",0.326141020001002
"GCAAACTAGCCCAGCT-1","Monocytes","Monocytes",0.449355474869294
"GCAAACTCAAAGGTGC-1","CD8+ T cells","CD8+ T cells",0.346603203300561
"GCAAACTCAAGAGGCT-1","CD4+ T cells","CD4+ T cells",0.329968885128939
"GCAAACTCAAGGCTCC-1","T cells","T cells",0.406918834036669
"GCAAACTCAATCTACG-1","CD8+ T cells","CD8+ T cells",0.323938970096146
"GCAAACTCAATGGAAT-1","T cells","T cells",0.310576906121859
"GCAAACTCACATGTGT-1","B cells","B cells",0.322976673576506
"GCAAACTCACGGACAA-1","Monocytes","Monocytes",0.520708225256923
"GCAAACTCAGGTCCAC-1","Monocytes","Monocytes",0.419798416346029
"GCAAACTGTAAAGTCA-1","B cells","B cells",0.341613580033915
"GCAAACTGTAAGGGCT-1","CD4+ T cells","CD4+ T cells",0.270907498864032
"GCAAACTGTAGCTGCC-1","CD8+ T cells","CD8+ T cells",0.347986762231347
"GCAAACTGTCACTGGC-1","CD4+ T cells","CD4+ T cells",0.323608919376047
"GCAAACTGTCCTCCAT-1","CD4+ T cells","CD4+ T cells",0.352913833506924
"GCAAACTGTCGAAAGC-1","Monocytes","Monocytes",0.369320318475787
"GCAAACTGTGCATCTA-1","CD4+ T cells","CD4+ T cells",0.324756187442435
"GCAAACTGTTCCACAA-1","NK cells","NK cells",0.405351967592062
"GCAAACTTCGATGAGG-1","B cells","B cells",0.309218501875641
"GCAAACTTCTAGAGTC-1","T cells","T cells",0.321607808964678
"GCAATCAAGATCCCAT-1","CD4+ T cells","CD4+ T cells",0.348207132316411
"GCAATCAAGGCCATAG-1","B cells","B cells",0.347263254505652
"GCAATCACAATCTGCA-1","T cells","T cells",0.307173620078874
"GCAATCACAATGTTGC-1","Dendritic cells","Dendritic cells",0.512709762303465
"GCAATCACACCACCAG-1","Monocytes","Monocytes",0.338409459574682
"GCAATCACATGGATGG-1","Dendritic cells","Dendritic cells",0.525229725598427
"GCAATCAGTACCGTTA-1","Dendritic cells",NA,0.394550187088182
"GCAATCAGTATTACCG-1","B cells","B cells",0.419734561353426
"GCAATCAGTCACTGGC-1","B cells","B cells",0.342353901239347
"GCAATCAGTCTAACGT-1","B cells","B cells",0.349466493727245
"GCAATCAGTTCTGGTA-1","T cells","T cells",0.351032115287585
"GCAATCATCAGAGACG-1","CD4+ T cells","CD4+ T cells",0.277177342352828
"GCAATCATCCAGTATG-1","Monocytes","Monocytes",0.41296081031822
"GCAATCATCCGCGCAA-1","B cells","B cells",0.403924538316077
"GCAATCATCCTTTACA-1","CD4+ T cells","CD4+ T cells",0.354762080653659
"GCAATCATCGTAGATC-1","B cells","B cells",0.353786887519968
"GCAATCATCGTCACGG-1","CD8+ T cells","CD8+ T cells",0.315601893181943
"GCAATCATCTTGGGTA-1","Monocytes","Monocytes",0.465920329704936
"GCACATAAGCGATCCC-1","Monocytes","Monocytes",0.372598324728318
"GCACATACATCCCATC-1","Dendritic cells","Dendritic cells",0.486371688079189
"GCACATACATTAACCG-1","Monocytes","Monocytes",0.437190716587318
"GCACATACATTACGAC-1","CD4+ T cells","CD4+ T cells",0.320125149144999
"GCACATAGTACTTAGC-1","CD4+ T cells","CD4+ T cells",0.306219034195132
"GCACATAGTCATGCAT-1","Monocytes","Monocytes",0.426251711293542
"GCACATAGTTTGTTTC-1","CD4+ T cells","CD4+ T cells",0.327569098799171
"GCACATATCAACCATG-1","CD8+ T cells","CD8+ T cells",0.303811667106544
"GCACATATCAACGGCC-1","T cells","T cells",0.427781767684438
"GCACATATCCAGGGCT-1","T cells","T cells",0.344697218047445
"GCACATATCGTTTGCC-1","T cells","T cells",0.300855490372032
"GCACATATCTTACCTA-1","CD8+ T cells","CD8+ T cells",0.270345901802411
"GCACTCTAGCTAAGAT-1","CD8+ T cells","CD8+ T cells",0.29172839311972
"GCACTCTAGGACAGCT-1","CD4+ T cells","CD4+ T cells",0.314102330303307
"GCACTCTCAAAGGCGT-1","CD8+ T cells","CD8+ T cells",0.318692110166142
"GCACTCTCACACCGAC-1","T cells","T cells",0.310538721382992
"GCACTCTCATATGAGA-1","Monocytes","Monocytes",0.34473491936062
"GCACTCTCATCACGTA-1","T cells","T cells",0.337509584988632
"GCACTCTGTACTTGAC-1","Monocytes","Monocytes",0.391490381608077
"GCACTCTGTATTCTCT-1","CD4+ T cells","CD4+ T cells",0.328852851043455
"GCACTCTGTCAAAGAT-1","CD4+ T cells","CD4+ T cells",0.294471563450233
"GCACTCTGTCCAAGTT-1","Monocytes","Monocytes",0.487821185431607
"GCACTCTGTCGTCTTC-1","CD8+ T cells","CD8+ T cells",0.323201020321308
"GCACTCTGTTCAGGCC-1","CD8+ T cells","CD8+ T cells",0.334410789707885
"GCACTCTGTTGAACTC-1","CD4+ T cells","CD4+ T cells",0.311778107806125
"GCACTCTGTTGAGGTG-1","Dendritic cells",NA,0.271653246270267
"GCACTCTTCCTGCTTG-1","B cells","B cells",0.380307128393264
"GCACTCTTCGGAAACG-1","T cells","T cells",0.273556300932829
"GCACTCTTCTGTCCGT-1","CD4+ T cells","CD4+ T cells",0.325533280364413
"GCACTCTTCTTAGCCC-1","Monocytes","Monocytes",0.431721676922739
"GCAGCCAAGAAGCCCA-1","T cells","T cells",0.458234034429294
"GCAGCCAAGATATACG-1","T cells","T cells",0.291226705054049
"GCAGCCAAGATCTGCT-1","CD4+ T cells","CD4+ T cells",0.321137030220243
"GCAGCCAAGTCCGTAT-1","Dendritic cells","Dendritic cells",0.512714943983662
"GCAGCCAAGTTAAGTG-1","Monocytes","Monocytes",0.507116504524468
"GCAGCCAAGTTACCCA-1","CD8+ T cells","CD8+ T cells",0.303871845287105
"GCAGCCACAAAGAATC-1","B cells","B cells",0.389626312754127
"GCAGCCACAACACGCC-1","Monocytes","Monocytes",0.499819798875751
"GCAGCCACAAGCCGCT-1","CD8+ T cells","CD8+ T cells",0.298207045527894
"GCAGCCACAAGGACAC-1","T cells","T cells",0.360013300403329
"GCAGCCACATCCGCGA-1","T cells","T cells",0.337996698586832
"GCAGCCACATTAGGCT-1","T cells","T cells",0.369156089146421
"GCAGCCAGTAAATACG-1","CD4+ T cells","CD4+ T cells",0.311803889892336
"GCAGCCAGTAGTGAAT-1","T cells","T cells",0.298254848566033
"GCAGCCAGTCTCCCTA-1","CD8+ T cells","CD8+ T cells",0.325156166219468
"GCAGCCAGTGCATCTA-1","Monocytes","Monocytes",0.390755117363087
"GCAGCCAGTGTTAAGA-1","CD4+ T cells","CD4+ T cells",0.342318627717346
"GCAGCCAGTTGAACTC-1","Monocytes","Monocytes",0.40234073255414
"GCAGCCATCATAAAGG-1","Monocytes","Monocytes",0.461690098189474
"GCAGCCATCCAATGGT-1","Monocytes","Monocytes",0.413920260382178
"GCAGCCATCGCGCCAA-1","NK cells","NK cells",0.397639588546131
"GCAGTTAAGAGACTAT-1","Monocytes","Monocytes",0.385913715807486
"GCAGTTAAGAGAGCTC-1","T cells","T cells",0.40595943756304
"GCAGTTAAGCAACGGT-1","CD4+ T cells","CD4+ T cells",0.307082579658284
"GCAGTTAAGGAATTAC-1","Monocytes","Monocytes",0.441267033758819
"GCAGTTAAGTGTCCAT-1","T cells","T cells",0.351092421449528
"GCAGTTACAAGAGTCG-1","B cells","B cells",0.376350382501462
"GCAGTTAGTAGGGTAC-1","CD4+ T cells","CD4+ T cells",0.303777649727052
"GCAGTTAGTATTACCG-1","Monocytes","Monocytes",0.395027657263157
"GCAGTTAGTTCCATGA-1","Dendritic cells","Dendritic cells",0.618048883908491
"GCAGTTATCAACCATG-1","B cells","B cells",0.361543147570363
"GCAGTTATCACAGGCC-1","T cells","T cells",0.330802130320436
"GCAGTTATCAGCACAT-1","T cells","T cells",0.310722341914181
"GCAGTTATCATGTCCC-1","CD4+ T cells","CD4+ T cells",0.368193432015828
"GCAGTTATCCCGACTT-1","Monocytes","Monocytes",0.503493415011724
"GCAGTTATCCGCATCT-1","CD8+ T cells","CD8+ T cells",0.322639813205279
"GCAGTTATCGAACGGA-1","CD8+ T cells","CD8+ T cells",0.344013809682216
"GCAGTTATCTAACGGT-1","Monocytes","Monocytes",0.399949511204647
"GCATACAAGAGGGCTT-1","CD8+ T cells","CD8+ T cells",0.347615707376485
"GCATACAAGAGTGAGA-1","CD8+ T cells","CD8+ T cells",0.334371727258157
"GCATACAAGCGATGAC-1","Monocytes","Monocytes",0.521263896889726
"GCATACAAGTGAACGC-1","Monocytes","Monocytes",0.315534643273749
"GCATACAAGTTACCCA-1","CD4+ T cells","CD4+ T cells",0.337854781379898
"GCATACAAGTTGAGAT-1","T cells","T cells",0.353429110079182
"GCATACACAAGAGGCT-1","T cells","T cells",0.357395391817536
"GCATACACAAGCCATT-1","CD4+ T cells","CD4+ T cells",0.36152369045714
"GCATACACAAGCGATG-1","CD8+ T cells","CD8+ T cells",0.312861188193683
"GCATACACAATGGATA-1","Monocytes","Monocytes",0.431030039385254
"GCATACACACGCATCG-1","Monocytes","Monocytes",0.33384568570253
"GCATACACACTACAGT-1","T cells","T cells",0.338798066926219
"GCATACACAGATGAGC-1","T cells","T cells",0.391245965313464
"GCATACACATATACCG-1","NK cells","NK cells",0.356799945892459
"GCATACACATTATCTC-1","Monocytes","Monocytes",0.452314929840478
"GCATACAGTCTAAAGA-1","CD8+ T cells","CD8+ T cells",0.317240911062733
"GCATACATCCGGCACA-1","B cells","B cells",0.334011845067012
"GCATACATCGCAAGCC-1","T cells","T cells",0.338968025726311
"GCATGATAGACTGGGT-1","Monocytes","Monocytes",0.393646787131496
"GCATGATAGCGATAGC-1","T cells","T cells",0.322497652930132
"GCATGATAGCTAAACA-1","T cells","T cells",0.336347794695368
"GCATGATAGTTGTCGT-1","B cells","B cells",0.322123383283862
"GCATGATCAAGTTAAG-1","T cells","T cells",0.388292309896426
"GCATGATCACTACAGT-1","Monocytes","Monocytes",0.491365129468291
"GCATGATCAGGTCCAC-1","NK cells",NA,0.358444941269839
"GCATGATCAGTGGGAT-1","CD8+ T cells","CD8+ T cells",0.317170561612775
"GCATGATCATCACAAC-1","CD4+ T cells","CD4+ T cells",0.322867983472149
"GCATGATGTAAGTGGC-1","CD4+ T cells","CD4+ T cells",0.36971305915853
"GCATGATGTCTACCTC-1","T cells","T cells",0.33520179487324
"GCATGATTCATCGCTC-1","T cells","T cells",0.32443291440588
"GCATGATTCGAGCCCA-1","B cells","B cells",0.329235148299627
"GCATGATTCGGCTTGG-1","Monocytes","Monocytes",0.356773867490328
"GCATGATTCTGCGTAA-1","CD8+ T cells","CD8+ T cells",0.327348568717797
"GCATGCGAGAGTGACC-1","CD8+ T cells","CD8+ T cells",0.341881468407652
"GCATGCGAGCTCAACT-1","CD4+ T cells","CD4+ T cells",0.352034883780555
"GCATGCGAGGATGCGT-1","B cells","B cells",0.283004599981266
"GCATGCGAGGGTCTCC-1","Monocytes","Monocytes",0.486825089101675
"GCATGCGCAAGCGATG-1","NK cells","NK cells",0.360439852607656
"GCATGCGCACCATCCT-1","CD8+ T cells","CD8+ T cells",0.322960024878413
"GCATGCGCATCAGTCA-1","Monocytes","Monocytes",0.382630834954816
"GCATGCGCATGTCTCC-1","B cells","B cells",0.320462034294802
"GCATGCGGTACCATCA-1","T cells","T cells",0.315207342079193
"GCATGCGGTGTGTGCC-1","CD8+ T cells","CD8+ T cells",0.317186044431323
"GCATGCGGTTAGTGGG-1","NK cells","NK cells",0.377858860731571
"GCATGCGGTTATGCGT-1","B cells","B cells",0.340461401591756
"GCATGCGTCAAAGACA-1","CD4+ T cells","CD4+ T cells",0.317432981437281
"GCATGCGTCAATACCG-1","T cells","T cells",0.380547693415352
"GCATGCGTCCACGTGG-1","B cells","B cells",0.300953736275679
"GCATGCGTCCCATTTA-1","Monocytes","Monocytes",0.452713001705396
"GCATGCGTCTTAACCT-1","B cells","B cells",0.324998168169934
"GCATGCGTCTTCGAGA-1","Monocytes","Monocytes",0.406073800653237
"GCATGCGTCTTTACGT-1","B cells","B cells",0.335538799660756
"GCATGTAAGAGCTGGT-1","Monocytes","Monocytes",0.360539471324482
"GCATGTAAGATTACCC-1","CD8+ T cells","CD8+ T cells",0.369277034889441
"GCATGTAAGGCTAGAC-1","CD4+ T cells","CD4+ T cells",0.304554292594206
"GCATGTACACCCTATC-1","T cells","T cells",0.341186970126225
"GCATGTACAGATCCAT-1","NK cells","NK cells",0.435670138134711
"GCATGTACAGGCTGAA-1","NK cells","NK cells",0.402408613247216
"GCATGTACATGCCTTC-1","CD4+ T cells","CD4+ T cells",0.32026600860815
"GCATGTAGTTAAGATG-1","Monocytes","Monocytes",0.444530315472704
"GCATGTATCACCGGGT-1","T cells","T cells",0.352072705606442
"GCATGTATCAGTCCCT-1","Monocytes","Monocytes",0.456869393168246
"GCATGTATCATAACCG-1","Monocytes","Monocytes",0.490573868574464
"GCATGTATCCACTGGG-1","CD4+ T cells","CD4+ T cells",0.403183920405697
"GCATGTATCCGTTGCT-1","CD4+ T cells","CD4+ T cells",0.338101984086748
"GCATGTATCTCGATGA-1","Monocytes","Monocytes",0.365139825215753
"GCCAAATAGATAGTCA-1","Dendritic cells","Dendritic cells",0.449842399646531
"GCCAAATAGTCAAGCG-1","T cells","T cells",0.347957615669741
"GCCAAATCAAGTTAAG-1","B cells","B cells",0.319354336666551
"GCCAAATCAATCGAAA-1","T cells","T cells",0.3763755982857
"GCCAAATCACGAAGCA-1","CD4+ T cells","CD4+ T cells",0.337029688546235
"GCCAAATCATATACCG-1","NK cells","NK cells",0.424226705194687
"GCCAAATCATGCCTTC-1","CD8+ T cells","CD8+ T cells",0.322048431179846
"GCCAAATGTACAGTGG-1","Monocytes","Monocytes",0.407722607026261
"GCCAAATGTACTCTCC-1","CD8+ T cells","CD8+ T cells",0.338398052181447
"GCCAAATGTTACGGAG-1","T cells","T cells",0.354478745002721
"GCCTCTAAGAAGAAGC-1","Monocytes","Monocytes",0.502452135944498
"GCCTCTAAGAATTCCC-1","CD4+ T cells","CD4+ T cells",0.348737210700334
"GCCTCTAAGACACGAC-1","T cells","T cells",0.406036342806508
"GCCTCTAAGCCTATGT-1","T cells","T cells",0.33557160310864
"GCCTCTAAGCGTGAAC-1","Monocytes","Monocytes",0.432568422951634
"GCCTCTAAGCTAGTTC-1","B cells","B cells",0.323102413727822
"GCCTCTAAGTGGGATC-1","B cells","B cells",0.316641907087852
"GCCTCTACAACGATGG-1","CD8+ T cells","CD8+ T cells",0.302743210022246
"GCCTCTACAATGCCAT-1","CD4+ T cells","CD4+ T cells",0.328447954768085
"GCCTCTACAATGGACG-1","T cells","T cells",0.373344252143134
"GCCTCTACATCTCCCA-1","B cells","B cells",0.349692452500412
"GCCTCTACATGCTAGT-1","CD8+ T cells","CD8+ T cells",0.384364324979331
"GCCTCTAGTCAATGTC-1","Monocytes","Monocytes",0.433239103446497
"GCCTCTAGTCATACTG-1","T cells","T cells",0.265952463173757
"GCCTCTAGTGCATCTA-1","NK cells","NK cells",0.44703931855543
"GCCTCTAGTGGTAACG-1","CD8+ T cells","CD8+ T cells",0.334488091356157
"GCCTCTAGTTCTGTTT-1","CD8+ T cells","CD8+ T cells",0.335377976414846
"GCCTCTATCAACACAC-1","CD4+ T cells","CD4+ T cells",0.310383356056282
"GCCTCTATCATGTCCC-1","CD8+ T cells","CD8+ T cells",0.32294127226918
"GCCTCTATCCATTCTA-1","CD4+ T cells","CD4+ T cells",0.33996433155109
"GCCTCTATCCCTGACT-1","B cells","B cells",0.382278384229186
"GCCTCTATCGGTTAAC-1","NK cells","NK cells",0.417795243626449
"GCGACCAAGCCAGTAG-1","Monocytes","Monocytes",0.390190302056506
"GCGACCAAGCTCCCAG-1","CD4+ T cells","CD4+ T cells",0.307534562651138
"GCGACCACACCCATTC-1","Monocytes","Monocytes",0.455777624157169
"GCGACCACAGGCAGTA-1","CD8+ T cells","CD8+ T cells",0.321323633130801
"GCGACCACATCGGTTA-1","CD8+ T cells","CD8+ T cells",0.339125710141409
"GCGACCAGTAGCCTAT-1","T cells","T cells",0.348406422436957
"GCGACCAGTAGCCTCG-1","Monocytes","Monocytes",0.371069308618264
"GCGACCAGTAGGCTGA-1","CD8+ T cells","CD8+ T cells",0.327611543239952
"GCGACCAGTCCGAACC-1","B cells","B cells",0.329073545394027
"GCGACCAGTGCCTGCA-1","T cells","T cells",0.333634164567216
"GCGACCAGTGCGATAG-1","Dendritic cells","Dendritic cells",0.47775439340977
"GCGACCAGTTCAGTAC-1","CD4+ T cells","CD4+ T cells",0.316112840593254
"GCGACCATCACCCGAG-1","CD4+ T cells","CD4+ T cells",0.303178437061033
"GCGACCATCCGAGCCA-1","T cells","T cells",0.319116627683747
"GCGAGAAAGACTAAGT-1","T cells","T cells",0.406400284800619
"GCGAGAAAGCCACGCT-1","CD8+ T cells","CD8+ T cells",0.309660530513228
"GCGAGAAAGCCTTGAT-1","T cells","T cells",0.342762754357538
"GCGAGAAAGTTAGCGG-1","CD4+ T cells","CD4+ T cells",0.340157165681545
"GCGAGAACAAACGTGG-1","T cells","T cells",0.318388260556449
"GCGAGAACAATAGAGT-1","T cells","T cells",0.343928274669496
"GCGAGAACACCTCGGA-1","B cells",NA,0.314914734482312
"GCGAGAACAGGGTATG-1","Monocytes","Monocytes",0.47499187434377
"GCGAGAACATAGAAAC-1","Monocytes","Monocytes",0.405904580861727
"GCGAGAACATGTAAGA-1","Dendritic cells","Dendritic cells",0.469653298849359
"GCGAGAAGTAAACGCG-1","T cells","T cells",0.296017599388287
"GCGAGAAGTACGCACC-1","Monocytes","Monocytes",0.475179155468766
"GCGAGAAGTAGCTAAA-1","CD4+ T cells","CD4+ T cells",0.34795935572887
"GCGAGAAGTCCGACGT-1","T cells","T cells",0.453204345393031
"GCGAGAATCCTCAATT-1","CD4+ T cells","CD4+ T cells",0.365606164461243
"GCGAGAATCGCTTGTC-1","T cells","T cells",0.44126557434921
"GCGAGAATCGTTTATC-1","B cells","B cells",0.323861120880059
"GCGCAACAGAAGGTGA-1","CD4+ T cells","CD4+ T cells",0.347839643616196
"GCGCAACAGACGCAAC-1","CD4+ T cells","CD4+ T cells",0.331109160598132
"GCGCAACAGTGAAGAG-1","Monocytes","Monocytes",0.454142494847422
"GCGCAACCAAGGACAC-1","CD4+ T cells","CD4+ T cells",0.326585275790205
"GCGCAACCACGTCTCT-1","CD4+ T cells","CD4+ T cells",0.288199384893243
"GCGCAACCAGCCTTGG-1","CD4+ T cells","CD4+ T cells",0.317200967743754
"GCGCAACCATCCGGGT-1","B cells","B cells",0.329781807617475
"GCGCAACCATCGACGC-1","CD8+ T cells","CD8+ T cells",0.305453809689886
"GCGCAACCATGACGGA-1","T cells","T cells",0.343759493403095
"GCGCAACCATTGGTAC-1","CD8+ T cells","CD8+ T cells",0.306560540287593
"GCGCAACGTAAACACA-1","CD4+ T cells","CD4+ T cells",0.320471493631537
"GCGCAACGTCCAGTAT-1","T cells","T cells",0.322606992653556
"GCGCAACGTCGCGGTT-1","B cells","B cells",0.338253740405777
"GCGCAACGTCTCTTTA-1","T cells","T cells",0.366315369542298
"GCGCAACGTGCCTGCA-1","Monocytes","Monocytes",0.330639662929722
"GCGCAACTCTGGGCCA-1","CD4+ T cells","CD4+ T cells",0.31612676125692
"GCGCAGTAGACCACGA-1","T cells","T cells",0.302275667739739
"GCGCAGTAGACCGGAT-1","T cells","T cells",0.283328769865247
"GCGCAGTAGACCTAGG-1","CD8+ T cells","CD8+ T cells",0.300680049253067
"GCGCAGTAGGCCGAAT-1","CD8+ T cells","CD8+ T cells",0.309090551165751
"GCGCAGTAGTAGGCCA-1","T cells","T cells",0.336215795150384
"GCGCAGTAGTCCGGTC-1","B cells","B cells",0.314207850921609
"GCGCAGTAGTCGTTTG-1","CD8+ T cells","CD8+ T cells",0.327483711245111
"GCGCAGTAGTGATCGG-1","T cells","T cells",0.357001560514162
"GCGCAGTCAATCGGTT-1","B cells","B cells",0.344931484167504
"GCGCAGTCACTTGGAT-1","B cells","B cells",0.381860225369215
"GCGCAGTCAGTTCCCT-1","T cells","T cells",0.421379535031437
"GCGCAGTCATTTGCTT-1","B cells","B cells",0.348833819689216
"GCGCAGTGTAAGAGAG-1","T cells","T cells",0.363115539950564
"GCGCAGTGTAATCGTC-1","B cells","B cells",0.350079066068943
"GCGCAGTGTAGAAGGA-1","NK cells","NK cells",0.368566219315278
"GCGCAGTGTCCATCCT-1","CD4+ T cells","CD4+ T cells",0.298637932335198
"GCGCAGTGTCCGTTAA-1","B cells","B cells",0.331409968601286
"GCGCAGTGTCTCCATC-1","Monocytes","Monocytes",0.442700204893211
"GCGCAGTGTCTGCGGT-1","T cells","T cells",0.365997623166325
"GCGCAGTGTGAAAGAG-1","T cells","T cells",0.415803918535265
"GCGCAGTGTGCGCTTG-1","Monocytes","Monocytes",0.397183166061378
"GCGCAGTGTTACGTCA-1","CD8+ T cells","CD8+ T cells",0.285048381260371
"GCGCAGTTCCATTCTA-1","CD4+ T cells","CD4+ T cells",0.422379325083762
"GCGCAGTTCGAGGTAG-1","B cells","B cells",0.372961791004722
"GCGCAGTTCTCGTTTA-1","T cells","T cells",0.297212437108976
"GCGCCAAAGAGGTAGA-1","T cells","T cells",0.31006237824367
"GCGCCAAAGCTACCGC-1","Dendritic cells","Dendritic cells",0.539394347652435
"GCGCCAAAGCTGCGAA-1","NK cells","NK cells",0.34054417923896
"GCGCCAAAGCTTTGGT-1","Monocytes","Monocytes",0.334758231166883
"GCGCCAAAGTACGTTC-1","CD4+ T cells","CD4+ T cells",0.347234205188943
"GCGCCAAAGTGTCCAT-1","B cells","B cells",0.334305067926877
"GCGCCAACAACTTGAC-1","B cells",NA,0.321179834797139
"GCGCCAACAAGTTCTG-1","T cells","T cells",0.354803698220914
"GCGCCAACACAGGCCT-1","T cells","T cells",0.361176738573063
"GCGCCAACACCAGTTA-1","B cells","B cells",0.342223892124983
"GCGCCAACACGTTGGC-1","Monocytes","Monocytes",0.41462372149663
"GCGCCAACATAGACTC-1","B cells","B cells",0.319869114094843
"GCGCCAACATCTACGA-1","B cells","B cells",0.340136954525623
"GCGCCAACATCTGGTA-1","T cells","T cells",0.319279318501057
"GCGCCAAGTTCGCTAA-1","T cells","T cells",0.328868278719151
"GCGCCAAGTTTCCACC-1","T cells","T cells",0.327379114057905
"GCGCCAATCATTGCGA-1","T cells","T cells",0.344884377197557
"GCGCCAATCTACCAGA-1","Monocytes","Monocytes",0.429905587018392
"GCGCGATAGACACGAC-1","CD8+ T cells","CD8+ T cells",0.344831185735708
"GCGCGATAGATCCGAG-1","CD8+ T cells","CD8+ T cells",0.358856726228188
"GCGCGATAGATCGATA-1","CD4+ T cells","CD4+ T cells",0.298464552547189
"GCGCGATAGGACACCA-1","Dendritic cells","Dendritic cells",0.532172908968776
"GCGCGATAGGATCGCA-1","CD4+ T cells","CD4+ T cells",0.364077494725282
"GCGCGATCAATCTACG-1","CD4+ T cells","CD4+ T cells",0.333857833933628
"GCGCGATCAATGGAGC-1","CD4+ T cells","CD4+ T cells",0.320750966109479
"GCGCGATCACATCTTT-1","T cells","T cells",0.324158278458547
"GCGCGATCAGCTGCAC-1","T cells","T cells",0.385759125759152
"GCGCGATGTACAGTTC-1","Monocytes","Monocytes",0.478426498488386
"GCGCGATGTAGTGAAT-1","Monocytes","Monocytes",0.36563454699048
"GCGCGATGTCAAAGAT-1","Monocytes","Monocytes",0.347692476667331
"GCGCGATGTCTGGTCG-1","T cells","T cells",0.333761135126442
"GCGCGATGTGCACTTA-1","CD8+ T cells","CD8+ T cells",0.310494048803296
"GCGCGATGTTGAACTC-1","T cells","T cells",0.299849195474444
"GCGCGATGTTTCGCTC-1","T cells","T cells",0.373425922896162
"GCGCGATTCCCACTTG-1","Monocytes","Monocytes",0.445272452740131
"GCGCGATTCGCAAACT-1","CD4+ T cells","CD4+ T cells",0.361604652412494
"GCGCGATTCGTTACAG-1","CD4+ T cells","CD4+ T cells",0.347446577014857
"GCGCGATTCTTTCCTC-1","Monocytes","Monocytes",0.447850970759482
"GCGGGTTAGAGTCGGT-1","CD4+ T cells","CD4+ T cells",0.320232021646346
"GCGGGTTAGGATATAC-1","Monocytes","Monocytes",0.449276791381901
"GCGGGTTAGTACCGGA-1","Dendritic cells","Dendritic cells",0.549472358748205
"GCGGGTTCACTCAGGC-1","Monocytes","Monocytes",0.330930552705291
"GCGGGTTCAGTGACAG-1","CD8+ T cells","CD8+ T cells",0.321095503641553
"GCGGGTTCATTCACTT-1","CD4+ T cells","CD4+ T cells",0.369533540193675
"GCGGGTTCATTCCTCG-1","T cells","T cells",0.388025876717958
"GCGGGTTGTACTCTCC-1","NK cells","NK cells",0.364410981606604
"GCGGGTTGTCATGCCG-1","Monocytes","Monocytes",0.456280362332563
"GCGGGTTGTCCCTTGT-1","Monocytes","Monocytes",0.378849606397785
"GCGGGTTGTCTCTCGT-1","CD8+ T cells","CD8+ T cells",0.335242885925998
"GCGGGTTGTGTCAATC-1","B cells","B cells",0.321071684014743
"GCGGGTTTCATGCAAC-1","T cells","T cells",0.404833230869042
"GCGGGTTTCCGCATAA-1","T cells","T cells",0.331053762578385
"GCGGGTTTCCTGTACC-1","CD4+ T cells","CD4+ T cells",0.367479701308264
"GCGGGTTTCTGATACG-1","Monocytes","Monocytes",0.471689712824518
"GCTCCTAAGACACGAC-1","CD4+ T cells","CD4+ T cells",0.347399632610293
"GCTCCTAAGCCACGCT-1","Monocytes","Monocytes",0.433690263912134
"GCTCCTAAGCTGTCTA-1","B cells","B cells",0.326943224787195
"GCTCCTAAGGAACTGC-1","Monocytes","Monocytes",0.317545737985602
"GCTCCTAAGGACAGAA-1","B cells","B cells",0.375970823802188
"GCTCCTAAGTCGTTTG-1","CD8+ T cells","CD8+ T cells",0.349168285840913
"GCTCCTACAGCCTGTG-1","Monocytes","Monocytes",0.462155505471341
"GCTCCTACAGCGTAAG-1","Monocytes","Monocytes",0.414347328360401
"GCTCCTACAGGAATGC-1","Monocytes","Monocytes",0.320763608406844
"GCTCCTACAGGTCTCG-1","Dendritic cells","Dendritic cells",0.513167446268771
"GCTCCTAGTCACTGGC-1","T cells","T cells",0.391398538819633
"GCTCCTAGTGACAAAT-1","Monocytes","Monocytes",0.498407327486656
"GCTCCTAGTTCGGCAC-1","Monocytes","Monocytes",0.444605159924633
"GCTCCTATCACCAGGC-1","Monocytes","Monocytes",0.416863603090671
"GCTCCTATCATCGATG-1","T cells","T cells",0.337349114267094
"GCTCCTATCCAAGTAC-1","CD4+ T cells","CD4+ T cells",0.292051463905999
"GCTCCTATCCTATGTT-1","CD4+ T cells","CD4+ T cells",0.332262622222766
"GCTCCTATCCTTAATC-1","T cells","T cells",0.293952201381605
"GCTCCTATCTTCCTTC-1","T cells","T cells",0.373647821541827
"GCTCTGTAGAAGGGTA-1","B cells","B cells",0.341442557301317
"GCTCTGTAGATATGCA-1","Monocytes","Monocytes",0.37045098232104
"GCTCTGTAGATGTAAC-1","T cells","T cells",0.31485390385415
"GCTCTGTAGGTGCAAC-1","CD4+ T cells","CD4+ T cells",0.3114692375591
"GCTCTGTAGTAGTGCG-1","T cells","T cells",0.322729167992688
"GCTCTGTCAAGAGGCT-1","CD4+ T cells","CD4+ T cells",0.318356590626164
"GCTCTGTCAAGAGTCG-1","Monocytes","Monocytes",0.434030340244043
"GCTCTGTCAATCCAAC-1","CD4+ T cells","CD4+ T cells",0.286602319890874
"GCTCTGTCAATGGAAT-1","Monocytes","Monocytes",0.389579276789196
"GCTCTGTCACAACTGT-1","NK cells","NK cells",0.36284681111088
"GCTCTGTCATTTCAGG-1","B cells",NA,0.284958070346434
"GCTCTGTGTACCAGTT-1","Monocytes","Monocytes",0.51344509861178
"GCTCTGTGTCGCGGTT-1","CD8+ T cells","CD8+ T cells",0.281988256630094
"GCTCTGTGTGTGACGA-1","Dendritic cells","Dendritic cells",0.497241155878531
"GCTCTGTTCAGTTAGC-1","B cells","B cells",0.352190937643574
"GCTCTGTTCATAACCG-1","Monocytes","Monocytes",0.344675861094838
"GCTCTGTTCATCGGAT-1","T cells","T cells",0.288610682897723
"GCTCTGTTCCGAGCCA-1","Progenitors","Progenitors",0.355002010791304
"GCTCTGTTCCTTGCCA-1","Monocytes","Monocytes",0.422907319681718
"GCTCTGTTCGTAGGTT-1","T cells","T cells",0.344503508764865
"GCTGCAGAGCCAGGAT-1","B cells",NA,0.326052285412398
"GCTGCAGAGCCGGTAA-1","CD4+ T cells","CD4+ T cells",0.377939975296824
"GCTGCAGAGCTAAACA-1","Monocytes","Monocytes",0.468830594220005
"GCTGCAGAGTACACCT-1","B cells","B cells",0.349561893094221
"GCTGCAGCAAAGTCAA-1","B cells","B cells",0.333304616251252
"GCTGCAGCACACATGT-1","T cells","T cells",0.373200546022004
"GCTGCAGCACGGATAG-1","CD4+ T cells","CD4+ T cells",0.368002177017988
"GCTGCAGCACTCTGTC-1","NK cells","NK cells",0.377424354235763
"GCTGCAGCAGAGCCAA-1","CD8+ T cells","CD8+ T cells",0.312976508621469
"GCTGCAGCATACTACG-1","Dendritic cells","Dendritic cells",0.41690819146651
"GCTGCAGCATATACGC-1","B cells","B cells",0.354813417733517
"GCTGCAGGTACAGCAG-1","T cells","T cells",0.369160232393016
"GCTGCAGGTATCGCAT-1","CD8+ T cells","CD8+ T cells",0.348449229405359
"GCTGCAGTCAGCGACC-1","T cells","T cells",0.401280622898409
"GCTGCAGTCGAGCCCA-1","Dendritic cells","Dendritic cells",0.557047406990412
"GCTGCAGTCGGAGGTA-1","Monocytes","Monocytes",0.398794675150777
"GCTGCAGTCTGCTTGC-1","CD4+ T cells","CD4+ T cells",0.309449166593915
"GCTGCGAAGACGACGT-1","Monocytes","Monocytes",0.351433358221165
"GCTGCGAAGAGACGAA-1","CD8+ T cells","CD8+ T cells",0.29372469413414
"GCTGCGAAGCAGGCTA-1","T cells","T cells",0.324758674687222
"GCTGCGAAGTAGATGT-1","CD4+ T cells","CD4+ T cells",0.337559272728853
"GCTGCGAAGTGTTTGC-1","CD4+ T cells","CD4+ T cells",0.300031928249193
"GCTGCGACAGCGAACA-1","CD4+ T cells","CD4+ T cells",0.327928859810435
"GCTGCGACAGGCTCAC-1","Monocytes","Monocytes",0.38160186340916
"GCTGCGACAGTCTTCC-1","Monocytes","Monocytes",0.398025182715618
"GCTGCGAGTACTCTCC-1","NK cells","NK cells",0.379515544318537
"GCTGCGAGTCGAGTTT-1","NK cells","NK cells",0.428486847105494
"GCTGCGATCCAGGGCT-1","B cells","B cells",0.345801332955983
"GCTGCGATCCGCAAGC-1","CD4+ T cells","CD4+ T cells",0.32503791025043
"GCTGCGATCTAAGCCA-1","Monocytes","Monocytes",0.440201499286081
"GCTGCTTAGGATCGCA-1","Monocytes","Monocytes",0.419091392229653
"GCTGCTTAGGCTAGGT-1","CD4+ T cells","CD4+ T cells",0.348025728329729
"GCTGCTTAGGTCATCT-1","CD8+ T cells","CD8+ T cells",0.327282701089007
"GCTGCTTAGTCCTCCT-1","NK cells","NK cells",0.3836302724751
"GCTGCTTCAAGTCATC-1","T cells","T cells",0.354437959250367
"GCTGCTTCACAGTCGC-1","T cells","T cells",0.444508702431817
"GCTGCTTCACCGATAT-1","T cells","T cells",0.340401370327874
"GCTGCTTCACCGTTGG-1","Dendritic cells","Dendritic cells",0.479067284678717
"GCTGCTTCAGTACACT-1","CD4+ T cells","CD4+ T cells",0.403496922027945
"GCTGCTTGTACAGACG-1","B cells","B cells",0.32446534693391
"GCTGCTTGTTCGCGAC-1","NK cells","NK cells",0.410167949142371
"GCTGCTTTCCCTAATT-1","Dendritic cells","Dendritic cells",0.537157812925168
"GCTGCTTTCCTATTCA-1","CD4+ T cells","CD4+ T cells",0.302532952380391
"GCTGCTTTCCTTGGTC-1","T cells","T cells",0.345349260572795
"GCTGCTTTCGTGGACC-1","T cells","T cells",0.303277565062561
"GCTGGGTAGAATCTCC-1","CD8+ T cells","CD8+ T cells",0.34648938611152
"GCTGGGTAGATATGGT-1","CD4+ T cells","CD4+ T cells",0.316707201825271
"GCTGGGTAGCCAGTAG-1","Monocytes","Monocytes",0.429377373101288
"GCTGGGTAGCGATTCT-1","Monocytes","Monocytes",0.448814925345359
"GCTGGGTAGCTAGTCT-1","B cells","B cells",0.302554167601868
"GCTGGGTAGTCGTACT-1","CD8+ T cells","CD8+ T cells",0.346505059933834
"GCTGGGTCAATGTTGC-1","B cells","B cells",0.354436247832088
"GCTGGGTCACGTCAGC-1","Monocytes","Monocytes",0.442669198843304
"GCTGGGTCACTTAAGC-1","Monocytes","Monocytes",0.420396772546035
"GCTGGGTCATTGTGCA-1","B cells","B cells",0.338338172422797
"GCTGGGTGTAGCTGCC-1","B cells","B cells",0.279783990635812
"GCTGGGTGTCATATCG-1","CD4+ T cells","CD4+ T cells",0.318958914903336
"GCTGGGTGTCGGCATC-1","B cells","B cells",0.319121040949805
"GCTGGGTGTGACGGTA-1","Monocytes","Monocytes",0.362466440342643
"GCTGGGTGTGTTCTTT-1","T cells","T cells",0.320946163825592
"GCTGGGTGTTCCGTCT-1","CD8+ T cells","CD8+ T cells",0.338453809754917
"GCTGGGTTCATAAAGG-1","T cells","T cells",0.349125446038866
"GCTGGGTTCCTTGGTC-1","B cells","B cells",0.327542302010614
"GCTGGGTTCTCACATT-1","B cells","B cells",0.36395432198638
"GCTTCCAAGAATAGGG-1","B cells","B cells",0.33746634757318
"GCTTCCAAGAGTACCG-1","Monocytes","Monocytes",0.478464207278984
"GCTTCCAAGGGCACTA-1","NK cells","NK cells",0.359956978722887
"GCTTCCAAGTGACTCT-1","B cells","B cells",0.349337596566058
"GCTTCCACAAATCCGT-1","Monocytes","Monocytes",0.363915303783799
"GCTTCCACAAGCCGCT-1","B cells","B cells",0.329803808268968
"GCTTCCACAGATCTGT-1","Dendritic cells","Dendritic cells",0.447098421303913
"GCTTCCAGTAAAGTCA-1","CD8+ T cells","CD8+ T cells",0.360322295962761
"GCTTCCAGTAAGAGAG-1","T cells","T cells",0.313237546927164
"GCTTCCAGTCGCATCG-1","T cells","T cells",0.385205352456256
"GCTTCCAGTGACAAAT-1","B cells","B cells",0.343292178501425
"GCTTCCATCCATTCTA-1","Dendritic cells","Dendritic cells",0.546633752487072
"GCTTCCATCCCAGGTG-1","Dendritic cells","Dendritic cells",0.469838023852687
"GCTTCCATCCTACAGA-1","Monocytes","Monocytes",0.452419622738814
"GCTTCCATCTATCCCG-1","CD4+ T cells","CD4+ T cells",0.334463838462192
"GCTTCCATCTGTGCAA-1","CD4+ T cells","CD4+ T cells",0.282044847592321
"GCTTGAAAGACGCACA-1","CD8+ T cells","CD8+ T cells",0.314085916708438
"GCTTGAAAGAGTCGGT-1","CD4+ T cells","CD4+ T cells",0.349709383089276
"GCTTGAAAGCGTAATA-1","T cells","T cells",0.438481849887288
"GCTTGAAAGCGTTGCC-1","B cells","B cells",0.312308108504205
"GCTTGAAAGGTGATTA-1","B cells","B cells",0.32343225476495
"GCTTGAAAGTGAACAT-1","CD8+ T cells","CD8+ T cells",0.357567253038788
"GCTTGAAAGTTACCCA-1","NK cells","NK cells",0.357102177826621
"GCTTGAACAAGGACTG-1","Monocytes","Monocytes",0.470293878674863
"GCTTGAACAATAGAGT-1","Monocytes","Monocytes",0.488564935377837
"GCTTGAACACAGACAG-1","CD8+ T cells","CD8+ T cells",0.319839416777722
"GCTTGAACACATTTCT-1","CD4+ T cells","CD4+ T cells",0.320465756984439
"GCTTGAACACCGCTAG-1","Monocytes","Monocytes",0.391076395005021
"GCTTGAACACTATCTT-1","T cells","T cells",0.310175730060281
"GCTTGAACACTTGGAT-1","B cells","B cells",0.328024416504096
"GCTTGAACAGCGTAAG-1","Monocytes","Monocytes",0.447798225214298
"GCTTGAACAGCTTCGG-1","Monocytes","Monocytes",0.396922175907968
"GCTTGAACATACGCTA-1","B cells","B cells",0.351492888011507
"GCTTGAACATTAACCG-1","CD4+ T cells","CD4+ T cells",0.318270917416833
"GCTTGAAGTACCGTTA-1","Monocytes","Monocytes",0.392010501325311
"GCTTGAAGTAGCTTGT-1","T cells","T cells",0.46716832370475
"GCTTGAAGTCCATCCT-1","CD4+ T cells","CD4+ T cells",0.305207288585132
"GCTTGAAGTCTTGTCC-1","CD4+ T cells","CD4+ T cells",0.331243110069723
"GCTTGAAGTGGTAACG-1","B cells","B cells",0.300371115602695
"GCTTGAAGTTTAAGCC-1","B cells","B cells",0.36436388815987
"GCTTGAATCACCTTAT-1","Monocytes","Monocytes",0.483450273043824
"GGAAAGCAGCCGTCGT-1","B cells","B cells",0.338690868081894
"GGAAAGCAGCTATGCT-1","CD4+ T cells","CD4+ T cells",0.324492615802815
"GGAAAGCAGTTGAGAT-1","Monocytes","Monocytes",0.38021133912649
"GGAAAGCCACTGTTAG-1","CD4+ T cells","CD4+ T cells",0.366736573020868
"GGAAAGCGTCTAGCCG-1","B cells","B cells",0.3165908217336
"GGAAAGCTCACTGGGC-1","CD8+ T cells","CD8+ T cells",0.327599470851634
"GGAAAGCTCATGTGGT-1","CD4+ T cells","CD4+ T cells",0.302443272323165
"GGAAAGCTCGGTCTAA-1","T cells","T cells",0.348551566758343
"GGAACTTAGCTAGTCT-1","T cells","T cells",0.362314112638348
"GGAACTTAGTACACCT-1","Monocytes","Monocytes",0.446706167435683
"GGAACTTAGTTGCAGG-1","T cells","T cells",0.368844079388229
"GGAACTTCAACGATCT-1","Monocytes","Monocytes",0.384804548506298
"GGAACTTCACTCGACG-1","CD4+ T cells","CD4+ T cells",0.296282732692367
"GGAACTTCATGACATC-1","CD4+ T cells","CD4+ T cells",0.342217791212524
"GGAACTTCATGCCTTC-1","CD4+ T cells","CD4+ T cells",0.327124785043093
"GGAACTTCATTTGCTT-1","CD8+ T cells","CD8+ T cells",0.344471117742661
"GGAACTTGTACACCGC-1","CD8+ T cells","CD8+ T cells",0.343495117914412
"GGAACTTGTACAGCAG-1","B cells","B cells",0.326738860671911
"GGAACTTGTACTCAAC-1","Dendritic cells","Dendritic cells",0.485919747163584
"GGAACTTGTCGTGGCT-1","CD4+ T cells","CD4+ T cells",0.296380024718705
"GGAACTTGTGCACGAA-1","CD8+ T cells","CD8+ T cells",0.33490961043906
"GGAACTTTCAATCTCT-1","B cells","B cells",0.335171035555317
"GGAACTTTCAGCCTAA-1","T cells","T cells",0.368936197708324
"GGAACTTTCAGCTCGG-1","CD4+ T cells","CD4+ T cells",0.277396350220924
"GGAACTTTCATGTGGT-1","CD8+ T cells","CD8+ T cells",0.36166162899705
"GGAACTTTCCTAAGTG-1","T cells","T cells",0.430008111943838
"GGAACTTTCGCCATAA-1","T cells","T cells",0.354851374555193
"GGAACTTTCGTTTAGG-1","Monocytes","Monocytes",0.392658671346655
"GGAACTTTCTGTCTCG-1","T cells","T cells",0.364543067850349
"GGAATAAAGGACATTA-1","Monocytes","Monocytes",0.449024701971015
"GGAATAAAGGACTGGT-1","CD4+ T cells","CD4+ T cells",0.298368559871773
"GGAATAAAGGCTATCT-1","NK cells","NK cells",0.408042342834793
"GGAATAAAGTAACCCT-1","CD4+ T cells","CD4+ T cells",0.289682839896005
"GGAATAAAGTGGTAAT-1","Monocytes","Monocytes",0.443079923645395
"GGAATAAAGTTCGATC-1","NK cells","NK cells",0.330444623435597
"GGAATAACACTCAGGC-1","B cells","B cells",0.370840093015859
"GGAATAACAGCATACT-1","B cells","B cells",0.33150718572146
"GGAATAACAGCCACCA-1","Monocytes","Monocytes",0.365941263330945
"GGAATAACATGGTCAT-1","CD8+ T cells","CD8+ T cells",0.344262192685766
"GGAATAAGTACGCTGC-1","B cells","B cells",0.356461929967203
"GGAATAAGTAGTACCT-1","B cells","B cells",0.362769553219227
"GGAATAAGTATGAATG-1","CD4+ T cells","CD4+ T cells",0.323840626638815
"GGAATAAGTGACAAAT-1","CD8+ T cells","CD8+ T cells",0.349369033877478
"GGAATAAGTGGCCCTA-1","CD8+ T cells","CD8+ T cells",0.31729097954055
"GGAATAAGTGGTACAG-1","T cells","T cells",0.391986777598881
"GGAATAATCAACGAAA-1","B cells","B cells",0.321410320123354
"GGAATAATCATATCGG-1","CD4+ T cells","CD4+ T cells",0.34635900449481
"GGAATAATCATCGGAT-1","Dendritic cells","Dendritic cells",0.528251632850288
"GGAATAATCATGCTCC-1","Monocytes","Monocytes",0.356942988796807
"GGAATAATCCCATTTA-1","T cells","T cells",0.325754057610479
"GGACAAGAGAGAACAG-1","Monocytes","Monocytes",0.448733312801703
"GGACAAGAGCATGGCA-1","Dendritic cells","Dendritic cells",0.454645092256375
"GGACAAGAGTCTCGGC-1","CD4+ T cells","CD4+ T cells",0.325379993359826
"GGACAAGCAAAGTGCG-1","T cells","T cells",0.298706732791249
"GGACAAGCAAATCCGT-1","CD8+ T cells","CD8+ T cells",0.342312767115902
"GGACAAGCAATTGCTG-1","CD4+ T cells","CD4+ T cells",0.312276074364864
"GGACAAGCACAACTGT-1","CD4+ T cells","CD4+ T cells",0.280369286609959
"GGACAAGCACGTTGGC-1","B cells","B cells",0.304452617519786
"GGACAAGCACTAGTAC-1","T cells","T cells",0.343003640910764
"GGACAAGCATGCAACT-1","Monocytes","Monocytes",0.346163461264408
"GGACAAGGTCTTGCGG-1","CD8+ T cells","CD8+ T cells",0.325000632730199
"GGACAAGGTGCATCTA-1","CD4+ T cells","CD4+ T cells",0.303122929793886
"GGACAAGGTGCTGTAT-1","CD8+ T cells","CD8+ T cells",0.347591346961495
"GGACAAGGTGTTTGGT-1","T cells","T cells",0.337366477896724
"GGACAAGGTTATCCGA-1","Monocytes","Monocytes",0.389512195101074
"GGACAAGGTTATGTGC-1","NK cells","NK cells",0.37365716775484
"GGACAAGGTTCGCTAA-1","B cells","B cells",0.308965372263617
"GGACAAGTCAAACGGG-1","CD4+ T cells","CD4+ T cells",0.323699466007454
"GGACAAGTCCCACTTG-1","Monocytes","Monocytes",0.434593298487224
"GGACAGAAGACAAGCC-1","Dendritic cells","Dendritic cells",0.519855109591917
"GGACAGAAGACAGACC-1","B cells","B cells",0.331712034212178
"GGACAGAAGACCTAGG-1","CD4+ T cells","CD4+ T cells",0.303442985684335
"GGACAGAAGAGCCCAA-1","CD8+ T cells","CD8+ T cells",0.337910078831984
"GGACAGAAGCTGAAAT-1","CD4+ T cells","CD4+ T cells",0.350321915314583
"GGACAGAAGGCGCTCT-1","CD4+ T cells","CD4+ T cells",0.327865611439859
"GGACAGAAGGTAGCCA-1","B cells","B cells",0.373707068471691
"GGACAGAAGTCGTACT-1","T cells","T cells",0.342917508443289
"GGACAGAAGTCTTGCA-1","Monocytes","Monocytes",0.434608779515371
"GGACAGACACGGCGTT-1","T cells","T cells",0.331454399981908
"GGACAGACAGCCAATT-1","CD8+ T cells",NA,0.271932800601609
"GGACAGACATTGAGCT-1","Monocytes","Monocytes",0.370372501428637
"GGACAGAGTTGAGGTG-1","Dendritic cells","Dendritic cells",0.417297141334597
"GGACAGATCCAAAGTC-1","B cells","B cells",0.326192359814972
"GGACAGATCGTCCAGG-1","CD4+ T cells","CD4+ T cells",0.314140890786734
"GGACAGATCTTGTATC-1","CD4+ T cells","CD4+ T cells",0.33438588016697
"GGACATTAGTTGTAGA-1","B cells","B cells",0.317020941921174
"GGACATTCACAGCCCA-1","CD8+ T cells","CD8+ T cells",0.348706809433503
"GGACATTCACCATCCT-1","B cells","B cells",0.347766101223675
"GGACATTCAGACACTT-1","CD4+ T cells","CD4+ T cells",0.323864255288658
"GGACATTCAGGGTACA-1","CD8+ T cells","CD8+ T cells",0.309361230857751
"GGACATTCATCGATTG-1","T cells","T cells",0.293032049025778
"GGACATTCATCGGAAG-1","Monocytes","Monocytes",0.349315948350888
"GGACATTCATGGATGG-1","Progenitors","Progenitors",0.445510741240765
"GGACATTGTAACGCGA-1","T cells","T cells",0.373469705520254
"GGACATTGTCTCAACA-1","B cells",NA,0.362276200510353
"GGACATTGTGACCAAG-1","CD8+ T cells","CD8+ T cells",0.415863976103296
"GGACATTGTTTCGCTC-1","NK cells","NK cells",0.335889934303706
"GGACATTTCAACACTG-1","Monocytes","Monocytes",0.372379259014059
"GGACATTTCAATACCG-1","CD4+ T cells","CD4+ T cells",0.312844473645233
"GGACATTTCACCATAG-1","Monocytes","Monocytes",0.37557356784463
"GGACATTTCATTCACT-1","B cells","B cells",0.346384399890735
"GGACATTTCGAATGCT-1","Monocytes","Monocytes",0.526937416466664
"GGACATTTCTAACCGA-1","CD8+ T cells","CD8+ T cells",0.319469012912628
"GGACGTCAGCATGGCA-1","CD8+ T cells","CD8+ T cells",0.281289892007776
"GGACGTCCAAGGACTG-1","B cells","B cells",0.329296036096621
"GGACGTCCACAGACAG-1","B cells","B cells",0.298405743742647
"GGACGTCCAGCGAACA-1","B cells","B cells",0.373070501222928
"GGACGTCCAGTTAACC-1","T cells","T cells",0.371677503860733
"GGACGTCGTACAGACG-1","Monocytes","Monocytes",0.391222247563662
"GGACGTCGTAGAAAGG-1","T cells","T cells",0.413561620095671
"GGACGTCGTAGCGCTC-1","Monocytes","Monocytes",0.392787450286461
"GGACGTCGTCCGAATT-1","CD8+ T cells","CD8+ T cells",0.358519410283023
"GGACGTCGTCTTGCGG-1","T cells","T cells",0.345690174373282
"GGACGTCGTGACCAAG-1","CD4+ T cells","CD4+ T cells",0.301213642410295
"GGACGTCGTGAGCGAT-1","T cells","T cells",0.401579992228311
"GGACGTCGTGATAAGT-1","NK cells","NK cells",0.403222084860442
"GGACGTCGTTAAGGGC-1","CD4+ T cells","CD4+ T cells",0.307604857962477
"GGACGTCGTTCCACGG-1","B cells","B cells",0.320183990735732
"GGACGTCTCAAACGGG-1","CD4+ T cells","CD4+ T cells",0.32837220042731
"GGACGTCTCCGCGTTT-1","Monocytes","Monocytes",0.334891463607922
"GGACGTCTCGACCAGC-1","T cells","T cells",0.373696899746593
"GGACGTCTCGGCGGTT-1","T cells","T cells",0.379613213811402
"GGACGTCTCTTGTACT-1","Progenitors","Progenitors",0.299812008321279
"GGAGCAAAGACCGGAT-1","CD4+ T cells","CD4+ T cells",0.319653353368045
"GGAGCAAAGCGAAGGG-1","CD4+ T cells","CD4+ T cells",0.275184583450653
"GGAGCAAAGCGCTTAT-1","CD4+ T cells","CD4+ T cells",0.31202980489917
"GGAGCAAAGCTATGCT-1","B cells","B cells",0.292996566520889
"GGAGCAAAGTCGATAA-1","T cells","T cells",0.307007085567971
"GGAGCAACAAGCCCAC-1","T cells","T cells",0.350652629613553
"GGAGCAACAAGTAGTA-1","CD4+ T cells","CD4+ T cells",0.304183273901567
"GGAGCAACACATGGGA-1","CD4+ T cells","CD4+ T cells",0.295366438776376
"GGAGCAACAGGCAGTA-1","Dendritic cells","Dendritic cells",0.340977727048794
"GGAGCAAGTCGCTTCT-1","Dendritic cells","Dendritic cells",0.562485532298955
"GGAGCAAGTTTCCACC-1","Monocytes","Monocytes",0.462368372631179
"GGAGCAATCAACGCTA-1","Monocytes","Monocytes",0.336128341815857
"GGAGCAATCACTCTTA-1","Monocytes","Monocytes",0.389408471662758
"GGAGCAATCACTTACT-1","CD4+ T cells","CD4+ T cells",0.351563299548497
"GGAGCAATCAGTGTTG-1","CD4+ T cells","CD4+ T cells",0.377694314778575
"GGAGCAATCGGTGTTA-1","CD4+ T cells","CD4+ T cells",0.313701117025674
"GGATGTTAGAGGTACC-1","T cells","T cells",0.334241020878235
"GGATGTTAGCGTTGCC-1","CD8+ T cells","CD8+ T cells",0.290423303127597
"GGATGTTAGGGAGTAA-1","CD4+ T cells","CD4+ T cells",0.326616078918111
"GGATGTTAGTTTCCTT-1","CD4+ T cells","CD4+ T cells",0.299609205855982
"GGATGTTCAAGAAGAG-1","CD4+ T cells","CD4+ T cells",0.314781092547486
"GGATGTTCAATCGGTT-1","CD4+ T cells","CD4+ T cells",0.2811846631447
"GGATGTTCACACATGT-1","T cells","T cells",0.336724263224291
"GGATGTTCACACTGCG-1","CD4+ T cells","CD4+ T cells",0.359280773289303
"GGATGTTCACATGTGT-1","CD4+ T cells","CD4+ T cells",0.324065749301591
"GGATGTTCACGGCTAC-1","Monocytes","Monocytes",0.4315637059097
"GGATGTTCAGGACCCT-1","Monocytes","Monocytes",0.404862352663538
"GGATGTTCATGAACCT-1","NK cells","NK cells",0.424756455649499
"GGATGTTGTAAGTGTA-1","Monocytes","Monocytes",0.407285323141283
"GGATGTTGTAGCGATG-1","CD8+ T cells","CD8+ T cells",0.305309297927875
"GGATGTTGTATCACCA-1","CD4+ T cells","CD4+ T cells",0.389370057494192
"GGATGTTGTTCACCTC-1","Monocytes","Monocytes",0.349864299994943
"GGATGTTTCAACGGGA-1","T cells","T cells",0.395306225089219
"GGATGTTTCACATGCA-1","NK cells","NK cells",0.358819308900571
"GGATGTTTCACCATAG-1","Monocytes","Monocytes",0.403640853383591
"GGATGTTTCCAGGGCT-1","Monocytes","Monocytes",0.406377851536
"GGATGTTTCCATGAAC-1","B cells","B cells",0.290771770667572
"GGATTACAGAGCTGCA-1","NK cells","NK cells",0.39748321359418
"GGATTACAGCAATCTC-1","Monocytes","Monocytes",0.407116792279476
"GGATTACAGCCAACAG-1","B cells","B cells",0.32913710167593
"GGATTACAGCCAGTAG-1","CD4+ T cells","CD4+ T cells",0.388826891307707
"GGATTACAGTGTTGAA-1","CD8+ T cells","CD8+ T cells",0.334875538344354
"GGATTACCAACAACCT-1","T cells","T cells",0.296745165224291
"GGATTACCAATCTGCA-1","T cells","T cells",0.346954240616315
"GGATTACCAGAGCCAA-1","T cells","T cells",0.431359596254361
"GGATTACCAGTATGCT-1","CD4+ T cells","CD4+ T cells",0.390771737560523
"GGATTACGTCAGGACA-1","CD8+ T cells","CD8+ T cells",0.312319848112476
"GGATTACGTCCGTTAA-1","CD8+ T cells","CD8+ T cells",0.30970087808181
"GGATTACTCACCCGAG-1","T cells","T cells",0.343691413944503
"GGATTACTCATGCAAC-1","CD4+ T cells","CD4+ T cells",0.38198196518854
"GGATTACTCCATGCTC-1","Progenitors","Progenitors",0.41018723204977
"GGATTACTCCCTAACC-1","CD8+ T cells","CD8+ T cells",0.357436665996564
"GGATTACTCCGTACAA-1","Dendritic cells","Dendritic cells",0.450109496747927
"GGATTACTCTTTACGT-1","Monocytes","Monocytes",0.515262697569602
"GGCAATTAGAGAGCTC-1","Monocytes","Monocytes",0.504764581732617
"GGCAATTAGGCTATCT-1","Monocytes","Monocytes",0.399866494618432
"GGCAATTAGTAATCCC-1","Monocytes","Monocytes",0.457428748582307
"GGCAATTAGTGAATTG-1","T cells","T cells",0.295970276869514
"GGCAATTCAAAGTGCG-1","CD4+ T cells","CD4+ T cells",0.356260722301948
"GGCAATTCAACTGCGC-1","T cells","T cells",0.388811440786739
"GGCAATTCACGCGAAA-1","Monocytes","Monocytes",0.354378195106349
"GGCAATTCACGGCGTT-1","B cells","B cells",0.34877943490102
"GGCAATTCACGGTGTC-1","T cells","T cells",0.376111434140684
"GGCAATTCACTGAAGG-1","CD8+ T cells","CD8+ T cells",0.33749772056076
"GGCAATTGTCGTCTTC-1","B cells","B cells",0.329953161413653
"GGCAATTTCACCCGAG-1","B cells","B cells",0.32761858263331
"GGCAATTTCAGTGTTG-1","Monocytes","Monocytes",0.402183528946485
"GGCAATTTCGTTGCCT-1","B cells","B cells",0.334861600605559
"GGCAATTTCTCGATGA-1","B cells","B cells",0.287146356526112
"GGCAATTTCTGTTGAG-1","T cells","T cells",0.407810662698476
"GGCCGATAGCAATATG-1","B cells","B cells",0.380253829939981
"GGCCGATAGCGTAGTG-1","CD4+ T cells","CD4+ T cells",0.336038374321674
"GGCCGATAGCTCCTCT-1","T cells","T cells",0.342469547431974
"GGCCGATAGGCTAGGT-1","T cells","T cells",0.454882421108263
"GGCCGATAGTACGACG-1","T cells","T cells",0.305465597785821
"GGCCGATAGTGCGATG-1","CD8+ T cells","CD8+ T cells",0.300688064151302
"GGCCGATCACACTGCG-1","CD4+ T cells","CD4+ T cells",0.309939818205592
"GGCCGATCACCACCAG-1","T cells","T cells",0.386733286487487
"GGCCGATCAGCTTCGG-1","Monocytes","Monocytes",0.485009945563926
"GGCCGATCAGTGGGAT-1","B cells","B cells",0.322208268245613
"GGCCGATCATGAAGTA-1","CD4+ T cells","CD4+ T cells",0.319718408157665
"GGCCGATCATTGGCGC-1","T cells","T cells",0.350818818411886
"GGCCGATGTAACGCGA-1","T cells","T cells",0.342258421672973
"GGCCGATGTAAGGGAA-1","CD8+ T cells","CD8+ T cells",0.393830580425133
"GGCCGATGTGATGTGG-1","Dendritic cells","Dendritic cells",0.58678455219096
"GGCCGATGTTATTCTC-1","B cells","B cells",0.286915293620711
"GGCCGATGTTGAACTC-1","NK cells","NK cells",0.464650879685858
"GGCCGATGTTGCGCAC-1","CD8+ T cells","CD8+ T cells",0.293906307677701
"GGCCGATGTTGCTCCT-1","CD8+ T cells","CD8+ T cells",0.318120291952121
"GGCCGATTCCGTAGTA-1","CD4+ T cells","CD4+ T cells",0.298008190098231
"GGCCGATTCCTTGGTC-1","B cells","B cells",0.304756621067119
"GGCCGATTCGGCTACG-1","Monocytes","Monocytes",0.460893386395901
"GGCGACTAGCGTTCCG-1","CD4+ T cells","CD4+ T cells",0.336102561112459
"GGCGACTAGGGCATGT-1","CD4+ T cells","CD4+ T cells",0.409272577021644
"GGCGACTAGGTAAACT-1","CD4+ T cells","CD4+ T cells",0.322718303031887
"GGCGACTAGTCATCCA-1","Monocytes","Monocytes",0.443186445850337
"GGCGACTCAATCACAC-1","Monocytes","Monocytes",0.474041107685349
"GGCGACTCACTCAGGC-1","CD4+ T cells","CD4+ T cells",0.355802949657113
"GGCGACTCACTGTCGG-1","CD4+ T cells","CD4+ T cells",0.252917007075286
"GGCGACTCAGAGCCAA-1","T cells","T cells",0.385772324587318
"GGCGACTCAGTATGCT-1","NK cells","NK cells",0.448715029669802
"GGCGACTCATCGGTTA-1","CD8+ T cells","CD8+ T cells",0.313012929768324
"GGCGACTCATGGATGG-1","CD4+ T cells","CD4+ T cells",0.344722755907058
"GGCGACTGTACGCACC-1","B cells","B cells",0.33313826871736
"GGCGACTGTAGCGTAG-1","CD4+ T cells","CD4+ T cells",0.342638920004973
"GGCGACTGTCCGAAGA-1","B cells","B cells",0.420873290900373
"GGCGACTGTGAGTATA-1","Monocytes","Monocytes",0.472510136455796
"GGCGACTTCACGGTTA-1","CD4+ T cells","CD4+ T cells",0.265204661906108
"GGCGACTTCAGCTCTC-1","B cells","B cells",0.38560148878398
"GGCGACTTCCTCAATT-1","CD4+ T cells","CD4+ T cells",0.329374685843179
"GGCGACTTCGCGGATC-1","B cells","B cells",0.309280837245771
"GGCGACTTCGTCCAGG-1","CD4+ T cells","CD4+ T cells",0.306773572152983
"GGCGACTTCTTTACGT-1","Monocytes","Monocytes",0.517243083505721
"GGCGTGTAGCCAACAG-1","CD4+ T cells","CD4+ T cells",0.293309321690414
"GGCGTGTAGCCTCGTG-1","CD4+ T cells","CD4+ T cells",0.305648363308033
"GGCGTGTAGCGCTTAT-1","T cells","T cells",0.298527698615712
"GGCGTGTAGGTGTTAA-1","NK cells","NK cells",0.363094143268176
"GGCGTGTCACCATGTA-1","T cells","T cells",0.285250581350133
"GGCGTGTCACGACGAA-1","B cells","B cells",0.313808702578676
"GGCGTGTCACGGCCAT-1","T cells","T cells",0.38791540247614
"GGCGTGTCAGACTCGC-1","T cells","T cells",0.285374447606833
"GGCGTGTCATCCGTGG-1","Dendritic cells","Dendritic cells",0.495419958964749
"GGCGTGTCATGCTGGC-1","CD4+ T cells","CD4+ T cells",0.301782540678632
"GGCGTGTCATTGGCGC-1","B cells","B cells",0.329553827823987
"GGCGTGTGTAAACGCG-1","B cells","B cells",0.299660013171296
"GGCGTGTGTCAATACC-1","Monocytes","Monocytes",0.364138316036503
"GGCGTGTGTCGGCTCA-1","CD4+ T cells","CD4+ T cells",0.276611726304366
"GGCGTGTGTGCAGTAG-1","Monocytes","Monocytes",0.440407910451647
"GGCGTGTGTTAGATGA-1","B cells","B cells",0.282373822795237
"GGCGTGTGTTCTGAAC-1","T cells","T cells",0.338813892949208
"GGCGTGTTCACTATTC-1","CD8+ T cells","CD8+ T cells",0.340489914106764
"GGCGTGTTCGACGGAA-1","CD4+ T cells","CD4+ T cells",0.350043536450671
"GGCGTGTTCGTACCGG-1","Monocytes","Monocytes",0.402078497846121
"GGCGTGTTCTCGGACG-1","B cells","B cells",0.317937476928848
"GGCTCGAAGAGGACGG-1","Monocytes","Monocytes",0.368684335268445
"GGCTCGAAGAGGTAGA-1","Dendritic cells","Dendritic cells",0.498795245869803
"GGCTCGAAGATGCCAG-1","Monocytes","Monocytes",0.376367784313448
"GGCTCGAAGGCATGGT-1","Monocytes","Monocytes",0.353302038889512
"GGCTCGAAGGTCGGAT-1","CD8+ T cells","CD8+ T cells",0.315869681864312
"GGCTCGAAGTCGAGTG-1","Monocytes","Monocytes",0.423231441845418
"GGCTCGAAGTTATCGC-1","B cells","B cells",0.36183092402032
"GGCTCGACAACTGGCC-1","NK cells","NK cells",0.399021353911129
"GGCTCGACACATTCGA-1","B cells","B cells",0.345795498120152
"GGCTCGACACCACCAG-1","Monocytes","Monocytes",0.435059525876573
"GGCTCGACAGCTGTAT-1","T cells","T cells",0.33450743903822
"GGCTCGACAGGATTGG-1","CD8+ T cells","CD8+ T cells",0.34612887850966
"GGCTCGACAGTCGATT-1","T cells","T cells",0.32871057669824
"GGCTCGACATGAGCGA-1","Monocytes","Monocytes",0.440028321715908
"GGCTCGACATTAGGCT-1","CD4+ T cells","CD4+ T cells",0.435712371754945
"GGCTCGAGTACAAGTA-1","B cells","B cells",0.363071164656507
"GGCTCGAGTCGCGAAA-1","CD8+ T cells","CD8+ T cells",0.346256305898805
"GGCTCGAGTCTACCTC-1","T cells","T cells",0.298557836301437
"GGCTCGAGTCTTCTCG-1","T cells","T cells",0.37599776583789
"GGCTCGAGTGCGATAG-1","Monocytes","Monocytes",0.439246589790274
"GGCTCGAGTGCGGTAA-1","Monocytes","Monocytes",0.394524202259291
"GGCTCGATCGGATGTT-1","Monocytes","Monocytes",0.383494247265826
"GGCTCGATCTCTGCTG-1","B cells","B cells",0.323660390162698
"GGCTGGTAGAAACGCC-1","Monocytes","Monocytes",0.360703566109481
"GGCTGGTAGACAGACC-1","T cells","T cells",0.361024840260358
"GGCTGGTAGGGATCTG-1","Monocytes","Monocytes",0.434717678116046
"GGCTGGTAGTGTTAGA-1","Monocytes","Monocytes",0.433451410340603
"GGCTGGTCAACGATGG-1","T cells","T cells",0.371512062419502
"GGCTGGTCACCGTTGG-1","CD8+ T cells","CD8+ T cells",0.343923910952274
"GGCTGGTCAGCTTCGG-1","T cells","T cells",0.379325439071513
"GGCTGGTCAGTTCCCT-1","Monocytes","Monocytes",0.492057718574402
"GGCTGGTCATCGGAAG-1","Monocytes","Monocytes",0.357517161111693
"GGCTGGTCATTCCTCG-1","Monocytes","Monocytes",0.368495632630965
"GGCTGGTGTACAAGTA-1","B cells","B cells",0.342448863176631
"GGCTGGTGTATAGGTA-1","T cells","T cells",0.366537499582037
"GGCTGGTGTCCTCCAT-1","T cells","T cells",0.364682486680946
"GGCTGGTGTGCGAAAC-1","T cells","T cells",0.373538043733656
"GGCTGGTGTTTCGCTC-1","T cells","T cells",0.318417480234575
"GGCTGGTTCAGCAACT-1","CD8+ T cells","CD8+ T cells",0.328573324506472
"GGCTGGTTCGCCTGTT-1","CD8+ T cells","CD8+ T cells",0.341212637695963
"GGCTGGTTCGCTTAGA-1","Monocytes","Monocytes",0.315505939567257
"GGCTGGTTCGTTGCCT-1","Monocytes","Monocytes",0.5039093594337
"GGCTGGTTCTATGTGG-1","Dendritic cells","Dendritic cells",0.561307248668881
"GGCTGGTTCTGCAGTA-1","CD8+ T cells","CD8+ T cells",0.32599408543436
"GGCTGGTTCTTGCATT-1","Monocytes","Monocytes",0.350079001460331
"GGGAATGAGAAGGCCT-1","CD8+ T cells","CD8+ T cells",0.305687967132552
"GGGAATGAGATGGCGT-1","T cells","T cells",0.372322597456786
"GGGAATGAGCCTATGT-1","B cells","B cells",0.362364185560088
"GGGAATGCAAGCTGTT-1","Monocytes","Monocytes",0.472005845484354
"GGGAATGCACCAGGCT-1","NK cells","NK cells",0.421957147999545
"GGGAATGCATAGTAAG-1","T cells","T cells",0.319768119269006
"GGGAATGCATGCAACT-1","T cells","T cells",0.30641350095756
"GGGAATGGTAAAGGAG-1","Dendritic cells","Dendritic cells",0.410366275524445
"GGGAATGGTTCGTCTC-1","CD4+ T cells","CD4+ T cells",0.322360020860504
"GGGAATGTCACTTACT-1","T cells","T cells",0.311292613103984
"GGGAATGTCCTTGGTC-1","CD8+ T cells","CD8+ T cells",0.337313017638076
"GGGAATGTCGGTGTCG-1","CD4+ T cells","CD4+ T cells",0.302990010883835
"GGGAATGTCTGATTCT-1","Monocytes","Monocytes",0.436145334357814
"GGGACCTAGGACGAAA-1","Dendritic cells","Dendritic cells",0.538489704126343
"GGGACCTAGTCAATAG-1","CD8+ T cells","CD8+ T cells",0.311126111769983
"GGGACCTCAAACTGTC-1","Monocytes","Monocytes",0.464714901892312
"GGGACCTCAAGACACG-1","CD4+ T cells","CD4+ T cells",0.303605431274555
"GGGACCTCAAGCCGCT-1","CD4+ T cells","CD4+ T cells",0.328634859456033
"GGGACCTCATGATCCA-1","CD8+ T cells","CD8+ T cells",0.318273802722811
"GGGACCTCATTTGCTT-1","T cells","T cells",0.304205997863675
"GGGACCTGTCAATACC-1","Monocytes","Monocytes",0.397710810376155
"GGGACCTGTCACACGC-1","T cells","T cells",0.336689604764011
"GGGACCTGTCTAGCGC-1","B cells","B cells",0.33269645111974
"GGGACCTGTCTCCATC-1","B cells","B cells",0.379388789775056
"GGGACCTGTTCCTCCA-1","T cells","T cells",0.354957915508472
"GGGACCTGTTGGTTTG-1","CD4+ T cells","CD4+ T cells",0.35428762060024
"GGGACCTTCCCGACTT-1","Monocytes","Monocytes",0.494009978875466
"GGGACCTTCGATCCCT-1","CD4+ T cells","CD4+ T cells",0.358972959209092
"GGGACCTTCGCAGGCT-1","CD4+ T cells","CD4+ T cells",0.252109891526805
"GGGACCTTCTCAAGTG-1","CD4+ T cells","CD4+ T cells",0.308499389949523
"GGGACCTTCTCTAGGA-1","Monocytes","Monocytes",0.456941167303633
"GGGAGATAGAATTCCC-1","Monocytes","Monocytes",0.335045929184142
"GGGAGATAGAGGACGG-1","T cells","T cells",0.331426915941675
"GGGAGATAGCATGGCA-1","CD8+ T cells","CD8+ T cells",0.274254942208596
"GGGAGATAGTGGGATC-1","T cells","T cells",0.360407526253186
"GGGAGATAGTGGTCCC-1","B cells","B cells",0.305515154199266
"GGGAGATCAAATTGCC-1","T cells","T cells",0.324745539207213
"GGGAGATCACATCCGG-1","T cells","T cells",0.384561722794251
"GGGAGATCACCTCGTT-1","Monocytes","Monocytes",0.312535755541909
"GGGAGATCAGTGACAG-1","CD4+ T cells","CD4+ T cells",0.301828725129967
"GGGAGATCATTATCTC-1","CD4+ T cells","CD4+ T cells",0.341742383169102
"GGGAGATTCCAGGGCT-1","T cells","T cells",0.326007428311643
"GGGAGATTCGCGGATC-1","Progenitors","Progenitors",0.372697649166394
"GGGATGAAGTGGTCCC-1","T cells","T cells",0.333079727881564
"GGGATGACATGAAGTA-1","Monocytes","Monocytes",0.358360571398066
"GGGATGACATGCTAGT-1","Monocytes","Monocytes",0.431476398616462
"GGGATGAGTAGCGATG-1","CD4+ T cells","CD4+ T cells",0.298559098113267
"GGGATGAGTAGGGACT-1","B cells","B cells",0.332107611676896
"GGGATGAGTGGCTCCA-1","CD4+ T cells","CD4+ T cells",0.368448633535401
"GGGATGAGTTCACGGC-1","CD4+ T cells","CD4+ T cells",0.403456625844427
"GGGATGATCACAATGC-1","CD8+ T cells","CD8+ T cells",0.350189073975962
"GGGATGATCAGAAATG-1","CD8+ T cells","CD8+ T cells",0.318509935589339
"GGGATGATCAGAGGTG-1","T cells","T cells",0.303149715705239
"GGGATGATCGCACTCT-1","T cells","T cells",0.348922852549391
"GGGATGATCGCTAGCG-1","B cells","B cells",0.352077591702889
"GGGATGATCGGTCTAA-1","CD4+ T cells","CD4+ T cells",0.258291695307283
"GGGATGATCGTCACGG-1","CD4+ T cells","CD4+ T cells",0.332355004876505
"GGGATGATCTGGTGTA-1","CD4+ T cells","CD4+ T cells",0.31076631711322
"GGGATGATCTTAGCCC-1","T cells","T cells",0.326011380053846
"GGGCACTAGCTGATAA-1","Monocytes","Monocytes",0.435058384178291
"GGGCACTAGTACGACG-1","CD4+ T cells","CD4+ T cells",0.294086341519639
"GGGCACTAGTCTCCTC-1","CD8+ T cells","CD8+ T cells",0.324119238529101
"GGGCACTAGTTTAGGA-1","CD4+ T cells","CD4+ T cells",0.323207033395296
"GGGCACTCACCACGTG-1","T cells","T cells",0.293652612104163
"GGGCACTCAGGCAGTA-1","CD4+ T cells","CD4+ T cells",0.336851779454218
"GGGCACTCAGTCACTA-1","CD8+ T cells","CD8+ T cells",0.348959876398873
"GGGCACTCATGCAACT-1","B cells","B cells",0.336266651360085
"GGGCACTCATGCTGGC-1","B cells","B cells",0.313728561390336
"GGGCACTGTAAGAGGA-1","CD8+ T cells","CD8+ T cells",0.321469636543293
"GGGCACTGTACGCTGC-1","CD4+ T cells","CD4+ T cells",0.293479334349226
"GGGCACTGTGACCAAG-1","B cells","B cells",0.324816089184991
"GGGCACTGTGCAGTAG-1","B cells","B cells",0.339531862322063
"GGGCACTGTGGAAAGA-1","B cells","B cells",0.318971507644807
"GGGCACTTCAGAAATG-1","Monocytes","Monocytes",0.421351290351909
"GGGCACTTCCAGTAGT-1","NK cells","NK cells",0.444318234886657
"GGGCACTTCCCGACTT-1","Monocytes","Monocytes",0.453228405296763
"GGGCACTTCCTTGACC-1","B cells","B cells",0.406194297306282
"GGGCACTTCTAGCACA-1","T cells","T cells",0.365422495601389
"GGGCACTTCTCGTATT-1","NK cells","NK cells",0.376659381082082
"GGGCACTTCTGATTCT-1","Monocytes","Monocytes",0.457270384716662
"GGGCATCAGATGAGAG-1","CD4+ T cells","CD4+ T cells",0.309928424713708
"GGGCATCAGGGAACGG-1","CD8+ T cells","CD8+ T cells",0.319524342714807
"GGGCATCAGGTGACCA-1","B cells","B cells",0.341227034359726
"GGGCATCCAATGTAAG-1","CD8+ T cells","CD8+ T cells",0.344350015337002
"GGGCATCCACACGCTG-1","CD8+ T cells","CD8+ T cells",0.342955360121561
"GGGCATCCACCAGGTC-1","CD4+ T cells","CD4+ T cells",0.328175021693383
"GGGCATCCACGGATAG-1","T cells","T cells",0.22901397770268
"GGGCATCCATAAAGGT-1","T cells","T cells",0.331303461213268
"GGGCATCGTCGCATAT-1","Dendritic cells","Dendritic cells",0.514534833528038
"GGGCATCGTCGCTTCT-1","CD8+ T cells","CD8+ T cells",0.279790282927326
"GGGCATCGTCTCACCT-1","B cells","B cells",0.305033974825075
"GGGCATCGTCTTGTCC-1","CD4+ T cells","CD4+ T cells",0.290534799210133
"GGGCATCGTGGTACAG-1","CD8+ T cells","CD8+ T cells",0.326508434523864
"GGGCATCGTTCAGGCC-1","B cells","B cells",0.359192555415181
"GGGCATCTCCCGACTT-1","T cells","T cells",0.359229604761992
"GGGCATCTCGAACTGT-1","Monocytes","Monocytes",0.37621054912023
"GGGCATCTCTCTAAGG-1","CD8+ T cells","CD8+ T cells",0.311552457400137
"GGGCATCTCTGCCAGG-1","CD4+ T cells","CD4+ T cells",0.328405251342898
"GGGTCTGAGCCCAGCT-1","Monocytes","Monocytes",0.355156469723345
"GGGTCTGAGCTGAACG-1","T cells","T cells",0.337104636080125
"GGGTCTGAGGAGTTTA-1","CD4+ T cells","CD4+ T cells",0.310240195050274
"GGGTCTGAGGATCGCA-1","CD8+ T cells","CD8+ T cells",0.324595842526616
"GGGTCTGAGGGAGTAA-1","CD4+ T cells","CD4+ T cells",0.306466827129631
"GGGTCTGAGGTGCAAC-1","T cells","T cells",0.374395544084957
"GGGTCTGAGTCGAGTG-1","Monocytes","Monocytes",0.339468089146015
"GGGTCTGAGTGACTCT-1","CD4+ T cells","CD4+ T cells",0.370869090644286
"GGGTCTGCAAGAGGCT-1","B cells","B cells",0.324323306081988
"GGGTCTGCACAAGACG-1","Monocytes","Monocytes",0.371943887476063
"GGGTCTGCACATGGGA-1","T cells","T cells",0.402321447222538
"GGGTCTGCACTGAAGG-1","Monocytes","Monocytes",0.355434057854354
"GGGTCTGCAGACACTT-1","Dendritic cells","Dendritic cells",0.479150508140469
"GGGTCTGCAGCTATTG-1","CD4+ T cells","CD4+ T cells",0.325200951899744
"GGGTCTGCAGGTCTCG-1","Monocytes","Monocytes",0.454068026966231
"GGGTCTGGTAGCGCAA-1","B cells","B cells",0.329110835350072
"GGGTCTGGTAGGCATG-1","T cells","T cells",0.319520482718366
"GGGTCTGGTCTGATCA-1","B cells","B cells",0.357204950143497
"GGGTCTGGTCTGATTG-1","CD8+ T cells","CD8+ T cells",0.293610334143996
"GGGTCTGGTGATAAAC-1","B cells",NA,0.312734002209297
"GGGTCTGGTTAAGACA-1","T cells","T cells",0.391480051229117
"GGGTCTGGTTACGCGC-1","B cells","B cells",0.306243616334385
"GGGTCTGTCAAACCAC-1","Monocytes","Monocytes",0.552575209717694
"GGGTCTGTCACCATAG-1","Monocytes","Monocytes",0.420815843506741
"GGGTCTGTCACCTTAT-1","CD4+ T cells","CD4+ T cells",0.261360499642749
"GGGTCTGTCCCAAGAT-1","B cells","B cells",0.351400712692667
"GGGTCTGTCGAATGGG-1","B cells","B cells",0.30593297116628
"GGGTCTGTCGAGAACG-1","B cells","B cells",0.277873641651067
"GGGTCTGTCGTTACAG-1","Monocytes","Monocytes",0.352775736919671
"GGGTCTGTCTGGCGTG-1","Monocytes","Monocytes",0.367084550900664
"GGGTCTGTCTTACCTA-1","B cells","B cells",0.305159354192839
"GGGTTGCAGAGCCTAG-1","CD4+ T cells","CD4+ T cells",0.307772584927301
"GGGTTGCAGTTCGATC-1","T cells","T cells",0.321580412880535
"GGGTTGCCAAAGTGCG-1","CD4+ T cells","CD4+ T cells",0.351144987181705
"GGGTTGCGTACCGTAT-1","CD8+ T cells","CD8+ T cells",0.332225491027391
"GGGTTGCGTAGAAAGG-1","B cells","B cells",0.357983979470015
"GGGTTGCGTCATATGC-1","T cells","T cells",0.35030415054846
"GGGTTGCGTTCGGCAC-1","T cells","T cells",0.303645840064532
"GGGTTGCTCACCGGGT-1","B cells","B cells",0.331181986388665
"GGGTTGCTCACGCATA-1","Monocytes","Monocytes",0.437859792944533
"GGGTTGCTCACTCTTA-1","Monocytes","Monocytes",0.3837506011813
"GGGTTGCTCAGCATGT-1","T cells","T cells",0.375711661077258
"GGGTTGCTCAGGTAAA-1","T cells","T cells",0.387441686152357
"GGGTTGCTCATGTGGT-1","CD4+ T cells","CD4+ T cells",0.292083234359407
"GGGTTGCTCCAAAGTC-1","T cells","T cells",0.33494295656517
"GGGTTGCTCCAGAAGG-1","NK cells","NK cells",0.389509682222875
"GGGTTGCTCCATGCTC-1","CD4+ T cells","CD4+ T cells",0.324017361157505
"GGGTTGCTCTATCCTA-1","T cells","T cells",0.402588573625681
"GGGTTGCTCTTGCAAG-1","Monocytes","Monocytes",0.414461076291498
"GGTATTGAGAAACCAT-1","CD4+ T cells","CD4+ T cells",0.338065736057293
"GGTATTGAGACCGGAT-1","Dendritic cells","Dendritic cells",0.512664542560035
"GGTATTGAGAGTACAT-1","CD8+ T cells","CD8+ T cells",0.318394145545552
"GGTATTGAGCTCCCAG-1","Dendritic cells","Dendritic cells",0.374055874769818
"GGTATTGAGGTACTCT-1","B cells","B cells",0.412195230266965
"GGTATTGAGGTGACCA-1","CD4+ T cells","CD4+ T cells",0.297606409869377
"GGTATTGAGTGGGTTG-1","B cells","B cells",0.35442580726046
"GGTATTGCAACACCTA-1","CD4+ T cells","CD4+ T cells",0.31706464614118
"GGTATTGCAAGAAGAG-1","CD4+ T cells","CD4+ T cells",0.327913340155715
"GGTATTGCAATGGAAT-1","CD4+ T cells","CD4+ T cells",0.347584329751007
"GGTATTGCATCGGACC-1","Monocytes","Monocytes",0.38566866576496
"GGTATTGGTACTCTCC-1","T cells","T cells",0.328570870059771
"GGTATTGGTAGGCTGA-1","Monocytes","Monocytes",0.472179410435398
"GGTATTGGTCGCGTGT-1","T cells","T cells",0.333112227502697
"GGTATTGGTGGTCTCG-1","B cells","B cells",0.342330584289891
"GGTATTGGTGTTTGGT-1","T cells","T cells",0.440159544916686
"GGTATTGGTTGGTGGA-1","CD4+ T cells","CD4+ T cells",0.258788378149864
"GGTATTGTCGGTTCGG-1","Monocytes","Monocytes",0.371059601262272
"GGTGAAGAGACTCGGA-1","T cells","T cells",0.388076433703619
"GGTGAAGAGCCAGAAC-1","CD8+ T cells","CD8+ T cells",0.337356863189144
"GGTGAAGAGCGAAGGG-1","CD4+ T cells","CD4+ T cells",0.345192852983241
"GGTGAAGAGTCTCGGC-1","CD4+ T cells","CD4+ T cells",0.299892920694001
"GGTGAAGAGTGGGTTG-1","CD4+ T cells","CD4+ T cells",0.330711600510656
"GGTGAAGAGTTACCCA-1","B cells","B cells",0.333651047040934
"GGTGAAGCAAGCGCTC-1","T cells","T cells",0.253094710584394
"GGTGAAGCAGCCAGAA-1","T cells","T cells",0.273336017649791
"GGTGAAGCAGTTAACC-1","CD4+ T cells","CD4+ T cells",0.321109173989019
"GGTGAAGGTAAAGGAG-1","T cells","T cells",0.364727013607712
"GGTGAAGGTAACGTTC-1","Monocytes","Monocytes",0.454941317944596
"GGTGAAGGTAAGTAGT-1","CD8+ T cells","CD8+ T cells",0.34361284310983
"GGTGAAGGTCGAAAGC-1","Monocytes","Monocytes",0.401656451506892
"GGTGAAGGTGGTACAG-1","Monocytes","Monocytes",0.51814252669768
"GGTGAAGTCAACCATG-1","Monocytes","Monocytes",0.333496818585429
"GGTGAAGTCACCCTCA-1","Monocytes","Monocytes",0.509690822195115
"GGTGAAGTCACGCGGT-1","NK cells","NK cells",0.345115312317032
"GGTGAAGTCCACTCCA-1","B cells","B cells",0.421739461204724
"GGTGAAGTCCGTCATC-1","B cells","B cells",0.358914745159523
"GGTGAAGTCGGCGGTT-1","T cells","T cells",0.384202520731641
"GGTGAAGTCTGCTGCT-1","CD4+ T cells","CD4+ T cells",0.321023884494393
"GGTGCGTAGCTACCTA-1","CD4+ T cells","CD4+ T cells",0.338477074070963
"GGTGCGTAGCTGATAA-1","CD4+ T cells","CD4+ T cells",0.329096315628118
"GGTGCGTAGTGAAGAG-1","CD8+ T cells","CD8+ T cells",0.313701474669092
"GGTGCGTCACATAACC-1","Monocytes","Monocytes",0.442829922392214
"GGTGCGTCACTCGACG-1","B cells","B cells",0.397912169262289
"GGTGCGTCAGAGTGTG-1","T cells","T cells",0.335783549976031
"GGTGCGTCAGTAAGAT-1","T cells","T cells",0.331059365906713
"GGTGCGTGTACCGAGA-1","T cells","T cells",0.296700401836482
"GGTGCGTGTCATATGC-1","Monocytes","Monocytes",0.370800844545845
"GGTGCGTGTCTCAACA-1","B cells","B cells",0.30634513534437
"GGTGCGTGTCTCTCTG-1","Monocytes","Monocytes",0.376813823051886
"GGTGCGTGTGAGGCTA-1","T cells","T cells",0.369810052120907
"GGTGCGTGTTACCGAT-1","Monocytes","Monocytes",0.345546241506397
"GGTGCGTTCAAACCGT-1","Monocytes","Monocytes",0.384665185881339
"GGTGCGTTCACATGCA-1","B cells","B cells",0.326475101507016
"GGTGCGTTCACCATAG-1","NK cells","NK cells",0.415077905431381
"GGTGCGTTCCAAACAC-1","Monocytes","Monocytes",0.347622144799164
"GGTGCGTTCCACGAAT-1","CD4+ T cells","CD4+ T cells",0.376580484835571
"GGTGTTAAGCCACGTC-1","B cells","B cells",0.32365181139251
"GGTGTTAAGGACATTA-1","T cells","T cells",0.31656976399177
"GGTGTTAAGTATTGGA-1","CD4+ T cells","CD4+ T cells",0.316491293818598
"GGTGTTAAGTGAAGTT-1","Dendritic cells","Dendritic cells",0.535847684348742
"GGTGTTACAAGAAAGG-1","Dendritic cells","Dendritic cells",0.55272358481814
"GGTGTTAGTACAGACG-1","B cells","B cells",0.3177105813951
"GGTGTTAGTCGGGTCT-1","Monocytes","Monocytes",0.422998235870219
"GGTGTTATCAATAAGG-1","CD4+ T cells","CD4+ T cells",0.349295861651338
"GGTGTTATCACATAGC-1","Dendritic cells","Dendritic cells",0.570267794602953
"GGTGTTATCCAAAGTC-1","CD8+ T cells","CD8+ T cells",0.318113019951046
"GGTGTTATCGAGCCCA-1","Monocytes","Monocytes",0.380709285595277
"GGTGTTATCGGAAATA-1","Monocytes","Monocytes",0.394933201181285
"GGTGTTATCGGCCGAT-1","CD4+ T cells","CD4+ T cells",0.318469274947136
"GTAACGTAGATCGATA-1","T cells","T cells",0.349643540858081
"GTAACGTCAAGTAGTA-1","CD4+ T cells","CD4+ T cells",0.310969979268557
"GTAACGTCACGGATAG-1","CD4+ T cells","CD4+ T cells",0.325110513529241
"GTAACGTCAGACAAGC-1","NK cells","NK cells",0.381324990610904
"GTAACGTCAGCTGTGC-1","CD4+ T cells","CD4+ T cells",0.331572134113624
"GTAACGTGTAGCTAAA-1","Monocytes","Monocytes",0.396894254639595
"GTAACGTGTCTTGATG-1","B cells","B cells",0.316555064009385
"GTAACGTGTGTGACGA-1","B cells","B cells",0.302737899776996
"GTAACGTGTTACTGAC-1","Monocytes","Monocytes",0.372716076899681
"GTAACGTTCGTTACAG-1","CD4+ T cells","CD4+ T cells",0.329574567418954
"GTAACGTTCTGCCAGG-1","CD4+ T cells","CD4+ T cells",0.415749085872061
"GTAACTGAGAAGGTGA-1","T cells","T cells",0.320660620214132
"GTAACTGAGAGCTATA-1","B cells","B cells",0.341760925813799
"GTAACTGAGATGTCGG-1","T cells","T cells",0.358667236718021
"GTAACTGAGTCACGCC-1","CD4+ T cells","CD4+ T cells",0.327861482666489
"GTAACTGCAAGGTTTC-1","B cells","B cells",0.35475064333102
"GTAACTGCACCAGCAC-1","Monocytes","Monocytes",0.421986825413901
"GTAACTGCACCAGGCT-1","B cells","B cells",0.352807784728274
"GTAACTGCACTCGACG-1","Monocytes","Monocytes",0.467061097454674
"GTAACTGCAGCTGCAC-1","T cells","T cells",0.351544573267457
"GTAACTGCATAAGACA-1","CD4+ T cells","CD4+ T cells",0.333096658938951
"GTAACTGCATTCCTCG-1","B cells","B cells",0.35118562903444
"GTAACTGGTACCTACA-1","CD8+ T cells","CD8+ T cells",0.32299711331298
"GTAACTGGTGGACGAT-1","CD8+ T cells","CD8+ T cells",0.327705629410968
"GTAACTGTCAACTCTT-1","Monocytes","Monocytes",0.406975331493926
"GTAACTGTCCAAGCCG-1","Monocytes","Monocytes",0.447503817578714
"GTAACTGTCTAACGGT-1","Monocytes","Monocytes",0.32217373105352
"GTACGTAAGAGACGAA-1","T cells","T cells",0.414201569808084
"GTACGTACAAGACGTG-1","CD4+ T cells","CD4+ T cells",0.306604276169201
"GTACGTACAAGCCATT-1","T cells","T cells",0.359996716498573
"GTACGTACAATCCGAT-1","T cells","T cells",0.314519726666462
"GTACGTACACTTCGAA-1","Monocytes","Monocytes",0.419499496477797
"GTACGTAGTCAACTGT-1","CD4+ T cells","CD4+ T cells",0.308265844790642
"GTACGTAGTCTTTCAT-1","CD4+ T cells","CD4+ T cells",0.325676094027821
"GTACGTAGTGACTACT-1","CD4+ T cells","CD4+ T cells",0.299469530709735
"GTACGTAGTTGGTGGA-1","B cells",NA,0.337188124565779
"GTACGTATCAAAGTAG-1","Monocytes","Monocytes",0.330351335124478
"GTACGTATCCTCCTAG-1","Monocytes","Monocytes",0.392217897886336
"GTACGTATCTTAGCCC-1","T cells","T cells",0.359635621584705
"GTACTCCAGAAGGTGA-1","Monocytes","Monocytes",0.446426580306837
"GTACTCCAGAGCCCAA-1","T cells","T cells",0.290710088684387
"GTACTCCAGAGGACGG-1","T cells","T cells",0.379065886973035
"GTACTCCAGATAGTCA-1","CD4+ T cells","CD4+ T cells",0.275095209198837
"GTACTCCCACCGCTAG-1","T cells","T cells",0.321406458899272
"GTACTCCCATCAGTAC-1","B cells","B cells",0.37640335717494
"GTACTCCGTAAATGTG-1","CD8+ T cells","CD8+ T cells",0.359823457503006
"GTACTCCGTCGCTTCT-1","Monocytes","Monocytes",0.382701068912302
"GTACTCCGTTATCCGA-1","CD4+ T cells","CD4+ T cells",0.344784885194268
"GTACTCCGTTGCTCCT-1","CD8+ T cells","CD8+ T cells",0.303977786322557
"GTACTCCGTTTAAGCC-1","CD8+ T cells","CD8+ T cells",0.2923417559529
"GTACTCCTCAGGATCT-1","T cells","T cells",0.351484050934355
"GTACTCCTCAGGCAAG-1","T cells","T cells",0.349501650182266
"GTACTCCTCCACTGGG-1","Monocytes","Monocytes",0.448037104811821
"GTACTCCTCCTAGAAC-1","T cells","T cells",0.369123993830003
"GTACTCCTCTGAGGGA-1","B cells","B cells",0.297324183030896
"GTACTCCTCTTAACCT-1","T cells","T cells",0.377499174943155
"GTACTCCTCTTGCATT-1","T cells","T cells",0.349959443945906
"GTACTTTAGATGTAAC-1","T cells","T cells",0.350930962557562
"GTACTTTAGCACCGCT-1","NK cells","NK cells",0.37347306822952
"GTACTTTAGCGCCTCA-1","B cells","B cells",0.304256254624471
"GTACTTTAGCGCTTAT-1","B cells","B cells",0.3036134749171
"GTACTTTAGCTAAGAT-1","NK cells","NK cells",0.356693521057751
"GTACTTTAGTACGCGA-1","CD4+ T cells","CD4+ T cells",0.320504774828003
"GTACTTTCACCGAAAG-1","NK cells","NK cells",0.345434116929783
"GTACTTTCAGATTGCT-1","Monocytes","Monocytes",0.353389314644962
"GTACTTTCAGCCTGTG-1","CD4+ T cells","CD4+ T cells",0.298887873386887
"GTACTTTCATACTACG-1","Monocytes","Monocytes",0.479079105182946
"GTACTTTGTAGCACGA-1","Monocytes","Monocytes",0.35125198711305
"GTACTTTGTCTGGTCG-1","Monocytes","Monocytes",0.464851189573183
"GTACTTTGTCTTGCGG-1","T cells","T cells",0.309548286158006
"GTACTTTGTGGCCCTA-1","T cells","T cells",0.320359351636997
"GTACTTTGTTTGGCGC-1","CD4+ T cells","CD4+ T cells",0.298593930101919
"GTACTTTTCAACCAAC-1","Monocytes","Monocytes",0.30671900943878
"GTACTTTTCAATACCG-1","Monocytes","Monocytes",0.381433243974213
"GTACTTTTCCGCAAGC-1","T cells","T cells",0.3234931227929
"GTACTTTTCGCTGATA-1","Monocytes","Monocytes",0.357596611213639
"GTACTTTTCGGCTACG-1","Monocytes","Monocytes",0.352366388086692
"GTACTTTTCTGCAGTA-1","CD8+ T cells","CD8+ T cells",0.330963174016641
"GTAGGCCAGCGTGTCC-1","CD4+ T cells","CD4+ T cells",0.329594571878185
"GTAGGCCAGCTTCGCG-1","CD8+ T cells","CD8+ T cells",0.302495314048966
"GTAGGCCAGTCCGTAT-1","CD4+ T cells","CD4+ T cells",0.310091357987988
"GTAGGCCCAATGACCT-1","Monocytes","Monocytes",0.451771404559193
"GTAGGCCCAATGCCAT-1","Dendritic cells",NA,0.255240986489254
"GTAGGCCCACGGTAAG-1","CD8+ T cells","CD8+ T cells",0.326533929669985
"GTAGGCCCACTTAACG-1","CD4+ T cells","CD4+ T cells",0.310661640573689
"GTAGGCCCAGGACCCT-1","Monocytes","Monocytes",0.4666005977515
"GTAGGCCGTAACGTTC-1","Monocytes","Monocytes",0.418728941838145
"GTAGGCCGTAGCTTGT-1","T cells","T cells",0.358175492889182
"GTAGGCCGTATAGGGC-1","B cells",NA,0.309794434229539
"GTAGGCCGTCGCCATG-1","CD4+ T cells","CD4+ T cells",0.313046588279397
"GTAGGCCGTTCACCTC-1","B cells","B cells",0.336153430695035
"GTAGGCCGTTGCTCCT-1","NK cells","NK cells",0.397849409728972
"GTAGGCCTCCTAGGGC-1","T cells","T cells",0.320904203899053
"GTAGGCCTCTATCCTA-1","B cells","B cells",0.307263454924198
"GTAGTCAAGAGGTTGC-1","CD8+ T cells","CD8+ T cells",0.331869285664176
"GTAGTCAAGATAGTCA-1","Monocytes","Monocytes",0.474085309972258
"GTAGTCAAGATTACCC-1","T cells","T cells",0.341842402597875
"GTAGTCAAGCTGAAAT-1","T cells","T cells",0.354075800905207
"GTAGTCAAGGACGAAA-1","Monocytes","Monocytes",0.439436805474896
"GTAGTCAAGGAGTACC-1","Monocytes","Monocytes",0.441342183030763
"GTAGTCAAGGGCACTA-1","NK cells","NK cells",0.391611509391582
"GTAGTCAAGGGCATGT-1","B cells","B cells",0.336324115145275
"GTAGTCAAGGTCGGAT-1","T cells","T cells",0.369651253457469
"GTAGTCAAGTCATCCA-1","T cells","T cells",0.316237953362411
"GTAGTCAAGTTCCACA-1","Monocytes","Monocytes",0.404341332003212
"GTAGTCACACCACCAG-1","CD8+ T cells","CD8+ T cells",0.29592014729774
"GTAGTCACAGCCTATA-1","Monocytes","Monocytes",0.448975961017754
"GTAGTCACAGCCTTTC-1","NK cells","NK cells",0.33670712386155
"GTAGTCACATCCCATC-1","T cells","T cells",0.366928986135929
"GTAGTCAGTAAAGTCA-1","B cells","B cells",0.323378088850041
"GTAGTCAGTACGACCC-1","B cells",NA,0.301158608022815
"GTAGTCAGTACGCACC-1","CD4+ T cells","CD4+ T cells",0.349751394393338
"GTAGTCAGTATGAAAC-1","Monocytes","Monocytes",0.405746463330335
"GTAGTCAGTCCATCCT-1","CD8+ T cells","CD8+ T cells",0.331144064062052
"GTAGTCAGTCTCGTTC-1","CD4+ T cells","CD4+ T cells",0.29947041026747
"GTAGTCAGTTAAGTAG-1","Monocytes","Monocytes",0.39048517003651
"GTAGTCAGTTTGTTTC-1","T cells","T cells",0.374167927084329
"GTAGTCATCCATTCTA-1","Monocytes","Monocytes",0.436290836088379
"GTAGTCATCGACCAGC-1","T cells","T cells",0.41968272358043
"GTAGTCATCGTCGTTC-1","CD4+ T cells","CD4+ T cells",0.370823300511799
"GTAGTCATCTGGGCCA-1","T cells","T cells",0.304109813107519
"GTAGTCATCTTGCAAG-1","B cells","B cells",0.339640504821159
"GTATCTTAGAAGATTC-1","CD4+ T cells","CD4+ T cells",0.289045086402501
"GTATCTTAGCCAGTAG-1","Monocytes","Monocytes",0.423736423671913
"GTATCTTAGTATCTCG-1","B cells","B cells",0.365755489755839
"GTATCTTAGTGAATTG-1","CD8+ T cells","CD8+ T cells",0.31553469397644
"GTATCTTAGTGCGTGA-1","T cells","T cells",0.39513234172971
"GTATCTTAGTGTTTGC-1","Monocytes","Monocytes",0.468111039973407
"GTATCTTCAATCCGAT-1","Monocytes","Monocytes",0.381620464670801
"GTATCTTCACAACGTT-1","CD8+ T cells","CD8+ T cells",0.384507807703276
"GTATCTTCACTGTCGG-1","T cells","T cells",0.29678594876733
"GTATCTTCAGTACACT-1","T cells","T cells",0.315706489950326
"GTATCTTCAGTGACAG-1","B cells","B cells",0.315760969796765
"GTATCTTGTCACTGGC-1","B cells","B cells",0.351040789874759
"GTATCTTGTCGTGGCT-1","Monocytes","Monocytes",0.44590891829397
"GTATCTTGTCTCTTTA-1","Monocytes","Monocytes",0.406867519794725
"GTATCTTGTGAACCTT-1","B cells",NA,0.34516677327422
"GTATCTTGTTTGCATG-1","CD4+ T cells","CD4+ T cells",0.315771507472934
"GTATCTTTCAAAGTAG-1","CD4+ T cells","CD4+ T cells",0.341274180167713
"GTATCTTTCAGGATCT-1","Dendritic cells","Dendritic cells",0.55539928211274
"GTATCTTTCAGTGCAT-1","Dendritic cells","Dendritic cells",0.533335318159669
"GTATTCTAGACAAAGG-1","T cells","T cells",0.332204830794903
"GTATTCTAGATATACG-1","CD4+ T cells","CD4+ T cells",0.280593863568068
"GTATTCTAGCGTCAAG-1","Monocytes","Monocytes",0.378363479325767
"GTATTCTAGCGTTGCC-1","CD4+ T cells","CD4+ T cells",0.343953315193777
"GTATTCTAGGACGAAA-1","CD8+ T cells","CD8+ T cells",0.353744746361448
"GTATTCTAGGGTTTCT-1","T cells","T cells",0.346823776379652
"GTATTCTAGTCATCCA-1","CD8+ T cells","CD8+ T cells",0.329343142115217
"GTATTCTAGTTGTCGT-1","CD8+ T cells","CD8+ T cells",0.295935778780903
"GTATTCTCAACTGCTA-1","Monocytes","Monocytes",0.436764461188653
"GTATTCTCAAGTTCTG-1","Monocytes","Monocytes",0.446398955341791
"GTATTCTCACGGCGTT-1","T cells","T cells",0.376701052912096
"GTATTCTCAGCTATTG-1","CD4+ T cells","CD4+ T cells",0.321359542298346
"GTATTCTGTCCGAATT-1","Monocytes","Monocytes",0.426451638845341
"GTATTCTGTCTAGCGC-1","CD8+ T cells","CD8+ T cells",0.327315906241343
"GTATTCTGTGCGGTAA-1","CD8+ T cells","CD8+ T cells",0.360133985355158
"GTATTCTGTTGATTGC-1","CD4+ T cells","CD4+ T cells",0.269357371539172
"GTATTCTTCAGCTCGG-1","T cells","T cells",0.362366084655716
"GTATTCTTCAGTGCAT-1","B cells","B cells",0.371427256528896
"GTATTCTTCGGAAATA-1","CD4+ T cells","CD4+ T cells",0.33629316835743
"GTATTCTTCGTTGCCT-1","CD4+ T cells","CD4+ T cells",0.306019955510483
"GTATTCTTCTGAGTGT-1","Monocytes","Monocytes",0.430512157787047
"GTATTCTTCTTCGAGA-1","CD4+ T cells","CD4+ T cells",0.32287796864337
"GTCAAGTAGCAATATG-1","Monocytes","Monocytes",0.427568003279312
"GTCAAGTAGCCACGCT-1","Monocytes","Monocytes",0.422610767249919
"GTCAAGTAGGAGTCTG-1","CD8+ T cells","CD8+ T cells",0.330453712594827
"GTCAAGTAGGCAATTA-1","B cells","B cells",0.297150777359826
"GTCAAGTAGGGCTCTC-1","B cells","B cells",0.339735440946184
"GTCAAGTAGGTGCACA-1","Monocytes","Monocytes",0.39593567610108
"GTCAAGTCAAGCGCTC-1","CD8+ T cells","CD8+ T cells",0.292756301144786
"GTCAAGTCACAGGTTT-1","T cells","T cells",0.363289751968304
"GTCAAGTCACGCATCG-1","CD8+ T cells","CD8+ T cells",0.29796793312213
"GTCAAGTCACTCGACG-1","T cells","T cells",0.33903580384571
"GTCAAGTGTACAGTGG-1","NK cells","NK cells",0.421048673306862
"GTCAAGTGTATGCTTG-1","T cells","T cells",0.388991736006802
"GTCAAGTTCATAGCAC-1","T cells","T cells",0.33839092262016
"GTCAAGTTCATCGGAT-1","T cells","T cells",0.374541477510769
"GTCAAGTTCTCGGACG-1","T cells","T cells",0.355978275092898
"GTCAAGTTCTTCGAGA-1","B cells","B cells",0.328706624110085
"GTCACAAAGACCCACC-1","CD4+ T cells","CD4+ T cells",0.315773283225804
"GTCACAAAGGGTCTCC-1","Monocytes","Monocytes",0.45394416138664
"GTCACAAAGTACCGGA-1","Monocytes","Monocytes",0.456389945463993
"GTCACAACAACGATGG-1","T cells","T cells",0.36559876240024
"GTCACAACACAGGCCT-1","Monocytes","Monocytes",0.403416535657314
"GTCACAACAGTCGTGC-1","CD4+ T cells",NA,0.258363809035435
"GTCACAACATACTCTT-1","CD8+ T cells","CD8+ T cells",0.375910631968804
"GTCACAACATGCCCGA-1","CD4+ T cells","CD4+ T cells",0.3188826916839
"GTCACAAGTACTCAAC-1","Monocytes","Monocytes",0.425173262138364
"GTCACAAGTAGATTAG-1","B cells","B cells",0.357972866603474
"GTCACAAGTGCAGGTA-1","CD4+ T cells","CD4+ T cells",0.293025809939404
"GTCACAAGTGCAGTAG-1","Monocytes","Monocytes",0.451342986597526
"GTCACAAGTGTCGCTG-1","Dendritic cells","Dendritic cells",0.490735023406166
"GTCACAAGTGTTGAGG-1","B cells","B cells",0.329430682195101
"GTCACAAGTTGAACTC-1","B cells","B cells",0.282146268779392
"GTCACAAGTTGTCGCG-1","Monocytes","Monocytes",0.379890427854473
"GTCACAATCTCTTGAT-1","CD4+ T cells","CD4+ T cells",0.302486225600685
"GTCACAATCTTTCCTC-1","CD8+ T cells","CD8+ T cells",0.312929369349201
"GTCACGGAGGTTACCT-1","CD4+ T cells","CD4+ T cells",0.277870079858313
"GTCACGGAGTACGACG-1","B cells","B cells",0.339031874859223
"GTCACGGCAAATTGCC-1","CD4+ T cells","CD4+ T cells",0.294292865986493
"GTCACGGCAAGAAGAG-1","CD4+ T cells","CD4+ T cells",0.322310388486689
"GTCACGGCAAGTCTAC-1","CD4+ T cells","CD4+ T cells",0.303803480282918
"GTCACGGGTATGAAAC-1","Monocytes","Monocytes",0.415785633296872
"GTCACGGGTCCATCCT-1","CD8+ T cells","CD8+ T cells",0.309743419840942
"GTCACGGGTCGCTTTC-1","CD4+ T cells","CD4+ T cells",0.371021926274151
"GTCACGGGTCTAAAGA-1","CD4+ T cells","CD4+ T cells",0.322845578641755
"GTCACGGGTGCGGTAA-1","B cells","B cells",0.322019996340169
"GTCACGGGTTGTTTGG-1","CD8+ T cells","CD8+ T cells",0.306786542942227
"GTCACGGTCAACACAC-1","T cells","T cells",0.353294881903533
"GTCACGGTCAGGCAAG-1","Monocytes","Monocytes",0.42428170312126
"GTCACGGTCAGTTGAC-1","CD4+ T cells","CD4+ T cells",0.354913573319956
"GTCACGGTCGGACAAG-1","CD4+ T cells","CD4+ T cells",0.32198002605093
"GTCATTTAGAAACGAG-1","Monocytes","Monocytes",0.465662925025059
"GTCATTTAGGATTCGG-1","CD4+ T cells","CD4+ T cells",0.337976234551005
"GTCATTTAGTCTCGGC-1","T cells","T cells",0.31967323983766
"GTCATTTAGTTTGCGT-1","CD4+ T cells","CD4+ T cells",0.294110853800311
"GTCATTTCAAGCCATT-1","T cells","T cells",0.311321504006753
"GTCATTTGTAATTGGA-1","CD8+ T cells","CD8+ T cells",0.35549715642562
"GTCATTTGTACACCGC-1","T cells","T cells",0.332043541768534
"GTCATTTGTCAATACC-1","NK cells","NK cells",0.435407509630705
"GTCATTTGTCCAGTTA-1","CD4+ T cells","CD4+ T cells",0.362131060075723
"GTCATTTTCAGCGACC-1","T cells","T cells",0.315520984305468
"GTCATTTTCAGTACGT-1","CD4+ T cells","CD4+ T cells",0.316156846648373
"GTCATTTTCCACGTGG-1","B cells","B cells",0.307731261520811
"GTCATTTTCCCATTAT-1","Monocytes","Monocytes",0.331474826732081
"GTCCTCAAGAATTGTG-1","CD4+ T cells","CD4+ T cells",0.380954543675925
"GTCCTCAAGACGACGT-1","B cells","B cells",0.325084192365863
"GTCCTCAAGATATGCA-1","Monocytes","Monocytes",0.412613742619041
"GTCCTCAAGCTAGGCA-1","B cells","B cells",0.305934358733504
"GTCCTCAAGTACGATA-1","CD8+ T cells","CD8+ T cells",0.310528454037746
"GTCCTCAAGTGGTAAT-1","Monocytes","Monocytes",0.362550740951875
"GTCCTCACAATGTAAG-1","T cells","T cells",0.339409381435386
"GTCCTCACACAGGCCT-1","B cells","B cells",0.349464763785348
"GTCCTCACAGCTGGCT-1","Monocytes","Monocytes",0.399872001322457
"GTCCTCACAGGTCCAC-1","B cells","B cells",0.300228367099846
"GTCCTCACAGTCAGAG-1","CD4+ T cells","CD4+ T cells",0.327535666150881
"GTCCTCACAGTCAGCC-1","CD8+ T cells","CD8+ T cells",0.311675244167271
"GTCCTCAGTCTCAACA-1","B cells",NA,0.355056984113047
"GTCCTCAGTCTTGTCC-1","T cells","T cells",0.311789348336303
"GTCCTCAGTGGAAAGA-1","CD4+ T cells","CD4+ T cells",0.32895450955894
"GTCCTCATCAACACCA-1","Monocytes","Monocytes",0.491663218617507
"GTCCTCATCAAGCCTA-1","NK cells","NK cells",0.345435820801879
"GTCCTCATCAAGGCTT-1","T cells","T cells",0.341108445904149
"GTCCTCATCAGTTGAC-1","T cells","T cells",0.35116319082242
"GTCCTCATCATGCAAC-1","CD8+ T cells","CD8+ T cells",0.292353988919379
"GTCCTCATCCATGCTC-1","CD4+ T cells","CD4+ T cells",0.326373973325619
"GTCCTCATCGAACTGT-1","CD8+ T cells","CD8+ T cells",0.300474224551104
"GTCCTCATCGGCTACG-1","T cells","T cells",0.357538425859085
"GTCCTCATCGTAGGAG-1","Dendritic cells","Dendritic cells",0.450303448296584
"GTCGGGTAGACAAAGG-1","NK cells","NK cells",0.404356812736214
"GTCGGGTAGAGTCGGT-1","CD4+ T cells","CD4+ T cells",0.262315041677048
"GTCGGGTAGATGTCGG-1","T cells","T cells",0.300860140874613
"GTCGGGTCAAACAACA-1","B cells","B cells",0.323256724864845
"GTCGGGTCAATGGAGC-1","T cells","T cells",0.341504290850189
"GTCGGGTCACCCTATC-1","NK cells","NK cells",0.396596060587916
"GTCGGGTCAGAGTGTG-1","CD4+ T cells","CD4+ T cells",0.335728036705472
"GTCGGGTCATATACCG-1","B cells","B cells",0.332667816808674
"GTCGGGTCATCCGGGT-1","CD8+ T cells","CD8+ T cells",0.322840780161887
"GTCGGGTCATGGATGG-1","Monocytes","Monocytes",0.454035604011676
"GTCGGGTGTAATAGCA-1","Monocytes","Monocytes",0.393649004288494
"GTCGGGTGTCGGGTCT-1","Monocytes","Monocytes",0.419258033408539
"GTCGGGTGTCTCGTTC-1","CD4+ T cells","CD4+ T cells",0.283590826628624
"GTCGGGTGTGGTAACG-1","CD4+ T cells","CD4+ T cells",0.295304947791274
"GTCGGGTGTGGTACAG-1","T cells","T cells",0.302694380262673
"GTCGGGTGTTATCACG-1","Monocytes","Monocytes",0.375125424511127
"GTCGGGTGTTCAGGCC-1","CD4+ T cells","CD4+ T cells",0.261236847252467
"GTCGGGTGTTGAGTTC-1","B cells","B cells",0.310246180449175
"GTCGGGTTCAAGGCTT-1","Monocytes","Monocytes",0.378575726314024
"GTCGGGTTCACCTCGT-1","Monocytes","Monocytes",0.347167058123073
"GTCGGGTTCCAAACTG-1","CD4+ T cells","CD4+ T cells",0.311494377057998
"GTCGGGTTCCAATGGT-1","Monocytes","Monocytes",0.508306551591949
"GTCGGGTTCGCTAGCG-1","B cells","B cells",0.314178753641792
"GTCGGGTTCTGCGGCA-1","T cells","T cells",0.336721410064071
"GTCGTAAAGACAAGCC-1","Monocytes","Monocytes",0.497335115621598
"GTCGTAAAGACAGGCT-1","Monocytes","Monocytes",0.411395864382422
"GTCGTAAAGCCACCTG-1","B cells","B cells",0.345586445383161
"GTCGTAAAGCGTTGCC-1","CD4+ T cells","CD4+ T cells",0.327880023493627
"GTCGTAAAGGGAAACA-1","CD4+ T cells","CD4+ T cells",0.359469439012111
"GTCGTAACAACTGCGC-1","CD4+ T cells","CD4+ T cells",0.288425170150536
"GTCGTAACAACTTGAC-1","CD4+ T cells","CD4+ T cells",0.391270796913197
"GTCGTAACAAGAAAGG-1","Monocytes","Monocytes",0.434859328665694
"GTCGTAACAAGCTGTT-1","B cells","B cells",0.322020146491074
"GTCGTAACAGTCAGAG-1","CD4+ T cells","CD4+ T cells",0.323991893427341
"GTCGTAACATAAGACA-1","Monocytes","Monocytes",0.485796931529925
"GTCGTAACATACTACG-1","B cells","B cells",0.328435592508534
"GTCGTAAGTCTCCCTA-1","Dendritic cells","Dendritic cells",0.507709998984378
"GTCGTAAGTGCACTTA-1","Monocytes","Monocytes",0.428921992681244
"GTCGTAAGTGCCTGTG-1","T cells","T cells",0.280745460697382
"GTCGTAAGTTGATTCG-1","CD4+ T cells","CD4+ T cells",0.338440204628188
"GTCGTAATCACAACGT-1","CD8+ T cells","CD8+ T cells",0.404163291706839
"GTCGTAATCACCCTCA-1","T cells","T cells",0.368906161892724
"GTCGTAATCGTGTAGT-1","T cells","T cells",0.311890156518427
"GTCTCGTAGAAACCGC-1","Monocytes","Monocytes",0.392179524981986
"GTCTCGTAGAATGTGT-1","CD4+ T cells","CD4+ T cells",0.308605879401783
"GTCTCGTAGACCTTTG-1","CD4+ T cells","CD4+ T cells",0.279682077778306
"GTCTCGTAGTACGCCC-1","T cells","T cells",0.364609156343939
"GTCTCGTAGTGGGTTG-1","B cells","B cells",0.310510305815434
"GTCTCGTAGTTACCCA-1","Monocytes","Monocytes",0.407468653918699
"GTCTCGTCAAGCGAGT-1","CD4+ T cells","CD4+ T cells",0.30443730116959
"GTCTCGTCAGGCAGTA-1","Monocytes","Monocytes",0.402884389695494
"GTCTCGTCATGAGCGA-1","CD4+ T cells","CD4+ T cells",0.296233672866142
"GTCTCGTGTATTACCG-1","T cells","T cells",0.348739044967765
"GTCTCGTGTCTCGTTC-1","B cells","B cells",0.295835201270102
"GTCTCGTGTCTCTTTA-1","Monocytes","Monocytes",0.393285703710121
"GTCTCGTGTCTGATTG-1","B cells","B cells",0.386638446584218
"GTCTCGTGTGGCTCCA-1","Monocytes","Monocytes",0.370706247080199
"GTCTCGTTCCTTGACC-1","CD4+ T cells","CD4+ T cells",0.259509184039686
"GTCTCGTTCGGAGGTA-1","T cells","T cells",0.385499888401865
"GTCTCGTTCTGCGACG-1","CD4+ T cells","CD4+ T cells",0.349773278453198
"GTCTCGTTCTGTTTGT-1","B cells","B cells",0.335470684028721
"GTCTCGTTCTTGCCGT-1","CD4+ T cells","CD4+ T cells",0.366875908151395
"GTCTTCGAGATACACA-1","T cells","T cells",0.345121353883349
"GTCTTCGAGATGCCAG-1","T cells","T cells",0.34439949951684
"GTCTTCGAGCAGCCTC-1","B cells","B cells",0.296149441512295
"GTCTTCGAGGAACTGC-1","Monocytes","Monocytes",0.433949812729712
"GTCTTCGAGGTACTCT-1","CD4+ T cells","CD4+ T cells",0.332504928357774
"GTCTTCGAGTTTCCTT-1","CD8+ T cells","CD8+ T cells",0.370414400815383
"GTCTTCGCAACACGCC-1","Monocytes","Monocytes",0.374911084876488
"GTCTTCGGTAGAGCTG-1","B cells","B cells",0.405564903208274
"GTCTTCGGTAGCACGA-1","NK cells","NK cells",0.384852704047902
"GTCTTCGGTAGCGTCC-1","CD8+ T cells","CD8+ T cells",0.284054456279791
"GTCTTCGGTCTCTTAT-1","CD8+ T cells","CD8+ T cells",0.345618670086561
"GTCTTCGGTGCACTTA-1","NK cells","NK cells",0.415192803805417
"GTCTTCGTCAGTACGT-1","B cells","B cells",0.313983187859833
"GTCTTCGTCGTAGGTT-1","CD4+ T cells","CD4+ T cells",0.321512116969567
"GTCTTCGTCTACCAGA-1","Monocytes","Monocytes",0.40731314224183
"GTCTTCGTCTGTCTAT-1","CD4+ T cells","CD4+ T cells",0.381017587260037
"GTCTTCGTCTTGAGAC-1","Monocytes","Monocytes",0.451672925340221
"GTGAAGGAGAAGGCCT-1","T cells","T cells",0.291810829832979
"GTGAAGGAGAATCTCC-1","Monocytes","Monocytes",0.414309744332945
"GTGAAGGAGAATTCCC-1","Monocytes","Monocytes",0.376766924568751
"GTGAAGGAGAGCAATT-1","Monocytes","Monocytes",0.408747227371521
"GTGAAGGAGCCCAACC-1","B cells","B cells",0.30898457966715
"GTGAAGGAGTACATGA-1","Monocytes","Monocytes",0.468087428083002
"GTGAAGGCACACAGAG-1","T cells","T cells",0.395194009810282
"GTGAAGGCAGGCAGTA-1","CD8+ T cells","CD8+ T cells",0.358469066628295
"GTGAAGGCAGGCTCAC-1","Monocytes","Monocytes",0.358451087059418
"GTGAAGGCATTGTGCA-1","B cells","B cells",0.282283500128236
"GTGAAGGGTATATGAG-1","CD4+ T cells","CD4+ T cells",0.320689557876402
"GTGAAGGGTCCCGACA-1","CD4+ T cells","CD4+ T cells",0.352632131627235
"GTGAAGGGTCTAGAGG-1","Monocytes","Monocytes",0.376601967321765
"GTGAAGGGTTATTCTC-1","CD4+ T cells","CD4+ T cells",0.293371102441141
"GTGAAGGTCATCATTC-1","T cells","T cells",0.307587818311074
"GTGAAGGTCCCTTGCA-1","Monocytes","Monocytes",0.415373617331343
"GTGAAGGTCTGCGGCA-1","CD8+ T cells","CD8+ T cells",0.269173330622892
"GTGAAGGTCTGTCTCG-1","B cells","B cells",0.333964106089349
"GTGCAGCAGACTGTAA-1","CD4+ T cells","CD4+ T cells",0.293849436117058
"GTGCAGCAGCGATCCC-1","B cells","B cells",0.314472451428739
"GTGCAGCAGCTGCAAG-1","Monocytes","Monocytes",0.46232026663492
"GTGCAGCAGTAACCCT-1","CD4+ T cells","CD4+ T cells",0.274855231616856
"GTGCAGCCAAACCTAC-1","Monocytes","Monocytes",0.467828328684983
"GTGCAGCCAAAGCGGT-1","CD8+ T cells","CD8+ T cells",0.345205513992338
"GTGCAGCCAATGACCT-1","Dendritic cells","Dendritic cells",0.421735006999269
"GTGCAGCCACTTACGA-1","Dendritic cells","Dendritic cells",0.526055278442034
"GTGCAGCCATCTGGTA-1","T cells","T cells",0.420791617485392
"GTGCAGCGTCTTTCAT-1","T cells","T cells",0.421743612590089
"GTGCAGCGTGACCAAG-1","CD4+ T cells","CD4+ T cells",0.361388199390131
"GTGCAGCGTGTGAATA-1","T cells","T cells",0.375794489163348
"GTGCAGCGTGTGCGTC-1","CD4+ T cells","CD4+ T cells",0.312202501989701
"GTGCAGCGTGTTCTTT-1","CD4+ T cells","CD4+ T cells",0.296414037988248
"GTGCAGCGTTAGGGTG-1","T cells","T cells",0.311462591183507
"GTGCAGCTCAGAAATG-1","CD4+ T cells","CD4+ T cells",0.305988320757462
"GTGCAGCTCTGGCGAC-1","CD4+ T cells","CD4+ T cells",0.323060487840881
"GTGCATAAGAGTAATC-1","T cells","T cells",0.339510904291146
"GTGCATAAGCCACGTC-1","Monocytes","Monocytes",0.410029879416981
"GTGCATAAGGAATCGC-1","B cells","B cells",0.309114306050211
"GTGCATAAGGGAACGG-1","Monocytes","Monocytes",0.34651666786878
"GTGCATAAGTAGTGCG-1","T cells","T cells",0.387823043101041
"GTGCATACAAAGAATC-1","T cells","T cells",0.373008668897064
"GTGCATACAAATACAG-1","T cells","T cells",0.318899322473176
"GTGCATACAATCTGCA-1","Monocytes","Monocytes",0.441523558433479
"GTGCATACAGCCTTTC-1","Dendritic cells",NA,0.323274109387999
"GTGCATACATGGATGG-1","T cells","T cells",0.351365638851506
"GTGCATAGTAGTACCT-1","T cells","T cells",0.46429679405337
"GTGCATAGTCTCCCTA-1","Monocytes","Monocytes",0.403905955179945
"GTGCATAGTTAAAGAC-1","CD8+ T cells","CD8+ T cells",0.288402389086348
"GTGCATAGTTCCGGCA-1","T cells","T cells",0.406767564321046
"GTGCATATCAAGCCTA-1","CD4+ T cells","CD4+ T cells",0.322046725256402
"GTGCATATCACGAAGG-1","T cells","T cells",0.289183656568551
"GTGCATATCAGTTCGA-1","Monocytes","Monocytes",0.424434570867755
"GTGCATATCCAACCAA-1","T cells","T cells",0.308633056721691
"GTGCATATCCTTTACA-1","T cells","T cells",0.407801648101391
"GTGCATATCGTATCAG-1","B cells","B cells",0.288296406246383
"GTGCATATCGTTACAG-1","CD8+ T cells","CD8+ T cells",0.321483193046036
"GTGCATATCTCGATGA-1","CD4+ T cells","CD4+ T cells",0.329400357925529
"GTGCGGTAGAAGGCCT-1","Monocytes","Monocytes",0.437539716249383
"GTGCGGTAGAGACGAA-1","Monocytes","Monocytes",0.404119073866102
"GTGCGGTAGGCCCGTT-1","T cells","T cells",0.331971124541381
"GTGCGGTCAATAGCGG-1","NK cells","NK cells",0.426838347399237
"GTGCGGTCACACGCTG-1","CD4+ T cells","CD4+ T cells",0.371902126810437
"GTGCGGTCACGCCAGT-1","CD4+ T cells","CD4+ T cells",0.301336923396202
"GTGCGGTCAGTCGATT-1","NK cells",NA,0.395600561014605
"GTGCGGTCATATACCG-1","Monocytes","Monocytes",0.391436910565649
"GTGCGGTGTATTAGCC-1","CD4+ T cells","CD4+ T cells",0.282105252322375
"GTGCGGTGTCCGTGAC-1","T cells","T cells",0.357881869962562
"GTGCGGTGTGATGTCT-1","Monocytes","Monocytes",0.445847835066857
"GTGCGGTGTTAAGAAC-1","Monocytes","Monocytes",0.404099768527636
"GTGCGGTGTTCCACGG-1","CD4+ T cells","CD4+ T cells",0.337560373227832
"GTGCGGTGTTTGCATG-1","CD8+ T cells","CD8+ T cells",0.290527285103078
"GTGCGGTTCAGCCTAA-1","Monocytes","Monocytes",0.340054027350805
"GTGCGGTTCCTATTCA-1","Monocytes","Monocytes",0.42752190607861
"GTGCGGTTCGAGGTAG-1","CD4+ T cells","CD4+ T cells",0.358458669274367
"GTGCGGTTCGTGGACC-1","CD4+ T cells","CD4+ T cells",0.329401839134225
"GTGCTTCAGGCATGTG-1","CD4+ T cells","CD4+ T cells",0.349334577541987
"GTGCTTCAGGCCGAAT-1","Monocytes","Monocytes",0.407367941214207
"GTGCTTCAGTCATGCT-1","Monocytes","Monocytes",0.463058866211694
"GTGCTTCAGTCCGTAT-1","T cells","T cells",0.398113456311883
"GTGCTTCCACGACGAA-1","CD4+ T cells","CD4+ T cells",0.317200186065402
"GTGCTTCCAGGTCCAC-1","Monocytes","Monocytes",0.468330453226028
"GTGCTTCCAGTCTTCC-1","T cells","T cells",0.334125675049829
"GTGCTTCCATAGTAAG-1","CD4+ T cells","CD4+ T cells",0.323841525227286
"GTGCTTCGTGATGTCT-1","CD4+ T cells","CD4+ T cells",0.295155405480507
"GTGCTTCGTGTTTGGT-1","B cells","B cells",0.32147397557946
"GTGCTTCGTGTTTGTG-1","T cells","T cells",0.314316997338696
"GTGCTTCTCAAGCCTA-1","B cells","B cells",0.349822179921563
"GTGCTTCTCCCTCTTT-1","CD8+ T cells","CD8+ T cells",0.330212577164756
"GTGCTTCTCGTTGACA-1","CD4+ T cells","CD4+ T cells",0.29756669651339
"GTGCTTCTCTGGTGTA-1","T cells","T cells",0.388850347074202
"GTGCTTCTCTTGACGA-1","CD4+ T cells","CD4+ T cells",0.321253679918711
"GTGGGTCAGAAGATTC-1","Dendritic cells","Dendritic cells",0.53437440445489
"GTGGGTCAGCTAGTCT-1","Dendritic cells","Dendritic cells",0.463675895279742
"GTGGGTCAGGAGTCTG-1","T cells","T cells",0.310992696600626
"GTGGGTCAGGCGTACA-1","B cells","B cells",0.338925534814226
"GTGGGTCCAAGTAGTA-1","CD8+ T cells","CD8+ T cells",0.354102974744632
"GTGGGTCCAATCCAAC-1","T cells","T cells",0.3609251047083
"GTGGGTCCAGTATAAG-1","Monocytes","Monocytes",0.464619297372368
"GTGGGTCCATCACGTA-1","CD8+ T cells","CD8+ T cells",0.336659135639627
"GTGGGTCGTCAAGCGA-1","CD8+ T cells","CD8+ T cells",0.360731978383597
"GTGGGTCGTCACCTAA-1","CD4+ T cells","CD4+ T cells",0.322239476389206
"GTGGGTCGTCCAACTA-1","Monocytes","Monocytes",0.452457307910722
"GTGGGTCGTCCGAGTC-1","NK cells","NK cells",0.39249127824404
"GTGGGTCGTGTGGTTT-1","Monocytes","Monocytes",0.425701557931023
"GTGGGTCGTGTGTGCC-1","CD4+ T cells","CD4+ T cells",0.340769289431782
"GTGGGTCGTTTCGCTC-1","T cells","T cells",0.304593125519389
"GTGGGTCTCATAGCAC-1","T cells","T cells",0.301738104364025
"GTGGGTCTCATATCGG-1","B cells","B cells",0.3493617494108
"GTGGGTCTCTACTTAC-1","T cells","T cells",0.352518223055304
"GTGGGTCTCTTTACAC-1","T cells","T cells",0.376184515160631
"GTGTGCGAGACACTAA-1","CD4+ T cells","CD4+ T cells",0.275787628649283
"GTGTGCGAGCGACGTA-1","Monocytes","Monocytes",0.352664810446982
"GTGTGCGAGCGTGAAC-1","Monocytes","Monocytes",0.488998913820108
"GTGTGCGAGCTAAGAT-1","T cells","T cells",0.290710694480888
"GTGTGCGAGGACACCA-1","Monocytes","Monocytes",0.364792179352645
"GTGTGCGAGTCGAGTG-1","Monocytes","Monocytes",0.541858483552684
"GTGTGCGAGTCTCCTC-1","B cells","B cells",0.334368936173226
"GTGTGCGAGTTTCCTT-1","B cells","B cells",0.337181278299745
"GTGTGCGCACGAAATA-1","CD4+ T cells","CD4+ T cells",0.266456769117967
"GTGTGCGCAGGATTGG-1","T cells","T cells",0.357297073348202
"GTGTGCGCATCTATGG-1","NK cells","NK cells",0.358026248738694
"GTGTGCGCATGCCACG-1","Dendritic cells","Dendritic cells",0.524228883537587
"GTGTGCGGTACCGCTG-1","B cells","B cells",0.324464129363754
"GTGTGCGGTCAGATAA-1","CD8+ T cells","CD8+ T cells",0.321565575825689
"GTGTGCGGTCTCCACT-1","B cells",NA,0.342834265033735
"GTGTGCGGTTTGTTGG-1","Monocytes","Monocytes",0.4298532120178
"GTGTGCGTCGAGGTAG-1","CD4+ T cells","CD4+ T cells",0.308163737949585
"GTGTGCGTCGCGATCG-1","T cells","T cells",0.355391354291847
"GTGTGCGTCGTTGCCT-1","T cells","T cells",0.359754081177237
"GTGTGCGTCTGGTTCC-1","T cells","T cells",0.361639503976277
"GTGTTAGAGAATGTGT-1","Monocytes","Monocytes",0.409503229992063
"GTGTTAGAGACAGACC-1","Monocytes","Monocytes",0.528991105399017
"GTGTTAGAGAGCTGGT-1","Monocytes","Monocytes",0.449225328828955
"GTGTTAGAGATAGGAG-1","Monocytes","Monocytes",0.414949009314902
"GTGTTAGAGCGGATCA-1","T cells","T cells",0.315930832595884
"GTGTTAGAGGCTCATT-1","T cells","T cells",0.315303632948497
"GTGTTAGAGTGGTAAT-1","Monocytes","Monocytes",0.417998561732909
"GTGTTAGCAAATCCGT-1","Monocytes","Monocytes",0.421359744591808
"GTGTTAGCAAGGCTCC-1","CD4+ T cells","CD4+ T cells",0.32421848857182
"GTGTTAGCAAGGGTCA-1","Monocytes","Monocytes",0.421720112965182
"GTGTTAGCACAGATTC-1","CD4+ T cells","CD4+ T cells",0.333931734078208
"GTGTTAGCAGGGCATA-1","Monocytes","Monocytes",0.37226538729974
"GTGTTAGCATGCAATC-1","CD8+ T cells","CD8+ T cells",0.330255148703838
"GTGTTAGGTACGACCC-1","CD4+ T cells","CD4+ T cells",0.289299614857759
"GTGTTAGGTAGAAAGG-1","T cells","T cells",0.402030095369935
"GTGTTAGGTAGCACGA-1","T cells","T cells",0.323432728004785
"GTGTTAGGTCCTCCAT-1","NK cells","NK cells",0.396170254931761
"GTGTTAGGTGTCAATC-1","CD8+ T cells","CD8+ T cells",0.322760695893007
"GTGTTAGGTTGATTGC-1","Monocytes","Monocytes",0.362192757300641
"GTGTTAGTCAAACCAC-1","T cells","T cells",0.406430326888985
"GTGTTAGTCGTTGCCT-1","T cells","T cells",0.359255194060912
"GTGTTAGTCTTGAGAC-1","B cells","B cells",0.323085333642548
"GTTAAGCAGATGCCTT-1","Dendritic cells","Dendritic cells",0.447288713778893
"GTTAAGCAGCCAGAAC-1","T cells","T cells",0.325587213615288
"GTTAAGCAGCCCTAAT-1","Monocytes","Monocytes",0.416345753447223
"GTTAAGCCAATAGCGG-1","CD4+ T cells","CD4+ T cells",0.302770815427871
"GTTAAGCCACATGGGA-1","T cells","T cells",0.389641373822334
"GTTAAGCCAGCTTCGG-1","CD4+ T cells","CD4+ T cells",0.331937121136164
"GTTAAGCCATGGGACA-1","CD4+ T cells","CD4+ T cells",0.312463142887842
"GTTAAGCCATTGGTAC-1","CD8+ T cells","CD8+ T cells",0.343291989014453
"GTTAAGCGTACCTACA-1","Dendritic cells","Dendritic cells",0.515988401784495
"GTTAAGCGTAGATTAG-1","Monocytes","Monocytes",0.429062186199651
"GTTAAGCGTATATGAG-1","B cells","B cells",0.363865230772976
"GTTAAGCGTCCATGAT-1","T cells","T cells",0.358187982830505
"GTTAAGCGTTCCATGA-1","Monocytes","Monocytes",0.439675707923292
"GTTAAGCTCATGGTCA-1","T cells","T cells",0.331856145239056
"GTTAAGCTCCTTAATC-1","CD4+ T cells","CD4+ T cells",0.415992945134637
"GTTAAGCTCGTTTAGG-1","Dendritic cells","Dendritic cells",0.545285733414686
"GTTACAGAGAAACCAT-1","Monocytes","Monocytes",0.433076799736424
"GTTACAGAGCAATATG-1","B cells","B cells",0.357064170354984
"GTTACAGAGCCCAGCT-1","Monocytes","Monocytes",0.338639270418236
"GTTACAGAGGCGCTCT-1","CD8+ T cells","CD8+ T cells",0.305149070811353
"GTTACAGAGTGAAGAG-1","T cells","T cells",0.36057457114503
"GTTACAGCAACCGCCA-1","CD4+ T cells","CD4+ T cells",0.380064227103182
"GTTACAGCAAGCCTAT-1","T cells","T cells",0.269673595593446
"GTTACAGCAGGATTGG-1","Monocytes","Monocytes",0.407776574808783
"GTTACAGCATACTACG-1","T cells","T cells",0.364767348827521
"GTTACAGGTAAACACA-1","CD4+ T cells","CD4+ T cells",0.408368779846334
"GTTACAGGTAACGACG-1","B cells","B cells",0.419883223925731
"GTTACAGGTAGGCTGA-1","CD8+ T cells","CD8+ T cells",0.302217225475908
"GTTACAGGTCCAAGTT-1","B cells","B cells",0.316768734359668
"GTTACAGGTCCTCTTG-1","T cells","T cells",0.291059946595005
"GTTACAGGTCTCTTTA-1","CD8+ T cells","CD8+ T cells",0.355099192044505
"GTTACAGGTCTTCTCG-1","CD4+ T cells","CD4+ T cells",0.300194889920888
"GTTACAGGTGTTGAGG-1","CD4+ T cells","CD4+ T cells",0.333002360109265
"GTTACAGGTGTTTGTG-1","Monocytes","Monocytes",0.360349672668923
"GTTACAGTCCAGGGCT-1","Dendritic cells","Dendritic cells",0.51361600386646
"GTTACAGTCCGAAGAG-1","Monocytes","Monocytes",0.360756752947074
"GTTACAGTCGCATGAT-1","CD4+ T cells","CD4+ T cells",0.332936324144791
"GTTACAGTCGTCGTTC-1","Monocytes","Monocytes",0.574593594124754
"GTTACAGTCTATCCTA-1","T cells","T cells",0.379592423923253
"GTTACAGTCTCACATT-1","Monocytes","Monocytes",0.404626227174176
"GTTACAGTCTCCCTGA-1","Monocytes","Monocytes",0.418123323827532
"GTTCATTAGCTGATAA-1","CD8+ T cells","CD8+ T cells",0.345011624492663
"GTTCATTAGGCTATCT-1","Monocytes","Monocytes",0.454771771310639
"GTTCATTAGGGAAACA-1","B cells","B cells",0.333354871145132
"GTTCATTCATCGTCGG-1","CD4+ T cells","CD4+ T cells",0.348346219876269
"GTTCATTGTACGAAAT-1","CD8+ T cells","CD8+ T cells",0.302971838272386
"GTTCATTGTCAATACC-1","Monocytes","Monocytes",0.309072589827615
"GTTCATTGTCCAGTTA-1","T cells","T cells",0.30453396196987
"GTTCATTGTCCGAATT-1","CD4+ T cells","CD4+ T cells",0.305309199002455
"GTTCATTGTCTTCAAG-1","B cells","B cells",0.306955679162648
"GTTCATTGTTCTGAAC-1","CD4+ T cells","CD4+ T cells",0.319172757393491
"GTTCATTTCACAAACC-1","Monocytes","Monocytes",0.422554086952544
"GTTCATTTCAGCATGT-1","T cells","T cells",0.450430265765448
"GTTCATTTCCAGTAGT-1","CD4+ T cells","CD4+ T cells",0.352353215847674
"GTTCATTTCCCTAACC-1","CD4+ T cells","CD4+ T cells",0.342136203878783
"GTTCATTTCTTAACCT-1","Dendritic cells","Dendritic cells",0.535699245139398
"GTTCGGGAGCAGCGTA-1","T cells","T cells",0.396719662833004
"GTTCGGGAGCCATCGC-1","Monocytes","Monocytes",0.500425506972155
"GTTCGGGAGCGGATCA-1","CD4+ T cells","CD4+ T cells",0.326300380571549
"GTTCGGGAGGAGTTGC-1","B cells","B cells",0.303349151516495
"GTTCGGGAGTAAGTAC-1","B cells",NA,0.33696037677725
"GTTCGGGCAAGGACAC-1","CD4+ T cells","CD4+ T cells",0.298969540698658
"GTTCGGGCACCAGCAC-1","T cells","T cells",0.336371168649373
"GTTCGGGCACCTCGTT-1","CD4+ T cells","CD4+ T cells",0.350434329175303
"GTTCGGGCACGAGGTA-1","Monocytes","Monocytes",0.322593486936424
"GTTCGGGCAGATTGCT-1","Monocytes","Monocytes",0.437208246461155
"GTTCGGGCATAACCTG-1","Monocytes","Monocytes",0.446464115028089
"GTTCGGGGTAGCGTGA-1","T cells","T cells",0.360861316279887
"GTTCGGGGTCTTCGTC-1","Monocytes","Monocytes",0.379768192770003
"GTTCGGGGTGAGGCTA-1","Monocytes","Monocytes",0.385145438258511
"GTTCGGGTCAGTTAGC-1","B cells","B cells",0.286414989777131
"GTTCTCGAGCGTAATA-1","T cells","T cells",0.32934325508725
"GTTCTCGAGCTTCGCG-1","T cells","T cells",0.348196689965088
"GTTCTCGAGGACCACA-1","CD8+ T cells","CD8+ T cells",0.317404134610584
"GTTCTCGAGGGTTTCT-1","Monocytes","Monocytes",0.393412658764583
"GTTCTCGAGTCTCAAC-1","NK cells","NK cells",0.473785905566729
"GTTCTCGAGTGAATTG-1","Monocytes","Monocytes",0.426703428580302
"GTTCTCGCACAGATTC-1","CD8+ T cells","CD8+ T cells",0.392556243961457
"GTTCTCGCACCGTTGG-1","CD8+ T cells","CD8+ T cells",0.265857219519817
"GTTCTCGCAGCCACCA-1","CD8+ T cells","CD8+ T cells",0.331605806597033
"GTTCTCGCAGGGTTAG-1","CD8+ T cells","CD8+ T cells",0.313027846463009
"GTTCTCGGTGAACCTT-1","B cells","B cells",0.330174381536759
"GTTCTCGGTGATAAAC-1","T cells","T cells",0.34584075049598
"GTTCTCGGTGCAACTT-1","Dendritic cells","Dendritic cells",0.515993213734724
"GTTCTCGGTTAGAACA-1","CD4+ T cells","CD4+ T cells",0.324472970838341
"GTTCTCGTCAGCCTAA-1","T cells","T cells",0.392105465932258
"GTTCTCGTCCGAGCCA-1","T cells","T cells",0.282459967321845
"GTTCTCGTCGAACTGT-1","B cells","B cells",0.278909413507082
"GTTCTCGTCTGCCCTA-1","T cells","T cells",0.359144713694738
"GTTCTCGTCTTAGCCC-1","T cells","T cells",0.313465960366555
"GTTTCTAAGAGACTTA-1","T cells","T cells",0.388236933840731
"GTTTCTAAGGAGTCTG-1","Monocytes","Monocytes",0.45753453207187
"GTTTCTAAGGATATAC-1","T cells","T cells",0.389523020543807
"GTTTCTAAGGTGATTA-1","Monocytes","Monocytes",0.382080038069364
"GTTTCTAAGTCCTCCT-1","CD4+ T cells","CD4+ T cells",0.35775043272253
"GTTTCTAAGTGTCCCG-1","CD8+ T cells","CD8+ T cells",0.316037315352799
"GTTTCTACACCAGGTC-1","CD4+ T cells","CD4+ T cells",0.307484961790257
"GTTTCTACACGAGGTA-1","T cells","T cells",0.359437493785316
"GTTTCTACAGCTATTG-1","T cells","T cells",0.36549195847565
"GTTTCTAGTAACGACG-1","CD8+ T cells","CD8+ T cells",0.317362809771253
"GTTTCTAGTCTTGTCC-1","Dendritic cells","Dendritic cells",0.510055153098645
"GTTTCTAGTTCGGCAC-1","Monocytes","Monocytes",0.50116662428539
"GTTTCTATCCACTCCA-1","T cells","T cells",0.273093693081161
"GTTTCTATCCTTTCTC-1","B cells","B cells",0.323394665727073
"GTTTCTATCGATGAGG-1","Monocytes","Monocytes",0.407471497452922
"GTTTCTATCGTAGATC-1","B cells","B cells",0.316487288123379
"GTTTCTATCTCAAACG-1","Monocytes","Monocytes",0.434568701048168
"GTTTCTATCTGGAGCC-1","CD4+ T cells","CD4+ T cells",0.324572963085324
"GTTTCTATCTTAGCCC-1","CD4+ T cells","CD4+ T cells",0.340806452031516
"TAAACCGAGAAACCTA-1","CD4+ T cells","CD4+ T cells",0.306136023260971
"TAAACCGAGAGGACGG-1","Monocytes","Monocytes",0.414991077785362
"TAAACCGAGCGTGAGT-1","T cells","T cells",0.340833728789576
"TAAACCGCAAGTAGTA-1","CD4+ T cells","CD4+ T cells",0.319723243600794
"TAAACCGCAGCTCGAC-1","T cells","T cells",0.425696401709284
"TAAACCGCATGTCTCC-1","NK cells","NK cells",0.404205763860396
"TAAACCGGTCGTGGCT-1","Monocytes","Monocytes",0.447490663980491
"TAAACCGGTCTAGCCG-1","CD4+ T cells","CD4+ T cells",0.304398015980737
"TAAACCGGTGTGCGTC-1","NK cells","NK cells",0.36743165776778
"TAAACCGGTGTTAAGA-1","T cells","T cells",0.340147443340247
"TAAACCGGTTCCACGG-1","NK cells","NK cells",0.373614439134385
"TAAACCGGTTGGTAAA-1","CD4+ T cells","CD4+ T cells",0.265815845542911
"TAAACCGTCAGAGGTG-1","CD4+ T cells","CD4+ T cells",0.362711994502258
"TAAACCGTCATCGGAT-1","CD4+ T cells","CD4+ T cells",0.319740933413045
"TAAACCGTCCTCTAGC-1","B cells","B cells",0.333731213641568
"TAAGAGAAGACCGGAT-1","Monocytes","Monocytes",0.442393941661932
"TAAGAGAAGCTGAACG-1","T cells","T cells",0.401244908397056
"TAAGAGAAGGCGATAC-1","T cells","T cells",0.363542448144156
"TAAGAGACAAGAGGCT-1","T cells","T cells",0.342525210455059
"TAAGAGACAATCGGTT-1","CD8+ T cells","CD8+ T cells",0.307884811275809
"TAAGAGACACCACGTG-1","T cells","T cells",0.321676991207655
"TAAGAGACACGTTGGC-1","B cells","B cells",0.323626472507373
"TAAGAGACAGGCGATA-1","CD8+ T cells","CD8+ T cells",0.344768491915532
"TAAGAGACAGGGCATA-1","Monocytes","Monocytes",0.511967561330183
"TAAGAGACAGGTTTCA-1","CD4+ T cells","CD4+ T cells",0.336969577601572
"TAAGAGACATCATCCC-1","CD4+ T cells","CD4+ T cells",0.33609143406056
"TAAGAGACATGACGGA-1","T cells","T cells",0.303771334717901
"TAAGAGAGTCTTCGTC-1","CD4+ T cells","CD4+ T cells",0.303478592949418
"TAAGAGATCAAAGTAG-1","Monocytes","Monocytes",0.482027704759887
"TAAGAGATCATAGCAC-1","Monocytes","Monocytes",0.425582813357012
"TAAGAGATCGCGCCAA-1","NK cells","NK cells",0.422940688931476
"TAAGAGATCTGCGGCA-1","NK cells","NK cells",0.408154572712765
"TAAGAGATCTTGCATT-1","Monocytes","Monocytes",0.422612418227614
"TAAGAGATCTTTACGT-1","B cells","B cells",0.32840186313746
"TAAGCGTAGATAGCAT-1","CD8+ T cells","CD8+ T cells",0.315997958597576
"TAAGCGTAGGAGTTTA-1","B cells","B cells",0.327455994559148
"TAAGCGTAGGATGGTC-1","NK cells","NK cells",0.371168982111338
"TAAGCGTCAACTTGAC-1","B cells","B cells",0.318859605504183
"TAAGCGTCAGATTGCT-1","NK cells","NK cells",0.384132512354177
"TAAGCGTCAGCTGCAC-1","Monocytes","Monocytes",0.456777590978293
"TAAGCGTCATCGATGT-1","Monocytes","Monocytes",0.421913684927079
"TAAGCGTCATGGGAAC-1","Monocytes","Monocytes",0.433568089820552
"TAAGCGTGTACGACCC-1","Monocytes","Monocytes",0.436406187690012
"TAAGCGTGTCAGCTAT-1","Monocytes","Monocytes",0.402162680435568
"TAAGCGTGTGAGGGTT-1","Monocytes","Monocytes",0.442575347705216
"TAAGCGTGTGCCTGGT-1","T cells","T cells",0.272621916172904
"TAAGCGTTCACTCCTG-1","CD4+ T cells","CD4+ T cells",0.330909326508014
"TAAGCGTTCAGCATGT-1","Monocytes","Monocytes",0.456177453693733
"TAAGCGTTCGTCACGG-1","CD4+ T cells","CD4+ T cells",0.312273117255837
"TAAGTGCAGACACTAA-1","CD4+ T cells","CD4+ T cells",0.288456638021274
"TAAGTGCAGCGTTTAC-1","Monocytes","Monocytes",0.462509267915484
"TAAGTGCAGGACGAAA-1","CD8+ T cells","CD8+ T cells",0.322255446249323
"TAAGTGCCAACTGGCC-1","B cells","B cells",0.397487306424154
"TAAGTGCCAATGACCT-1","CD8+ T cells","CD8+ T cells",0.331514804241531
"TAAGTGCCACGGTAAG-1","Monocytes","Monocytes",0.474390012913753
"TAAGTGCCATGACGGA-1","B cells","B cells",0.305185548910011
"TAAGTGCGTCGAGATG-1","CD8+ T cells","CD8+ T cells",0.318542082282121
"TAAGTGCGTCTGGTCG-1","CD8+ T cells","CD8+ T cells",0.331883943487211
"TAAGTGCGTGCGGTAA-1","Monocytes","Monocytes",0.341720320956894
"TAAGTGCTCACCCGAG-1","CD4+ T cells","CD4+ T cells",0.360379045593657
"TAAGTGCTCAGTTTGG-1","B cells","B cells",0.338880338895793
"TAAGTGCTCCCTTGCA-1","Monocytes","Monocytes",0.346587661455526
"TAAGTGCTCGTACCGG-1","CD8+ T cells","CD8+ T cells",0.329235645673324
"TAAGTGCTCTACTCAT-1","CD8+ T cells","CD8+ T cells",0.365509486459361
"TACACGAAGACACGAC-1","B cells","B cells",0.328261231372785
"TACACGAAGCAGACTG-1","CD8+ T cells","CD8+ T cells",0.32874117650526
"TACACGAAGCCGGTAA-1","NK cells","NK cells",0.39053502943168
"TACACGAAGCTAGTCT-1","Monocytes","Monocytes",0.42415594596555
"TACACGACAAGTAATG-1","Monocytes","Monocytes",0.352331858262569
"TACACGACATCACGTA-1","B cells","B cells",0.40317341954428
"TACACGACATGTTCCC-1","CD4+ T cells","CD4+ T cells",0.291531575440123
"TACACGAGTAAGAGGA-1","Monocytes","Monocytes",0.485729189736999
"TACACGAGTCTCACCT-1","Monocytes","Monocytes",0.388898039659158
"TACACGAGTGATGATA-1","T cells","T cells",0.338493944393008
"TACACGAGTGTCGCTG-1","CD8+ T cells","CD8+ T cells",0.283385743259409
"TACACGATCAAACAAG-1","Monocytes","Monocytes",0.410652908938359
"TACACGATCATCTGCC-1","CD8+ T cells","CD8+ T cells",0.289645946103575
"TACACGATCTAACCGA-1","CD8+ T cells","CD8+ T cells",0.34015682630533
"TACAGTGAGCCAGAAC-1","B cells","B cells",0.318950196394957
"TACAGTGAGGACGAAA-1","CD4+ T cells","CD4+ T cells",0.30936890399096
"TACAGTGAGGGAAACA-1","T cells","T cells",0.312261689349825
"TACAGTGCACACCGAC-1","T cells","T cells",0.382658757301202
"TACAGTGCACGTGAGA-1","T cells","T cells",0.360543512601138
"TACAGTGCATCCGCGA-1","CD4+ T cells","CD4+ T cells",0.408672832693445
"TACAGTGTCACATGCA-1","Monocytes","Monocytes",0.499224756866124
"TACAGTGTCATATCGG-1","B cells",NA,0.323513790796024
"TACAGTGTCATCGGAT-1","Monocytes","Monocytes",0.407680307155348
"TACAGTGTCCAACCAA-1","CD4+ T cells","CD4+ T cells",0.327500003308972
"TACAGTGTCTTTAGGG-1","Monocytes","Monocytes",0.404376873670296
"TACCTATAGAAGGCCT-1","T cells","T cells",0.411780131079726
"TACCTATAGAGGGCTT-1","T cells","T cells",0.286498117083998
"TACCTATAGCTTATCG-1","T cells","T cells",0.353081381949994
"TACCTATCAATGGAGC-1","CD4+ T cells","CD4+ T cells",0.319009768297883
"TACCTATCATGGTCTA-1","CD4+ T cells","CD4+ T cells",0.233077667223416
"TACCTATGTAAGTAGT-1","T cells","T cells",0.335762538760944
"TACCTATGTATCAGTC-1","Monocytes","Monocytes",0.501450377691049
"TACCTATGTCCGAGTC-1","Monocytes","Monocytes",0.446022593095456
"TACCTATGTGCAGACA-1","Dendritic cells","Dendritic cells",0.481370039966526
"TACCTATGTTCAGCGC-1","Monocytes","Monocytes",0.473928587429678
"TACCTATGTTGCTCCT-1","Monocytes","Monocytes",0.457483808417706
"TACCTATTCTTCATGT-1","CD4+ T cells","CD4+ T cells",0.354263885003498
"TACCTATTCTTGAGGT-1","Monocytes","Monocytes",0.41508272207726
"TACCTTAAGAAGAAGC-1","CD4+ T cells","CD4+ T cells",0.321471654343227
"TACCTTAAGACAGGCT-1","CD4+ T cells","CD4+ T cells",0.361113811193532
"TACCTTAAGACCACGA-1","Monocytes","Monocytes",0.448093467270043
"TACCTTAAGATGCCTT-1","T cells","T cells",0.33633944758923
"TACCTTAAGCAGACTG-1","CD8+ T cells","CD8+ T cells",0.314553065098347
"TACCTTAAGCGCCTTG-1","CD4+ T cells","CD4+ T cells",0.325645850010073
"TACCTTAAGGTGCAAC-1","CD4+ T cells","CD4+ T cells",0.339151717907432
"TACCTTACAAGGCTCC-1","B cells","B cells",0.317390279524152
"TACCTTACACAGATTC-1","T cells","T cells",0.435474385645495
"TACCTTACATACAGCT-1","Monocytes","Monocytes",0.35569811750742
"TACCTTACATCACAAC-1","B cells","B cells",0.333690667674009
"TACCTTAGTACGACCC-1","B cells","B cells",0.383483887560043
"TACCTTAGTCTCACCT-1","B cells","B cells",0.314297929154728
"TACCTTAGTGTCCTCT-1","T cells","T cells",0.361021261813647
"TACCTTAGTTCGCTAA-1","B cells","B cells",0.333403566515649
"TACCTTATCAACACAC-1","Monocytes","Monocytes",0.484352343109363
"TACCTTATCACCGGGT-1","B cells","B cells",0.316028742600303
"TACCTTATCACTTCAT-1","Monocytes","Monocytes",0.401848890859903
"TACCTTATCCAAAGTC-1","Monocytes","Monocytes",0.371111271129546
"TACCTTATCCAATGGT-1","B cells","B cells",0.343194813320441
"TACCTTATCGAATCCA-1","Monocytes","Monocytes",0.428831650279412
"TACCTTATCGAGAACG-1","T cells","T cells",0.389053142982874
"TACCTTATCGCCATAA-1","T cells","T cells",0.336322927499445
"TACCTTATCTAACGGT-1","T cells","T cells",0.38335001417273
"TACGGATAGCCCAACC-1","Monocytes","Monocytes",0.482096198427713
"TACGGATAGGCTCAGA-1","Monocytes","Monocytes",0.44944953784572
"TACGGATAGTAACCCT-1","Monocytes","Monocytes",0.419093539159854
"TACGGATAGTCTCAAC-1","Dendritic cells","Dendritic cells",0.554711304382871
"TACGGATAGTGCCATT-1","Dendritic cells","Dendritic cells",0.554662994965138
"TACGGATCAAGTTGTC-1","T cells","T cells",0.312352014532371
"TACGGATCAATCAGAA-1","T cells","T cells",0.33253460949659
"TACGGATCACGGCCAT-1","NK cells","NK cells",0.469247308611067
"TACGGATCATGTAGTC-1","Monocytes","Monocytes",0.379148690755456
"TACGGATGTAAGTAGT-1","CD4+ T cells","CD4+ T cells",0.368819421535866
"TACGGATGTGCTCTTC-1","CD4+ T cells","CD4+ T cells",0.345969767751805
"TACGGATGTTCTGAAC-1","CD8+ T cells","CD8+ T cells",0.349920482810565
"TACGGATGTTTGGCGC-1","NK cells",NA,0.252142582004949
"TACGGATTCACAAACC-1","T cells","T cells",0.345325388865094
"TACGGATTCACTTACT-1","T cells","T cells",0.336185792033496
"TACGGATTCCGCGGTA-1","Monocytes","Monocytes",0.455187995929425
"TACGGATTCCGTCATC-1","Monocytes","Monocytes",0.43980308457937
"TACGGGCAGCACACAG-1","Monocytes","Monocytes",0.415123341785828
"TACGGGCCAATCACAC-1","CD8+ T cells","CD8+ T cells",0.290355862166119
"TACGGGCCACGTCAGC-1","Dendritic cells","Dendritic cells",0.533379648103997
"TACGGGCCAGATAATG-1","B cells","B cells",0.306292054828048
"TACGGGCCAGCGTTCG-1","Monocytes","Monocytes",0.443242389757696
"TACGGGCCATAGTAAG-1","CD8+ T cells","CD8+ T cells",0.306340002067146
"TACGGGCGTAGAGTGC-1","Monocytes","Monocytes",0.480417183475725
"TACGGGCGTCTCACCT-1","NK cells","NK cells",0.448445341536071
"TACGGGCGTCTGGAGA-1","Monocytes","Monocytes",0.495649431271139
"TACGGGCGTGATAAAC-1","Dendritic cells","Dendritic cells",0.520825797816547
"TACGGGCGTTATCCGA-1","NK cells","NK cells",0.398083901510931
"TACGGTAAGAAACCTA-1","Monocytes","Monocytes",0.392009044158061
"TACGGTAAGAGTACCG-1","CD4+ T cells","CD4+ T cells",0.377773511255677
"TACGGTAAGCCCTAAT-1","B cells","B cells",0.343239982700029
"TACGGTAAGGCATGGT-1","NK cells","NK cells",0.375302157971366
"TACGGTAAGGCATGTG-1","NK cells","NK cells",0.331383014796931
"TACGGTAAGTGGGTTG-1","T cells","T cells",0.349962577877357
"TACGGTACACATGGGA-1","CD8+ T cells","CD8+ T cells",0.364871680129672
"TACGGTACAGCGATCC-1","T cells","T cells",0.334534098235647
"TACGGTACATACTCTT-1","B cells","B cells",0.324663907575393
"TACGGTAGTCGGCACT-1","CD4+ T cells","CD4+ T cells",0.293476089768301
"TACGGTAGTGTGGCTC-1","CD8+ T cells","CD8+ T cells",0.271709441843783
"TACGGTAGTTCACGGC-1","B cells","B cells",0.333842594660951
"TACGGTATCAGCAACT-1","CD4+ T cells","CD4+ T cells",0.33595489953548
"TACTCATAGAATTGTG-1","Dendritic cells","Dendritic cells",0.379779700396075
"TACTCATAGTACGACG-1","T cells","T cells",0.399900329485667
"TACTCATCAAACCTAC-1","B cells","B cells",0.322064897030167
"TACTCATCAATGTTGC-1","Monocytes","Monocytes",0.473716433006681
"TACTCATCAGGTCTCG-1","B cells","B cells",0.35557272743209
"TACTCATCATATACGC-1","B cells","B cells",0.374362924453891
"TACTCATCATGTCTCC-1","CD4+ T cells","CD4+ T cells",0.363278781092977
"TACTCATCATTTGCCC-1","NK cells","NK cells",0.37563018491181
"TACTCATGTAGGCTGA-1","CD4+ T cells","CD4+ T cells",0.294999053590371
"TACTCATGTCAGCTAT-1","T cells","T cells",0.390814049474022
"TACTCATGTCATGCAT-1","T cells","T cells",0.407021174204161
"TACTCATGTGAAGGCT-1","Monocytes","Monocytes",0.400460097460323
"TACTCATGTTATGCGT-1","NK cells","NK cells",0.355076987992328
"TACTCATTCAACGGCC-1","CD4+ T cells","CD4+ T cells",0.327853313979879
"TACTCATTCAGGTTCA-1","T cells","T cells",0.352920291747109
"TACTCATTCATTTGGG-1","T cells","T cells",0.399057267711338
"TACTCATTCCACGAAT-1","B cells","B cells",0.346037671440088
"TACTCATTCCGTCAAA-1","Monocytes","Monocytes",0.431689426358923
"TACTCATTCGCCATAA-1","Dendritic cells",NA,0.267298728351492
"TACTCATTCGGTTCGG-1","Monocytes","Monocytes",0.39173716526336
"TACTCATTCTCCCTGA-1","Monocytes","Monocytes",0.475970580323552
"TACTCGCAGAATTCCC-1","CD4+ T cells","CD4+ T cells",0.374537440974556
"TACTCGCAGCTCCCAG-1","Dendritic cells","Dendritic cells",0.400702424393131
"TACTCGCAGGCCCTTG-1","NK cells","NK cells",0.412722865385332
"TACTCGCAGTGTTTGC-1","Monocytes","Monocytes",0.430140157160041
"TACTCGCCAAGGTTTC-1","T cells","T cells",0.361727207420269
"TACTCGCCAAGTTAAG-1","CD8+ T cells","CD8+ T cells",0.336136023860231
"TACTCGCCACTATCTT-1","CD4+ T cells","CD4+ T cells",0.343066009583199
"TACTCGCCAGGCAGTA-1","B cells","B cells",0.329788448742394
"TACTCGCGTACCTACA-1","T cells","T cells",0.297669156197722
"TACTCGCGTAGCACGA-1","Monocytes","Monocytes",0.40165909449945
"TACTCGCGTCATTAGC-1","CD8+ T cells","CD8+ T cells",0.354109059951818
"TACTCGCGTGTAAGTA-1","Monocytes","Monocytes",0.454040831758567
"TACTCGCGTGTCTGAT-1","CD8+ T cells","CD8+ T cells",0.330032881244101
"TACTCGCGTGTTAAGA-1","Monocytes","Monocytes",0.518788816868348
"TACTCGCGTTGAGGTG-1","Monocytes","Monocytes",0.459358643535543
"TACTCGCTCCACGTGG-1","B cells","B cells",0.304269629414059
"TACTCGCTCGTTACAG-1","Monocytes","Monocytes",0.509168798808246
"TACTCGCTCTCGGACG-1","CD4+ T cells","CD4+ T cells",0.324994024223225
"TACTTACAGAAACGAG-1","T cells","T cells",0.364233212013372
"TACTTACAGAAGGTGA-1","CD4+ T cells","CD4+ T cells",0.341264732280976
"TACTTACAGCTACCTA-1","Monocytes","Monocytes",0.363965238016524
"TACTTACAGGGATCTG-1","CD4+ T cells","CD4+ T cells",0.319542001270541
"TACTTACAGGTACTCT-1","CD8+ T cells","CD8+ T cells",0.311267200486434
"TACTTACAGGTCGGAT-1","CD4+ T cells","CD4+ T cells",0.305095092863859
"TACTTACAGTAGTGCG-1","B cells","B cells",0.329637038604348
"TACTTACCAATGGTCT-1","CD4+ T cells","CD4+ T cells",0.318995802363589
"TACTTACCACAAGACG-1","Monocytes","Monocytes",0.44554844787307
"TACTTACCACCACCAG-1","B cells","B cells",0.337727963621446
"TACTTACCACCCATTC-1","NK cells","NK cells",0.423961714515073
"TACTTACCAGCTGCAC-1","Monocytes","Monocytes",0.447720928331042
"TACTTACCATGGGAAC-1","Monocytes","Monocytes",0.423764027180787
"TACTTACCATTGGGCC-1","Monocytes","Monocytes",0.427490666364955
"TACTTACGTATGAAAC-1","B cells","B cells",0.331051574304112
"TACTTACGTTCGGGCT-1","B cells","B cells",0.30580975746614
"TACTTACGTTGGAGGT-1","T cells","T cells",0.329772319194888
"TACTTACTCCCTGACT-1","T cells","T cells",0.316464474852925
"TACTTACTCGATAGAA-1","Monocytes","Monocytes",0.440125585050926
"TACTTGTAGTCTTGCA-1","T cells","T cells",0.356831206495488
"TACTTGTCACTTCTGC-1","Dendritic cells",NA,0.316449746991284
"TACTTGTCAGTAGAGC-1","Monocytes","Monocytes",0.393634761365648
"TACTTGTCATACAGCT-1","CD4+ T cells","CD4+ T cells",0.373269508922402
"TACTTGTCATCAGTCA-1","Monocytes","Monocytes",0.439508094072424
"TACTTGTCATCCGGGT-1","B cells","B cells",0.324516326663671
"TACTTGTGTATTCTCT-1","CD8+ T cells","CD8+ T cells",0.356986694891635
"TACTTGTGTCGAAAGC-1","CD8+ T cells","CD8+ T cells",0.323641443585032
"TACTTGTGTCGCGGTT-1","T cells","T cells",0.329200466759669
"TACTTGTGTGACGCCT-1","CD8+ T cells","CD8+ T cells",0.320392715509034
"TACTTGTGTGATGATA-1","CD4+ T cells",NA,0.256399739581834
"TACTTGTGTGTGGCTC-1","Monocytes","Monocytes",0.53369187518291
"TACTTGTGTTAAGATG-1","Monocytes","Monocytes",0.401421201868758
"TACTTGTGTTAAGGGC-1","Monocytes","Monocytes",0.495189568935968
"TACTTGTGTTCCACGG-1","T cells","T cells",0.396212908215198
"TACTTGTGTTCTGAAC-1","Monocytes","Monocytes",0.43649794191619
"TACTTGTTCACGCGGT-1","B cells","B cells",0.315750963327608
"TACTTGTTCCGAAGAG-1","CD4+ T cells","CD4+ T cells",0.272307256614211
"TACTTGTTCCTAGAAC-1","B cells","B cells",0.316738480681599
"TACTTGTTCCTCCTAG-1","NK cells","NK cells",0.382374513860157
"TACTTGTTCCTTGGTC-1","Monocytes","Monocytes",0.452781408033896
"TACTTGTTCGAGAGCA-1","T cells","T cells",0.30604492751618
"TACTTGTTCTCGTATT-1","CD4+ T cells","CD4+ T cells",0.314963861027104
"TACTTGTTCTGCCAGG-1","CD4+ T cells","CD4+ T cells",0.289992595573035
"TAGACCAAGCAAATCA-1","CD4+ T cells","CD4+ T cells",0.327087691098602
"TAGACCAAGCCCTAAT-1","CD8+ T cells","CD8+ T cells",0.342575484019335
"TAGACCAAGGGCACTA-1","CD4+ T cells","CD4+ T cells",0.31694391100982
"TAGACCAAGGTGCACA-1","Monocytes","Monocytes",0.498979631237026
"TAGACCAAGTACGCGA-1","Dendritic cells","Dendritic cells",0.506371303208929
"TAGACCACACGGTGTC-1","NK cells","NK cells",0.393587988757525
"TAGACCAGTAAGCACG-1","Dendritic cells","Dendritic cells",0.476106058879196
"TAGACCAGTACAGTGG-1","Monocytes","Monocytes",0.495180095521915
"TAGACCAGTACCGCTG-1","Monocytes","Monocytes",0.449382687985555
"TAGACCAGTCAACATC-1","T cells","T cells",0.325153986111137
"TAGACCAGTCCGAACC-1","T cells","T cells",0.336010558236542
"TAGACCAGTCGCATAT-1","T cells","T cells",0.354708361385739
"TAGACCAGTCGGGTCT-1","Monocytes","Monocytes",0.367507457468772
"TAGACCAGTCTCTTAT-1","Monocytes","Monocytes",0.429348682688129
"TAGACCAGTCTGATTG-1","Dendritic cells",NA,0.287263261447777
"TAGACCAGTGCAGGTA-1","Dendritic cells","Dendritic cells",0.53828827816708
"TAGACCAGTGGCAAAC-1","T cells","T cells",0.347265454750118
"TAGACCATCATGTGGT-1","Monocytes","Monocytes",0.466509268506646
"TAGACCATCCCGACTT-1","Monocytes","Monocytes",0.406085910752152
"TAGAGCTAGAATTGTG-1","Dendritic cells","Dendritic cells",0.558186110299144
"TAGAGCTAGAGCCTAG-1","Monocytes","Monocytes",0.473352335684411
"TAGAGCTAGCACACAG-1","B cells","B cells",0.320892346901268
"TAGAGCTAGCCACGCT-1","CD8+ T cells","CD8+ T cells",0.325036211302804
"TAGAGCTAGCCACGTC-1","NK cells",NA,0.345519399127805
"TAGAGCTAGCTACCGC-1","Monocytes","Monocytes",0.427613291649312
"TAGAGCTAGTGTCCAT-1","Monocytes","Monocytes",0.38818970126953
"TAGAGCTCAAGTCTGT-1","Monocytes","Monocytes",0.391852431959995
"TAGAGCTCACTTAACG-1","CD4+ T cells","CD4+ T cells",0.310805143442086
"TAGAGCTCAGCGTAAG-1","Monocytes","Monocytes",0.413366551854436
"TAGAGCTCATGGTAGG-1","NK cells","NK cells",0.369465018872248
"TAGAGCTGTAAGGATT-1","CD8+ T cells","CD8+ T cells",0.302634630535397
"TAGAGCTGTCGTCTTC-1","CD8+ T cells","CD8+ T cells",0.355999813652896
"TAGAGCTGTCTCTTTA-1","Monocytes","Monocytes",0.301204664212813
"TAGCCGGAGAAACCTA-1","CD4+ T cells","CD4+ T cells",0.231840812369915
"TAGCCGGAGCTGATAA-1","CD4+ T cells","CD4+ T cells",0.319177947879358
"TAGCCGGAGTAATCCC-1","T cells","T cells",0.361529371679223
"TAGCCGGCAAGACACG-1","T cells","T cells",0.398512862568094
"TAGCCGGCACCACCAG-1","CD4+ T cells","CD4+ T cells",0.333155696709224
"TAGCCGGGTAGAGTGC-1","B cells","B cells",0.323874408152049
"TAGCCGGGTGAGGCTA-1","Monocytes","Monocytes",0.456652678139871
"TAGCCGGGTGTGAAAT-1","T cells","T cells",0.355888138661777
"TAGCCGGTCAACACGT-1","Monocytes","Monocytes",0.376532231903656
"TAGCCGGTCTGTACGA-1","B cells","B cells",0.41075663764426
"TAGGCATAGCACACAG-1","NK cells","NK cells",0.386933835573227
"TAGGCATAGCCCGAAA-1","B cells","B cells",0.349049633267737
"TAGGCATAGGTGCACA-1","Monocytes","Monocytes",0.41546370099194
"TAGGCATAGTCAAGGC-1","T cells","T cells",0.361476817313328
"TAGGCATAGTGTCTCA-1","T cells","T cells",0.418538604688317
"TAGGCATCAAAGGCGT-1","T cells","T cells",0.329549369086908
"TAGGCATCACATCCAA-1","CD4+ T cells","CD4+ T cells",0.359464570020162
"TAGGCATCACATGACT-1","Monocytes","Monocytes",0.451351957674735
"TAGGCATCATCAGTCA-1","CD8+ T cells","CD8+ T cells",0.303747413396432
"TAGGCATGTACATCCA-1","B cells","B cells",0.308444869069948
"TAGGCATGTCATGCAT-1","T cells","T cells",0.33497290763062
"TAGGCATGTCGGCACT-1","Progenitors","Progenitors",0.43493112215641
"TAGGCATGTGACAAAT-1","CD4+ T cells","CD4+ T cells",0.329582382372308
"TAGGCATTCAAAGACA-1","Monocytes","Monocytes",0.359895680676531
"TAGGCATTCACGACTA-1","Monocytes","Monocytes",0.409577026222687
"TAGGCATTCACTCCTG-1","Monocytes","Monocytes",0.502220105147037
"TAGGCATTCCGAAGAG-1","Dendritic cells","Dendritic cells",0.553699772601584
"TAGGCATTCCGCAGTG-1","CD8+ T cells","CD8+ T cells",0.335015946884447
"TAGGCATTCCTTGACC-1","Monocytes","Monocytes",0.444202128436929
"TAGGCATTCGATGAGG-1","T cells","T cells",0.226594759581615
"TAGGCATTCTGTCTCG-1","CD8+ T cells","CD8+ T cells",0.29878699745254
"TAGTGGTAGAGTACAT-1","CD4+ T cells","CD4+ T cells",0.331087532293076
"TAGTGGTAGCAGACTG-1","T cells","T cells",0.420875147057955
"TAGTGGTAGTGGAGTC-1","CD4+ T cells","CD4+ T cells",0.328281545641762
"TAGTGGTAGTTACGGG-1","T cells","T cells",0.3510098678459
"TAGTGGTCACGCCAGT-1","Monocytes","Monocytes",0.41351102247936
"TAGTGGTCAGCGATCC-1","Monocytes","Monocytes",0.41706696481751
"TAGTGGTCAGCTGCTG-1","CD4+ T cells","CD4+ T cells",0.298911510138211
"TAGTGGTCATGTAGTC-1","Monocytes","Monocytes",0.370672944245426
"TAGTGGTGTCATATGC-1","Monocytes","Monocytes",0.434758975900892
"TAGTGGTGTCCAACTA-1","CD4+ T cells","CD4+ T cells",0.340431461777367
"TAGTGGTGTGCATCTA-1","CD4+ T cells","CD4+ T cells",0.33342451062415
"TAGTGGTTCACATAGC-1","T cells","T cells",0.320616650917786
"TAGTGGTTCCGCGTTT-1","CD4+ T cells","CD4+ T cells",0.315198325845867
"TAGTGGTTCCGTACAA-1","CD4+ T cells","CD4+ T cells",0.308743180040804
"TAGTGGTTCTCGGACG-1","Monocytes","Monocytes",0.406301704682197
"TAGTTGGAGAAACCTA-1","B cells","B cells",0.314792203222065
"TAGTTGGAGACTGGGT-1","B cells","B cells",0.352843208884389
"TAGTTGGAGAGCCTAG-1","CD4+ T cells","CD4+ T cells",0.300533293247732
"TAGTTGGAGATCACGG-1","B cells","B cells",0.36524848870935
"TAGTTGGAGATGTCGG-1","T cells","T cells",0.3453880028148
"TAGTTGGAGTGAATTG-1","T cells","T cells",0.38387813951268
"TAGTTGGCACATAACC-1","T cells","T cells",0.356344545355142
"TAGTTGGCACGAAAGC-1","T cells","T cells",0.350856571655958
"TAGTTGGCAGCAGTTT-1","B cells","B cells",0.308844023891505
"TAGTTGGCATCTCGCT-1","Dendritic cells","Dendritic cells",0.497310220857394
"TAGTTGGGTACAGCAG-1","B cells","B cells",0.322737342770022
"TAGTTGGGTATCAGTC-1","NK cells","NK cells",0.302212508048662
"TAGTTGGGTCTCCCTA-1","Dendritic cells",NA,0.304197076028047
"TAGTTGGGTTACGTCA-1","T cells","T cells",0.4034202409911
"TAGTTGGGTTCAGACT-1","Dendritic cells","Dendritic cells",0.489925531635213
"TAGTTGGGTTGGTGGA-1","CD8+ T cells","CD8+ T cells",0.31337435561283
"TAGTTGGTCCAGATCA-1","CD8+ T cells","CD8+ T cells",0.34834020216354
"TAGTTGGTCTCAACTT-1","T cells","T cells",0.331171839662064
"TAGTTGGTCTGACCTC-1","Monocytes","Monocytes",0.491210609569216
"TATCAGGAGAAAGTGG-1","T cells","T cells",0.369991143825817
"TATCAGGAGATCTGAA-1","Monocytes","Monocytes",0.434709053994293
"TATCAGGCAACTTGAC-1","CD4+ T cells","CD4+ T cells",0.334987554233485
"TATCAGGCAAGGTTTC-1","B cells","B cells",0.280609087489767
"TATCAGGCAGGATCGA-1","T cells","T cells",0.300731691342968
"TATCAGGCATCCGCGA-1","CD4+ T cells","CD4+ T cells",0.349461345047054
"TATCAGGGTAATCGTC-1","Monocytes","Monocytes",0.422418444699972
"TATCAGGGTATATGAG-1","T cells","T cells",0.361497517188283
"TATCAGGGTCCGTTAA-1","Monocytes","Monocytes",0.414847694782804
"TATCAGGGTCTCAACA-1","B cells","B cells",0.331521389169775
"TATCAGGGTTCAACCA-1","T cells","T cells",0.358524527681958
"TATCAGGTCCCGGATG-1","Monocytes","Monocytes",0.450958630353876
"TATCAGGTCGAGAGCA-1","Monocytes","Monocytes",0.418764360580264
"TATCAGGTCGGCATCG-1","T cells","T cells",0.387432159272986
"TATCTCAAGCAGCCTC-1","T cells","T cells",0.382295859391767
"TATCTCAAGCGTCTAT-1","B cells","B cells",0.346455546800745
"TATCTCACAGATGGGT-1","CD4+ T cells","CD4+ T cells",0.3305283476533
"TATCTCACATCGGAAG-1","Dendritic cells","Dendritic cells",0.531571672672879
"TATCTCACATGCGCAC-1","Monocytes","Monocytes",0.446598409387341
"TATCTCACATGCTAGT-1","B cells","B cells",0.321295532561247
"TATCTCAGTAAGGGAA-1","T cells","T cells",0.366310933236168
"TATCTCAGTAGAGCTG-1","T cells","T cells",0.375090472007285
"TATCTCAGTCGCATAT-1","CD4+ T cells","CD4+ T cells",0.322924177206547
"TATCTCATCCACTGGG-1","Dendritic cells","Dendritic cells",0.510345003829805
"TATCTCATCCCTCAGT-1","B cells","B cells",0.347927433973
"TATCTCATCCTATTCA-1","T cells","T cells",0.414270957641612
"TATGCCCAGACACGAC-1","T cells","T cells",0.332394130762552
"TATGCCCAGACGCAAC-1","CD4+ T cells","CD4+ T cells",0.320787671925792
"TATGCCCAGATGTAAC-1","CD4+ T cells","CD4+ T cells",0.317734628054463
"TATGCCCAGTATGACA-1","B cells","B cells",0.414058439952598
"TATGCCCCACGGCTAC-1","NK cells","NK cells",0.393185427955444
"TATGCCCCATGTAGTC-1","Monocytes","Monocytes",0.439950939303527
"TATGCCCTCAACACCA-1","Monocytes","Monocytes",0.414482652235218
"TATGCCCTCAGGATCT-1","T cells","T cells",0.331261304337099
"TATGCCCTCTCATTCA-1","Dendritic cells","Dendritic cells",0.563976465768757
"TATTACCAGCCAGAAC-1","T cells","T cells",0.332148172396655
"TATTACCAGCCCAACC-1","CD8+ T cells","CD8+ T cells",0.33679292686363
"TATTACCAGGATTCGG-1","CD8+ T cells","CD8+ T cells",0.312530833398244
"TATTACCAGGCAGTCA-1","CD4+ T cells","CD4+ T cells",0.321877025127306
"TATTACCAGGTGTTAA-1","NK cells","NK cells",0.442330608686556
"TATTACCAGTCAAGGC-1","T cells","T cells",0.370936531031127
"TATTACCCAAGCTGAG-1","CD8+ T cells","CD8+ T cells",0.322726775044743
"TATTACCCAATAGCGG-1","Dendritic cells","Dendritic cells",0.465424358098871
"TATTACCCACAAGTAA-1","T cells","T cells",0.352967308664569
"TATTACCCACGAGAGT-1","Monocytes","Monocytes",0.418499770697874
"TATTACCCAGCGAACA-1","NK cells","NK cells",0.445776793412985
"TATTACCCATATACGC-1","CD4+ T cells","CD4+ T cells",0.315086381126979
"TATTACCCATGTAGTC-1","T cells","T cells",0.391787203749063
"TATTACCCATGTCCTC-1","CD8+ T cells","CD8+ T cells",0.325402255167677
"TATTACCGTACTCAAC-1","Monocytes","Monocytes",0.398011587392954
"TATTACCGTTAGGGTG-1","T cells","T cells",0.377865444635474
"TATTACCGTTGTTTGG-1","Monocytes","Monocytes",0.46616735072341
"TATTACCTCACTTCAT-1","CD8+ T cells","CD8+ T cells",0.32229539095702
"TATTACCTCGGAATCT-1","Monocytes","Monocytes",0.46085734211373
"TCAACGAAGAACAATC-1","T cells","T cells",0.343710952368399
"TCAACGAAGCGGCTTC-1","B cells","B cells",0.317804564828413
"TCAACGAAGCTCTCGG-1","Dendritic cells","Dendritic cells",0.372674409308237
"TCAACGAAGGTTACCT-1","T cells","T cells",0.377204914463847
"TCAACGAAGTCAAGGC-1","Monocytes","Monocytes",0.370274420991222
"TCAACGACAGTGACAG-1","Monocytes","Monocytes",0.499314669453884
"TCAACGAGTAGAGCTG-1","Monocytes","Monocytes",0.424373323060438
"TCAACGAGTCATATGC-1","Monocytes","Monocytes",0.387365666173951
"TCAACGAGTGCAGACA-1","B cells",NA,0.331917765687936
"TCAACGAGTGCCTTGG-1","CD8+ T cells","CD8+ T cells",0.34644940203731
"TCAACGAGTGCTAGCC-1","Monocytes","Monocytes",0.473322379631523
"TCAACGAGTGTTCGAT-1","Monocytes","Monocytes",0.423401043991834
"TCAACGAGTTCTGGTA-1","Monocytes","Monocytes",0.372929033536737
"TCAACGAGTTGGACCC-1","Monocytes","Monocytes",0.410548814135543
"TCAACGATCAGTGTTG-1","CD4+ T cells","CD4+ T cells",0.337888792691527
"TCAACGATCATGTCCC-1","CD4+ T cells","CD4+ T cells",0.354491891271225
"TCAACGATCTGGAGCC-1","Monocytes","Monocytes",0.522060249414889
"TCAACGATCTGGTATG-1","T cells","T cells",0.396567656879151
"TCAATCTAGAAGAAGC-1","Monocytes","Monocytes",0.451624553830894
"TCAATCTAGATAGTCA-1","CD4+ T cells","CD4+ T cells",0.339631885126823
"TCAATCTAGCACCGTC-1","Monocytes","Monocytes",0.440287845589765
"TCAATCTAGCCTTGAT-1","CD4+ T cells","CD4+ T cells",0.331136974037039
"TCAATCTCAACGCACC-1","Monocytes","Monocytes",0.434737059496959
"TCAATCTCAAGCGATG-1","B cells","B cells",0.337041777128434
"TCAATCTCAATCAGAA-1","B cells","B cells",0.328034514146414
"TCAATCTCAGACAAGC-1","B cells","B cells",0.306052828754639
"TCAATCTCAGCTGCAC-1","Monocytes","Monocytes",0.438826367377041
"TCAATCTCATCCTAGA-1","T cells","T cells",0.310642596734908
"TCAATCTGTAAACGCG-1","T cells","T cells",0.301534005300859
"TCAATCTGTCATCGGC-1","B cells","B cells",0.362833736254449
"TCAATCTGTGAAGGCT-1","CD4+ T cells","CD4+ T cells",0.380327153642813
"TCAATCTGTTCCGTCT-1","CD8+ T cells","CD8+ T cells",0.316798460265414
"TCAATCTGTTGAGTTC-1","Monocytes","Monocytes",0.451820033339142
"TCAATCTTCAACGGGA-1","CD4+ T cells","CD4+ T cells",0.310404595510726
"TCAATCTTCACCACCT-1","Monocytes","Monocytes",0.368894114777365
"TCAATCTTCAGCTTAG-1","Progenitors","Progenitors",0.224422743883154
"TCAATCTTCCGAAGAG-1","Monocytes","Monocytes",0.463599885489898
"TCAATCTTCTCACATT-1","T cells","T cells",0.28392730093438
"TCACAAGAGAAAGTGG-1","Monocytes","Monocytes",0.363516076101512
"TCACAAGAGTCGCCGT-1","T cells","T cells",0.359261509898498
"TCACAAGCAATTCCTT-1","Monocytes","Monocytes",0.437400680700137
"TCACAAGCACAACGTT-1","CD4+ T cells","CD4+ T cells",0.327600680867738
"TCACAAGCACGAAAGC-1","Monocytes","Monocytes",0.415305190487383
"TCACAAGCAGCGTAAG-1","CD4+ T cells","CD4+ T cells",0.334265826434212
"TCACAAGCAGTATGCT-1","T cells","T cells",0.369738699126204
"TCACAAGCATGGATGG-1","Monocytes","Monocytes",0.389335364148928
"TCACAAGCATTAGGCT-1","Monocytes","Monocytes",0.442140427810093
"TCACAAGGTATAGGTA-1","B cells","B cells",0.343241046143898
"TCACAAGGTCGCATCG-1","T cells","T cells",0.395547505549084
"TCACAAGGTGACTCAT-1","Monocytes","Monocytes",0.4886583192493
"TCACAAGGTGCTAGCC-1","CD8+ T cells","CD8+ T cells",0.310655291267438
"TCACAAGGTTACAGAA-1","CD4+ T cells","CD4+ T cells",0.340568471493309
"TCACAAGGTTGACGTT-1","T cells","T cells",0.396871462946812
"TCACAAGTCAAGAAGT-1","Monocytes","Monocytes",0.377318286690792
"TCACAAGTCAAGATCC-1","T cells","T cells",0.391504854669583
"TCACAAGTCAATACCG-1","CD4+ T cells","CD4+ T cells",0.335311304018842
"TCACAAGTCACATAGC-1","Dendritic cells","Dendritic cells",0.490493249073147
"TCACAAGTCCTCATTA-1","Monocytes","Monocytes",0.467335791141851
"TCACAAGTCGGAAACG-1","B cells","B cells",0.385239984417681
"TCACGAAAGATCACGG-1","Monocytes","Monocytes",0.370884889238908
"TCACGAAAGATCTGCT-1","CD8+ T cells","CD8+ T cells",0.320111314476005
"TCACGAAAGCACCGCT-1","T cells","T cells",0.313594888996907
"TCACGAAAGCGTCTAT-1","CD8+ T cells","CD8+ T cells",0.307700306198213
"TCACGAAAGCTATGCT-1","NK cells","NK cells",0.400270314138959
"TCACGAAAGGCTCTTA-1","T cells","T cells",0.378396090779857
"TCACGAAAGGTCGGAT-1","B cells","B cells",0.308316222815529
"TCACGAACAAGTCATC-1","CD4+ T cells","CD4+ T cells",0.286139407657006
"TCACGAACATGCATGT-1","B cells","B cells",0.31522818345009
"TCACGAACATGGTCTA-1","T cells","T cells",0.388180855416945
"TCACGAACATGTAAGA-1","CD8+ T cells","CD8+ T cells",0.32421773506754
"TCACGAAGTCGAATCT-1","T cells","T cells",0.371965515219032
"TCACGAAGTTCCCTTG-1","B cells","B cells",0.34716370471241
"TCACGAATCAAGGTAA-1","CD4+ T cells","CD4+ T cells",0.354297494146839
"TCACGAATCGAATCCA-1","B cells","B cells",0.31713250206021
"TCACGAATCTAGAGTC-1","B cells","B cells",0.344666374192529
"TCAGATGAGCCGATTT-1","Dendritic cells","Dendritic cells",0.565346464323015
"TCAGATGAGGAACTGC-1","CD8+ T cells","CD8+ T cells",0.308862599160737
"TCAGATGAGGCATTGG-1","CD8+ T cells","CD8+ T cells",0.322732624716184
"TCAGATGAGTGAAGAG-1","Monocytes","Monocytes",0.45272333779939
"TCAGATGCACGCGAAA-1","Monocytes","Monocytes",0.405986514019871
"TCAGATGCACTCAGGC-1","B cells","B cells",0.383309552285812
"TCAGATGCAGATTGCT-1","CD8+ T cells","CD8+ T cells",0.324612479446277
"TCAGATGCAGGCTGAA-1","CD8+ T cells","CD8+ T cells",0.356060315190852
"TCAGATGGTAGCGTCC-1","T cells","T cells",0.384454244730687
"TCAGATGGTATATGAG-1","Monocytes","Monocytes",0.491384379986267
"TCAGATGGTCATATGC-1","T cells","T cells",0.384126073623915
"TCAGATGGTTAGTGGG-1","T cells","T cells",0.263616992903269
"TCAGATGGTTCCCGAG-1","Dendritic cells","Dendritic cells",0.514331485043305
"TCAGATGTCTATCGCC-1","B cells","B cells",0.351072297697342
"TCAGCAAAGAGCCTAG-1","B cells","B cells",0.348483392090091
"TCAGCAAAGCCCAGCT-1","CD4+ T cells","CD4+ T cells",0.351462765053226
"TCAGCAAAGGGAGTAA-1","T cells","T cells",0.321071455415514
"TCAGCAAAGTGGGCTA-1","Monocytes","Monocytes",0.452042503679846
"TCAGCAAAGTGGTAAT-1","Monocytes","Monocytes",0.323884430488452
"TCAGCAACACTAAGTC-1","Dendritic cells",NA,0.333260331496224
"TCAGCAACAGCATACT-1","CD8+ T cells","CD8+ T cells",0.330653928345739
"TCAGCAACAGCTGTAT-1","B cells","B cells",0.322634520528168
"TCAGCAAGTACGCTGC-1","B cells","B cells",0.350105477142893
"TCAGCAAGTCTAGAGG-1","CD4+ T cells","CD4+ T cells",0.316092239148793
"TCAGCAAGTGGGTCAA-1","Monocytes","Monocytes",0.429553607117906
"TCAGCAAGTTACGACT-1","CD8+ T cells","CD8+ T cells",0.34483150250347
"TCAGCAATCAGGATCT-1","Monocytes","Monocytes",0.349455441781149
"TCAGCAATCATAAAGG-1","Monocytes","Monocytes",0.383449259809506
"TCAGCTCAGACCCACC-1","CD4+ T cells","CD4+ T cells",0.334798332756934
"TCAGCTCAGCGATGAC-1","CD8+ T cells","CD8+ T cells",0.336376443880683
"TCAGCTCAGGCCCGTT-1","CD8+ T cells","CD8+ T cells",0.333131084162538
"TCAGCTCCACAAGCCC-1","CD8+ T cells","CD8+ T cells",0.334568155559345
"TCAGCTCCAGACAAAT-1","T cells","T cells",0.332227997983711
"TCAGCTCCAGTAACGG-1","B cells","B cells",0.335074851454548
"TCAGCTCCATCGGGTC-1","Dendritic cells",NA,0.406024943321477
"TCAGCTCCATGCATGT-1","CD8+ T cells","CD8+ T cells",0.338904492667265
"TCAGCTCCATTCCTGC-1","CD4+ T cells","CD4+ T cells",0.321877865334177
"TCAGCTCGTACAGTTC-1","NK cells","NK cells",0.379119306978016
"TCAGCTCGTACGACCC-1","T cells","T cells",0.389878940097148
"TCAGCTCGTACGCTGC-1","CD8+ T cells","CD8+ T cells",0.307823937305388
"TCAGCTCGTCAGATAA-1","NK cells","NK cells",0.407156571899703
"TCAGCTCGTCTCCATC-1","CD4+ T cells","CD4+ T cells",0.343678607781689
"TCAGCTCGTTCAGGCC-1","CD8+ T cells","CD8+ T cells",0.2554405698385
"TCAGCTCGTTCGGCAC-1","Monocytes","Monocytes",0.369169755826239
"TCAGCTCGTTGCCTCT-1","NK cells","NK cells",0.402809149524125
"TCAGCTCGTTTGACTG-1","T cells","T cells",0.30110907410403
"TCAGCTCTCACCGGGT-1","B cells","B cells",0.367406608280892
"TCAGCTCTCAGAAATG-1","T cells","T cells",0.326776752037852
"TCAGCTCTCAGTTCGA-1","CD8+ T cells","CD8+ T cells",0.319557625699376
"TCAGCTCTCCGTAGTA-1","Dendritic cells",NA,0.36614566160666
"TCAGCTCTCCTGCAGG-1","Dendritic cells","Dendritic cells",0.539803149020003
"TCAGCTCTCGTTACGA-1","T cells","T cells",0.359822677863222
"TCAGCTCTCTGAAAGA-1","CD8+ T cells","CD8+ T cells",0.298610765367787
"TCAGGATAGAGTTGGC-1","T cells","T cells",0.269008435954928
"TCAGGATAGATCTGAA-1","NK cells","NK cells",0.395889193063673
"TCAGGATAGCAGGCTA-1","NK cells","NK cells",0.386596985895479
"TCAGGATAGCTAGCCC-1","B cells","B cells",0.339211616033606
"TCAGGATAGGACCACA-1","Monocytes","Monocytes",0.435549986777718
"TCAGGATAGGATGTAT-1","B cells",NA,0.337788268500438
"TCAGGATAGGTGGGTT-1","CD4+ T cells","CD4+ T cells",0.306741658298805
"TCAGGATAGTCCTCCT-1","Monocytes","Monocytes",0.468386943785974
"TCAGGATAGTGGGATC-1","B cells","B cells",0.295698357609355
"TCAGGATCAAGCGATG-1","CD8+ T cells","CD8+ T cells",0.339502727526506
"TCAGGATCAAGGTTTC-1","Monocytes","Monocytes",0.453614246573088
"TCAGGATCAGTCTTCC-1","B cells","B cells",0.331838964701858
"TCAGGATCATCATCCC-1","T cells","T cells",0.317361222542529
"TCAGGATCATGGTTGT-1","Monocytes","Monocytes",0.401198930799825
"TCAGGATGTACCTACA-1","B cells","B cells",0.343366503664249
"TCAGGATGTCTCTTTA-1","Monocytes","Monocytes",0.405448576996195
"TCAGGATGTCTTGTCC-1","CD4+ T cells","CD4+ T cells",0.333162468172759
"TCAGGATTCAGTGTTG-1","NK cells","NK cells",0.395364481990357
"TCAGGATTCTCCAACC-1","T cells","T cells",0.3094780886957
"TCAGGTAAGCACACAG-1","Monocytes","Monocytes",0.44275329089379
"TCAGGTAAGCGCTTAT-1","CD8+ T cells","CD8+ T cells",0.331318226242021
"TCAGGTACAAGCCGTC-1","Monocytes","Monocytes",0.450055034331165
"TCAGGTACAAGCGATG-1","CD4+ T cells","CD4+ T cells",0.325283996750416
"TCAGGTACACATGGGA-1","B cells","B cells",0.355831453015411
"TCAGGTAGTAATCGTC-1","CD4+ T cells","CD4+ T cells",0.302189529838707
"TCAGGTAGTCGAACAG-1","T cells","T cells",0.347300483378203
"TCAGGTAGTCTTGTCC-1","T cells","T cells",0.34636242896326
"TCAGGTAGTTCGTGAT-1","CD4+ T cells","CD4+ T cells",0.358215021158719
"TCAGGTAGTTGTTTGG-1","CD8+ T cells","CD8+ T cells",0.330158844469501
"TCAGGTATCAAGGTAA-1","CD4+ T cells","CD4+ T cells",0.343265448222716
"TCAGGTATCAGCTCGG-1","B cells","B cells",0.306286397776242
"TCAGGTATCATCTGTT-1","CD8+ T cells","CD8+ T cells",0.297813966951438
"TCAGGTATCCTCGCAT-1","Dendritic cells","Dendritic cells",0.556202897082455
"TCAGGTATCGGCGCAT-1","B cells","B cells",0.3261749261386
"TCAGGTATCTACCTGC-1","T cells","T cells",0.330803934733701
"TCAGGTATCTCTTGAT-1","CD8+ T cells","CD8+ T cells",0.273027578343673
"TCAGGTATCTGTGCAA-1","T cells","T cells",0.372849969986445
"TCAGGTATCTTGACGA-1","Monocytes","Monocytes",0.466966252943916
"TCAGGTATCTTTACGT-1","CD8+ T cells","CD8+ T cells",0.322091453933292
"TCATTACAGTGTGGCA-1","B cells","B cells",0.336811764151896
"TCATTACAGTTACGGG-1","Monocytes","Monocytes",0.454440173275357
"TCATTACCAGTATGCT-1","Monocytes","Monocytes",0.326507975828776
"TCATTACCATGTAAGA-1","Monocytes","Monocytes",0.447981391469563
"TCATTACGTAAAGTCA-1","B cells","B cells",0.363753526160155
"TCATTACGTACACCGC-1","Progenitors","Progenitors",0.231024487457709
"TCATTACGTCGACTGC-1","T cells","T cells",0.434573551291694
"TCATTACGTCGTCTTC-1","Monocytes","Monocytes",0.372658378332375
"TCATTACGTTACGTCA-1","CD4+ T cells","CD4+ T cells",0.303600912407538
"TCATTACGTTATCCGA-1","T cells","T cells",0.35319945451624
"TCATTACTCACTTATC-1","Monocytes","Monocytes",0.522927924167567
"TCATTACTCATTGCCC-1","T cells","T cells",0.344290620310127
"TCATTACTCCCTTGTG-1","T cells","T cells",0.294091796092528
"TCATTACTCGACAGCC-1","B cells","B cells",0.305241496881312
"TCATTACTCGTTGCCT-1","CD4+ T cells","CD4+ T cells",0.26606096505037
"TCATTTGAGATGAGAG-1","Monocytes","Monocytes",0.433834092357619
"TCATTTGAGCTCCTCT-1","Monocytes","Monocytes",0.385025625467984
"TCATTTGAGGATGTAT-1","Monocytes","Monocytes",0.426690745834898
"TCATTTGAGTGTACTC-1","CD4+ T cells","CD4+ T cells",0.325873984214674
"TCATTTGCACGCTTTC-1","B cells","B cells",0.38635371920869
"TCATTTGCACTGTCGG-1","NK cells","NK cells",0.377945000286115
"TCATTTGCAGAGCCAA-1","CD4+ T cells","CD4+ T cells",0.325806270100744
"TCATTTGCATCCCACT-1","T cells","T cells",0.314588667318928
"TCATTTGCATTTGCCC-1","CD4+ T cells","CD4+ T cells",0.330709541340184
"TCATTTGGTAAGTAGT-1","CD8+ T cells","CD8+ T cells",0.356234280134927
"TCATTTGGTCCCTTGT-1","T cells","T cells",0.337081950023944
"TCATTTGGTCTAGCCG-1","CD8+ T cells","CD8+ T cells",0.328744258105009
"TCATTTGGTGAACCTT-1","T cells","T cells",0.301846866799858
"TCATTTGGTGAGGCTA-1","B cells","B cells",0.317352676703812
"TCATTTGGTGATAAAC-1","T cells","T cells",0.373132001460628
"TCATTTGTCGTTGACA-1","B cells","B cells",0.36408879388265
"TCATTTGTCTACTATC-1","B cells","B cells",0.373569666070386
"TCATTTGTCTTTACGT-1","CD4+ T cells","CD4+ T cells",0.328748867923651
"TCCACACAGCGATAGC-1","Monocytes","Monocytes",0.386436849621046
"TCCACACAGCTAGTTC-1","Monocytes","Monocytes",0.462159792528749
"TCCACACAGCTTATCG-1","T cells","T cells",0.413633596850419
"TCCACACAGGAATCGC-1","Monocytes","Monocytes",0.471896116869357
"TCCACACCAATAAGCA-1","CD4+ T cells","CD4+ T cells",0.288828467794303
"TCCACACCAATGCCAT-1","T cells","T cells",0.470819133258738
"TCCACACCACGGCTAC-1","Monocytes","Monocytes",0.461006187529637
"TCCACACCACTATCTT-1","CD4+ T cells","CD4+ T cells",0.316790414768908
"TCCACACCAGGAATGC-1","Dendritic cells","Dendritic cells",0.532907585306583
"TCCACACCATAAGACA-1","CD4+ T cells","CD4+ T cells",0.327745629920191
"TCCACACCATCCGTGG-1","CD4+ T cells","CD4+ T cells",0.310002464930723
"TCCACACCATGTTGAC-1","B cells","B cells",0.391958992085493
"TCCACACCATTGAGCT-1","T cells","T cells",0.346353490390206
"TCCACACGTGGGTCAA-1","CD8+ T cells","CD8+ T cells",0.342605845577821
"TCCACACGTGGTACAG-1","B cells","B cells",0.336632722698891
"TCCACACGTTATTCTC-1","B cells","B cells",0.353631153273895
"TCCACACTCCTGCTTG-1","Monocytes","Monocytes",0.517215851943526
"TCCACACTCCTTTACA-1","CD4+ T cells","CD4+ T cells",0.4068599448487
"TCCCGATAGCTGATAA-1","T cells","T cells",0.407371074008344
"TCCCGATAGTTACGGG-1","CD8+ T cells","CD8+ T cells",0.28001756268246
"TCCCGATCAAGGGTCA-1","B cells","B cells",0.317093739333473
"TCCCGATCACCAGTTA-1","CD4+ T cells","CD4+ T cells",0.349293190358127
"TCCCGATCACTGTGTA-1","B cells","B cells",0.343336891714844
"TCCCGATCAGGACGTA-1","B cells","B cells",0.355261236563587
"TCCCGATGTATGGTTC-1","Monocytes","Monocytes",0.432008837484645
"TCCCGATGTGATGCCC-1","CD8+ T cells","CD8+ T cells",0.316911685426901
"TCCCGATGTTAAGATG-1","Monocytes","Monocytes",0.350868145558369
"TCCCGATGTTTAGGAA-1","CD4+ T cells","CD4+ T cells",0.335188282763679
"TCCCGATTCATGCTCC-1","Monocytes","Monocytes",0.396418056384733
"TCCCGATTCCAAACTG-1","Monocytes","Monocytes",0.49632078440849
"TCCCGATTCCGAACGC-1","T cells","T cells",0.342768707265642
"TCGAGGCAGCATCATC-1","T cells","T cells",0.295278902488542
"TCGAGGCAGTGAACGC-1","CD4+ T cells","CD4+ T cells",0.333235255374324
"TCGAGGCAGTGGTAGC-1","B cells","B cells",0.319611659885057
"TCGAGGCAGTTTCCTT-1","CD8+ T cells","CD8+ T cells",0.316931466199506
"TCGAGGCCAAAGGTGC-1","Monocytes","Monocytes",0.428237509020052
"TCGAGGCCAAGGACTG-1","Monocytes","Monocytes",0.444186380980433
"TCGAGGCCACGAAATA-1","Monocytes","Monocytes",0.464190962128233
"TCGAGGCCAGGCGATA-1","CD8+ T cells","CD8+ T cells",0.320171996777849
"TCGAGGCCAGGTCTCG-1","Monocytes","Monocytes",0.286544466960392
"TCGAGGCGTATCACCA-1","Monocytes","Monocytes",0.38040833202473
"TCGAGGCGTCGCATCG-1","Monocytes","Monocytes",0.485179640242435
"TCGAGGCGTCTCTTAT-1","CD4+ T cells","CD4+ T cells",0.317988120877319
"TCGAGGCGTGCACCAC-1","Monocytes","Monocytes",0.381899074605543
"TCGAGGCGTGTAAGTA-1","T cells","T cells",0.317384255263946
"TCGAGGCGTTATGTGC-1","Monocytes","Monocytes",0.458936534645298
"TCGAGGCTCACAGGCC-1","Monocytes","Monocytes",0.450397247139626
"TCGAGGCTCAGAGCTT-1","CD4+ T cells","CD4+ T cells",0.336456048457026
"TCGAGGCTCAGCTCTC-1","CD4+ T cells","CD4+ T cells",0.347181491604622
"TCGAGGCTCATGCATG-1","Monocytes","Monocytes",0.421495616343925
"TCGAGGCTCATGTCCC-1","CD8+ T cells","CD8+ T cells",0.343931949917681
"TCGAGGCTCCGTACAA-1","B cells","B cells",0.326627794201518
"TCGAGGCTCCTACAGA-1","CD8+ T cells","CD8+ T cells",0.325526456376451
"TCGAGGCTCCTAGAAC-1","CD4+ T cells","CD4+ T cells",0.339422368162512
"TCGAGGCTCGGCATCG-1","B cells","B cells",0.336114729564134
"TCGAGGCTCGGTCTAA-1","T cells","T cells",0.357571267999616
"TCGAGGCTCTGGTATG-1","CD4+ T cells","CD4+ T cells",0.332692984882937
"TCGCGAGAGAAGCCCA-1","Monocytes","Monocytes",0.422150362144696
"TCGCGAGAGCTAAGAT-1","NK cells","NK cells",0.405273840673654
"TCGCGAGAGTGTACCT-1","CD8+ T cells","CD8+ T cells",0.335211711352445
"TCGCGAGCACAGCGTC-1","Monocytes","Monocytes",0.423392114260857
"TCGCGAGCACATCCAA-1","Monocytes","Monocytes",0.455259964995218
"TCGCGAGCACCGAATT-1","B cells","B cells",0.333174598131961
"TCGCGAGCACTTGGAT-1","Monocytes","Monocytes",0.42998445206429
"TCGCGAGCAGTATGCT-1","CD8+ T cells","CD8+ T cells",0.339232210449733
"TCGCGAGCAGTTTACG-1","Monocytes","Monocytes",0.432078119342094
"TCGCGAGGTGATGCCC-1","T cells","T cells",0.328653030750187
"TCGCGAGGTGCGATAG-1","B cells","B cells",0.360928913833753
"TCGCGAGGTGGTGTAG-1","CD4+ T cells","CD4+ T cells",0.292973998353122
"TCGCGAGGTGTAATGA-1","CD4+ T cells","CD4+ T cells",0.32882031921475
"TCGCGAGTCAGTTGAC-1","T cells","T cells",0.316006452729435
"TCGCGAGTCGGACAAG-1","Monocytes","Monocytes",0.415517181446073
"TCGCGAGTCTGAGGGA-1","T cells","T cells",0.372817098821647
"TCGCGTTAGATATGCA-1","T cells","T cells",0.32908247343859
"TCGCGTTAGGACTGGT-1","T cells","T cells",0.336504468809185
"TCGCGTTCAAGCGAGT-1","CD8+ T cells","CD8+ T cells",0.3304235659823
"TCGCGTTCACACGCTG-1","T cells","T cells",0.292392724998864
"TCGCGTTCACTTCGAA-1","CD4+ T cells","CD4+ T cells",0.343341251769279
"TCGCGTTCAGTAAGCG-1","Monocytes","Monocytes",0.337490533885409
"TCGCGTTCAGTTCCCT-1","B cells",NA,0.328094703279201
"TCGCGTTCATGTTCCC-1","Monocytes","Monocytes",0.43576484925976
"TCGCGTTGTACATGTC-1","CD4+ T cells","CD4+ T cells",0.312790271064758
"TCGCGTTGTCTCAACA-1","Monocytes","Monocytes",0.452457674074658
"TCGCGTTGTGCACGAA-1","CD8+ T cells","CD8+ T cells",0.317337169297287
"TCGCGTTTCAGCACAT-1","T cells","T cells",0.359504741141301
"TCGCGTTTCATCTGCC-1","T cells","T cells",0.358421397766761
"TCGCGTTTCGCTAGCG-1","Monocytes","Monocytes",0.418384904195053
"TCGCGTTTCGCTGATA-1","CD4+ T cells","CD4+ T cells",0.300591678857342
"TCGCGTTTCGGAATCT-1","T cells","T cells",0.317585874419564
"TCGGGACAGCGATGAC-1","CD4+ T cells","CD4+ T cells",0.340931834047053
"TCGGGACAGCTAACTC-1","T cells","T cells",0.441866029385575
"TCGGGACAGCTCAACT-1","CD8+ T cells","CD8+ T cells",0.347212697686659
"TCGGGACAGCTCTCGG-1","T cells","T cells",0.377178520775548
"TCGGGACAGGCATTGG-1","T cells","T cells",0.330836204767346
"TCGGGACAGGTGCAAC-1","CD4+ T cells","CD4+ T cells",0.377415351982905
"TCGGGACAGTCTCGGC-1","Dendritic cells","Dendritic cells",0.525531802367559
"TCGGGACAGTGTCTCA-1","Monocytes","Monocytes",0.400970663116588
"TCGGGACCAAGAAAGG-1","CD4+ T cells","CD4+ T cells",0.286132391329659
"TCGGGACCAAGCGTAG-1","B cells","B cells",0.346200326232959
"TCGGGACCAATGCCAT-1","B cells","B cells",0.373299721870078
"TCGGGACCATCTACGA-1","CD4+ T cells","CD4+ T cells",0.360247197620252
"TCGGGACCATGATCCA-1","NK cells","NK cells",0.396049101795391
"TCGGGACCATTCGACA-1","T cells","T cells",0.366417079352911
"TCGGGACGTGCAACGA-1","Monocytes","Monocytes",0.395355420071245
"TCGGGACGTGCACGAA-1","CD8+ T cells","CD8+ T cells",0.34266338073736
"TCGGGACGTGTTCGAT-1","CD8+ T cells","CD8+ T cells",0.302745436954092
"TCGGGACGTTAGATGA-1","T cells","T cells",0.334381971680469
"TCGGGACGTTCCGTCT-1","B cells","B cells",0.305823579237217
"TCGGGACGTTGGTTTG-1","T cells","T cells",0.273441019635381
"TCGGGACTCTGCCCTA-1","B cells","B cells",0.351358630790778
"TCGGGACTCTGTACGA-1","CD8+ T cells","CD8+ T cells",0.36520680058732
"TCGGTAAAGCACGCCT-1","CD8+ T cells","CD8+ T cells",0.283202846566206
"TCGGTAAAGGAGTTGC-1","B cells","B cells",0.30404557220111
"TCGGTAAAGGTCATCT-1","T cells","T cells",0.375222247766104
"TCGGTAACAACAACCT-1","T cells","T cells",0.367669463853716
"TCGGTAACACTAGTAC-1","Monocytes","Monocytes",0.389201360639081
"TCGGTAACATCGGAAG-1","CD4+ T cells","CD4+ T cells",0.329986224571733
"TCGGTAACATGATCCA-1","CD4+ T cells","CD4+ T cells",0.330019261812825
"TCGGTAACATTGCGGC-1","B cells",NA,0.330625834659808
"TCGGTAAGTAGCGTCC-1","T cells","T cells",0.332679846420729
"TCGGTAAGTCAGCTAT-1","T cells","T cells",0.343218167981852
"TCGGTAAGTCTGCCAG-1","Monocytes","Monocytes",0.443385888668948
"TCGGTAAGTGAGGGTT-1","Monocytes","Monocytes",0.383785021591518
"TCGGTAAGTGCCTGTG-1","Monocytes","Monocytes",0.476904217530557
"TCGGTAAGTGTAAGTA-1","CD4+ T cells","CD4+ T cells",0.313348407194292
"TCGGTAAGTTCTGTTT-1","Monocytes","Monocytes",0.440940259289007
"TCGGTAATCACAGTAC-1","CD8+ T cells","CD8+ T cells",0.289503443578367
"TCGTACCAGAAACCAT-1","CD4+ T cells","CD4+ T cells",0.33789969212924
"TCGTACCAGACCTAGG-1","NK cells","NK cells",0.371784638615645
"TCGTACCAGATAGGAG-1","CD8+ T cells","CD8+ T cells",0.332251233312997
"TCGTACCAGGACTGGT-1","Monocytes","Monocytes",0.492150252009656
"TCGTACCAGGCTACGA-1","CD4+ T cells","CD4+ T cells",0.315689492133945
"TCGTACCCACCGGAAA-1","CD8+ T cells","CD8+ T cells",0.300130862695869
"TCGTACCCACTGTTAG-1","CD4+ T cells","CD4+ T cells",0.310787640428935
"TCGTACCCAGCTGCAC-1","B cells","B cells",0.327568950402438
"TCGTACCCAGTAAGAT-1","CD4+ T cells","CD4+ T cells",0.324120567332608
"TCGTACCCATGCAATC-1","NK cells","NK cells",0.3683939242458
"TCGTACCGTAAACCTC-1","CD8+ T cells","CD8+ T cells",0.321004116522676
"TCGTACCGTCAAGCGA-1","T cells","T cells",0.322669214070174
"TCGTACCGTTGAACTC-1","CD4+ T cells","CD4+ T cells",0.331646972192942
"TCGTACCGTTTCCACC-1","T cells","T cells",0.394559209907045
"TCGTACCTCAACACAC-1","B cells","B cells",0.35939111068945
"TCGTACCTCATGGTCA-1","CD4+ T cells","CD4+ T cells",0.299077926750607
"TCGTACCTCGACAGCC-1","T cells","T cells",0.323401538358001
"TCGTAGAAGGACATTA-1","Monocytes","Monocytes",0.48449357498628
"TCGTAGAAGTATGACA-1","CD8+ T cells","CD8+ T cells",0.272953518570731
"TCGTAGAAGTGGACGT-1","Monocytes","Monocytes",0.55036405900127
"TCGTAGACAAGGACTG-1","B cells","B cells",0.352767521544029
"TCGTAGACAGGTTTCA-1","T cells","T cells",0.432535748564599
"TCGTAGAGTCAACTGT-1","Monocytes","Monocytes",0.510345398803637
"TCGTAGAGTCAGGACA-1","T cells","T cells",0.40013128581669
"TCGTAGAGTCTGGTCG-1","Monocytes","Monocytes",0.351089355120165
"TCGTAGAGTTCGTCTC-1","Monocytes","Monocytes",0.366805100561521
"TCGTAGAGTTCTGTTT-1","CD8+ T cells","CD8+ T cells",0.348212861228638
"TCGTAGATCATGCAAC-1","CD8+ T cells","CD8+ T cells",0.343516185227651
"TCGTAGATCCCTTGCA-1","Monocytes","Monocytes",0.449382993152249
"TCGTAGATCGGTGTTA-1","T cells","T cells",0.350923085684215
"TCGTAGATCTTTAGTC-1","CD4+ T cells","CD4+ T cells",0.325810073609591
"TCTATTGAGAAACGCC-1","Monocytes","Monocytes",0.442944590837719
"TCTATTGAGAGTGAGA-1","Monocytes","Monocytes",0.382446571505369
"TCTATTGAGCATCATC-1","CD4+ T cells","CD4+ T cells",0.337188826259367
"TCTATTGAGCCTCGTG-1","T cells","T cells",0.315932537926636
"TCTATTGAGTACGCGA-1","NK cells","NK cells",0.386275245119553
"TCTATTGAGTTGAGTA-1","T cells","T cells",0.340321470722852
"TCTATTGCAATCACAC-1","CD4+ T cells","CD4+ T cells",0.314278576575712
"TCTATTGCACAACGCC-1","Monocytes","Monocytes",0.473896281475274
"TCTATTGCACAGGTTT-1","T cells","T cells",0.337842754728231
"TCTATTGCACTTGGAT-1","Monocytes","Monocytes",0.38724108854872
"TCTATTGCATCCGTGG-1","T cells","T cells",0.365644231569988
"TCTATTGGTAAGGGAA-1","B cells","B cells",0.29222432538367
"TCTATTGGTAAGTGGC-1","T cells","T cells",0.39949184026847
"TCTATTGGTACCAGTT-1","CD8+ T cells","CD8+ T cells",0.282444357896038
"TCTATTGGTATCGCAT-1","B cells","B cells",0.324469673758269
"TCTATTGGTGGGTATG-1","CD4+ T cells","CD4+ T cells",0.334843873741738
"TCTATTGGTTATGTGC-1","CD4+ T cells","CD4+ T cells",0.262614840002487
"TCTATTGGTTCCTCCA-1","CD4+ T cells","CD4+ T cells",0.307860922602975
"TCTATTGTCAATAAGG-1","T cells","T cells",0.372049261839204
"TCTATTGTCAGAGGTG-1","Monocytes","Monocytes",0.404450737090338
"TCTATTGTCGATGAGG-1","Dendritic cells","Dendritic cells",0.373148781884458
"TCTATTGTCGGTCTAA-1","T cells","T cells",0.340627149218292
"TCTCATAAGTCGCCGT-1","Monocytes","Monocytes",0.490438564690883
"TCTCATACAGAAGCAC-1","CD4+ T cells","CD4+ T cells",0.361868774811861
"TCTCATACAGCTGCAC-1","CD4+ T cells","CD4+ T cells",0.309192692741606
"TCTCATACAGTATGCT-1","CD8+ T cells","CD8+ T cells",0.313117673471807
"TCTCATACATAAGACA-1","CD8+ T cells","CD8+ T cells",0.317269598870309
"TCTCATACATTGAGCT-1","T cells","T cells",0.374286501204213
"TCTCATAGTCAACATC-1","CD4+ T cells","CD4+ T cells",0.368354563074473
"TCTCATAGTGCATCTA-1","CD4+ T cells","CD4+ T cells",0.333349782274649
"TCTCATAGTGGCGAAT-1","Dendritic cells","Dendritic cells",0.499570805323312
"TCTCATAGTTAGATGA-1","Monocytes","Monocytes",0.423645895425508
"TCTCATATCACAACGT-1","Monocytes","Monocytes",0.397005008641555
"TCTCATATCACAGTAC-1","Monocytes","Monocytes",0.319070901632167
"TCTCATATCATCTGCC-1","Monocytes","Monocytes",0.399854328301068
"TCTCATATCCGATATG-1","T cells","T cells",0.345355456182197
"TCTCATATCGGAATCT-1","CD4+ T cells","CD4+ T cells",0.311288978919895
"TCTCATATCTTGACGA-1","Dendritic cells","Dendritic cells",0.47859427652717
"TCTCATATCTTTACAC-1","Monocytes","Monocytes",0.393954364762327
"TCTCTAACAAGCGTAG-1","CD8+ T cells","CD8+ T cells",0.341868360039836
"TCTCTAACACCATGTA-1","T cells","T cells",0.358342077149507
"TCTCTAACACGCCAGT-1","NK cells","NK cells",0.350875416248972
"TCTCTAACAGCTTCGG-1","T cells","T cells",0.396847527779899
"TCTCTAACAGGCTCAC-1","B cells","B cells",0.343865117954508
"TCTCTAACAGTAGAGC-1","Monocytes","Monocytes",0.473082913164454
"TCTCTAACATCGATGT-1","T cells","T cells",0.361616089089188
"TCTCTAACATCGGAAG-1","Monocytes","Monocytes",0.526494091927815
"TCTCTAAGTAACGACG-1","B cells","B cells",0.307643110392647
"TCTCTAAGTAGCAAAT-1","NK cells","NK cells",0.398025807803299
"TCTCTAAGTATCGCAT-1","B cells","B cells",0.346588192791701
"TCTCTAAGTCGCTTCT-1","CD4+ T cells","CD4+ T cells",0.343879664883694
"TCTCTAAGTGCTGTAT-1","Monocytes","Monocytes",0.407841771102567
"TCTCTAAGTTCGGCAC-1","CD8+ T cells","CD8+ T cells",0.321253215417145
"TCTCTAATCAACTCTT-1","CD4+ T cells","CD4+ T cells",0.34317729225194
"TCTCTAATCCTTCAAT-1","B cells","B cells",0.335468115316885
"TCTCTAATCGAGGTAG-1","CD4+ T cells","CD4+ T cells",0.354035432853733
"TCTCTAATCGTACGGC-1","T cells","T cells",0.365531416267531
"TCTCTAATCTTCCTTC-1","NK cells","NK cells",0.424234073844559
"TCTGAGAAGCAGCCTC-1","Monocytes","Monocytes",0.431826960089144
"TCTGAGAAGCTAGGCA-1","CD8+ T cells","CD8+ T cells",0.307186898484222
"TCTGAGAAGCTGATAA-1","T cells","T cells",0.329673905905209
"TCTGAGAAGTAGATGT-1","Dendritic cells","Dendritic cells",0.41140550059263
"TCTGAGACACACATGT-1","CD4+ T cells","CD4+ T cells",0.284852959353014
"TCTGAGACACGACTCG-1","T cells","T cells",0.368627074513643
"TCTGAGACAGAGTGTG-1","CD4+ T cells","CD4+ T cells",0.364749216021378
"TCTGAGACATCCAACA-1","Monocytes","Monocytes",0.416223648293596
"TCTGAGACATTACGAC-1","B cells","B cells",0.348352872369397
"TCTGAGAGTACGCACC-1","CD4+ T cells","CD4+ T cells",0.335201828720434
"TCTGAGAGTCAATACC-1","Monocytes","Monocytes",0.465416899384884
"TCTGAGAGTGTGTGCC-1","Monocytes","Monocytes",0.392905329070893
"TCTGAGAGTTAAGACA-1","Monocytes","Monocytes",0.360632119709072
"TCTGAGATCATCTGTT-1","Monocytes","Monocytes",0.443482315739515
"TCTGAGATCCGTCAAA-1","Monocytes","Monocytes",0.399869151505914
"TCTGAGATCTTATCTG-1","Monocytes","Monocytes",0.424042191274676
"TCTGAGATCTTTACAC-1","CD8+ T cells","CD8+ T cells",0.316792201280055
"TCTGGAAAGAATCTCC-1","T cells","T cells",0.399609462611001
"TCTGGAAAGAGTGACC-1","Monocytes","Monocytes",0.44128209542801
"TCTGGAAAGCGATTCT-1","T cells","T cells",0.419954143524397
"TCTGGAACAGACGCCT-1","T cells","T cells",0.333069501573348
"TCTGGAACAGCATGAG-1","B cells","B cells",0.323757416909361
"TCTGGAACATAAGACA-1","Monocytes","Monocytes",0.469381434862868
"TCTGGAAGTCAAGCGA-1","Monocytes","Monocytes",0.384349115496265
"TCTGGAAGTCGAGTTT-1","CD4+ T cells","CD4+ T cells",0.334158254722143
"TCTGGAAGTCTCATCC-1","Monocytes","Monocytes",0.515743411247322
"TCTGGAAGTGACTCAT-1","CD4+ T cells","CD4+ T cells",0.298641963599011
"TCTGGAAGTGTAATGA-1","B cells","B cells",0.316068597200387
"TCTGGAAGTTAGAACA-1","CD4+ T cells","CD4+ T cells",0.295193392891027
"TCTGGAAGTTCAGTAC-1","Monocytes","Monocytes",0.436804691142085
"TCTGGAAGTTGGACCC-1","Monocytes","Monocytes",0.416219351180708
"TCTGGAATCAACCATG-1","Monocytes","Monocytes",0.460112262522069
"TCTGGAATCATGTCCC-1","T cells","T cells",0.281605507048315
"TCTGGAATCCAGTAGT-1","Dendritic cells","Dendritic cells",0.577684392001176
"TCTGGAATCGAACGGA-1","T cells","T cells",0.351393996641279
"TCTGGAATCTTGAGGT-1","CD4+ T cells","CD4+ T cells",0.303951269228126
"TCTTCGGAGACATAAC-1","T cells","T cells",0.398979483987636
"TCTTCGGAGACGCACA-1","T cells","T cells",0.398846998438242
"TCTTCGGAGCCCTAAT-1","Monocytes","Monocytes",0.454198231920211
"TCTTCGGAGCGTTTAC-1","B cells","B cells",0.307997851880315
"TCTTCGGAGCTCCTTC-1","NK cells","NK cells",0.405098571440932
"TCTTCGGAGGACATTA-1","Monocytes","Monocytes",0.393305785713366
"TCTTCGGAGTGAAGTT-1","T cells","T cells",0.335352205635788
"TCTTCGGAGTGGTAAT-1","Monocytes","Monocytes",0.439903962772408
"TCTTCGGAGTTTCCTT-1","NK cells","NK cells",0.3123425130379
"TCTTCGGCAAATACAG-1","Monocytes","Monocytes",0.495334202027922
"TCTTCGGCAAGGTTCT-1","Monocytes","Monocytes",0.391797643648588
"TCTTCGGCACCGTTGG-1","Monocytes","Monocytes",0.446288656499075
"TCTTCGGCACGAGGTA-1","Monocytes","Monocytes",0.316438859832752
"TCTTCGGCAGGTCTCG-1","Monocytes","Monocytes",0.40663886377397
"TCTTCGGGTATCGCAT-1","Monocytes","Monocytes",0.403356530108909
"TCTTCGGGTCTCCATC-1","CD4+ T cells","CD4+ T cells",0.334259802246194
"TCTTCGGGTCTTGTCC-1","CD8+ T cells","CD8+ T cells",0.302961239347531
"TCTTCGGGTTTGTGTG-1","Dendritic cells","Dendritic cells",0.426159362622264
"TCTTCGGTCAAGAAGT-1","CD4+ T cells","CD4+ T cells",0.296460766650098
"TCTTCGGTCATTCACT-1","Monocytes","Monocytes",0.391975731623641
"TCTTCGGTCCATGCTC-1","Dendritic cells",NA,0.355895977516258
"TCTTTCCAGAGACGAA-1","Monocytes","Monocytes",0.457019273747566
"TCTTTCCAGAGCCTAG-1","Monocytes","Monocytes",0.505205681241085
"TCTTTCCAGCACAGGT-1","T cells","T cells",0.328708451945875
"TCTTTCCAGCTAAACA-1","T cells","T cells",0.353335233886778
"TCTTTCCAGGACTGGT-1","B cells","B cells",0.309528180730158
"TCTTTCCAGGCGTACA-1","CD4+ T cells","CD4+ T cells",0.348249864755133
"TCTTTCCAGTAGGTGC-1","Monocytes","Monocytes",0.350266912646104
"TCTTTCCAGTCTTGCA-1","T cells","T cells",0.335269776280337
"TCTTTCCCAAACGCGA-1","B cells","B cells",0.308651817338915
"TCTTTCCCAAGGCTCC-1","CD8+ T cells","CD8+ T cells",0.340574012442304
"TCTTTCCCAATGAATG-1","B cells","B cells",0.378209685304817
"TCTTTCCCACCGTTGG-1","CD4+ T cells","CD4+ T cells",0.325334261292655
"TCTTTCCCACGACGAA-1","B cells","B cells",0.387317216387748
"TCTTTCCCAGTGACAG-1","CD4+ T cells","CD4+ T cells",0.329935160901799
"TCTTTCCCATCCGCGA-1","CD4+ T cells","CD4+ T cells",0.334455446694267
"TCTTTCCCATGATCCA-1","B cells","B cells",0.324185215587106
"TCTTTCCGTAGCGATG-1","Monocytes","Monocytes",0.470286289082008
"TCTTTCCGTCACCCAG-1","Monocytes","Monocytes",0.403388148520679
"TCTTTCCGTCCGCTGA-1","B cells","B cells",0.319131346524134
"TCTTTCCGTGATAAAC-1","Monocytes","Monocytes",0.474645142026503
"TCTTTCCGTGCAACTT-1","CD4+ T cells","CD4+ T cells",0.333040271559083
"TCTTTCCGTTCAGCGC-1","NK cells","NK cells",0.425550460953312
"TCTTTCCGTTTCGCTC-1","T cells","T cells",0.418357297604505
"TCTTTCCTCGACGGAA-1","CD8+ T cells","CD8+ T cells",0.328441656688724
"TCTTTCCTCGTTACGA-1","T cells","T cells",0.309397939441762
"TCTTTCCTCTAACTCT-1","Monocytes","Monocytes",0.321899295688055
"TGAAAGAAGACTCGGA-1","Dendritic cells","Dendritic cells",0.544637323164674
"TGAAAGAAGAGCCCAA-1","CD4+ T cells","CD4+ T cells",0.366518099655178
"TGAAAGACAACTGCTA-1","T cells","T cells",0.442800371351277
"TGAAAGACAATTCCTT-1","CD4+ T cells","CD4+ T cells",0.324122238706487
"TGAAAGACACCAGTTA-1","CD4+ T cells","CD4+ T cells",0.330539558473
"TGAAAGACACGAAATA-1","CD4+ T cells","CD4+ T cells",0.303750653828007
"TGAAAGACAGACAGGT-1","B cells","B cells",0.486015804306149
"TGAAAGACAGATGGCA-1","T cells","T cells",0.355878215154274
"TGAAAGACATCAGTAC-1","CD4+ T cells","CD4+ T cells",0.363832095534548
"TGAAAGAGTAAACGCG-1","T cells","T cells",0.335172122847879
"TGAAAGAGTAGGGTAC-1","T cells","T cells",0.313428612767986
"TGAAAGAGTCCCTACT-1","Monocytes","Monocytes",0.516498478103688
"TGAAAGAGTCCGAAGA-1","Dendritic cells","Dendritic cells",0.555130656960054
"TGAAAGAGTGACGGTA-1","Monocytes","Monocytes",0.442511521859856
"TGAAAGAGTGTATGGG-1","T cells","T cells",0.345966673254201
"TGAAAGAGTTGGTAAA-1","CD4+ T cells","CD4+ T cells",0.318272163065092
"TGAAAGATCAGCAACT-1","Monocytes","Monocytes",0.484391973792618
"TGAAAGATCGATAGAA-1","Monocytes","Monocytes",0.397351644687776
"TGAAAGATCGGAAATA-1","NK cells","NK cells",0.318555751244423
"TGAAAGATCTATCGCC-1","CD4+ T cells","CD4+ T cells",0.353430597491167
"TGACAACAGGAATCGC-1","T cells","T cells",0.369853852550877
"TGACAACAGGAGTAGA-1","CD4+ T cells","CD4+ T cells",0.41282192542345
"TGACAACAGGGATGGG-1","Dendritic cells","Dendritic cells",0.492074676050304
"TGACAACCAACTGCGC-1","CD8+ T cells","CD8+ T cells",0.327555160054347
"TGACAACCACAGGTTT-1","B cells","B cells",0.32577696433591
"TGACAACCAGCCTATA-1","T cells","T cells",0.358922278138802
"TGACAACCATCGATGT-1","CD4+ T cells","CD4+ T cells",0.339077379926548
"TGACAACGTAGGGACT-1","CD8+ T cells","CD8+ T cells",0.31188807003575
"TGACAACGTTCTGGTA-1","Monocytes","Monocytes",0.337018945301444
"TGACAACTCAGCTCGG-1","CD4+ T cells","CD4+ T cells",0.351284392065533
"TGACAACTCAGCTTAG-1","Monocytes","Monocytes",0.389440586568564
"TGACAACTCCGGGTGT-1","Monocytes","Monocytes",0.312447601500094
"TGACAACTCGCAAACT-1","NK cells","NK cells",0.377633470186192
"TGACAACTCTAACTGG-1","Dendritic cells",NA,0.342246313840961
"TGACAACTCTACTCAT-1","CD4+ T cells","CD4+ T cells",0.374031445938395
"TGACGGCAGATGGCGT-1","Monocytes","Monocytes",0.474436098033042
"TGACGGCAGCTCTCGG-1","B cells","B cells",0.400529106002015
"TGACGGCAGGTGTTAA-1","NK cells","NK cells",0.393201426463096
"TGACGGCCAAACGTGG-1","NK cells","NK cells",0.368587722110181
"TGACGGCCACCGAAAG-1","NK cells","NK cells",0.435317370807048
"TGACGGCCATAAGACA-1","Monocytes","Monocytes",0.35526120156033
"TGACGGCGTAAGAGAG-1","CD4+ T cells","CD4+ T cells",0.302167213425506
"TGACGGCGTAAGTGTA-1","B cells","B cells",0.299494521235869
"TGACGGCGTAATAGCA-1","B cells","B cells",0.32412534160988
"TGACGGCGTACCGAGA-1","Dendritic cells",NA,0.366982155406712
"TGACGGCGTCTGATCA-1","Monocytes","Monocytes",0.433951336634512
"TGACGGCGTGGCGAAT-1","B cells","B cells",0.371034930947046
"TGACGGCGTGGTCCGT-1","CD8+ T cells","CD8+ T cells",0.330640019488183
"TGACGGCGTTCAGTAC-1","CD4+ T cells","CD4+ T cells",0.410205528175768
"TGACGGCGTTGGACCC-1","Monocytes","Monocytes",0.45189920304401
"TGACGGCTCCTCAATT-1","Monocytes","Monocytes",0.519560427233029
"TGACGGCTCTCCCTGA-1","T cells","T cells",0.336025218722053
"TGACTAGAGCAGATCG-1","CD4+ T cells","CD4+ T cells",0.341542416332004
"TGACTAGAGCAGCGTA-1","CD4+ T cells","CD4+ T cells",0.299719532455395
"TGACTAGAGCCACGTC-1","Monocytes","Monocytes",0.509929177723158
"TGACTAGAGGTGATTA-1","Monocytes","Monocytes",0.429455246007474
"TGACTAGAGTAGCCGA-1","B cells","B cells",0.332210073986958
"TGACTAGCAAGCGAGT-1","Monocytes","Monocytes",0.456616129153586
"TGACTAGCAGACGCTC-1","T cells","T cells",0.375832095203535
"TGACTAGCAGCTATTG-1","T cells","T cells",0.392488757132819
"TGACTAGGTAGGACAC-1","CD4+ T cells","CD4+ T cells",0.28714247982829
"TGACTAGGTCGCTTTC-1","CD8+ T cells","CD8+ T cells",0.370821237786933
"TGACTAGGTCTCCATC-1","Monocytes","Monocytes",0.459358690836815
"TGACTAGGTTGAGGTG-1","CD4+ T cells","CD4+ T cells",0.289573797124544
"TGACTAGTCAAGGCTT-1","Monocytes","Monocytes",0.437148191832459
"TGACTAGTCCCACTTG-1","T cells","T cells",0.368391371458168
"TGACTAGTCCGAGCCA-1","T cells","T cells",0.332638772737468
"TGACTAGTCCGCATAA-1","CD8+ T cells","CD8+ T cells",0.324212167629024
"TGACTAGTCCTAGTGA-1","T cells","T cells",0.330362164611711
"TGACTAGTCCTCAATT-1","Dendritic cells","Dendritic cells",0.436339325986113
"TGACTTTAGCACAGGT-1","B cells","B cells",0.332073737357037
"TGACTTTAGGAGTACC-1","T cells","T cells",0.313605008157114
"TGACTTTAGGTCATCT-1","T cells","T cells",0.309355757297791
"TGACTTTCAAACTGTC-1","Monocytes","Monocytes",0.398531789967234
"TGACTTTCACGAAACG-1","Dendritic cells","Dendritic cells",0.519727915147461
"TGACTTTCATGTAAGA-1","CD4+ T cells","CD4+ T cells",0.289370185581376
"TGACTTTGTGATAAAC-1","B cells","B cells",0.323588965385451
"TGACTTTGTGCAGGTA-1","Monocytes","Monocytes",0.346022828024055
"TGACTTTGTTTAGCTG-1","NK cells","NK cells",0.356787941632624
"TGACTTTTCAACGCTA-1","CD8+ T cells","CD8+ T cells",0.347999034866285
"TGACTTTTCACCAGGC-1","CD8+ T cells","CD8+ T cells",0.397396178079237
"TGACTTTTCCGCATCT-1","Dendritic cells","Dendritic cells",0.536878650236759
"TGACTTTTCCTTGGTC-1","T cells","T cells",0.338818796747116
"TGACTTTTCTTCAACT-1","CD8+ T cells","CD8+ T cells",0.355681924916847
"TGAGAGGAGAAGCCCA-1","Monocytes","Monocytes",0.564855502509906
"TGAGAGGAGAATCTCC-1","CD4+ T cells","CD4+ T cells",0.360398468116926
"TGAGAGGAGACTGGGT-1","NK cells","NK cells",0.39600596298319
"TGAGAGGAGATGTAAC-1","T cells","T cells",0.364900285791214
"TGAGAGGAGCGAAGGG-1","CD8+ T cells","CD8+ T cells",0.329195970444057
"TGAGAGGAGGTGCACA-1","CD8+ T cells","CD8+ T cells",0.34140674186533
"TGAGAGGAGGTGTGGT-1","T cells","T cells",0.352881015584378
"TGAGAGGCACGGTAAG-1","CD4+ T cells","CD4+ T cells",0.281934959570619
"TGAGAGGGTACTCGCG-1","T cells","T cells",0.364929877811638
"TGAGAGGGTAGCACGA-1","T cells","T cells",0.412711871018985
"TGAGAGGGTCCAGTGC-1","T cells","T cells",0.325292450226316
"TGAGAGGGTCTTGTCC-1","Monocytes","Monocytes",0.436970812463143
"TGAGAGGGTGACGGTA-1","B cells","B cells",0.329577900892138
"TGAGAGGGTGATGCCC-1","B cells","B cells",0.324535543014506
"TGAGAGGGTGCACCAC-1","T cells","T cells",0.371131859410642
"TGAGAGGGTGTAATGA-1","Monocytes","Monocytes",0.351454434837901
"TGAGAGGTCTGACCTC-1","CD8+ T cells","CD8+ T cells",0.341599459286314
"TGAGCATCACCGGAAA-1","CD4+ T cells","CD4+ T cells",0.363941763833466
"TGAGCATCAGGCTGAA-1","T cells","T cells",0.365389141323708
"TGAGCATCATCCGTGG-1","Monocytes","Monocytes",0.448516499784951
"TGAGCATGTAGCTCCG-1","B cells","B cells",0.321291997956263
"TGAGCATGTCAGATAA-1","CD4+ T cells","CD4+ T cells",0.305580356456429
"TGAGCATGTCCGACGT-1","Monocytes","Monocytes",0.376948983995966
"TGAGCATGTCTAGAGG-1","CD4+ T cells","CD4+ T cells",0.2859528204644
"TGAGCATGTGCACCAC-1","Monocytes","Monocytes",0.389083306310305
"TGAGCATGTTAGAACA-1","T cells","T cells",0.433967510911222
"TGAGCATGTTCGCGAC-1","CD4+ T cells","CD4+ T cells",0.316508927640831
"TGAGCATGTTCGTGAT-1","Monocytes","Monocytes",0.385036115432804
"TGAGCATTCAAACAAG-1","Monocytes","Monocytes",0.411277492963834
"TGAGCATTCACGACTA-1","CD4+ T cells","CD4+ T cells",0.370475325038212
"TGAGCATTCAGCATGT-1","T cells","T cells",0.337385665849752
"TGAGCATTCCCATTAT-1","CD8+ T cells","CD8+ T cells",0.346942208072718
"TGAGCATTCCGCATAA-1","CD8+ T cells","CD8+ T cells",0.335230771020817
"TGAGCATTCGACCAGC-1","CD4+ T cells","CD4+ T cells",0.443788439971441
"TGAGCATTCGTTTGCC-1","B cells","B cells",0.387472177090017
"TGAGCATTCTAACCGA-1","T cells","T cells",0.345256967213141
"TGAGCATTCTAGAGTC-1","T cells","T cells",0.343213332838493
"TGAGCATTCTGAAAGA-1","B cells","B cells",0.349701262314962
"TGAGCATTCTGTTTGT-1","Monocytes","Monocytes",0.464801887686587
"TGAGCCGAGAAACCAT-1","T cells","T cells",0.356054509508695
"TGAGCCGAGCCGCCTA-1","T cells","T cells",0.395373730374733
"TGAGCCGAGTACGACG-1","Monocytes","Monocytes",0.446668166030409
"TGAGCCGAGTAGGTGC-1","CD4+ T cells","CD4+ T cells",0.341981876191089
"TGAGCCGCAAACCTAC-1","CD8+ T cells","CD8+ T cells",0.320449387955101
"TGAGCCGCAAAGGCGT-1","CD4+ T cells","CD4+ T cells",0.301831085268233
"TGAGCCGCACAACTGT-1","Monocytes","Monocytes",0.401902322805115
"TGAGCCGGTCAATACC-1","CD8+ T cells","CD8+ T cells",0.343326916236468
"TGAGCCGGTTTAGCTG-1","Monocytes","Monocytes",0.405997163843133
"TGAGCCGTCACAAACC-1","CD8+ T cells","CD8+ T cells",0.327298447413727
"TGAGCCGTCTAGCACA-1","CD4+ T cells","CD4+ T cells",0.38318448591058
"TGAGCCGTCTGGTGTA-1","CD4+ T cells","CD4+ T cells",0.309515401552598
"TGAGCCGTCTTTACGT-1","Dendritic cells",NA,0.30614521363267
"TGAGGGAAGCAATCTC-1","T cells","T cells",0.345482405361282
"TGAGGGAAGCCTTGAT-1","CD4+ T cells","CD4+ T cells",0.303299540133225
"TGAGGGAAGCGATTCT-1","CD4+ T cells","CD4+ T cells",0.296057335507672
"TGAGGGAAGGTCATCT-1","T cells","T cells",0.345872878030019
"TGAGGGAAGTGTTAGA-1","Monocytes","Monocytes",0.369268023783453
"TGAGGGAAGTTTGCGT-1","Monocytes","Monocytes",0.461475598615301
"TGAGGGACAACGCACC-1","Monocytes","Monocytes",0.498782107748442
"TGAGGGACACCAACCG-1","Monocytes","Monocytes",0.421709374115759
"TGAGGGACACCGCTAG-1","CD4+ T cells","CD4+ T cells",0.358052338896233
"TGAGGGACATCCAACA-1","Monocytes","Monocytes",0.466949263068627
"TGAGGGACATGCTAGT-1","CD8+ T cells","CD8+ T cells",0.336619136103144
"TGAGGGAGTCTGCCAG-1","CD4+ T cells","CD4+ T cells",0.298717809081949
"TGAGGGAGTGATGTGG-1","CD4+ T cells","CD4+ T cells",0.272090415316169
"TGAGGGAGTTCACGGC-1","T cells","T cells",0.311644705609932
"TGAGGGAGTTCAGACT-1","CD4+ T cells","CD4+ T cells",0.328922260597257
"TGAGGGATCTACGAGT-1","CD4+ T cells","CD4+ T cells",0.328635009956517
"TGAGGGATCTGACCTC-1","CD8+ T cells","CD8+ T cells",0.390738787670805
"TGATTTCAGAAACCGC-1","Monocytes","Monocytes",0.45068323502464
"TGATTTCAGCAATATG-1","Monocytes","Monocytes",0.501057158894693
"TGATTTCAGCACAGGT-1","B cells","B cells",0.341445948988446
"TGATTTCAGGACACCA-1","Monocytes","Monocytes",0.329048793390083
"TGATTTCAGTGATCGG-1","Monocytes","Monocytes",0.39738142211963
"TGATTTCCAAGGTGTG-1","Monocytes","Monocytes",0.362615584859062
"TGATTTCCAATCTACG-1","Monocytes","Monocytes",0.46594970145916
"TGATTTCCACAACTGT-1","Monocytes","Monocytes",0.383291049836791
"TGATTTCCACCTCGTT-1","Monocytes","Monocytes",0.428754825096738
"TGATTTCCATACGCTA-1","CD4+ T cells","CD4+ T cells",0.294742661279971
"TGATTTCCATCGGTTA-1","CD8+ T cells","CD8+ T cells",0.329883631903362
"TGATTTCGTCCGACGT-1","B cells","B cells",0.30134695676103
"TGATTTCGTGAAGGCT-1","Monocytes","Monocytes",0.421491220916688
"TGATTTCGTGCGCTTG-1","T cells","T cells",0.332209470811577
"TGATTTCGTGGTCTCG-1","Monocytes","Monocytes",0.344346588456629
"TGATTTCGTGTTAAGA-1","CD8+ T cells","CD8+ T cells",0.332483310768315
"TGATTTCTCACTCCTG-1","Monocytes","Monocytes",0.52077008686192
"TGATTTCTCTGATTCT-1","T cells","T cells",0.365866632549267
"TGATTTCTCTTGTATC-1","B cells","B cells",0.315409603109596
"TGCACCTAGACTGGGT-1","B cells","B cells",0.32198919037114
"TGCACCTAGATACACA-1","CD8+ T cells","CD8+ T cells",0.246049298904354
"TGCACCTAGATCCCAT-1","T cells","T cells",0.383800139201553
"TGCACCTAGATCTGAA-1","CD4+ T cells","CD4+ T cells",0.293510300540567
"TGCACCTAGCTCCCAG-1","T cells","T cells",0.410091635469653
"TGCACCTAGCTTCGCG-1","CD4+ T cells","CD4+ T cells",0.366237489884237
"TGCACCTAGGCTATCT-1","CD4+ T cells","CD4+ T cells",0.34491102220801
"TGCACCTAGGTCGGAT-1","NK cells","NK cells",0.401654960563081
"TGCACCTAGGTGTGGT-1","B cells","B cells",0.338829975480326
"TGCACCTAGTACGCGA-1","Monocytes","Monocytes",0.392887377718898
"TGCACCTAGTGGGATC-1","B cells","B cells",0.309316606034036
"TGCACCTAGTTATCGC-1","Monocytes","Monocytes",0.332248748140491
"TGCACCTCAATCGGTT-1","Monocytes","Monocytes",0.494468426717341
"TGCACCTCATCATCCC-1","Monocytes","Monocytes",0.499992863394249
"TGCACCTGTATCAGTC-1","Monocytes","Monocytes",0.452747819205912
"TGCACCTGTGCACCAC-1","Monocytes","Monocytes",0.409750635752696
"TGCACCTTCAGCTGGC-1","CD4+ T cells","CD4+ T cells",0.379533110906611
"TGCACCTTCCACGTGG-1","T cells","T cells",0.370228591731976
"TGCACCTTCGGAATCT-1","CD4+ T cells","CD4+ T cells",0.334008432738695
"TGCACCTTCGTACCGG-1","Monocytes","Monocytes",0.353702540657238
"TGCACCTTCTGGTGTA-1","T cells","T cells",0.301979514028578
"TGCCAAAAGGAGTTTA-1","CD4+ T cells","CD4+ T cells",0.303208080353207
"TGCCAAAAGGCATTGG-1","Monocytes","Monocytes",0.425312567314083
"TGCCAAAAGTCCCACG-1","Monocytes","Monocytes",0.451501950719584
"TGCCAAACAAGCCGTC-1","Monocytes","Monocytes",0.512264151718716
"TGCCAAACACGCGAAA-1","CD8+ T cells","CD8+ T cells",0.320834399498554
"TGCCAAACAGCGTAAG-1","T cells","T cells",0.253930962597918
"TGCCAAACAGGACGTA-1","CD4+ T cells","CD4+ T cells",0.314437384774904
"TGCCAAACAGTTTACG-1","Monocytes","Monocytes",0.354012856924369
"TGCCAAACATACTACG-1","Monocytes","Monocytes",0.39415084481509
"TGCCAAAGTACACCGC-1","Monocytes","Monocytes",0.426482151505006
"TGCCAAAGTACGCACC-1","B cells","B cells",0.319326436747218
"TGCCAAAGTCAGCTAT-1","B cells","B cells",0.348435446464968
"TGCCAAAGTCGAACAG-1","CD4+ T cells","CD4+ T cells",0.320025792634372
"TGCCAAAGTCTTGTCC-1","B cells","B cells",0.341836613087568
"TGCCAAAGTGCAGACA-1","CD4+ T cells","CD4+ T cells",0.304949593214661
"TGCCAAAGTGTCAATC-1","CD4+ T cells","CD4+ T cells",0.294311592520971
"TGCCAAAGTGTGCCTG-1","CD8+ T cells","CD8+ T cells",0.293646210149854
"TGCCAAATCATCGGAT-1","T cells","T cells",0.360406504299478
"TGCCAAATCCAACCAA-1","Monocytes","Monocytes",0.519328034500796
"TGCCAAATCCAGTAGT-1","Monocytes","Monocytes",0.488976739247076
"TGCCAAATCGAATGCT-1","CD4+ T cells","CD4+ T cells",0.341099800904862
"TGCCAAATCTTGCATT-1","CD4+ T cells","CD4+ T cells",0.343398180881621
"TGCCCATAGCGTGTCC-1","Monocytes","Monocytes",0.431679421295656
"TGCCCATAGGGAAACA-1","Monocytes","Monocytes",0.47462190521495
"TGCCCATAGGGATACC-1","B cells",NA,0.323484955353371
"TGCCCATAGTTGAGTA-1","Monocytes","Monocytes",0.41122345459105
"TGCCCATCAAGGTTTC-1","CD4+ T cells","CD4+ T cells",0.300463564428778
"TGCCCATCACGCATCG-1","Monocytes","Monocytes",0.461349900982182
"TGCCCATCAGGGATTG-1","T cells","T cells",0.348722224985252
"TGCCCATCATCTCGCT-1","T cells","T cells",0.37976302212994
"TGCCCATCATGGAATA-1","T cells","T cells",0.354178161081167
"TGCCCATGTATATGAG-1","Monocytes","Monocytes",0.493586634071444
"TGCCCATGTCAATGTC-1","CD4+ T cells","CD4+ T cells",0.374363470349059
"TGCCCATGTCCATCCT-1","Monocytes","Monocytes",0.4459788558776
"TGCCCATGTCTCATCC-1","B cells","B cells",0.398253445824538
"TGCCCATGTGTTTGTG-1","CD8+ T cells","CD8+ T cells",0.304545720774449
"TGCCCATTCAACCATG-1","T cells","T cells",0.389768268590158
"TGCCCATTCAAGGTAA-1","Monocytes","Monocytes",0.39275699443231
"TGCCCATTCACTCTTA-1","Monocytes","Monocytes",0.395487556417071
"TGCCCATTCATCGATG-1","B cells","B cells",0.407333936228049
"TGCCCATTCCGAGCCA-1","Monocytes","Monocytes",0.422114350061187
"TGCCCATTCGCCAGCA-1","CD4+ T cells","CD4+ T cells",0.34490854226617
"TGCCCATTCTCCCTGA-1","T cells","T cells",0.369749801245026
"TGCCCTAAGAATGTTG-1","T cells","T cells",0.378885037321115
"TGCCCTAAGACACGAC-1","T cells","T cells",0.296148963555578
"TGCCCTAAGACTGGGT-1","T cells","T cells",0.364829338764121
"TGCCCTAAGAGGTTGC-1","Monocytes","Monocytes",0.499927072254834
"TGCCCTAAGATGTAAC-1","Monocytes","Monocytes",0.46777140824562
"TGCCCTAAGTACATGA-1","T cells","T cells",0.284371691967219
"TGCCCTAAGTTAGCGG-1","CD8+ T cells","CD8+ T cells",0.289200411218003
"TGCCCTAAGTTATCGC-1","T cells","T cells",0.325402428540551
"TGCCCTACAAAGGCGT-1","Monocytes","Monocytes",0.399137329260354
"TGCCCTACAAATCCGT-1","B cells","B cells",0.361803141533204
"TGCCCTACAATAGCGG-1","Monocytes","Monocytes",0.429100865720329
"TGCCCTACACCATGTA-1","Monocytes","Monocytes",0.432812517118056
"TGCCCTACAGACGCCT-1","Monocytes","Monocytes",0.441360162344211
"TGCCCTACATAAAGGT-1","Monocytes","Monocytes",0.307762573939179
"TGCCCTAGTATAAACG-1","Monocytes","Monocytes",0.460096864791541
"TGCCCTAGTATTCGTG-1","T cells","T cells",0.339455423404594
"TGCCCTAGTGCACTTA-1","T cells","T cells",0.362699999687606
"TGCCCTAGTTATGTGC-1","Dendritic cells","Dendritic cells",0.58079230429616
"TGCCCTATCACATGCA-1","CD8+ T cells","CD8+ T cells",0.297332814453219
"TGCCCTATCCAAGCCG-1","CD4+ T cells","CD4+ T cells",0.361423398760889
"TGCCCTATCGCAAACT-1","NK cells","NK cells",0.407606697441489
"TGCCCTATCGTCCAGG-1","B cells","B cells",0.291857188391716
"TGCCCTATCTTCAACT-1","T cells","T cells",0.35167421707082
"TGCGCAGAGAATTGTG-1","CD8+ T cells","CD8+ T cells",0.287440033668148
"TGCGCAGAGCGCCTTG-1","Monocytes","Monocytes",0.508275033829434
"TGCGCAGAGGGTGTTG-1","B cells","B cells",0.481387315308486
"TGCGCAGAGGTGCAAC-1","T cells","T cells",0.34319703763086
"TGCGCAGAGGTGCTAG-1","Monocytes","Monocytes",0.396364070454348
"TGCGCAGAGGTGGGTT-1","CD4+ T cells","CD4+ T cells",0.29234364978983
"TGCGCAGCAATAAGCA-1","T cells","T cells",0.367970349761563
"TGCGCAGCACGTTGGC-1","Monocytes","Monocytes",0.501343470413065
"TGCGCAGCAGATGGGT-1","B cells","B cells",0.340663982637146
"TGCGCAGCATCCTTGC-1","Dendritic cells","Dendritic cells",0.519388874646592
"TGCGCAGCATCGACGC-1","CD8+ T cells","CD8+ T cells",0.332020553109971
"TGCGCAGCATTTGCCC-1","CD8+ T cells","CD8+ T cells",0.34861709527597
"TGCGCAGGTAGCGATG-1","Monocytes","Monocytes",0.419623717663717
"TGCGCAGGTGCCTTGG-1","CD8+ T cells","CD8+ T cells",0.335675804445807
"TGCGCAGGTTCGGGCT-1","CD4+ T cells","CD4+ T cells",0.323543960282221
"TGCGCAGGTTTGTTGG-1","Monocytes","Monocytes",0.357896440451613
"TGCGCAGTCCAGGGCT-1","Monocytes","Monocytes",0.337494237424355
"TGCGCAGTCCGCGCAA-1","Monocytes","Monocytes",0.417485126747096
"TGCGCAGTCGGCTTGG-1","CD4+ T cells","CD4+ T cells",0.27066439345492
"TGCGGGTAGACAGAGA-1","Dendritic cells","Dendritic cells",0.536444602486783
"TGCGGGTAGACTTGAA-1","NK cells","NK cells",0.368315609959066
"TGCGGGTAGCCAACAG-1","T cells","T cells",0.351297703476183
"TGCGGGTAGGGCACTA-1","CD4+ T cells","CD4+ T cells",0.357642798465089
"TGCGGGTAGTTGTCGT-1","T cells","T cells",0.377390142655664
"TGCGGGTCAAAGGAAG-1","Monocytes","Monocytes",0.398497849533764
"TGCGGGTCACCATCCT-1","CD4+ T cells","CD4+ T cells",0.324116220660197
"TGCGGGTCACGGATAG-1","B cells",NA,0.333836539306028
"TGCGGGTCAGCAGTTT-1","Monocytes","Monocytes",0.384061528852538
"TGCGGGTCAGGGAGAG-1","Monocytes","Monocytes",0.391050604249446
"TGCGGGTCATATGAGA-1","B cells","B cells",0.35937123720689
"TGCGGGTCATCGATGT-1","CD4+ T cells","CD4+ T cells",0.312375744601734
"TGCGGGTGTACCAGTT-1","Dendritic cells","Dendritic cells",0.546298854305041
"TGCGGGTGTTAAGGGC-1","B cells","B cells",0.2971228705792
"TGCGGGTGTTAAGTAG-1","NK cells","NK cells",0.412789626828379
"TGCGGGTGTTAGGGTG-1","Monocytes","Monocytes",0.434058342413329
"TGCGGGTGTTTGTTTC-1","Monocytes","Monocytes",0.449938355483007
"TGCGGGTTCACCAGGC-1","T cells","T cells",0.327063296466172
"TGCGGGTTCCTCATTA-1","Monocytes","Monocytes",0.518919161583081
"TGCGGGTTCTTATCTG-1","CD4+ T cells","CD4+ T cells",0.295019305439758
"TGCGTGGAGTAGATGT-1","Monocytes","Monocytes",0.386712402372058
"TGCGTGGAGTTAACGA-1","B cells","B cells",0.337496784923607
"TGCGTGGCAGTGGAGT-1","CD4+ T cells","CD4+ T cells",0.31079701660574
"TGCGTGGCATTTGCTT-1","CD4+ T cells","CD4+ T cells",0.34579231691685
"TGCGTGGGTAGGAGTC-1","CD8+ T cells","CD8+ T cells",0.3102552245118
"TGCGTGGGTGACCAAG-1","Monocytes","Monocytes",0.508896661311655
"TGCGTGGTCAACTCTT-1","CD4+ T cells","CD4+ T cells",0.339839316930811
"TGCGTGGTCCGTACAA-1","NK cells","NK cells",0.390762621381588
"TGCGTGGTCGCGCCAA-1","CD4+ T cells","CD4+ T cells",0.317272362724693
"TGCTACCAGATGGCGT-1","CD8+ T cells","CD8+ T cells",0.32688655797551
"TGCTACCAGCACCGTC-1","Monocytes","Monocytes",0.441545228597369
"TGCTACCAGCTACCTA-1","T cells","T cells",0.35807969131496
"TGCTACCAGGGTTTCT-1","Monocytes","Monocytes",0.401827369572727
"TGCTACCCAAGGCTCC-1","CD4+ T cells","CD4+ T cells",0.351244097043766
"TGCTACCCAATCTGCA-1","CD8+ T cells","CD8+ T cells",0.31277315582835
"TGCTACCCACAAGTAA-1","B cells","B cells",0.337964866276496
"TGCTACCCAGCCTTGG-1","T cells","T cells",0.296670590617501
"TGCTACCCAGCTCGAC-1","T cells","T cells",0.355234592818677
"TGCTACCCAGTGAGTG-1","B cells","B cells",0.336683808592689
"TGCTACCCATTAGGCT-1","CD4+ T cells","CD4+ T cells",0.299095900246112
"TGCTACCGTCATCGGC-1","Monocytes","Monocytes",0.466419847533786
"TGCTACCGTCCGACGT-1","Monocytes","Monocytes",0.409564667104458
"TGCTACCGTCTAGTGT-1","B cells","B cells",0.347553687868368
"TGCTACCGTCTGATCA-1","CD8+ T cells","CD8+ T cells",0.384154965105733
"TGCTACCGTGCAGGTA-1","T cells","T cells",0.376976469016193
"TGCTACCGTGTTCGAT-1","T cells","T cells",0.365065012203937
"TGCTACCTCCACGAAT-1","Monocytes","Monocytes",0.415075319763055
"TGCTACCTCCTAGAAC-1","Dendritic cells","Dendritic cells",0.603386737374672
"TGCTACCTCGGGAGTA-1","B cells","B cells",0.338816754155559
"TGCTACCTCTGTACGA-1","CD8+ T cells","CD8+ T cells",0.304562383903487
"TGCTGCTAGATGCCTT-1","T cells","T cells",0.345796512255756
"TGCTGCTAGCCCAGCT-1","B cells","B cells",0.343832189109697
"TGCTGCTAGGATATAC-1","B cells","B cells",0.292568742523159
"TGCTGCTAGTCATGCT-1","Dendritic cells","Dendritic cells",0.549107136162167
"TGCTGCTCAAGTCATC-1","Monocytes","Monocytes",0.404276670093203
"TGCTGCTCAAGTTGTC-1","CD4+ T cells","CD4+ T cells",0.306670027333467
"TGCTGCTCACCGAAAG-1","T cells","T cells",0.21646416519697
"TGCTGCTCACGAAAGC-1","CD4+ T cells","CD4+ T cells",0.32146984122189
"TGCTGCTCACTGAAGG-1","T cells","T cells",0.320746338978773
"TGCTGCTCAGAGCCAA-1","Monocytes","Monocytes",0.45500462808655
"TGCTGCTCAGCGAACA-1","T cells","T cells",0.359799729683418
"TGCTGCTCATCTGGTA-1","CD4+ T cells","CD4+ T cells",0.317646510408911
"TGCTGCTCATGACATC-1","CD4+ T cells","CD4+ T cells",0.38301170356349
"TGCTGCTGTAGCAAAT-1","B cells","B cells",0.324005812519722
"TGCTGCTGTAGCGTCC-1","Dendritic cells","Dendritic cells",0.473561910695583
"TGCTGCTGTCAAACTC-1","NK cells","NK cells",0.390935483047359
"TGCTGCTGTCAGAGGT-1","B cells","B cells",0.381893409892654
"TGCTGCTGTCAGATAA-1","CD8+ T cells","CD8+ T cells",0.324689351770951
"TGCTGCTGTCAGCTAT-1","Monocytes","Monocytes",0.406231274477318
"TGCTGCTGTTACAGAA-1","B cells","B cells",0.325877643752621
"TGCTGCTGTTGGAGGT-1","CD4+ T cells","CD4+ T cells",0.320950490196521
"TGCTGCTGTTGGTAAA-1","T cells","T cells",0.362254946667047
"TGCTGCTTCACAGTAC-1","Monocytes","Monocytes",0.38838443100394
"TGCTGCTTCGGCATCG-1","CD4+ T cells","CD4+ T cells",0.32826127242366
"TGCTGCTTCGGCCGAT-1","T cells","T cells",0.379710963331102
"TGGACGCAGCTGCAAG-1","Monocytes","Monocytes",0.493545674437713
"TGGACGCAGGTGATTA-1","CD4+ T cells","CD4+ T cells",0.332091889148809
"TGGACGCCATCGGAAG-1","Monocytes","Monocytes",0.355267481936854
"TGGACGCGTCGCATCG-1","CD4+ T cells","CD4+ T cells",0.306892150629873
"TGGACGCGTGAAAGAG-1","CD4+ T cells","CD4+ T cells",0.38783692785824
"TGGACGCGTGTCCTCT-1","T cells","T cells",0.378694417452444
"TGGACGCTCCAAAGTC-1","CD4+ T cells","CD4+ T cells",0.324972884500286
"TGGACGCTCGCATGAT-1","T cells","T cells",0.326398764140318
"TGGACGCTCGCATGGC-1","T cells","T cells",0.321741635042343
"TGGCCAGAGAGCTGGT-1","T cells","T cells",0.374448927878412
"TGGCCAGAGATATGGT-1","CD4+ T cells","CD4+ T cells",0.33995007329646
"TGGCCAGAGCTACCTA-1","Monocytes","Monocytes",0.415387333556948
"TGGCCAGAGGCAATTA-1","CD4+ T cells","CD4+ T cells",0.297948340551496
"TGGCCAGAGGTAGCCA-1","CD4+ T cells","CD4+ T cells",0.325409645951453
"TGGCCAGAGTCATCCA-1","T cells","T cells",0.391962781615475
"TGGCCAGCAATGAATG-1","Monocytes","Monocytes",0.468915118626895
"TGGCCAGCATTACGAC-1","Dendritic cells","Dendritic cells",0.486519446649022
"TGGCCAGGTAGCTGCC-1","CD4+ T cells","CD4+ T cells",0.380067567163917
"TGGCCAGGTATATGAG-1","CD4+ T cells","CD4+ T cells",0.350303623228236
"TGGCCAGGTCCCTACT-1","CD4+ T cells","CD4+ T cells",0.320012761236054
"TGGCCAGGTCGAGTTT-1","Monocytes","Monocytes",0.481357425283119
"TGGCCAGTCCAAACAC-1","CD8+ T cells","CD8+ T cells",0.30761459416604
"TGGCCAGTCCGTTGTC-1","CD4+ T cells","CD4+ T cells",0.291439944103495
"TGGCCAGTCGGACAAG-1","T cells","T cells",0.315749424567232
"TGGCCAGTCGGCTTGG-1","Monocytes","Monocytes",0.344622025566339
"TGGCGCAAGAAGGTGA-1","CD4+ T cells","CD4+ T cells",0.353315275099939
"TGGCGCAAGCTAGCCC-1","Monocytes","Monocytes",0.389082189069042
"TGGCGCAAGGGATCTG-1","Monocytes","Monocytes",0.423472249977048
"TGGCGCAAGTACCGGA-1","B cells",NA,0.344518345978611
"TGGCGCACACCCTATC-1","T cells","T cells",0.419110589095059
"TGGCGCACAGCTGCAC-1","Monocytes","Monocytes",0.434398612445049
"TGGCGCAGTATTACCG-1","T cells","T cells",0.370126630753649
"TGGCGCAGTCAAACTC-1","CD4+ T cells","CD4+ T cells",0.327054128805838
"TGGCGCAGTCACCCAG-1","CD4+ T cells","CD4+ T cells",0.327985048148482
"TGGCGCAGTGCGCTTG-1","B cells","B cells",0.315316726800752
"TGGCGCAGTGTAAGTA-1","B cells","B cells",0.337775448804913
"TGGCGCAGTGTCCTCT-1","T cells","T cells",0.314941356258124
"TGGCGCAGTTACGGAG-1","CD8+ T cells","CD8+ T cells",0.331843858231745
"TGGCGCAGTTTAGGAA-1","CD4+ T cells","CD4+ T cells",0.29688381307471
"TGGCGCATCAAGAAGT-1","CD4+ T cells","CD4+ T cells",0.236853825939475
"TGGCGCATCACCAGGC-1","B cells","B cells",0.332377583567091
"TGGCGCATCAGTTTGG-1","T cells","T cells",0.35861088351335
"TGGCGCATCGTCGTTC-1","T cells","T cells",0.334740528750576
"TGGCTGGAGAGGACGG-1","B cells","B cells",0.324699339003715
"TGGCTGGAGCTAAACA-1","T cells","T cells",0.355865431036626
"TGGCTGGAGCTGTCTA-1","CD4+ T cells","CD4+ T cells",0.31484721202393
"TGGCTGGAGTCATGCT-1","Monocytes","Monocytes",0.334875419942111
"TGGCTGGAGTTAGCGG-1","CD4+ T cells","CD4+ T cells",0.269047439903168
"TGGCTGGCAAAGGCGT-1","T cells","T cells",0.323282311378655
"TGGCTGGCACAACTGT-1","CD4+ T cells","CD4+ T cells",0.313627450219757
"TGGCTGGCACGAGGTA-1","CD4+ T cells","CD4+ T cells",0.309930058951421
"TGGCTGGCACTTCGAA-1","CD8+ T cells","CD8+ T cells",0.306842629602349
"TGGCTGGCAGCTCCGA-1","CD8+ T cells","CD8+ T cells",0.323103030493676
"TGGCTGGCAGTCCTTC-1","B cells","B cells",0.365740137241454
"TGGCTGGCATGAAGTA-1","CD8+ T cells","CD8+ T cells",0.323121028493456
"TGGCTGGGTCGTTGTA-1","CD4+ T cells","CD4+ T cells",0.302005463049115
"TGGCTGGGTCTAGTCA-1","B cells","B cells",0.358094834571076
"TGGCTGGGTTGTCTTT-1","NK cells","NK cells",0.351626326924303
"TGGCTGGTCAGTCAGT-1","T cells","T cells",0.31212354707325
"TGGCTGGTCCATGAGT-1","CD4+ T cells","CD4+ T cells",0.299189180369461
"TGGCTGGTCCTAGAAC-1","T cells","T cells",0.329760161272176
"TGGCTGGTCGCTAGCG-1","CD8+ T cells","CD8+ T cells",0.36774552897973
"TGGCTGGTCGGTGTTA-1","B cells","B cells",0.323079710758348
"TGGCTGGTCGGTTCGG-1","CD8+ T cells","CD8+ T cells",0.343551151727492
"TGGCTGGTCGTCCAGG-1","T cells","T cells",0.337552529868604
"TGGGAAGAGATCACGG-1","B cells","B cells",0.311087022230676
"TGGGAAGAGTGTACCT-1","T cells","T cells",0.428599021289716
"TGGGAAGCAGATCGGA-1","B cells","B cells",0.367743475725834
"TGGGAAGCATGTTGAC-1","B cells","B cells",0.317369108196315
"TGGGAAGGTATCTGCA-1","B cells","B cells",0.333545549806582
"TGGGAAGGTCGAACAG-1","Monocytes","Monocytes",0.500494399009395
"TGGGAAGGTCTAAACC-1","Monocytes","Monocytes",0.404373735643622
"TGGGAAGGTTCCCGAG-1","Monocytes","Monocytes",0.460216907884504
"TGGGAAGGTTTGGGCC-1","Dendritic cells","Dendritic cells",0.479967010103807
"TGGGAAGTCAAACAAG-1","CD8+ T cells","CD8+ T cells",0.343789925345554
"TGGGAAGTCACCGGGT-1","CD4+ T cells","CD4+ T cells",0.314004658010482
"TGGGAAGTCAGTCAGT-1","B cells","B cells",0.377895406726672
"TGGGAAGTCATCGGAT-1","Monocytes","Monocytes",0.383906734936854
"TGGGAAGTCCCTAATT-1","Monocytes","Monocytes",0.391611738552596
"TGGGAAGTCCTTTCTC-1","T cells","T cells",0.283370465496299
"TGGGAAGTCTGATACG-1","Monocytes","Monocytes",0.409446040708596
"TGGGCGTAGACAGACC-1","T cells","T cells",0.347359989281948
"TGGGCGTAGAGTTGGC-1","T cells","T cells",0.359314233646005
"TGGGCGTAGATCTGAA-1","T cells","T cells",0.34786043373627
"TGGGCGTAGCGATGAC-1","Monocytes","Monocytes",0.347611869790311
"TGGGCGTAGGAGTACC-1","Monocytes","Monocytes",0.324767758202098
"TGGGCGTAGGGCACTA-1","T cells","T cells",0.361601218829012
"TGGGCGTAGTTGTCGT-1","T cells","T cells",0.369480659016538
"TGGGCGTCAAGTCTGT-1","T cells","T cells",0.367232462025681
"TGGGCGTCACTTCTGC-1","T cells","T cells",0.382445249542772
"TGGGCGTCAGCTGTTA-1","NK cells","NK cells",0.350003471893205
"TGGGCGTCATGGTTGT-1","CD4+ T cells","CD4+ T cells",0.272096978774509
"TGGGCGTGTAGAGTGC-1","CD8+ T cells","CD8+ T cells",0.320902678425674
"TGGGCGTGTCCAAGTT-1","CD8+ T cells","CD8+ T cells",0.34354319937604
"TGGGCGTGTCTTCGTC-1","NK cells","NK cells",0.364539589749193
"TGGGCGTGTTATTCTC-1","Monocytes","Monocytes",0.429034248864012
"TGGGCGTGTTCAACCA-1","Monocytes","Monocytes",0.389395263149446
"TGGGCGTTCAGCACAT-1","Monocytes","Monocytes",0.324870887302012
"TGGGCGTTCCGTCATC-1","Monocytes","Monocytes",0.493866198511572
"TGGGCGTTCCTAGTGA-1","T cells","T cells",0.372480368896024
"TGGTTAGAGATGTGGC-1","CD4+ T cells","CD4+ T cells",0.367035391332214
"TGGTTAGAGGGTGTTG-1","B cells","B cells",0.302114002285789
"TGGTTAGCACCAGCAC-1","Monocytes","Monocytes",0.430722921151052
"TGGTTAGCACGGTAGA-1","T cells","T cells",0.448821722912246
"TGGTTAGCACTAAGTC-1","CD8+ T cells","CD8+ T cells",0.250480317941947
"TGGTTAGCACTGCCAG-1","Monocytes","Monocytes",0.436012814947044
"TGGTTAGCATCACGAT-1","Monocytes","Monocytes",0.430022050412278
"TGGTTAGGTAAACCTC-1","Monocytes","Monocytes",0.461796720608909
"TGGTTAGGTAACGACG-1","CD8+ T cells","CD8+ T cells",0.276454426733253
"TGGTTAGGTAGCGTCC-1","Monocytes","Monocytes",0.392591473613062
"TGGTTAGGTGAGGCTA-1","CD4+ T cells","CD4+ T cells",0.371197513984724
"TGGTTAGGTGGAAAGA-1","T cells","T cells",0.317797841425639
"TGGTTAGGTTTCCACC-1","T cells","T cells",0.333375176633341
"TGGTTAGTCAAAGACA-1","CD8+ T cells","CD8+ T cells",0.341715597899949
"TGGTTAGTCCTCCTAG-1","CD8+ T cells","CD8+ T cells",0.310504722993539
"TGGTTAGTCTCGCATC-1","CD4+ T cells","CD4+ T cells",0.309007237888591
"TGGTTCCAGAGTGAGA-1","T cells","T cells",0.337369086843819
"TGGTTCCAGATGTCGG-1","Monocytes","Monocytes",0.430999250585563
"TGGTTCCAGCACGCCT-1","CD8+ T cells","CD8+ T cells",0.322023184168107
"TGGTTCCAGTAGCCGA-1","Monocytes","Monocytes",0.426791499282778
"TGGTTCCAGTCGAGTG-1","CD8+ T cells","CD8+ T cells",0.30358252693911
"TGGTTCCCAGTTCATG-1","T cells","T cells",0.341024177612747
"TGGTTCCGTCGAACAG-1","T cells","T cells",0.374609855041605
"TGGTTCCGTGCCTGCA-1","Monocytes","Monocytes",0.408054486814189
"TGGTTCCTCAGAAATG-1","B cells","B cells",0.358018684390006
"TGGTTCCTCCAAAGTC-1","CD4+ T cells","CD4+ T cells",0.324404734001688
"TGGTTCCTCCCTCAGT-1","B cells","B cells",0.318523593582342
"TGGTTCCTCCGCAAGC-1","CD4+ T cells","CD4+ T cells",0.319302152413273
"TGTATTCAGAATGTGT-1","Dendritic cells","Dendritic cells",0.568921335756543
"TGTATTCAGCCATCGC-1","Monocytes","Monocytes",0.338662468447763
"TGTATTCAGTCCTCCT-1","Monocytes","Monocytes",0.45822133230565
"TGTATTCCAATGAATG-1","T cells","T cells",0.313055873164327
"TGTATTCCACTCTGTC-1","CD8+ T cells","CD8+ T cells",0.326131609531743
"TGTATTCCATCCCATC-1","CD8+ T cells","CD8+ T cells",0.312903331592718
"TGTATTCGTAAACCTC-1","B cells","B cells",0.323447854786234
"TGTATTCGTAGCCTAT-1","CD4+ T cells","CD4+ T cells",0.351053690705874
"TGTATTCGTCATTAGC-1","Monocytes","Monocytes",0.33163638227397
"TGTATTCGTCGGCACT-1","CD4+ T cells","CD4+ T cells",0.314455476038131
"TGTATTCGTGCAACTT-1","B cells","B cells",0.337723909498393
"TGTATTCTCCTATGTT-1","CD8+ T cells","CD8+ T cells",0.315973684320155
"TGTATTCTCGAACTGT-1","CD4+ T cells","CD4+ T cells",0.335090732883067
"TGTATTCTCGTCACGG-1","CD4+ T cells","CD4+ T cells",0.331144946840981
"TGTATTCTCTATCCTA-1","T cells","T cells",0.353917437513663
"TGTATTCTCTTGCCGT-1","Monocytes","Monocytes",0.46070999917824
"TGTCCCAAGGTAAACT-1","T cells","T cells",0.381420850916863
"TGTCCCAAGTAGCGGT-1","Monocytes","Monocytes",0.417556229638225
"TGTCCCACAACTGCTA-1","Monocytes","Monocytes",0.372387674861274
"TGTCCCACAAGGTGTG-1","T cells","T cells",0.337071071667396
"TGTCCCAGTAAGTGGC-1","CD4+ T cells","CD4+ T cells",0.356174500299146
"TGTCCCAGTAAGTGTA-1","Monocytes","Monocytes",0.520871109904852
"TGTCCCAGTGCACCAC-1","B cells","B cells",0.327009047053961
"TGTCCCAGTGTGACCC-1","CD8+ T cells","CD8+ T cells",0.336667313889988
"TGTCCCATCAGTGTTG-1","T cells","T cells",0.336389383748733
"TGTCCCATCGCCAGCA-1","CD4+ T cells","CD4+ T cells",0.34311815797074
"TGTCCCATCTTAGCCC-1","B cells","B cells",0.323764897879548
"TGTCCCATCTTTACGT-1","CD4+ T cells","CD4+ T cells",0.371119395973463
"TGTGGTAAGAAACCTA-1","CD4+ T cells","CD4+ T cells",0.313215202322377
"TGTGGTAAGATGCGAC-1","T cells","T cells",0.292474128398804
"TGTGGTAAGCGCTCCA-1","B cells","B cells",0.291798827172205
"TGTGGTAAGTCCATAC-1","Monocytes","Monocytes",0.448160358976052
"TGTGGTACAAGTTCTG-1","B cells","B cells",0.306472066219236
"TGTGGTACACCACCAG-1","Monocytes","Monocytes",0.412863040600673
"TGTGGTACACCTCGGA-1","T cells","T cells",0.397948748865166
"TGTGGTAGTTACCGAT-1","T cells","T cells",0.3293416611062
"TGTGGTAGTTGGTTTG-1","B cells","B cells",0.334738196012874
"TGTGGTAGTTGTCGCG-1","CD8+ T cells","CD8+ T cells",0.322724707422424
"TGTGGTATCACCCTCA-1","CD4+ T cells","CD4+ T cells",0.303031066074882
"TGTGGTATCAGCACAT-1","CD4+ T cells","CD4+ T cells",0.30299510492059
"TGTGGTATCTGATTCT-1","T cells","T cells",0.456397106259305
"TGTGGTATCTGTGCAA-1","CD4+ T cells","CD4+ T cells",0.264366886345612
"TGTGTTTAGGCATTGG-1","Monocytes","Monocytes",0.364779134443782
"TGTGTTTAGGCCCTCA-1","T cells","T cells",0.30728854691262
"TGTGTTTCACTCGACG-1","CD4+ T cells","CD4+ T cells",0.358403989129625
"TGTGTTTCAGGATCGA-1","Monocytes","Monocytes",0.411418108221901
"TGTGTTTCATATACGC-1","Monocytes","Monocytes",0.524550791549864
"TGTGTTTCATGGTAGG-1","B cells","B cells",0.3129297643532
"TGTGTTTGTATGAAAC-1","T cells","T cells",0.284526897232897
"TGTGTTTGTGGTTTCA-1","T cells","T cells",0.375460296988309
"TGTGTTTGTGTTCGAT-1","CD4+ T cells","CD4+ T cells",0.321210065802058
"TGTGTTTTCCCTTGTG-1","Dendritic cells",NA,0.370831482740084
"TGTGTTTTCTACTCAT-1","Monocytes","Monocytes",0.414917379940667
"TGTGTTTTCTGTGCAA-1","T cells","T cells",0.347380705025983
"TGTGTTTTCTTGTTTG-1","Dendritic cells",NA,0.28237027421798
"TGTTCCGAGCTAGCCC-1","T cells","T cells",0.349532971618138
"TGTTCCGAGTATCTCG-1","T cells","T cells",0.341039927310319
"TGTTCCGCAATCTACG-1","T cells","T cells",0.33033666630681
"TGTTCCGCACCCATTC-1","Monocytes","Monocytes",0.446500298073501
"TGTTCCGCACGTCAGC-1","B cells","B cells",0.307778685818795
"TGTTCCGCAGCCTTGG-1","T cells","T cells",0.370756394864433
"TGTTCCGCAGCGAACA-1","T cells","T cells",0.303557189113216
"TGTTCCGCAGCGTTCG-1","T cells","T cells",0.383088541808753
"TGTTCCGGTAAACACA-1","T cells","T cells",0.313076347099022
"TGTTCCGGTTTGGCGC-1","B cells","B cells",0.312810858938624
"TGTTCCGTCACAATGC-1","CD4+ T cells","CD4+ T cells",0.306323471788357
"TGTTCCGTCGAATGGG-1","Monocytes","Monocytes",0.37222456148663
"TGTTCCGTCTTTACAC-1","CD8+ T cells","CD8+ T cells",0.344226479222523
"TTAACTCAGAATTGTG-1","CD8+ T cells","CD8+ T cells",0.390838653294786
"TTAACTCAGCTACCGC-1","CD4+ T cells","CD4+ T cells",0.337647411890668
"TTAACTCAGCTTCGCG-1","B cells","B cells",0.342824689758923
"TTAACTCAGTCAATAG-1","Monocytes","Monocytes",0.468932118152348
"TTAACTCAGTGTACCT-1","Monocytes","Monocytes",0.365743533503646
"TTAACTCAGTTGTAGA-1","T cells","T cells",0.356751687567375
"TTAACTCCAAAGAATC-1","T cells","T cells",0.372087043059142
"TTAACTCCAAGGTTCT-1","CD4+ T cells","CD4+ T cells",0.322716801034754
"TTAACTCCACTAAGTC-1","NK cells","NK cells",0.397787775829226
"TTAACTCCATCCGTGG-1","CD4+ T cells","CD4+ T cells",0.300247710498819
"TTAACTCCATGAACCT-1","T cells","T cells",0.276670717141179
"TTAACTCCATGACGGA-1","CD4+ T cells","CD4+ T cells",0.340905978979467
"TTAACTCCATTTCAGG-1","Dendritic cells","Dendritic cells",0.474809475603664
"TTAACTCGTAGAAGGA-1","CD8+ T cells","CD8+ T cells",0.339761322829249
"TTAACTCGTCGCGTGT-1","CD8+ T cells","CD8+ T cells",0.311405146404293
"TTAACTCGTCTACCTC-1","Dendritic cells","Dendritic cells",0.553976020462165
"TTAACTCGTTCCGTCT-1","B cells","B cells",0.415033458560368
"TTAACTCTCAGTGCAT-1","B cells","B cells",0.321216429485105
"TTAACTCTCCACTCCA-1","Monocytes","Monocytes",0.375065610883583
"TTAACTCTCCTAGGGC-1","NK cells","NK cells",0.359318809227385
"TTAACTCTCTCCGGTT-1","Monocytes","Monocytes",0.401274740591868
"TTAGGACAGAAGGCCT-1","Monocytes","Monocytes",0.466368548037557
"TTAGGACAGAGGTAGA-1","B cells","B cells",0.340822992350191
"TTAGGACAGATGTGTA-1","Monocytes","Monocytes",0.490833660758927
"TTAGGACAGCAGGTCA-1","T cells","T cells",0.377431686712532
"TTAGGACAGTGTTTGC-1","CD4+ T cells","CD4+ T cells",0.216382295484979
"TTAGGACCAAATCCGT-1","B cells","B cells",0.34018251355202
"TTAGGACCAACTTGAC-1","CD4+ T cells","CD4+ T cells",0.374567064212486
"TTAGGACCAGCTGCAC-1","B cells","B cells",0.440530802229869
"TTAGGACCAGGGCATA-1","Dendritic cells","Dendritic cells",0.468599147707498
"TTAGGACCAGGGTATG-1","CD4+ T cells","CD4+ T cells",0.31724515881271
"TTAGGACCATCTCGCT-1","CD4+ T cells","CD4+ T cells",0.299363801938903
"TTAGGACGTAACGCGA-1","CD4+ T cells","CD4+ T cells",0.334675022808937
"TTAGGACGTACCGCTG-1","Monocytes","Monocytes",0.466702561080756
"TTAGGACGTCACCCAG-1","CD4+ T cells","CD4+ T cells",0.32119198799278
"TTAGGACGTCAGAAGC-1","CD8+ T cells","CD8+ T cells",0.30153828346045
"TTAGGACGTCAGAGGT-1","CD4+ T cells","CD4+ T cells",0.260575627226713
"TTAGGACGTCATACTG-1","Monocytes","Monocytes",0.367072069996489
"TTAGGACGTCGCCATG-1","CD4+ T cells","CD4+ T cells",0.311733867762453
"TTAGGACTCCGTCATC-1","CD4+ T cells","CD4+ T cells",0.317584310251688
"TTAGGACTCCTGCTTG-1","CD4+ T cells","CD4+ T cells",0.29768256990523
"TTAGGCAAGAAGAAGC-1","Monocytes","Monocytes",0.418403705196228
"TTAGGCAAGAAGGGTA-1","CD8+ T cells","CD8+ T cells",0.294861147164518
"TTAGGCACAAACCTAC-1","Monocytes","Monocytes",0.482928973162049
"TTAGGCACAATGGAGC-1","Monocytes","Monocytes",0.493888841769015
"TTAGGCACACGGTAAG-1","Monocytes","Monocytes",0.389102665057219
"TTAGGCAGTCGGGTCT-1","Monocytes","Monocytes",0.451790156296771
"TTAGGCAGTCTCATCC-1","T cells","T cells",0.33468877984114
"TTAGGCAGTCTGGTCG-1","B cells","B cells",0.31292888747315
"TTAGGCAGTTAAGACA-1","B cells","B cells",0.423348618491098
"TTAGGCAGTTATGTGC-1","Dendritic cells","Dendritic cells",0.541547950826602
"TTAGGCAGTTTGGGCC-1","CD4+ T cells","CD4+ T cells",0.300010739362603
"TTAGGCATCAGCTCGG-1","B cells","B cells",0.29888123081418
"TTAGGCATCAGTTAGC-1","T cells","T cells",0.374244574004391
"TTAGGCATCATCTGCC-1","Monocytes","Monocytes",0.36761717598165
"TTAGGCATCATGCAAC-1","T cells","T cells",0.448169882096976
"TTAGGCATCCAAACAC-1","NK cells","NK cells",0.412663626705497
"TTAGGCATCCCAAGTA-1","T cells","T cells",0.341937545590647
"TTAGGCATCTATCCTA-1","CD8+ T cells","CD8+ T cells",0.39807971115336
"TTAGTTCAGAGTTGGC-1","T cells","T cells",0.331366321914558
"TTAGTTCAGCAGGTCA-1","B cells","B cells",0.330258828794051
"TTAGTTCAGGCAGGTT-1","T cells","T cells",0.267099114351449
"TTAGTTCCAAGGACAC-1","Monocytes","Monocytes",0.373943302653924
"TTAGTTCCACAGATTC-1","T cells","T cells",0.297196126958041
"TTAGTTCCACTACAGT-1","T cells","T cells",0.413935564444657
"TTAGTTCCAGGTCTCG-1","Monocytes","Monocytes",0.434672628864524
"TTAGTTCGTACATGTC-1","Monocytes","Monocytes",0.475322393016186
"TTAGTTCGTATGAATG-1","Monocytes","Monocytes",0.395864956208004
"TTAGTTCGTTGACGTT-1","T cells","T cells",0.394398358474511
"TTAGTTCGTTGGGACA-1","CD4+ T cells","CD4+ T cells",0.361856497500231
"TTAGTTCTCAACACGT-1","Monocytes","Monocytes",0.340043476480911
"TTAGTTCTCAACACTG-1","Monocytes","Monocytes",0.405236465620595
"TTAGTTCTCAGTCCCT-1","B cells","B cells",0.335001650415554
"TTAGTTCTCTGACCTC-1","T cells","T cells",0.397349946563484
"TTAGTTCTCTGTTGAG-1","NK cells","NK cells",0.402692665903301
"TTATGCTAGAAACCGC-1","B cells","B cells",0.318128978036874
"TTATGCTAGACATAAC-1","T cells","T cells",0.365326269605056
"TTATGCTAGCATCATC-1","B cells","B cells",0.348531641990711
"TTATGCTAGGCACATG-1","Monocytes","Monocytes",0.475684669160788
"TTATGCTAGTCTCAAC-1","B cells","B cells",0.37023182032994
"TTATGCTAGTGTTAGA-1","Dendritic cells","Dendritic cells",0.436870995811499
"TTATGCTCAAGAAAGG-1","T cells","T cells",0.309582492034565
"TTATGCTCAAGGACTG-1","B cells","B cells",0.29483931657065
"TTATGCTCAGCCTGTG-1","NK cells","NK cells",0.38899367843489
"TTATGCTCAGCTTAAC-1","CD4+ T cells","CD4+ T cells",0.323634853446397
"TTATGCTCATAAGACA-1","T cells","T cells",0.44985070304431
"TTATGCTCATGCAATC-1","B cells","B cells",0.361589613814565
"TTATGCTGTCCGTGAC-1","Monocytes","Monocytes",0.33644753241206
"TTATGCTGTGTTTGGT-1","Monocytes","Monocytes",0.406280631444201
"TTATGCTTCAGCTTAG-1","NK cells","NK cells",0.380011292839748
"TTATGCTTCCGTCAAA-1","CD8+ T cells","CD8+ T cells",0.352186885638171
"TTATGCTTCGCCAAAT-1","Monocytes","Monocytes",0.434790010356459
"TTATGCTTCGGATGGA-1","Monocytes","Monocytes",0.414487235552297
"TTATGCTTCTAACGGT-1","CD4+ T cells","CD4+ T cells",0.302997252528335
"TTATGCTTCTGGTGTA-1","B cells","B cells",0.326768658758544
"TTCCCAGAGGCGTACA-1","T cells","T cells",0.368148488727103
"TTCCCAGAGGCTATCT-1","T cells","T cells",0.359178470673889
"TTCCCAGAGTACGACG-1","Monocytes","Monocytes",0.400868481521136
"TTCCCAGCAAGCTGGA-1","T cells","T cells",0.351165417678794
"TTCCCAGCAATGGTCT-1","Monocytes","Monocytes",0.388105380376413
"TTCCCAGCACGAGGTA-1","CD8+ T cells","CD8+ T cells",0.359093155173687
"TTCCCAGCATCACGTA-1","T cells","T cells",0.343549274985945
"TTCCCAGGTAAATACG-1","CD4+ T cells","CD4+ T cells",0.34521827222725
"TTCCCAGGTAAGTGTA-1","Monocytes","Monocytes",0.424601543940643
"TTCCCAGGTACGCTGC-1","T cells","T cells",0.355272967584797
"TTCCCAGGTAGCTAAA-1","T cells","T cells",0.353587160165619
"TTCCCAGGTCCAACTA-1","Monocytes","Monocytes",0.476354041140406
"TTCCCAGGTCTCAACA-1","CD4+ T cells","CD4+ T cells",0.341881723806715
"TTCCCAGGTGAAATCA-1","CD8+ T cells","CD8+ T cells",0.364702412499755
"TTCCCAGTCAACTCTT-1","B cells","B cells",0.332200278600402
"TTCCCAGTCAGGTAAA-1","CD8+ T cells","CD8+ T cells",0.351324615922864
"TTCCCAGTCGCACTCT-1","CD8+ T cells","CD8+ T cells",0.309927798603172
"TTCCCAGTCTACCTGC-1","B cells",NA,0.246030073014235
"TTCGAAGAGCTACCGC-1","T cells","T cells",0.310138819580226
"TTCGAAGAGCTGCGAA-1","CD8+ T cells","CD8+ T cells",0.321935774440127
"TTCGAAGAGGAGTCTG-1","T cells","T cells",0.353965751890973
"TTCGAAGAGGCCCTTG-1","CD4+ T cells","CD4+ T cells",0.345263746559947
"TTCGAAGCACGCCAGT-1","CD4+ T cells","CD4+ T cells",0.35490071135018
"TTCGAAGCACGGATAG-1","CD8+ T cells","CD8+ T cells",0.341708140636245
"TTCGAAGCAGCATGAG-1","CD4+ T cells","CD4+ T cells",0.370319460509384
"TTCGAAGGTAGCGATG-1","Monocytes","Monocytes",0.447862708321854
"TTCGAAGGTATAATGG-1","T cells","T cells",0.294510852641954
"TTCGAAGGTCGGGTCT-1","Dendritic cells","Dendritic cells",0.499005611107978
"TTCGAAGGTCTCAACA-1","CD4+ T cells","CD4+ T cells",0.335698930616239
"TTCGAAGGTGACTCAT-1","T cells","T cells",0.341471355546654
"TTCGAAGGTGCTAGCC-1","T cells","T cells",0.35360492868051
"TTCGAAGGTGTCCTCT-1","CD4+ T cells","CD4+ T cells",0.306686337536755
"TTCGAAGTCCTAGTGA-1","CD8+ T cells","CD8+ T cells",0.332270994702461
"TTCGAAGTCCTCCTAG-1","B cells","B cells",0.388800236056945
"TTCGAAGTCCTGCTTG-1","CD8+ T cells","CD8+ T cells",0.389073762114023
"TTCGAAGTCGGGAGTA-1","B cells","B cells",0.33576894751677
"TTCGAAGTCTAGCACA-1","Monocytes","Monocytes",0.452032640323767
"TTCGAAGTCTGGTTCC-1","Dendritic cells","Dendritic cells",0.507688555957543
"TTCGGTCAGAAGGCCT-1","CD4+ T cells","CD4+ T cells",0.303870219121172
"TTCGGTCAGAGACGAA-1","Monocytes","Monocytes",0.426323632560121
"TTCGGTCAGATGCCAG-1","CD8+ T cells","CD8+ T cells",0.323543280499244
"TTCGGTCAGCATCATC-1","CD4+ T cells","CD4+ T cells",0.266504176044853
"TTCGGTCAGGTGACCA-1","B cells","B cells",0.319292888846939
"TTCGGTCCACTAGTAC-1","Monocytes","Monocytes",0.380873703485921
"TTCGGTCCAGAGTGTG-1","T cells","T cells",0.311243705991651
"TTCGGTCCAGCCAATT-1","T cells","T cells",0.332159644639433
"TTCGGTCCAGCTATTG-1","CD4+ T cells","CD4+ T cells",0.324496581463564
"TTCGGTCCAGCTGTGC-1","CD4+ T cells","CD4+ T cells",0.306769606527943
"TTCGGTCCAGTGGGAT-1","B cells","B cells",0.299336587133285
"TTCGGTCGTAAGAGAG-1","T cells","T cells",0.341494379648651
"TTCGGTCGTATTCTCT-1","T cells","T cells",0.30435781052271
"TTCGGTCGTCATATGC-1","B cells","B cells",0.343089286868044
"TTCGGTCGTCCTCTTG-1","CD8+ T cells","CD8+ T cells",0.29870883322184
"TTCGGTCTCAACCAAC-1","Monocytes","Monocytes",0.396986084425169
"TTCGGTCTCACCACCT-1","Monocytes","Monocytes",0.378085737144639
"TTCGGTCTCAGTCCCT-1","B cells","B cells",0.340744837289179
"TTCGGTCTCCTTGACC-1","CD4+ T cells","CD4+ T cells",0.332343256461473
"TTCGGTCTCGCGATCG-1","B cells","B cells",0.363792033428458
"TTCGGTCTCGTCTGAA-1","CD4+ T cells","CD4+ T cells",0.33091690387355
"TTCGGTCTCTCAACTT-1","CD4+ T cells","CD4+ T cells",0.335350864889737
"TTCTACAAGACCTAGG-1","T cells","T cells",0.328751493562081
"TTCTACAAGCTAACTC-1","CD8+ T cells","CD8+ T cells",0.354707433772976
"TTCTACAAGCTGTTCA-1","CD8+ T cells","CD8+ T cells",0.348275870987704
"TTCTACAAGTCAATAG-1","CD4+ T cells","CD4+ T cells",0.328307886074699
"TTCTACAAGTGTTAGA-1","CD8+ T cells","CD8+ T cells",0.310949488289215
"TTCTACAAGTGTTGAA-1","CD4+ T cells","CD4+ T cells",0.359823248762387
"TTCTACACAACTGGCC-1","CD4+ T cells","CD4+ T cells",0.306286953193098
"TTCTACACACGGATAG-1","CD8+ T cells","CD8+ T cells",0.326360151350301
"TTCTACACACGTAAGG-1","Monocytes","Monocytes",0.519120155228533
"TTCTACACAGACGCTC-1","B cells","B cells",0.301512177574075
"TTCTACACAGTAAGAT-1","Monocytes","Monocytes",0.482364223765529
"TTCTACAGTATGAAAC-1","Monocytes","Monocytes",0.436780253835991
"TTCTACAGTGTATGGG-1","NK cells","NK cells",0.46565349525796
"TTCTACAGTGTGCGTC-1","T cells","T cells",0.279704363531128
"TTCTACAGTTATTCTC-1","T cells","T cells",0.274912780078278
"TTCTACATCACTTATC-1","CD4+ T cells","CD4+ T cells",0.397198963699804
"TTCTACATCAGGCCCA-1","NK cells","NK cells",0.411155033378955
"TTCTACATCTCCAACC-1","CD8+ T cells","CD8+ T cells",0.312780250590204
"TTCTCAAAGCACGCCT-1","Monocytes","Monocytes",0.487377908671202
"TTCTCAACACTGTTAG-1","CD4+ T cells","CD4+ T cells",0.291123539022834
"TTCTCAACAGCTCGCA-1","CD8+ T cells","CD8+ T cells",0.294852785745699
"TTCTCAACAGGCAGTA-1","CD8+ T cells","CD8+ T cells",0.334890513627081
"TTCTCAACAGTGACAG-1","T cells","T cells",0.321985893459592
"TTCTCAACATTTCAGG-1","B cells","B cells",0.346589913339366
"TTCTCAAGTACAGTGG-1","T cells","T cells",0.359258955130225
"TTCTCAAGTACATGTC-1","CD8+ T cells","CD8+ T cells",0.312344192733905
"TTCTCAAGTACTTCTT-1","Monocytes","Monocytes",0.397779308480294
"TTCTCAAGTGACCAAG-1","T cells","T cells",0.34270200573253
"TTCTCAAGTGCTGTAT-1","NK cells","NK cells",0.397897227748438
"TTCTCAAGTTAGGGTG-1","Monocytes","Monocytes",0.388079750275476
"TTCTCAATCATCGGAT-1","NK cells","NK cells",0.343384059622322
"TTCTCAATCATTTGGG-1","NK cells","NK cells",0.342642507614095
"TTCTCAATCTATCCCG-1","T cells","T cells",0.30131243209012
"TTCTCCTAGACGACGT-1","Monocytes","Monocytes",0.357707735429293
"TTCTCCTAGTCAATAG-1","Monocytes","Monocytes",0.453259939349122
"TTCTCCTCAAACGTGG-1","B cells","B cells",0.331372894580142
"TTCTCCTCAATACGCT-1","B cells","B cells",0.370960258837465
"TTCTCCTCACATGGGA-1","T cells","T cells",0.294885566237335
"TTCTCCTCAGATGGGT-1","Monocytes","Monocytes",0.392919362326379
"TTCTCCTGTATATGAG-1","T cells","T cells",0.374943343855131
"TTCTCCTGTGGAAAGA-1","T cells","T cells",0.39027326660723
"TTCTCCTGTTACAGAA-1","NK cells","NK cells",0.341624875826594
"TTCTCCTGTTCCACAA-1","T cells","T cells",0.24941479051241
"TTCTCCTGTTTGACTG-1","Monocytes","Monocytes",0.45454664582057
"TTCTCCTTCCGCGCAA-1","B cells","B cells",0.319537152387511
"TTCTCCTTCGATCCCT-1","Monocytes","Monocytes",0.394421870369811
"TTCTCCTTCTGAGGGA-1","CD4+ T cells","CD4+ T cells",0.309491077014767
"TTCTTAGAGCCAACAG-1","CD8+ T cells","CD8+ T cells",0.300697215485924
"TTCTTAGAGCGTGAAC-1","CD4+ T cells","CD4+ T cells",0.320921661040368
"TTCTTAGCAGATCGGA-1","CD4+ T cells","CD4+ T cells",0.312139717383806
"TTCTTAGCAGCCAGAA-1","CD8+ T cells","CD8+ T cells",0.373734514294961
"TTCTTAGGTCACCCAG-1","CD4+ T cells","CD4+ T cells",0.302696865768888
"TTCTTAGGTCGAACAG-1","T cells","T cells",0.379183082850201
"TTCTTAGGTGACTACT-1","CD4+ T cells","CD4+ T cells",0.370161234429399
"TTCTTAGGTGCGATAG-1","T cells","T cells",0.327054730459783
"TTCTTAGGTTAAGGGC-1","Monocytes","Monocytes",0.430465483798303
"TTCTTAGGTTACGGAG-1","Monocytes","Monocytes",0.406330156129481
"TTCTTAGTCAAACCAC-1","CD4+ T cells","CD4+ T cells",0.342682774712984
"TTCTTAGTCACTGGGC-1","CD8+ T cells","CD8+ T cells",0.314854759336857
"TTCTTAGTCCACTCCA-1","T cells","T cells",0.358257540127359
"TTCTTAGTCCGCATAA-1","CD8+ T cells","CD8+ T cells",0.324791960772899
"TTCTTAGTCGCTTGTC-1","Monocytes",NA,0.351315773393914
"TTGAACGAGCCACGCT-1","Monocytes","Monocytes",0.428578385268985
"TTGAACGCAAAGTCAA-1","B cells","B cells",0.339088721675708
"TTGAACGCATCCCATC-1","Monocytes","Monocytes",0.467525648134307
"TTGAACGCATGAAGTA-1","Monocytes","Monocytes",0.445449084359157
"TTGAACGGTCGACTAT-1","CD4+ T cells","CD4+ T cells",0.282464935685947
"TTGAACGGTCTAGGTT-1","CD4+ T cells","CD4+ T cells",0.345780785803392
"TTGAACGGTGAACCTT-1","CD4+ T cells","CD4+ T cells",0.332347688606014
"TTGAACGGTGATAAAC-1","B cells","B cells",0.317437953939441
"TTGAACGTCGCATGAT-1","Monocytes","Monocytes",0.48004699312997
"TTGACTTAGATATGCA-1","CD4+ T cells","CD4+ T cells",0.303477009310711
"TTGACTTAGCACGCCT-1","Dendritic cells","Dendritic cells",0.533521686256029
"TTGACTTAGGTGCACA-1","CD4+ T cells","CD4+ T cells",0.301363753458385
"TTGACTTAGTCAAGGC-1","T cells","T cells",0.409403603762684
"TTGACTTCACGGCTAC-1","T cells","T cells",0.37900729699296
"TTGACTTCACTGTCGG-1","CD4+ T cells","CD4+ T cells",0.334558999944703
"TTGACTTCAGACACTT-1","CD4+ T cells","CD4+ T cells",0.308970962012943
"TTGACTTCAGCCTATA-1","B cells","B cells",0.320497986560962
"TTGACTTCAGCGAACA-1","CD4+ T cells","CD4+ T cells",0.411901866307008
"TTGACTTGTAAACACA-1","B cells","B cells",0.356421836738885
"TTGACTTGTACCAGTT-1","T cells","T cells",0.332613623071449
"TTGACTTGTCGATTGT-1","CD8+ T cells","CD8+ T cells",0.369678714919374
"TTGACTTGTCTGCGGT-1","CD8+ T cells","CD8+ T cells",0.323447476545388
"TTGACTTGTTCAGTAC-1","T cells","T cells",0.319919074381238
"TTGACTTGTTGTCTTT-1","CD4+ T cells","CD4+ T cells",0.31041867220664
"TTGACTTGTTGTTTGG-1","CD8+ T cells","CD8+ T cells",0.337134453668764
"TTGACTTGTTTCCACC-1","Monocytes","Monocytes",0.365841589892722
"TTGACTTGTTTGTTGG-1","Dendritic cells","Dendritic cells",0.532384439646109
"TTGACTTTCAACCAAC-1","Monocytes","Monocytes",0.420182867934257
"TTGACTTTCACATGCA-1","B cells","B cells",0.317758178026315
"TTGACTTTCCAGATCA-1","T cells","T cells",0.353817789480593
"TTGACTTTCGGAATCT-1","T cells","T cells",0.356365807555843
"TTGACTTTCGTGGACC-1","CD8+ T cells","CD8+ T cells",0.288007463248977
"TTGACTTTCTTTACAC-1","T cells","T cells",0.356877506356778
"TTGCCGTAGGACAGAA-1","CD4+ T cells","CD4+ T cells",0.313462192651117
"TTGCCGTAGTCTCGGC-1","T cells","T cells",0.391144972460941
"TTGCCGTCAAGTAGTA-1","T cells","T cells",0.356885979420562
"TTGCCGTCACATTAGC-1","B cells","B cells",0.290802399729903
"TTGCCGTCATACTCTT-1","B cells","B cells",0.311333813752451
"TTGCCGTCATGCAACT-1","B cells","B cells",0.330254575818472
"TTGCCGTCATTCTTAC-1","CD4+ T cells","CD4+ T cells",0.362219071211823
"TTGCCGTGTAGATTAG-1","CD4+ T cells","CD4+ T cells",0.342878829818808
"TTGCCGTGTCGCATAT-1","CD4+ T cells","CD4+ T cells",0.32808299456095
"TTGCCGTGTCTCTTTA-1","Monocytes","Monocytes",0.394152880545671
"TTGCCGTGTGGCAAAC-1","CD4+ T cells","CD4+ T cells",0.305270631319195
"TTGCCGTGTGTGCGTC-1","CD4+ T cells","CD4+ T cells",0.306230845580186
"TTGCCGTTCCAGAAGG-1","Monocytes","Monocytes",0.423811829607233
"TTGCCGTTCCCAGGTG-1","CD4+ T cells","CD4+ T cells",0.319480360563325
"TTGCGTCAGGGTCGAT-1","B cells","B cells",0.347269090231163
"TTGCGTCCAACACGCC-1","B cells","B cells",0.361063921648993
"TTGCGTCCAAGACACG-1","T cells","T cells",0.362700556457411
"TTGCGTCCAATCCAAC-1","CD8+ T cells","CD8+ T cells",0.312055567740667
"TTGCGTCCAATGAAAC-1","Dendritic cells","Dendritic cells",0.535858196316076
"TTGCGTCCACATGGGA-1","CD4+ T cells","CD4+ T cells",0.305042737513929
"TTGCGTCCAGACAGGT-1","T cells","T cells",0.348756234502663
"TTGCGTCCAGCCACCA-1","CD8+ T cells","CD8+ T cells",0.371676894865274
"TTGCGTCCAGGGTACA-1","CD8+ T cells","CD8+ T cells",0.312227140216625
"TTGCGTCCAGTGACAG-1","Monocytes","Monocytes",0.454023058021701
"TTGCGTCGTCCGAACC-1","Monocytes","Monocytes",0.407210645277903
"TTGCGTCGTCCTCCAT-1","CD4+ T cells","CD4+ T cells",0.351623026549244
"TTGCGTCGTGATGCCC-1","NK cells","NK cells",0.329348403416279
"TTGCGTCGTTACGCGC-1","CD4+ T cells","CD4+ T cells",0.293719131457797
"TTGCGTCGTTAGAACA-1","CD4+ T cells","CD4+ T cells",0.284575873675749
"TTGCGTCTCAAACCGT-1","Monocytes","Monocytes",0.488250302438794
"TTGCGTCTCCACGTTC-1","B cells","B cells",0.309557453482793
"TTGCGTCTCGAATCCA-1","Monocytes","Monocytes",0.433983152513209
"TTGCGTCTCGGCGGTT-1","Monocytes","Monocytes",0.438103782225855
"TTGGAACAGACTTTCG-1","Dendritic cells",NA,0.435103468318639
"TTGGAACAGAGGGCTT-1","CD8+ T cells","CD8+ T cells",0.320655327152316
"TTGGAACAGAGTACCG-1","CD4+ T cells","CD4+ T cells",0.364357932239718
"TTGGAACAGCTGGAAC-1","T cells","T cells",0.345264795899255
"TTGGAACCAAGCCCAC-1","T cells","T cells",0.362848422346634
"TTGGAACCACACCGCA-1","Monocytes","Monocytes",0.406007940661382
"TTGGAACCACGGACAA-1","B cells","B cells",0.355490194717539
"TTGGAACCACTTAAGC-1","NK cells","NK cells",0.447045372354417
"TTGGAACCATGTCGAT-1","B cells","B cells",0.315213866017062
"TTGGAACCATTGTGCA-1","NK cells","NK cells",0.322784363440569
"TTGGAACGTCATGCCG-1","CD8+ T cells","CD8+ T cells",0.282608616477302
"TTGGAACGTCCCTTGT-1","B cells","B cells",0.309554192419822
"TTGGAACGTCGTCTTC-1","CD8+ T cells","CD8+ T cells",0.339611885830686
"TTGGAACGTGACAAAT-1","B cells","B cells",0.370555903346987
"TTGGAACGTGTTTGGT-1","T cells","T cells",0.329353453551649
"TTGGAACTCTACTATC-1","CD4+ T cells","CD4+ T cells",0.330553784016849
"TTGGAACTCTGTACGA-1","CD8+ T cells","CD8+ T cells",0.350658930023936
"TTGGCAAAGCCGCCTA-1","T cells","T cells",0.453663044872187
"TTGGCAAAGCTAACAA-1","B cells","B cells",0.333386702326169
"TTGGCAAAGTACATGA-1","CD4+ T cells","CD4+ T cells",0.31296493553105
"TTGGCAACAAGCGATG-1","T cells","T cells",0.39650574645534
"TTGGCAACAATTCCTT-1","Monocytes","Monocytes",0.358742885145119
"TTGGCAAGTGAACCTT-1","CD4+ T cells","CD4+ T cells",0.38221488036729
"TTGGCAAGTGTTAAGA-1","B cells","B cells",0.455269209105258
"TTGGCAAGTTCGGCAC-1","B cells","B cells",0.365400359937662
"TTGGCAAGTTCGTCTC-1","T cells","T cells",0.370137450943202
"TTGGCAATCACTGGGC-1","Monocytes","Monocytes",0.522273037703448
"TTGGCAATCTCCTATA-1","CD4+ T cells","CD4+ T cells",0.349089323990968
"TTGGCAATCTTACCTA-1","CD4+ T cells","CD4+ T cells",0.355780495753403
"TTGGCAATCTTCCTTC-1","Monocytes","Monocytes",0.349055120009804
"TTGGCAATCTTCGAGA-1","NK cells","NK cells",0.336851949024961
"TTGTAGGAGATTACCC-1","Monocytes","Monocytes",0.428568560244837
"TTGTAGGAGCCAGAAC-1","CD8+ T cells","CD8+ T cells",0.249070642924703
"TTGTAGGAGGTGATAT-1","B cells","B cells",0.332602916854127
"TTGTAGGAGTGTACGG-1","T cells","T cells",0.438863070768775
"TTGTAGGCACAGAGGT-1","Monocytes","Monocytes",0.413019088814471
"TTGTAGGCACCAGATT-1","T cells","T cells",0.328354835678523
"TTGTAGGCACCGTTGG-1","B cells","B cells",0.319731911679978
"TTGTAGGCAGTCTTCC-1","CD4+ T cells","CD4+ T cells",0.35983158433366
"TTGTAGGCATCCAACA-1","B cells","B cells",0.301091205136752
"TTGTAGGGTGTTGGGA-1","Monocytes","Monocytes",0.456985580382889
"TTGTAGGGTTCAGACT-1","CD8+ T cells","CD8+ T cells",0.331877964118889
"TTGTAGGGTTCGTCTC-1","CD4+ T cells","CD4+ T cells",0.319575627655471
"TTGTAGGTCACCACCT-1","B cells","B cells",0.332997648315553
"TTGTAGGTCATTGCGA-1","CD4+ T cells","CD4+ T cells",0.275893110142548
"TTGTAGGTCCGAACGC-1","NK cells","NK cells",0.391359043867769
"TTGTAGGTCCTAAGTG-1","CD8+ T cells","CD8+ T cells",0.345935143699646
"TTGTAGGTCCTCCTAG-1","Monocytes","Monocytes",0.41277416177093
"TTGTAGGTCGCACTCT-1","T cells","T cells",0.372760677628417
"TTGTAGGTCTACCAGA-1","T cells","T cells",0.447508384083915
"TTTACTGAGAATTCCC-1","CD4+ T cells","CD4+ T cells",0.321388148130719
"TTTACTGAGAGAGCTC-1","CD4+ T cells","CD4+ T cells",0.309462152836033
"TTTACTGAGCGATCCC-1","CD8+ T cells","CD8+ T cells",0.260964304103839
"TTTACTGAGGACGAAA-1","CD4+ T cells","CD4+ T cells",0.313904600339153
"TTTACTGAGGCCATAG-1","Monocytes","Monocytes",0.318214447410514
"TTTACTGAGGGTGTGT-1","B cells","B cells",0.359918298187219
"TTTACTGAGTGGGATC-1","T cells","T cells",0.41378181617947
"TTTACTGAGTTGCAGG-1","B cells","B cells",0.362068651337697
"TTTACTGCACGAAAGC-1","Monocytes","Monocytes",0.471007207290267
"TTTACTGGTACCGTAT-1","CD8+ T cells","CD8+ T cells",0.346203883561165
"TTTACTGGTTCCAACA-1","Monocytes","Monocytes",0.441650465648735
"TTTACTGGTTCCCTTG-1","Monocytes","Monocytes",0.347823450003564
"TTTACTGGTTGTGGAG-1","CD8+ T cells","CD8+ T cells",0.300424955547156
"TTTACTGTCAGTCCCT-1","B cells","B cells",0.356156911411389
"TTTACTGTCCGCATCT-1","Monocytes","Monocytes",0.375815447295559
"TTTACTGTCCTTTACA-1","CD4+ T cells","CD4+ T cells",0.365345757456001
"TTTACTGTCGTGGGAA-1","CD4+ T cells","CD4+ T cells",0.316434505495456
"TTTACTGTCGTGGTCG-1","Dendritic cells","Dendritic cells",0.444759568770704
"TTTACTGTCTGATTCT-1","B cells","B cells",0.313502074070211
"TTTACTGTCTGCAAGT-1","B cells","B cells",0.355352490773083
"TTTATGCAGAAGGTTT-1","T cells","T cells",0.358449439711615
"TTTATGCAGAGTGACC-1","CD4+ T cells","CD4+ T cells",0.324060444094289
"TTTATGCAGATGGGTC-1","Monocytes","Monocytes",0.404490156534986
"TTTATGCAGCGATGAC-1","CD4+ T cells","CD4+ T cells",0.350094997633128
"TTTATGCAGGACATTA-1","Monocytes","Monocytes",0.407261374728601
"TTTATGCAGGCATGTG-1","Monocytes","Monocytes",0.379530225136684
"TTTATGCCAAGCCCAC-1","CD8+ T cells","CD8+ T cells",0.331275411566136
"TTTATGCCAAGGACTG-1","B cells","B cells",0.35941522023928
"TTTATGCCAGCCTTTC-1","CD8+ T cells","CD8+ T cells",0.427858845911927
"TTTATGCCATGACATC-1","CD8+ T cells","CD8+ T cells",0.323051977725797
"TTTATGCGTACTTAGC-1","Monocytes","Monocytes",0.480113078889793
"TTTATGCGTAGTAGTA-1","CD4+ T cells","CD4+ T cells",0.317968489281882
"TTTATGCGTCTAGCCG-1","CD8+ T cells","CD8+ T cells",0.308447098061214
"TTTATGCGTGTCGCTG-1","T cells","T cells",0.282584873338262
"TTTATGCGTTGGGACA-1","CD8+ T cells","CD8+ T cells",0.312371018060409
"TTTATGCTCTCATTCA-1","Dendritic cells","Dendritic cells",0.546478830076856
"TTTCCTCAGACAGAGA-1","Monocytes","Monocytes",0.465879593070682
"TTTCCTCAGCGTTGCC-1","B cells",NA,0.32202285343997
"TTTCCTCAGTGCGATG-1","Monocytes","Monocytes",0.443404242552117
"TTTCCTCAGTGGGATC-1","T cells","T cells",0.343042223439237
"TTTCCTCCAGGGCATA-1","B cells","B cells",0.301728785317622
"TTTCCTCGTAGGACAC-1","CD8+ T cells","CD8+ T cells",0.353484187402189
"TTTCCTCGTCCTCCAT-1","CD8+ T cells","CD8+ T cells",0.334746996184174
"TTTCCTCGTGTAATGA-1","T cells","T cells",0.337332864730048
"TTTCCTCGTTACCGAT-1","CD8+ T cells","CD8+ T cells",0.338212596236771
"TTTCCTCTCAACTCTT-1","CD8+ T cells","CD8+ T cells",0.356905659114231
"TTTCCTCTCACGCATA-1","CD8+ T cells","CD8+ T cells",0.303669984408078
"TTTCCTCTCCACGTGG-1","CD4+ T cells","CD4+ T cells",0.36275466053246
"TTTGCGCAGACTGTAA-1","Monocytes","Monocytes",0.471070927147588
"TTTGCGCAGAGTGACC-1","T cells","T cells",0.364254929213579
"TTTGCGCAGCAGGCTA-1","Monocytes","Monocytes",0.489739922721518
"TTTGCGCAGCCACGCT-1","B cells","B cells",0.354324966223758
"TTTGCGCAGCTGAACG-1","T cells","T cells",0.344807144220378
"TTTGCGCAGGGTATCG-1","Monocytes","Monocytes",0.451876576024728
"TTTGCGCAGGTGGGTT-1","CD4+ T cells","CD4+ T cells",0.332553389747481
"TTTGCGCCAAGCGTAG-1","CD8+ T cells","CD8+ T cells",0.333582002108071
"TTTGCGCCAAGGGTCA-1","Monocytes","Monocytes",0.386509550858016
"TTTGCGCCACCATCCT-1","T cells","T cells",0.320618396248913
"TTTGCGCCACTGTTAG-1","B cells","B cells",0.307078908534844
"TTTGCGCGTAAACGCG-1","B cells","B cells",0.354104077396543
"TTTGCGCGTAAATGAC-1","B cells","B cells",0.386858203847517
"TTTGCGCGTACCGAGA-1","Dendritic cells",NA,0.362455846671044
"TTTGCGCGTAGCTGCC-1","B cells","B cells",0.340898286747995
"TTTGCGCGTATAAACG-1","CD4+ T cells","CD4+ T cells",0.318665285538905
"TTTGCGCGTCAAAGAT-1","CD8+ T cells","CD8+ T cells",0.306006918344803
"TTTGCGCGTGACGGTA-1","CD8+ T cells","CD8+ T cells",0.297855412936893
"TTTGCGCGTTCCGTCT-1","Dendritic cells","Dendritic cells",0.477003106007826
"TTTGCGCTCGCTTAGA-1","T cells","T cells",0.355210752332245
"TTTGCGCTCGGAAATA-1","CD4+ T cells","CD4+ T cells",0.295243039982825
"TTTGCGCTCGTTTGCC-1","Monocytes","Monocytes",0.38125011802705
"TTTGCGCTCTCTTATG-1","NK cells","NK cells",0.380506836229744
"TTTGGTTAGCTATGCT-1","B cells","B cells",0.313991105342367
"TTTGGTTAGGTTACCT-1","Monocytes","Monocytes",0.42115426302391
"TTTGGTTCACCTCGTT-1","Monocytes","Monocytes",0.360607215036759
"TTTGGTTCACTACAGT-1","Monocytes","Monocytes",0.411571259156356
"TTTGGTTCAGATCCAT-1","Monocytes","Monocytes",0.429487084661502
"TTTGGTTCAGGGCATA-1","T cells","T cells",0.364783263689552
"TTTGGTTCAGTAGAGC-1","T cells","T cells",0.308709888714513
"TTTGGTTGTAACGACG-1","Monocytes","Monocytes",0.395238242345017
"TTTGGTTGTCAAGCGA-1","CD4+ T cells","CD4+ T cells",0.33514564520029
"TTTGGTTGTCCAACTA-1","CD8+ T cells","CD8+ T cells",0.292761613446971
"TTTGGTTGTGTAATGA-1","Monocytes","Monocytes",0.453045640458179
"TTTGGTTGTTTAAGCC-1","T cells","T cells",0.333595063635927
"TTTGGTTTCAACACCA-1","CD4+ T cells","CD4+ T cells",0.278325191305921
"TTTGGTTTCAGCGATT-1","Monocytes","Monocytes",0.468675902477338
"TTTGGTTTCCAAGCCG-1","Monocytes","Monocytes",0.488405580873712
"TTTGGTTTCCAGATCA-1","CD8+ T cells","CD8+ T cells",0.318696409273606
"TTTGGTTTCCTCCTAG-1","Monocytes","Monocytes",0.386517890344588
"TTTGGTTTCGTGGGAA-1","CD4+ T cells","CD4+ T cells",0.288077464437005
"TTTGGTTTCTCATTCA-1","CD4+ T cells","CD4+ T cells",0.32176192463831
"TTTGGTTTCTTCAACT-1","CD4+ T cells","CD4+ T cells",0.337536126845431
"TTTGTCAAGACGCACA-1","CD4+ T cells","CD4+ T cells",0.286896668344488
"TTTGTCAAGACTTTCG-1","Monocytes","Monocytes",0.410750265740166
"TTTGTCAAGCACCGTC-1","B cells","B cells",0.354535769531895
"TTTGTCAAGCGGCTTC-1","CD8+ T cells","CD8+ T cells",0.291036666868103
"TTTGTCAAGCTGATAA-1","Monocytes","Monocytes",0.295469497819487
"TTTGTCACAGACTCGC-1","CD4+ T cells","CD4+ T cells",0.32959461780402
"TTTGTCACAGCTCCGA-1","CD4+ T cells","CD4+ T cells",0.393561710336276
"TTTGTCACAGGGATTG-1","T cells","T cells",0.390142182257678
"TTTGTCAGTAGCAAAT-1","T cells","T cells",0.353046837364466
"TTTGTCAGTCAGATAA-1","CD4+ T cells","CD4+ T cells",0.339383022248205
"TTTGTCAGTCGCGTGT-1","Monocytes","Monocytes",0.397205091205462
"TTTGTCAGTTACCGAT-1","CD8+ T cells","CD8+ T cells",0.337385357145349
"TTTGTCATCATGTCCC-1","CD8+ T cells","CD8+ T cells",0.316306888304257
"TTTGTCATCCGATATG-1","CD8+ T cells","CD8+ T cells",0.323086785991992
"TTTGTCATCGTCTGAA-1","Monocytes","Monocytes",0.459929182058424
"TTTGTCATCTCGAGTA-1","T cells","T cells",0.328722485631019
"TTTGTCATCTGCTTGC-1","T cells","T cells",0.337302161838132
