round,train_loss,val_loss,elapsed_seconds,val_macro_f1,val_acc
1,2.515737323460926,2.5183439072814955,0.11203189194202423,0.5941108663953221,0.7489574645537949
2,2.4045676703923813,2.408716960883916,0.22406378388404846,,
3,2.3113579941796836,2.316965573374881,0.3360956758260727,,
4,2.2270630380010883,2.2345951048407184,0.4481275677680969,,
5,2.149190068413414,2.1577725784543955,0.5601594597101212,,
6,2.077846973251306,2.087562453831306,0.6721913516521454,,
7,2.0139705605713605,2.0245471043920795,0.7842232435941696,,
8,1.9536471810178146,1.965188052228732,0.8962551355361938,,
9,1.896589010142575,1.9089998106741726,1.008287027478218,,
10,1.843169339618306,1.8563279700935433,1.1203189194202423,,
11,1.7938326137622314,1.8079250913992635,1.2323508113622665,0.6594220717259659,0.8037948290241869
12,1.7467294495959909,1.7615562838450185,1.3443827033042908,,
13,1.7020134700465717,1.717631835555712,1.456414595246315,,
14,1.6597479682258032,1.6764647389969496,1.5684464871883392,,
15,1.6194439344809817,1.6371061644074916,1.6804783791303635,,
16,1.5820133519077104,1.6004618667532147,1.7925102710723877,,
17,1.5460302837558801,1.5650658685033574,1.904542163014412,,
18,1.5112178569976742,1.531211734016902,2.016574054956436,,
19,1.4779828042251093,1.4983806411259566,2.1286059468984604,,
20,1.4461188889715908,1.4674167680158727,2.2406378388404846,,
21,1.4158590418305157,1.4376227608365353,2.352669730782509,0.6821469805309223,0.8096330275229358
22,1.387013560482289,1.4092637698684165,2.464701622724533,,
23,1.359467350447278,1.3825208513412603,2.5767335146665573,,
24,1.3321117101374975,1.3558098343733056,2.6887654066085815,,
25,1.3068072290579733,1.3311591841485522,2.8007972985506058,,
26,1.281392559475774,1.3064067806921171,2.91282919049263,,
27,1.2565745027656725,1.2821518364824585,3.0248610824346542,,
28,1.2332928228973776,1.259648287229184,3.1368929743766785,,
29,1.2109105982850832,1.2377908859554185,3.2489248663187027,,
30,1.1884302850165769,1.2157275209186273,3.360956758260727,,
31,1.167193752464126,1.1950107624224566,3.472988650202751,0.7023905651904104,0.8183903252710593
32,1.1463952551504313,1.1747139343204251,3.5850205421447754,,
33,1.1265137028308583,1.1555039398838223,3.6970524340867996,,
34,1.1070390810480053,1.1364871576689402,3.809084326028824,,
35,1.0883740537834052,1.1181542120619155,3.921116217970848,,
36,1.0699043996014628,1.1001526575047738,4.033148109912872,,
37,1.052234051163271,1.0829168812521703,4.1451800018548965,,
38,1.0349376664894487,1.0659261022984137,4.257211893796921,,
39,1.0181382888108226,1.0494805798742353,4.369243785738945,,
40,1.0017614856150707,1.03359315329984,4.481275677680969,,
41,0.9858137262716552,1.0181620303010126,4.5933075696229935,0.7112791736704186,0.8240200166805671
42,0.9705538806812317,1.0032861032294074,4.705339461565018,,
43,0.9556634586076305,0.9887452325391412,4.817371353507042,,
44,0.9411597580179575,0.9745741340644763,4.929403245449066,,
45,0.926825263143174,0.9605323994925262,5.04143513739109,,
46,0.9131326359570219,0.9471744583349511,5.153467029333115,,
47,0.8996272168009013,0.9339924970264232,5.265498921275139,,
48,0.8869145843271269,0.9217641773238293,5.377530813217163,,
49,0.8739881669544776,0.9092629344402202,5.489562705159187,,
50,0.8617988603714318,0.897591835886762,5.6015945971012115,,
51,0.8495401782974421,0.8855658111234721,5.713626489043236,0.7296716831157387,0.8323603002502085
52,0.8379972642132467,0.874318870997757,5.82565838098526,,
53,0.8263265260501438,0.8630189428026722,5.937690272927284,,
54,0.8149897397504934,0.8519271046631629,6.0497221648693085,,
55,0.8038680082693402,0.8411887306735554,6.161754056811333,,
56,0.7931666622935548,0.8308843871558379,6.273785948753357,,
57,0.7827385784767055,0.8208101149260053,6.385817840695381,,
58,0.7723451114496865,0.8107904493684467,6.497849732637405,,
59,0.7621541123928118,0.8010111137963614,6.60988162457943,,
60,0.7527231938210169,0.7919238947449971,6.721913516521454,,
61,0.7432475464232055,0.7827898568852033,6.833945408463478,0.740017945939613,0.8384070058381985
62,0.7338903524023519,0.7736917584264547,6.945977300405502,,
63,0.7246879830271836,0.7648528813197276,7.0580091923475266,,
64,0.7159186786093357,0.7563089473519452,7.170041084289551,,
65,0.7073095284948032,0.7481056624111581,7.282072976231575,,
66,0.6988709974192547,0.740018723440901,7.394104868173599,,
67,0.6904108536830771,0.7318450558567117,7.5061367601156235,,
68,0.6822353980974223,0.7241113583298651,7.618168652057648,,
69,0.6742561976830258,0.7164572871680852,7.730200543999672,,
70,0.6664788736739637,0.7091599009446395,7.842232435941696,,
71,0.6587436667044853,0.7017778388354259,7.95426432788372,0.7496852248745578,0.8429941618015012
72,0.6511511982094217,0.6944737577495523,8.066296219825745,,
73,0.6438824730339833,0.6875043096637556,8.178328111767769,,
74,0.6366767483692384,0.6805918253461105,8.290360003709793,,
75,0.6297050501303413,0.6739472909127553,8.402391895651817,,
76,0.6228168124028302,0.6674566480600654,8.514423787593842,,
77,0.6160972129404841,0.6610586837375283,8.626455679535866,,
78,0.6096444168808186,0.6548988911990478,8.73848757147789,,
79,0.6029666840421798,0.6486827364413563,8.850519463419914,,
80,0.5966139927056592,0.642547977002364,8.962551355361938,,
81,0.5903536872552247,0.6365393196652839,9.074583247303963,0.7610662206273869,0.8486238532110092
82,0.5840058927324886,0.6305651213224974,9.186615139245987,,
83,0.5777833165934015,0.624669374365226,9.298647031188011,,
84,0.5718561424161376,0.6190852548265278,9.410678923130035,,
85,0.5661238039006107,0.6137359593470609,9.52271081507206,,
86,0.5601718702313467,0.608082107363814,9.634742707014084,,
87,0.5544499224621705,0.6027359831658774,9.746774598956108,,
88,0.5488879212982346,0.5974735414284632,9.858806490898132,,
89,0.543307059344862,0.5921312147616297,9.970838382840157,,
90,0.537926516923599,0.5871723834269861,10.08287027478218,,
91,0.5327355847353373,0.5823682936559352,10.194902166724205,0.7756904300063725,0.8565471226021685
92,0.5275818011032644,0.5776934537965124,10.30693405866623,,
93,0.5224901491636759,0.5730737543278828,10.418965950608253,,
94,0.5174482541642097,0.5683981996477023,10.530997842550278,,
95,0.5125138585691928,0.5638609212357939,10.643029734492302,,
96,0.5077255641251511,0.5594514871670168,10.755061626434326,,
97,0.5029885655428746,0.5549209028827314,10.86709351837635,,
98,0.4983901440091213,0.5507279660745374,10.979125410318375,,
99,0.4937872352294638,0.5464036273905966,11.091157302260399,,
100,0.4892132631143666,0.5421538731522914,11.203189194202423,,
101,0.48485162257195313,0.53815460932737,11.315221086144447,0.7867579726257957,0.8628023352793995
102,0.4803712635666863,0.5340639755294485,11.427252978086472,,
103,0.4758860904589019,0.5299911585832955,11.539284870028496,,
104,0.47157316362928803,0.5260594565937105,11.65131676197052,,
105,0.4674054545535662,0.522161345712971,11.763348653912544,,
106,0.463361762384122,0.5184781036982072,11.875380545854568,,
107,0.45925944494173937,0.5145984599390087,11.987412437796593,,
108,0.4552759514645442,0.5108785178089783,12.099444329738617,,
109,0.4514171213112884,0.5074089631233194,12.211476221680641,,
110,0.44751288686415036,0.5037722575732253,12.323508113622665,,
111,0.443791808163242,0.5002757672537382,12.43554000556469,0.7964557237065326,0.8690575479566305
112,0.44007930886294283,0.4970068178443336,12.547571897506714,,
113,0.4363221610738102,0.49359112557138723,12.659603789448738,,
114,0.4327797812019636,0.4902976024484229,12.771635681390762,,
115,0.4292613973276637,0.48714711106583486,12.883667573332787,,
116,0.4257584224847539,0.48394133497939895,12.99569946527481,,
117,0.42237563599466804,0.48088901209721874,13.107731357216835,,
118,0.4189892366079001,0.47787531699015884,13.21976324915886,,
119,0.4155780989973194,0.47479310090435334,13.331795141100883,,
120,0.4121434601991647,0.4717313458776417,13.443827033042908,,
121,0.4087738135702647,0.4686006000094594,13.555858924984932,0.8066067339850892,0.8748957464553795
122,0.40558268528662367,0.46559374267274234,13.667890816926956,,
123,0.4023331939735295,0.4626875493335254,13.77992270886898,,
124,0.39915099601705584,0.45992833688417084,13.891954600811005,,
125,0.3960918167962074,0.4572467202719944,14.003986492753029,,
126,0.39307997157738395,0.45444249041577345,14.116018384695053,,
127,0.39019374392353756,0.4518765736382153,14.228050276637077,,
128,0.38724341061811157,0.4492023388806224,14.340082168579102,,
129,0.3842776542042365,0.44664976913777116,14.452114060521126,,
130,0.3813566557560007,0.44406637728441073,14.56414595246315,,
131,0.3784929381489743,0.44149938017188933,14.676177844405174,0.8114961349699065,0.878023352793995
132,0.37571205178153616,0.43906598976557704,14.788209736347198,,
133,0.3729316162639018,0.4366351125258533,14.900241628289223,,
134,0.37025491587023773,0.4343409971710764,15.012273520231247,,
135,0.367690170444568,0.4320680645369832,15.124305412173271,,
136,0.36508584227131996,0.4297337559913227,15.236337304115295,,
137,0.3624250222837224,0.4273578200646186,15.34836919605732,,
138,0.3598477590958342,0.4251117653565309,15.460401087999344,,
139,0.3572931050413944,0.4228201295552873,15.572432979941368,,
140,0.3546896194729511,0.42047534803172465,15.684464871883392,,
141,0.3523017226389023,0.4183740272669058,15.796496763825417,0.8152109944608389,0.8807339449541285
142,0.34987192972053127,0.41629560372471386,15.90852865576744,,
143,0.3474801496623806,0.4142202945582233,16.020560547709465,,
144,0.34514637596059206,0.41213669747213605,16.13259243965149,,
145,0.3428113034190485,0.41004962239801274,16.244624331593513,,
146,0.34052930229336204,0.40809332886112665,16.356656223535538,,
147,0.3382119338428467,0.40606553866112416,16.468688115477562,,
148,0.3359480300818834,0.4040856471536114,16.580720007419586,,
149,0.3336925886870304,0.4020515782999386,16.69275189936161,,
150,0.3314716513301556,0.400193368221825,16.804783791303635,,
151,0.32930324971196845,0.3982673207654449,16.91681568324566,0.8243516272918358,0.8842785654712261
152,0.32715086548857103,0.3963649355386189,17.028847575187683,,
153,0.32505180046604665,0.39450002835676684,17.140879467129707,,
154,0.32286926732852544,0.3925977714466175,17.25291135907173,,
155,0.32079314497588185,0.39080762375826583,17.364943251013756,,
156,0.31871973250509833,0.38901210974302264,17.47697514295578,,
157,0.31666823457046567,0.38724853814594307,17.589007034897804,,
158,0.31471237784830247,0.3855847170964051,17.70103892683983,,
159,0.3127852947256779,0.38387749425474993,17.813070818781853,,
160,0.310866372956714,0.38219911874263385,17.925102710723877,,
161,0.30890516303477084,0.38054502670932017,18.0371346026659,0.8299481532658576,0.8867806505421184
162,0.3070473932329227,0.3789506797722267,18.149166494607925,,
163,0.30515699342324926,0.3772680132872766,18.26119838654995,,
164,0.303231730261893,0.37562233800289097,18.373230278491974,,
165,0.30138567817428896,0.3740996691375797,18.485262170433998,,
166,0.2995396277699317,0.37252587670875126,18.597294062376022,,
167,0.2977105527621661,0.3709937970195155,18.709325954318047,,
168,0.2959237766824848,0.36936666661394985,18.82135784626007,,
169,0.29412217302187593,0.36775426238424164,18.933389738202095,,
170,0.2923853627982686,0.36625578172475387,19.04542163014412,,
171,0.29061547606059335,0.364650592026926,19.157453522086143,0.836397275177389,0.8911592994161801
172,0.28891570868362826,0.3631515991722573,19.269485414028168,,
173,0.2872136089587342,0.3616988564770765,19.381517305970192,,
174,0.2855568198709501,0.360336615931005,19.493549197912216,,
175,0.28393275533966345,0.3589452700221443,19.60558108985424,,
176,0.2822434828917884,0.35743730558953196,19.717612981796265,,
177,0.28068247149967057,0.35611267037184025,19.82964487373829,,
178,0.27905194800927446,0.35469902064293946,19.941676765680313,,
179,0.2775911389218301,0.3534693731429262,20.053708657622337,,
180,0.2759004361024562,0.3520485581078639,20.16574054956436,,
181,0.27435563709722366,0.350711764140735,20.277772441506386,0.8412283858765454,0.8930358632193495
182,0.27287496385762244,0.34943757675455306,20.38980433344841,,
183,0.2713743564153928,0.34823242410356403,20.501836225390434,,
184,0.2698647181022137,0.34690599986433585,20.61386811733246,,
185,0.2683600925936394,0.3456081138827447,20.725900009274483,,
186,0.26692935443124,0.3444375772331317,20.837931901216507,,
187,0.26550644464418044,0.3432415259535579,20.94996379315853,,
188,0.26408425120301543,0.3420787891425469,21.061995685100555,,
189,0.2626323642877698,0.34086000729193777,21.17402757704258,,
190,0.26120649832046333,0.33957305069262467,21.286059468984604,,
191,0.2598578199557878,0.3383878170482712,21.398091360926628,0.8434911222810987,0.8940783986655546
192,0.2584900721602591,0.33718068652271327,21.510123252868652,,
193,0.257203682017821,0.33607965381854865,21.622155144810677,,
194,0.25585860518130954,0.33503563480130905,21.7341870367527,,
195,0.2544524345901011,0.33383823239230537,21.846218928694725,,
196,0.25315932053855544,0.3327730918131082,21.95825082063675,,
197,0.25186710806821955,0.33175698554106803,22.070282712578773,,
198,0.2506389670629487,0.3307206705331047,22.182314604520798,,
199,0.24940855916101537,0.32972758363899746,22.294346496462822,,
200,0.24809877376053616,0.3285322296229254,22.406378388404846,,
201,0.24690438047279636,0.3275044391947714,22.51841028034687,0.8479904259580847,0.896580483736447
202,0.24563387820789276,0.3264369326583448,22.630442172288895,,
203,0.24437437526704023,0.3253774652802257,22.74247406423092,,
204,0.24319955134302634,0.32436270345290974,22.854505956172943,,
205,0.2420262275322143,0.32340459670458654,22.966537848114967,,
206,0.2408922805426107,0.3224531057269566,23.07856974005699,,
207,0.2397085003830284,0.3214226905597309,23.190601631999016,,
208,0.23851606864274802,0.32039681300338363,23.30263352394104,,
209,0.23735350335364638,0.3193654670728428,23.414665415883064,,
210,0.2361765315989394,0.3185005527672461,23.52669730782509,,
211,0.23504640943907423,0.3175316624998001,23.638729199767113,0.8528410965799795,0.8999165971643036
212,0.2339276086763289,0.3165980875992128,23.750761091709137,,
213,0.2327911377792116,0.31566228445994515,23.86279298365116,,
214,0.23168516544130943,0.31477932535924386,23.974824875593185,,
215,0.2305802507419439,0.31382742049087076,24.08685676753521,,
216,0.2294680968393428,0.3129268224814051,24.198888659477234,,
217,0.22836994328610644,0.3120182990322738,24.310920551419258,,
218,0.2273010260991215,0.3111272373379832,24.422952443361282,,
219,0.22621649533447588,0.3102954077038035,24.534984335303307,,
220,0.22512861552402325,0.30939482584392947,24.64701622724533,,
221,0.22404806489922283,0.30856648050169005,24.759048119187355,0.8553173928319574,0.9011676396997498
222,0.22300307467302005,0.3077240973565179,24.87108001112938,,
223,0.2219353630260021,0.30688512562418757,24.983111903071404,,
224,0.22095294363308146,0.3061223702306771,25.095143795013428,,
225,0.2199973484088307,0.3053962570256643,25.207175686955452,,
226,0.21895969607929985,0.3046135163541302,25.319207578897476,,
227,0.21801307592722666,0.3039866218055397,25.4312394708395,,
228,0.21701667342465833,0.30324171069781103,25.543271362781525,,
229,0.215987245806947,0.30244590280254413,25.65530325472355,,
230,0.21506275787938514,0.3017374080552598,25.767335146665573,,
231,0.2141703133500462,0.30105925205896134,25.879367038607597,0.8571325987178745,0.9026271893244371
232,0.21318696750794588,0.30026582540075036,25.99139893054962,,
233,0.2122654985040794,0.2995300106030405,26.103430822491646,,
234,0.21140836340773292,0.2987898308169167,26.21546271443367,,
235,0.21046967108779632,0.29797228944075804,26.327494606375694,,
236,0.20952974765377613,0.29725697770176085,26.43952649831772,,
237,0.20860237339216112,0.29647241850653305,26.551558390259743,,
238,0.20763369870148635,0.29565190017087234,26.663590282201767,,
239,0.20674851069305555,0.2950316295648647,26.77562217414379,,
240,0.20590736297697962,0.29443184208025647,26.887654066085815,,
241,0.2050710789957118,0.29374197076703557,26.99968595802784,0.8587771394023663,0.9032527105921602
242,0.20417112924978165,0.2930808014595055,27.111717849969864,,
243,0.20333545931968447,0.2924948042797296,27.223749741911888,,
244,0.20251046640834852,0.2918371254881359,27.335781633853912,,
245,0.20169918325872124,0.29117398424030555,27.447813525795937,,
246,0.2008611634792761,0.290509799972215,27.55984541773796,,
247,0.20003034513906467,0.28987094627869425,27.671877309679985,,
248,0.19919727788490962,0.2891437010057977,27.78390920162201,,
249,0.1984945368529292,0.2885800589855587,27.895941093564034,,
250,0.19762512454157363,0.28794568092103007,28.007972985506058,,
251,0.19677623520724893,0.28726574100595353,28.120004877448082,0.8616601320016252,0.9047122602168474
252,0.19597811656396424,0.2865770712791083,28.232036769390106,,
253,0.19523076522894567,0.2860204898313409,28.34406866133213,,
254,0.19444162300575432,0.28537674605610663,28.456100553274155,,
255,0.19363504168624748,0.28473393305928546,28.56813244521618,,
256,0.19288455165419835,0.2842442731954506,28.680164337158203,,
257,0.19212279213821978,0.28361612499836797,28.792196229100227,,
258,0.1913220483382802,0.2830222412325645,28.90422812104225,,
259,0.19055426558606545,0.2825093093117291,29.016260012984276,,
260,0.18983453408204767,0.2819256667713122,29.1282919049263,,
261,0.1890700508702974,0.28132102533932574,29.240323796868324,0.8619087534906286,0.9051292743953294
262,0.18826594264737095,0.2806554319006115,29.35235568881035,,
263,0.1875140085439666,0.2800138318759049,29.464387580752373,,
264,0.18682774314382383,0.2794714472677016,29.576419472694397,,
265,0.18607914666532807,0.278843601535102,29.68845136463642,,
266,0.18537373683300645,0.2783806151028853,29.800483256578445,,
267,0.1846321865451346,0.2778336497995998,29.91251514852047,,
268,0.18396751144269657,0.2772827143478926,30.024547040462494,,
269,0.183260691563026,0.27671787066132125,30.136578932404518,,
270,0.18253658147802343,0.27613915142224943,30.248610824346542,,
271,0.18180990718311132,0.27549528750800506,30.360642716288567,0.8631501282212578,0.9061718098415346
272,0.18108977546782934,0.274965740560239,30.47267460823059,,
273,0.18041247217655507,0.27452401779332797,30.584706500172615,,
274,0.17972818958421274,0.2739869614842086,30.69673839211464,,
275,0.1791117222512876,0.2734663326832731,30.808770284056664,,
276,0.17848471788718753,0.2730247968784708,30.920802175998688,,
277,0.17779649203457343,0.2724317895587923,31.032834067940712,,
278,0.17719860725029588,0.27192001468107785,31.144865959882736,,
279,0.17653061057758532,0.2714217307622161,31.25689785182476,,
280,0.17589504274746084,0.2708633546091696,31.368929743766785,,
281,0.1752444051097586,0.27035040239104613,31.48096163570881,0.8637492506897895,0.9070058381984988
282,0.17457843931272973,0.269805263530075,31.592993527650833,,
283,0.17393834407950814,0.2693228675288704,31.705025419592857,,
284,0.17330806969594711,0.2688044920349169,31.81705731153488,,
285,0.17263474726401065,0.2683196127102984,31.929089203476906,,
286,0.17196292662535353,0.26777668229604373,32.04112109541893,,
287,0.17130648251289268,0.2673473928249303,32.153152987360954,,
288,0.17070686720047723,0.2669013473252359,32.26518487930298,,
289,0.17008698094562816,0.26640082742328336,32.377216771245,,
290,0.1695243859200755,0.26599636679041716,32.48924866318703,,
291,0.16890937639327214,0.2655600262764555,32.60128055512905,0.864210812691646,0.908256880733945
292,0.16833829051991459,0.2651239315813104,32.713312447071075,,
293,0.16781295837691318,0.26473810900908795,32.8253443390131,,
294,0.16723994436967257,0.26426703006131463,32.937376230955124,,
295,0.1666665249255248,0.26379678626383113,33.04940812289715,,
296,0.1660579786347191,0.263293901688883,33.16144001483917,,
297,0.1654913878397315,0.2628978933994635,33.2734719067812,,
298,0.1649377448273108,0.26247015582197375,33.38550379872322,,
299,0.16437007298317272,0.2619954290498272,33.497535690665245,,
300,0.16380698736738375,0.26160811828556657,33.60956758260727,,
301,0.1632463003588574,0.26120910499295613,33.72159947454929,0.8658033019932712,0.908673894912427
302,0.1627047108145796,0.2608477066981636,33.83363136649132,,
303,0.16213653410180298,0.26040446091120173,33.94566325843334,,
304,0.16150364296770603,0.2599435686455182,34.057695150375366,,
305,0.1609431169227134,0.25945364148814787,34.16972704231739,,
306,0.1604544357670836,0.25905677467233423,34.281758934259415,,
307,0.15994497836108046,0.2586668821138761,34.39379082620144,,
308,0.15942328936434438,0.2583144166832528,34.50582271814346,,
309,0.15890097766881653,0.257914523841112,34.61785461008549,,
310,0.1583826040872971,0.2575748124391878,34.72988650202751,,
311,0.15783077482334637,0.25722788104888833,34.841918393969536,0.8697770975473651,0.9111759799833195
312,0.15731829770415798,0.25682807302705785,34.95395028591156,,
313,0.15687223898825775,0.2564693877473813,35.065982177853584,,
314,0.15633287193675408,0.2560273193355638,35.17801406979561,,
315,0.15579911328744547,0.25561882005342274,35.29004596173763,,
316,0.155276363665253,0.25523109744130634,35.40207785367966,,
317,0.154773606007671,0.254832034751364,35.51410974562168,,
318,0.15426753317014402,0.25445275554836455,35.626141637563705,,
319,0.15378466956445866,0.2540736506121596,35.73817352950573,,
320,0.15329186502965503,0.2537413350433838,35.850205421447754,,
321,0.15271213282535828,0.25332861555360797,35.96223731338978,0.8701442078741299,0.9120100083402836
322,0.15219740490476924,0.25297802098343636,36.0742692053318,,
323,0.1517210305812276,0.25269148269161584,36.18630109727383,,
324,0.1512065918018732,0.2523586950344002,36.29833298921585,,
325,0.15065095463598488,0.25195074847316473,36.410364881157875,,
326,0.15016939525170828,0.2515900450718172,36.5223967730999,,
327,0.14971792018982458,0.2512174736491714,36.63442866504192,,
328,0.14917473386941202,0.25084318999040905,36.74646055698395,,
329,0.14873035942182292,0.250493989912894,36.85849244892597,,
330,0.14824142527867926,0.2501942127929033,36.970524340867996,,
331,0.14778206903512076,0.24984147328743062,37.08255623281002,0.8710539475383146,0.9126355296080066
332,0.14728525285395608,0.24956176708414002,37.194588124752045,,
333,0.14682614931180774,0.24915587316131796,37.30662001669407,,
334,0.14639804234684048,0.2488278298336751,37.41865190863609,,
335,0.14596732944357382,0.24857317943906498,37.53068380057812,,
336,0.14548493659597186,0.2482044826709738,37.64271569252014,,
337,0.1450558729002607,0.24791141754834586,37.754747584462166,,
338,0.14464310914442044,0.24760451556415064,37.86677947640419,,
339,0.1442449334399824,0.2472799523550826,37.978811368346214,,
340,0.14382328505013964,0.24694406537773003,38.09084326028824,,
341,0.14339645711061405,0.2467107422650176,38.20287515223026,0.8748561211513347,0.914720600500417
342,0.14291843620928912,0.2463073100854226,38.31490704417229,,
343,0.14248826225032196,0.24604817826322803,38.42693893611431,,
344,0.14207592562449572,0.24574511117548548,38.538970828056335,,
345,0.1416486232980266,0.2455442191424423,38.65100271999836,,
346,0.14124050621261344,0.2452686847930054,38.763034611940384,,
347,0.14081632051764198,0.2449565096171132,38.87506650388241,,
348,0.14036433824344854,0.24470893713571165,38.98709839582443,,
349,0.1399306461443634,0.24451165527468316,39.09913028776646,,
350,0.13948145057812636,0.244232804019472,39.21116217970848,,
351,0.13907544835156005,0.2439537512881034,39.323194071650505,0.8742748294942915,0.914303586321935
352,0.13866154863799118,0.24364479405778913,39.43522596359253,,
353,0.13821903675268823,0.24332405250148664,39.54725785553455,,
354,0.13780089135929255,0.24298002065763158,39.65928974747658,,
355,0.13735905946570504,0.24265710210704214,39.7713216394186,,
356,0.1369635396834158,0.24241986724873937,39.883353531360626,,
357,0.13659453759246445,0.24218196239642298,39.99538542330265,,
358,0.1362636067959674,0.24197942318098742,40.107417315244675,,
359,0.1358645566656291,0.2417052929436299,40.2194492071867,,
360,0.13545558528393772,0.24138047411773075,40.33148109912872,,
361,0.13503239838597442,0.24111159298294627,40.44351299107075,0.877071309299996,0.9153461217681401
362,0.13457342666838104,0.24073635299258342,40.55554488301277,,
363,0.13424710453064853,0.24049423883176183,40.667576774954796,,
364,0.13383865648319962,0.24019192502325568,40.77960866689682,,
365,0.1334179320620993,0.2398864046603963,40.891640558838844,,
366,0.1330055225251427,0.23958602236968854,41.00367245078087,,
367,0.1326164559395198,0.23929661749747078,41.11570434272289,,
368,0.13223477117516066,0.239061101966752,41.22773623466492,,
369,0.13176715664401487,0.23873649112351264,41.33976812660694,,
370,0.1314347659012325,0.23847408327510206,41.451800018548965,,
371,0.13107044690255631,0.2382254916251945,41.56383191049099,0.8776174185734761,0.9161801501251042
372,0.13067865201478757,0.23787332914789044,41.675863802433014,,
373,0.13027607379545378,0.23756592059194354,41.78789569437504,,
374,0.12992041202527496,0.23732292481409703,41.89992758631706,,
375,0.129507991241229,0.23709127492075185,42.01195947825909,,
376,0.12912347229204613,0.2367411079007293,42.12399137020111,,
377,0.1287275226051905,0.2364471386707577,42.236023262143135,,
378,0.1283337136239631,0.23621929089747845,42.34805515408516,,
379,0.1280085518579401,0.2360160195822695,42.46008704602718,,
380,0.12762715587621223,0.2357283321018548,42.57211893796921,,
381,0.12723401717917662,0.23552772430721491,42.68415082991123,0.8773393119480891,0.9163886572143453
382,0.12688027850537134,0.23523638397858154,42.796182721853256,,
383,0.12650319748328198,0.23492593059433495,42.90821461379528,,
384,0.1261581012886226,0.2346739302147512,43.020246505737305,,
385,0.12585303323154798,0.23449105412841137,43.13227839767933,,
386,0.12554203433184827,0.23428299364637523,43.24431028962135,,
387,0.12519112393772913,0.2340365752441098,43.35634218156338,,
388,0.12478090397346911,0.23378427443593977,43.4683740735054,,
389,0.12442810718883583,0.23357170263568405,43.580405965447426,,
390,0.12410724106854569,0.23333157166475807,43.69243785738945,,
391,0.12376376125300954,0.23315677377487207,43.804469749331474,0.8785388829028514,0.9161801501251042
392,0.12342189236952558,0.23297802589428637,43.9165016412735,,
393,0.1230826781785834,0.2327254311663323,44.02853353321552,,
394,0.12275387164866938,0.23249319307407534,44.14056542515755,,
395,0.12239456275227358,0.23225225824575807,44.25259731709957,,
396,0.12205266286905508,0.23202680991555244,44.364629209041595,,
397,0.12172174070127365,0.2318100212999148,44.47666110098362,,
398,0.12136678373460083,0.23165106019727436,44.588692992925644,,
399,0.12104216523886595,0.2314811065091038,44.70072488486767,,
400,0.12068777174635009,0.23119907636723902,44.81275677680969,,
401,0.12034575277936796,0.2309564190243773,44.92478866875172,0.8793789941642325,0.9165971643035863
402,0.11996682775538461,0.2307048081021853,45.03682056069374,,
403,0.1196389556671443,0.23050896613308242,45.148852452635765,,
404,0.11929367305816832,0.23026256039147475,45.26088434457779,,
405,0.11898154725233945,0.22999928160188376,45.37291623651981,,
406,0.11860818363856086,0.2297220220308639,45.48494812846184,,
407,0.11828609901294947,0.2295282356075172,45.59698002040386,,
408,0.1179290458930124,0.229240817243323,45.709011912345886,,
409,0.11760594802740036,0.2290504499193728,45.82104380428791,,
410,0.11729927818637462,0.2288044841703539,45.933075696229935,,
411,0.11697049468294182,0.22856036294513227,46.04510758817196,0.8786382110812063,0.9163886572143453
412,0.1166528860957757,0.2283672908402594,46.15713948011398,,
413,0.11637945297452967,0.22820690400952515,46.26917137205601,,
414,0.11604349300688362,0.227949143536944,46.38120326399803,,
415,0.11569980403252088,0.22773743593826265,46.493235155940056,,
416,0.11539113332449816,0.22744436415363076,46.60526704788208,,
417,0.11511744032352794,0.22726091846288682,46.717298939824104,,
418,0.11481939435009716,0.22708473803352286,46.82933083176613,,
419,0.11450219257981262,0.226853628532856,46.94136272370815,,
420,0.11417220952076954,0.22661571463435792,47.05339461565018,,
421,0.11388767269762057,0.22644547860895717,47.1654265075922,0.8789479694250397,0.9163886572143453
422,0.1135906204503995,0.22625451498283872,47.277458399534225,,
423,0.11332707198016831,0.22608949993120134,47.38949029147625,,
424,0.11302294490653515,0.22587344085974037,47.501522183418274,,
425,0.11278565609693268,0.22573127094444928,47.6135540753603,,
426,0.11252818304061143,0.2255914961970818,47.72558596730232,,
427,0.11223866280470012,0.22537256148066084,47.83761785924435,,
428,0.1119133555063556,0.2251362211289634,47.94964975118637,,
429,0.11161843105556189,0.2249181335816765,48.061681643128395,,
430,0.11133216299689974,0.22470290727158815,48.17371353507042,,
431,0.111037761358931,0.2245469274298819,48.28574542701244,0.8796041180069144,0.9165971643035863
432,0.11073896978198562,0.22434567710898182,48.39777731895447,,
433,0.1104069020766886,0.2241086018702822,48.50980921089649,,
434,0.1101140841458025,0.22391002216065714,48.621841102838516,,
435,0.10982279480860678,0.22368646139702386,48.73387299478054,,
436,0.10950480931045257,0.22344683280136968,48.845904886722565,,
437,0.1091734491560939,0.2232767461401978,48.95793677866459,,
438,0.10892333219713463,0.22315362516153792,49.06996867060661,,
439,0.10862667071223493,0.2229576239777398,49.18200056254864,,
440,0.10830806533057087,0.22275131365681777,49.29403245449066,,
441,0.10802956597438704,0.2225143149590562,49.406064346432686,0.8807057038031331,0.9170141784820683
442,0.10772689060918927,0.22236031530592815,49.51809623837471,,
443,0.1074346995449663,0.22213734024016754,49.630128130316734,,
444,0.1071458264933098,0.2219544103535402,49.74216002225876,,
445,0.10688351566042799,0.2217612634559222,49.85419191420078,,
446,0.1066310178512969,0.22157114502132466,49.96622380614281,,
447,0.10637003195274977,0.2213905977969216,50.07825569808483,,
448,0.1060944368042742,0.22122475744742692,50.190287590026855,,
449,0.10584818158400004,0.2210084020595094,50.30231948196888,,
450,0.10556904788104449,0.22077379055887808,50.414351373910904,,
451,0.10533295819207475,0.22062677692240332,50.52638326585293,0.8812221667273921,0.9170141784820683
452,0.10510198361644496,0.22045527001354487,50.63841515779495,,
453,0.10484226701083141,0.22032564029626803,50.75044704973698,,
454,0.10453748290172435,0.22015568326612694,50.862478941679,,
455,0.1042871546051404,0.21994184323838384,50.974510833621025,,
456,0.10399501096003533,0.21973305959033068,51.08654272556305,,
457,0.10370891607896549,0.21958860242624628,51.19857461750507,,
458,0.10345333405418998,0.21947025062591374,51.3106065094471,,
459,0.10321279003075137,0.21929285489378642,51.42263840138912,,
460,0.10292053307535308,0.21910594167708097,51.534670293331146,,
461,0.10266085270690595,0.21898797401840386,51.64670218527317,0.8816061030399174,0.9172226855713094
462,0.10241031546911837,0.21878408014543627,51.758734077215195,,
463,0.10217621341175172,0.21863158297667568,51.87076596915722,,
464,0.10189797819636061,0.21844827235186318,51.98279786109924,,
465,0.10165723224816582,0.21829317727613312,52.09482975304127,,
466,0.10135183296947785,0.2180667111821516,52.20686164498329,,
467,0.10110331833448022,0.2177985176188412,52.318893536925316,,
468,0.10083214385951329,0.21769250887204827,52.43092542886734,,
469,0.10056754662758537,0.21746626871367558,52.542957320809364,,
470,0.10030185292372598,0.21736206686716125,52.65498921275139,,
471,0.1000042458749479,0.2172188832650791,52.76702110469341,0.8826727840954237,0.9178482068390326
472,0.09975096609285262,0.21710245418856405,52.87905299663544,,
473,0.09953329818108958,0.21693335813967304,52.99108488857746,,
474,0.0993002086566991,0.21681910565050408,53.103116780519485,,
475,0.09904163443251995,0.21666085850679348,53.21514867246151,,
476,0.09877361862824466,0.21648185316683902,53.327180564403534,,
477,0.09853503831587994,0.21634157491713932,53.43921245634556,,
478,0.09826927973933583,0.21616717790281023,53.55124434828758,,
479,0.09799272190160167,0.2160061487767531,53.66327624022961,,
480,0.09773564249498519,0.21587877979754125,53.77530813217163,,
481,0.09750842470548914,0.21576340768700936,53.887340024113655,0.8833412380735266,0.9182652210175146
482,0.09727318285344262,0.21556851625711346,53.99937191605568,,
483,0.09704983049140715,0.21540314113501868,54.1114038079977,,
484,0.0967788590533215,0.2152566752933986,54.22343569993973,,
485,0.09653784284084212,0.21507625056189322,54.33546759188175,,
486,0.09629747616620228,0.21494143992535164,54.447499483823776,,
487,0.09604940042611664,0.2147092885325075,54.5595313757658,,
488,0.09581704043564196,0.21463463212801054,54.671563267707825,,
489,0.09558951222001544,0.2144824273922172,54.78359515964985,,
490,0.09533500145986853,0.21434534646130934,54.89562705159187,,
491,0.09512383099993683,0.21421065169149967,55.0076589435339,0.8848483610952308,0.9190992493744787
492,0.09490821577700397,0.21411716165554076,55.11969083547592,,
493,0.09464494547678931,0.2138809967170275,55.231722727417946,,
494,0.09441973211952412,0.21368718841364137,55.34375461935997,,
495,0.09421215359431319,0.21355930324752564,55.455786511301994,,
496,0.09402772973401333,0.21339811707197756,55.56781840324402,,
497,0.09378767861789375,0.21328107441417535,55.67985029518604,,
498,0.09355695411517935,0.2131724383218809,55.79188218712807,,
499,0.09332851366998024,0.21305333846386743,55.90391407907009,,
500,0.09313205300971644,0.21295940466023708,56.015945971012115,,
501,0.09291724708937216,0.2128069334899719,56.12797786295414,0.8835641722121298,0.9193077564637198
502,0.0927178933361134,0.21267571854028017,56.240009754896164,,
503,0.09252137360739118,0.21252639790303704,56.35204164683819,,
504,0.09229406805090194,0.21238279672166227,56.46407353878021,,
505,0.0920664979658339,0.2121888436760174,56.57610543072224,,
506,0.09185341209149232,0.2121226016573112,56.68813732266426,,
507,0.09162186596498803,0.21195867119635928,56.800169214606285,,
508,0.0914564154134879,0.2118428582479547,56.91220110654831,,
509,0.09124768037626345,0.21167296452604067,57.024232998490334,,
510,0.09099982779133238,0.21157072188481632,57.13626489043236,,
511,0.090771649195453,0.21144980765127727,57.24829678237438,0.8840519438806075,0.9195162635529608
512,0.09055923118266188,0.21125323238664379,57.360328674316406,,
513,0.09032966326811892,0.21113424078026094,57.47236056625843,,
514,0.09011542379762176,0.21098924309561676,57.584392458200455,,
515,0.08989993607814868,0.21086656099456275,57.69642435014248,,
516,0.08971320793728918,0.21075689311460447,57.8084562420845,,
517,0.08951759537370792,0.21061716292296068,57.92048813402653,,
518,0.08929211712990962,0.21049475121008626,58.03252002596855,,
519,0.08906261197617925,0.21035496645135762,58.144551917910576,,
520,0.08885103913472137,0.21023502469758323,58.2565838098526,,
521,0.0886318236120821,0.21007679423885106,58.368615701794624,0.885509682237064,0.920767306088407
522,0.08839658004964594,0.20989404226818106,58.48064759373665,,
523,0.0882103857262757,0.20975122980601255,58.59267948567867,,
524,0.08797841981126638,0.20953981188365567,58.7047113776207,,
525,0.0877808271273951,0.20944677435556674,58.81674326956272,,
526,0.08758654686601186,0.20936063201744956,58.928775161504745,,
527,0.08738099475827747,0.209258955749828,59.04080705344677,,
528,0.08718141760758254,0.20907753849589958,59.152838945388794,,
529,0.08695275681595871,0.20889427740477187,59.26487083733082,,
530,0.08671780049758851,0.20874278420147666,59.37690272927284,,
531,0.08651864677019898,0.20864771043844932,59.48893462121487,0.8857017855550807,0.9211843202668891
532,0.08635637845349584,0.20856074519385423,59.60096651315689,,
533,0.08617681947568676,0.20841628046198651,59.712998405098915,,
534,0.08595299102666452,0.20823400888468702,59.82503029704094,,
535,0.08572371757613,0.20809669556992721,59.937062188982964,,
536,0.08555997694996678,0.2079600526438714,60.04909408092499,,
537,0.08531936741520593,0.20781836382473912,60.16112597286701,,
538,0.08512361349019287,0.20769647332625807,60.273157864809036,,
539,0.08493170363257661,0.20753716641580913,60.38518975675106,,
540,0.08474095150933424,0.2074189113669768,60.497221648693085,,
541,0.08452572762143842,0.20723048573560843,60.60925354063511,0.8862219440423065,0.9216013344453712
542,0.08431095273284196,0.20710080795610303,60.72128543257713,,
543,0.08412613622502013,0.20698279961230232,60.83331732451916,,
544,0.08395637089099352,0.20688786837428272,60.94534921646118,,
545,0.08377560644152345,0.20677762528229154,61.057381108403206,,
546,0.08359113487961298,0.20665439095605745,61.16941300034523,,
547,0.08338549273029565,0.20654759681500254,61.281444892287254,,
548,0.08321640537229992,0.2063973209686832,61.39347678422928,,
549,0.08303940047776798,0.20626430604536536,61.5055086761713,,
550,0.08283986360107076,0.20614169886563882,61.61754056811333,,
551,0.08264029229892242,0.2059760909758065,61.72957246005535,0.8857995554732881,0.9218098415346122
552,0.08247160330772677,0.2058921994472717,61.841604351997375,,
553,0.08228202869956903,0.20573573521460542,61.9536362439394,,
554,0.08208177453520808,0.2055855369906611,62.065668135881424,,
555,0.08189410726807114,0.2054342539055086,62.17770002782345,,
556,0.08166688290397142,0.20528148897753906,62.28973191976547,,
557,0.08144220638213194,0.20508848314617062,62.4017638117075,,
558,0.08125123234965063,0.20494748538244756,62.51379570364952,,
559,0.08106526858457021,0.2048050765814885,62.625827595591545,,
560,0.08089611390349497,0.20466248456455124,62.73785948753357,,
561,0.08072748409213241,0.20454879151423136,62.849891379475594,0.8856532154871809,0.9222268557130943
562,0.08056425935647883,0.20443403108519556,62.96192327141762,,
563,0.08036993727875115,0.20429843282077464,63.07395516335964,,
564,0.08017826284148699,0.2041702013742879,63.185987055301666,,
565,0.08002026426158206,0.2040658066041622,63.29801894724369,,
566,0.07982582523253835,0.20391359564915765,63.410050839185715,,
567,0.0796054169731191,0.20379997305303676,63.52208273112774,,
568,0.07940522641369131,0.20362483662252276,63.63411462306976,,
569,0.07924343814245016,0.20350069021475412,63.74614651501179,,
570,0.07906201584225496,0.2033958448234957,63.85817840695381,,
571,0.07891050624557822,0.2032952212898116,63.970210298895836,0.885966171950401,0.9224353628023353
572,0.07872292540122815,0.20320208327762357,64.08224219083786,,
573,0.07853929717174217,0.20306859107334976,64.19427408277988,,
574,0.07838588667220223,0.20295326614321962,64.30630597472191,,
575,0.07816997528709159,0.202791162555785,64.41833786666393,,
576,0.07800915854383159,0.20269980568612925,64.53036975860596,,
577,0.07781286809693164,0.2025847215676264,64.64240165054798,,
578,0.07765044737376028,0.20248946491599043,64.75443354249,,
579,0.07748538472897314,0.20235553279853988,64.86646543443203,,
580,0.07731077462273461,0.20223241536473155,64.97849732637405,,
581,0.07713276597870129,0.2020794122445022,65.09052921831608,0.8867083189900625,0.9232693911592994
582,0.07696362974091402,0.20202106997209973,65.2025611102581,,
583,0.07678715869977668,0.20192288023386265,65.31459300220013,,
584,0.07662929996575625,0.20179788462400036,65.42662489414215,,
585,0.07648039781420116,0.20171547793971217,65.53865678608418,,
586,0.07629371893577606,0.20154662219440808,65.6506886780262,,
587,0.07613368247088348,0.2014142958485944,65.76272056996822,,
588,0.07594400669477357,0.20129861564868934,65.87475246191025,,
589,0.07579214454555883,0.2012008456011099,65.98678435385227,,
590,0.07563886543177287,0.20111992215077723,66.0988162457943,,
591,0.07542294458291522,0.20098211512404374,66.21084813773632,0.8862035564363703,0.9232693911592994
592,0.07525466339781209,0.2008653626405595,66.32288002967834,,
593,0.07508984126620492,0.20075276996226554,66.43491192162037,,
594,0.07491598689369196,0.2006211744311009,66.5469438135624,,
595,0.07474094195747785,0.20051907044534156,66.65897570550442,,
596,0.0745571676322988,0.20035346367204784,66.77100759744644,,
597,0.0743657461481293,0.2002109739627898,66.88303948938847,,
598,0.07415247348825323,0.20006665134194893,66.99507138133049,,
599,0.07396381115555081,0.19998680750478062,67.10710327327251,,
600,0.07383438027216581,0.19989984603936736,67.21913516521454,,
601,0.07367665986026299,0.1997751610253622,67.33116705715656,0.8861371772294258,0.9230608840700584
602,0.07353012487512398,0.19968085916066794,67.44319894909859,,
603,0.07339096805521589,0.1996113120323307,67.55523084104061,,
604,0.07325754859212517,0.19952514841859811,67.66726273298264,,
605,0.0731029979310308,0.19943459527012944,67.77929462492466,,
606,0.07294305477418446,0.19927995909253163,67.89132651686668,,
607,0.07278344400612069,0.19920236288587714,68.00335840880871,,
608,0.07262087031025667,0.19911828966137482,68.11539030075073,,
609,0.07247671570172907,0.19900194083208428,68.22742219269276,,
610,0.0723211450727341,0.19892328576053017,68.33945408463478,,
611,0.07219216202324487,0.1988471465460289,68.4514859765768,0.885719215770653,0.9230608840700584
612,0.07204252631930863,0.198760189918425,68.56351786851883,,
613,0.07186328565525829,0.1986469673284645,68.67554976046085,,
614,0.07168287446829641,0.198577141980238,68.78758165240288,,
615,0.07150211838740345,0.19851094505223024,68.8996135443449,,
616,0.0713707125548703,0.1984049440771932,69.01164543628693,,
617,0.07121038720979414,0.19831581513171856,69.12367732822895,,
618,0.07105001182270027,0.1982699488526684,69.23570922017097,,
619,0.07088799435906516,0.19815002764829875,69.347741112113,,
620,0.07073912319806855,0.19806674533851754,69.45977300405502,,
621,0.07056816310288701,0.1979479361963203,69.57180489599705,0.8863297632596913,0.9236864053377815
622,0.0704111281723875,0.19783439140562636,69.68383678793907,,
623,0.07025714858032474,0.19768217375151745,69.7958686798811,,
624,0.07009377253979895,0.19753121648588903,69.90790057182312,,
625,0.06996425269019776,0.19742655338070095,70.01993246376514,,
626,0.0698147442152499,0.19731303296535554,70.13196435570717,,
627,0.06968367784484332,0.1972263127746268,70.24399624764919,,
628,0.06953715134716251,0.19709097924432845,70.35602813959122,,
629,0.06939503249719792,0.19701882803745016,70.46806003153324,,
630,0.06922771715816237,0.19689040755899795,70.58009192347527,,
631,0.06907979765685111,0.196824728308053,70.69212381541729,0.886797441570405,0.9238949124270225
632,0.06891423146443136,0.19668231389506635,70.80415570735931,,
633,0.06876381910676604,0.1965678498757342,70.91618759930134,,
634,0.06862180050487836,0.19644417273320566,71.02821949124336,,
635,0.06846915284683383,0.19632770311524517,71.14025138318539,,
636,0.06832225765484541,0.19621371263116094,71.25228327512741,,
637,0.06815616405430025,0.19610860169674307,71.36431516706944,,
638,0.06801949845230752,0.196007744688754,71.47634705901146,,
639,0.06786445949005222,0.19592691793153869,71.58837895095348,,
640,0.06772927476314566,0.19585569628160693,71.70041084289551,,
641,0.06756906198341532,0.195710430545916,71.81244273483753,0.8863075377249083,0.9234778982485404
642,0.06744099707836786,0.1956325777587855,71.92447462677956,,
643,0.06730513368114885,0.19555760354744084,72.03650651872158,,
644,0.06713820286543984,0.1954407667013042,72.1485384106636,,
645,0.0669985823422198,0.19535433192535898,72.26057030260563,,
646,0.06685693865901655,0.1952643687141855,72.37260219454765,,
647,0.06673857834407368,0.1951728343103728,72.48463408648968,,
648,0.06658695869787948,0.19510027294350696,72.5966659784317,,
649,0.06644015856112653,0.19501036285809376,72.70869787037373,,
650,0.06634079016427953,0.1949512479769116,72.82072976231575,,
651,0.0661961118966393,0.1948200926040443,72.93276165425777,0.8865961246662353,0.9238949124270225
652,0.06603305120336657,0.19475893797257957,73.0447935461998,,
653,0.06587294775797278,0.19465133169425972,73.15682543814182,,
654,0.06573171051507758,0.19454051815028364,73.26885733008385,,
655,0.06558300549315839,0.1944768355548878,73.38088922202587,,
656,0.06545696687364529,0.19443387160071932,73.4929211139679,,
657,0.06531611365251679,0.19434138608305673,73.60495300590992,,
658,0.06517111259269984,0.19429986587195688,73.71698489785194,,
659,0.06504709476844152,0.19424053786530512,73.82901678979397,,
660,0.06490891118589366,0.19414719149052295,73.94104868173599,,
661,0.0647887273384872,0.19408793006329314,74.05308057367802,0.8874402074108217,0.9245204336947456
662,0.06462454677323143,0.19399652885205154,74.16511246562004,,
663,0.0644568083919631,0.1938979823790681,74.27714435756207,,
664,0.0643053252768326,0.19381115175149408,74.38917624950409,,
665,0.06414802424979726,0.1937209193300736,74.50120814144611,,
666,0.0640058721888665,0.19365570304519703,74.61324003338814,,
667,0.06389713288599289,0.19359127785691474,74.72527192533016,,
668,0.06376631987158485,0.19350704420673415,74.83730381727219,,
669,0.06361027818117333,0.19342994479784564,74.94933570921421,,
670,0.06347200513603474,0.19334046438587876,75.06136760115623,,
671,0.06335887525336142,0.1932299111400206,75.17339949309826,0.8875696337363307,0.9245204336947456
672,0.06324741058230358,0.19315152211065142,75.28543138504028,,
673,0.06310091420949694,0.19307147444464343,75.39746327698231,,
674,0.06295392029484767,0.19294835981852715,75.50949516892433,,
675,0.06279162996265168,0.19287544623266042,75.62152706086636,,
676,0.06265141813190622,0.19276376990772176,75.73355895280838,,
677,0.06249407994697084,0.19263808716030462,75.8455908447504,,
678,0.06234922190005945,0.192542990899273,75.95762273669243,,
679,0.06221677494420577,0.1924611556685058,76.06965462863445,,
680,0.06210475965039618,0.19234228296297318,76.18168652057648,,
681,0.06196381033680488,0.19226665477879645,76.2937184125185,0.8879952396530254,0.9247289407839867
682,0.06186242729920913,0.19220526227996368,76.40575030446053,,
683,0.0617384419746703,0.19213560813402233,76.51778219640255,,
684,0.06161266834597485,0.19206503815845694,76.62981408834457,,
685,0.06148563816077367,0.19198972593253139,76.7418459802866,,
686,0.06137808228526655,0.19195945769603923,76.85387787222862,,
687,0.06126385638666627,0.19185690956543366,76.96590976417065,,
688,0.06114609260841834,0.1917806931463473,77.07794165611267,,
689,0.06102289153840739,0.1917143822362278,77.1899735480547,,
690,0.06088629966196404,0.1916218322013493,77.30200543999672,,
691,0.06075484947469361,0.19156355856013005,77.41403733193874,0.8889284310000133,0.9253544620517098
692,0.06062645295267154,0.19143859219426507,77.52606922388077,,
693,0.06048898017771924,0.19134936127883415,77.63810111582279,,
694,0.06036509859552526,0.19124978282988545,77.75013300776482,,
695,0.06024044323558475,0.19115439797847508,77.86216489970684,,
696,0.06010600937413395,0.19103520603158344,77.97419679164886,,
697,0.059990965437341,0.19092379532586348,78.08622868359089,,
698,0.05984934601771049,0.19083278866095887,78.19826057553291,,
699,0.05974614890043607,0.19078092152298712,78.31029246747494,,
700,0.05962190637734298,0.1907206090713202,78.42232435941696,,
701,0.05949570858106638,0.19067639514913282,78.53435625135899,0.8892885102549002,0.9255629691409508
702,0.05940032461339308,0.19062081333485767,78.64638814330101,,
703,0.05926946960271919,0.19056037672512172,78.75842003524303,,
704,0.05914327105715069,0.19048308632011535,78.87045192718506,,
705,0.05899930191192535,0.1903946081487401,78.98248381912708,,
706,0.05889355375901312,0.19029862936416464,79.0945157110691,,
707,0.05876036180851987,0.19022099430636707,79.20654760301113,,
708,0.05863529587547009,0.19016662185697944,79.31857949495316,,
709,0.05852004047522295,0.1901357875945337,79.43061138689518,,
710,0.05836264873541275,0.19002056725151695,79.5426432788372,,
711,0.05825218654803869,0.18996995952755671,79.65467517077923,0.8894517806080321,0.9255629691409508
712,0.05812389934068726,0.1898576531008808,79.76670706272125,,
713,0.05799466480184889,0.18972600596396993,79.87873895466328,,
714,0.05788773584064726,0.189628946142935,79.9907708466053,,
715,0.05775703294506161,0.1895809719287549,80.10280273854733,,
716,0.05764613175676242,0.18949367063722403,80.21483463048935,,
717,0.05751539349544809,0.18939776480535653,80.32686652243137,,
718,0.05742010916056459,0.18930818710867786,80.4388984143734,,
719,0.05727374246266303,0.18921639716123587,80.55093030631542,,
720,0.0571665146667272,0.1891566994475574,80.66296219825745,,
721,0.05703431564386111,0.18907447172057185,80.77499409019947,0.8897727281235684,0.9259799833194329
722,0.05693314851239278,0.1890346864618287,80.8870259821415,,
723,0.0568124897772698,0.1889799021528973,80.99905787408352,,
724,0.05671253697375672,0.18899498510490215,81.11108976602554,,
725,0.05658669914246937,0.18887810169168404,81.22312165796757,,
726,0.05646168563822379,0.18879639077813234,81.33515354990959,,
727,0.05634879618186301,0.18876830575787634,81.44718544185162,,
728,0.05623667853285768,0.18868427695154708,81.55921733379364,,
729,0.05612574965501838,0.18862946292534088,81.67124922573566,,
730,0.05601402780697982,0.18854560000659168,81.78328111767769,,
731,0.05590792896634046,0.18843103781449178,81.89531300961971,0.889691355805199,0.9257714762301918
732,0.05579288622488612,0.18832095671557544,82.00734490156174,,
733,0.0556874660673242,0.18824449753315287,82.11937679350376,,
734,0.05557449235927817,0.1881788765900494,82.23140868544579,,
735,0.05548058123206045,0.18814766566197952,82.34344057738781,,
736,0.05538321390755208,0.18804856876820378,82.45547246932983,,
737,0.05528634972350378,0.1879690598717594,82.56750436127186,,
738,0.0551776212413699,0.18786114368899526,82.67953625321388,,
739,0.05505416383198153,0.18779767368983605,82.7915681451559,,
740,0.05494641179230632,0.1877237723960623,82.90360003709793,,
741,0.05482554695831676,0.1876671600439689,83.01563192903996,0.89006396150923,0.9261884904086739
742,0.05471223950622703,0.1876127423254106,83.12766382098198,,
743,0.05461625952819798,0.1875561165212731,83.239695712924,,
744,0.05451624202756343,0.1874821237696209,83.35172760486603,,
745,0.05441064520851729,0.18740955476647406,83.46375949680805,,
746,0.05430133482820124,0.1873604804489858,83.57579138875008,,
747,0.05418716089155064,0.18725819775482047,83.6878232806921,,
748,0.05407698362310942,0.18715811513852312,83.79985517263412,,
749,0.05394004665133201,0.18703446522657238,83.91188706457615,,
750,0.05382061637379048,0.1869573802706671,84.02391895651817,,
751,0.05369601450902738,0.18683804620391084,84.1359508484602,0.8908770143034549,0.9263969974979149
752,0.05359508726819934,0.18678284438134377,84.24798274040222,,
753,0.05348093866479955,0.18672218610054836,84.36001463234425,,
754,0.05336364606869175,0.18664095254535107,84.47204652428627,,
755,0.05325686976452666,0.1866174730897532,84.5840784162283,,
756,0.05311713781938383,0.18651385542445478,84.69611030817032,,
757,0.05300075869479111,0.18645500861913855,84.80814220011234,,
758,0.05289628220861243,0.18640360111951126,84.92017409205437,,
759,0.05280960451159786,0.18632345303107478,85.03220598399639,,
760,0.05271389900811681,0.18626886469162557,85.14423787593842,,
761,0.05260196373177993,0.18617551864953566,85.25626976788044,0.8917735237149998,0.927022518765638
762,0.05249028991845139,0.18602685341526023,85.36830165982246,,
763,0.05236615543485987,0.18594314081101887,85.48033355176449,,
764,0.05223910607165268,0.18589166465088855,85.59236544370651,,
765,0.0521269029413693,0.18584919605741557,85.70439733564854,,
766,0.05201947849561327,0.18578519475731983,85.81642922759056,,
767,0.05190254904882707,0.18574117728399192,85.92846111953259,,
768,0.0517930986825032,0.18566749172115685,86.04049301147461,,
769,0.05168464867841623,0.18559490356485375,86.15252490341663,,
770,0.05158918029867816,0.18551854464519651,86.26455679535866,,
771,0.05150375798719786,0.18545184471428428,86.37658868730068,0.8913471942961849,0.926814011676397
772,0.05137567413121809,0.18536440481993627,86.4886205792427,,
773,0.0512571534584531,0.18532545863029265,86.60065247118473,,
774,0.05115890025615679,0.18525557424769254,86.71268436312675,,
775,0.05105309882613721,0.18513391351416034,86.82471625506878,,
776,0.05094909929561687,0.185100719171393,86.9367481470108,,
777,0.05082938856576764,0.18503864270080095,87.04878003895283,,
778,0.05071285459397377,0.18495527080354365,87.16081193089485,,
779,0.05061467567252215,0.184876007279362,87.27284382283688,,
780,0.05048192861652608,0.18481795959834715,87.3848757147789,,
781,0.05035522958610322,0.1847989470718532,87.49690760672092,0.8910266314432077,0.926814011676397
782,0.05025443775454343,0.18471462338515,87.60893949866295,,
783,0.05015572767483254,0.18463896963101653,87.72097139060497,,
784,0.05002176674292588,0.1845108908290798,87.833003282547,,
785,0.04992205492243628,0.18450422064756405,87.94503517448902,,
786,0.04981119866330019,0.18442923233020914,88.05706706643105,,
787,0.04971805751972776,0.1843963699158046,88.16909895837307,,
788,0.04963023407513709,0.18432012695305391,88.2811308503151,,
789,0.04952223789704822,0.184263362757374,88.39316274225712,,
790,0.04944144114519764,0.1842195851060087,88.50519463419914,,
791,0.04936188099098126,0.18411352868437392,88.61722652614117,0.8901178724580188,0.9261884904086739
792,0.04927815223959379,0.18407699661274596,88.72925841808319,,
793,0.04917798757437874,0.18402111174395996,88.84129031002522,,
794,0.04905999049195339,0.1839807550150566,88.95332220196724,,
795,0.04895123794596259,0.1838876192271179,89.06535409390926,,
796,0.0488500042198337,0.18388354335004675,89.17738598585129,,
797,0.048749772764306,0.18377866988447916,89.28941787779331,,
798,0.04865073009843334,0.18374597399474377,89.40144976973534,,
799,0.04857213134033486,0.18370239605347924,89.51348166167736,,
800,0.04845637722446956,0.18363280145257718,89.62551355361938,,
801,0.04837224710738944,0.1835736389932109,89.73754544556141,0.8912777368918192,0.926814011676397
802,0.04825315327422931,0.18348243046171375,89.84957733750343,,
803,0.04815394040215517,0.18342958254493114,89.96160922944546,,
804,0.04807299736935667,0.18334642340298385,90.07364112138748,,
805,0.04797793215251581,0.18329229670520336,90.1856730133295,,
806,0.04786984574636137,0.18319076342265483,90.29770490527153,,
807,0.04773951680759878,0.18313646089789584,90.40973679721355,,
808,0.04765259509524448,0.18308531949960366,90.52176868915558,,
809,0.04754282094916779,0.18300951035832483,90.6338005810976,,
810,0.04745757529306341,0.18296486118601304,90.74583247303963,,
811,0.0473540081302081,0.1829119858269673,90.85786436498165,0.8923488642900911,0.9276480400333611
812,0.04724684941406901,0.18283835744232443,90.96989625692368,,
813,0.04718161020679171,0.1828396318528828,91.0819281488657,,
814,0.04707110587703006,0.18279275710592796,91.19396004080772,,
815,0.04699368346195018,0.18273764793769823,91.30599193274975,,
816,0.04688660940188112,0.18271840073256865,91.41802382469177,,
817,0.04679518710692902,0.18264200534368566,91.5300557166338,,
818,0.04670659430043719,0.18261173904456798,91.64208760857582,,
819,0.04660982790048461,0.18256475372412048,91.75411950051785,,
820,0.04652518694032781,0.18247743110091535,91.86615139245987,,
821,0.04645244210793263,0.1824241152651147,91.9781832844019,0.8920493978549671,0.9276480400333611
822,0.0463649657727097,0.18234040548398414,92.09021517634392,,
823,0.0462767415485211,0.18230406447711453,92.20224706828594,,
824,0.04620044238633839,0.18220323501212932,92.31427896022797,,
825,0.04611823530779004,0.18215936092463048,92.42631085216999,,
826,0.04602215859378327,0.1820968389983145,92.53834274411201,,
827,0.04595121912296384,0.18208620710157394,92.65037463605404,,
828,0.04588051329319853,0.18201073561265593,92.76240652799606,,
829,0.04578838842412278,0.18195165781286626,92.87443841993809,,
830,0.04570298154694013,0.18191331916275053,92.98647031188011,,
831,0.04561504443244106,0.18186537540581377,93.09850220382214,0.8931357298868586,0.9282735613010842
832,0.04551442338409464,0.18178211928670787,93.21053409576416,,
833,0.0453894101151406,0.1816948232678231,93.32256598770618,,
834,0.04528573306887138,0.18160339951069898,93.43459787964821,,
835,0.04518893580815286,0.1815089824198861,93.54662977159023,,
836,0.04509266406565165,0.1814435398377651,93.65866166353226,,
837,0.04499715604228656,0.1813840308736807,93.77069355547428,,
838,0.04488158422237779,0.1813199538526315,93.8827254474163,,
839,0.04478617291457591,0.18125067639842946,93.99475733935833,,
840,0.04469543829842164,0.18118883407997155,94.10678923130035,,
841,0.04460776561417786,0.1811384809880053,94.21882112324238,0.8933512917025512,0.9282735613010842
842,0.04452726624226638,0.18110695688370604,94.3308530151844,,
843,0.04445792808671002,0.18109721601477122,94.44288490712643,,
844,0.04437646719161167,0.18107121479721347,94.55491679906845,,
845,0.04426541750983445,0.18100758321504642,94.66694869101048,,
846,0.04416688219511462,0.18093017571177816,94.7789805829525,,
847,0.04409052549916679,0.18086417531298613,94.89101247489452,,
848,0.04400687711561978,0.18081666081002482,95.00304436683655,,
849,0.04391204172149762,0.18071562503755073,95.11507625877857,,
850,0.04381973759824423,0.18058998614565766,95.2271081507206,,
851,0.04374177468640342,0.18058773481659468,95.33914004266262,0.8938662003238405,0.9284820683903253
852,0.04365227363632734,0.1805861699380293,95.45117193460464,,
853,0.04356720420808149,0.18052833924071687,95.56320382654667,,
854,0.04349737235367992,0.1804573224548431,95.6752357184887,,
855,0.04340948536223551,0.1804504443212576,95.78726761043072,,
856,0.04332619759617843,0.1803999605590766,95.89929950237274,,
857,0.04324379449885132,0.1803397477976502,96.01133139431477,,
858,0.04313297896471649,0.180287380079324,96.12336328625679,,
859,0.04304834741997152,0.18025960500039975,96.23539517819881,,
860,0.04296791717270011,0.18021115161732887,96.34742707014084,,
861,0.04288038981153874,0.1801430267448201,96.45945896208286,0.8944304417375386,0.9286905754795663
862,0.04279487418929163,0.18006317616682144,96.57149085402489,,
863,0.04271298886190921,0.18005120511567782,96.68352274596691,,
864,0.0426503065130257,0.18003930574371996,96.79555463790894,,
865,0.04255990044988702,0.17994050315342866,96.90758652985096,,
866,0.04247267979373044,0.17989761734175372,97.01961842179298,,
867,0.04239019348290367,0.17982095744841187,97.13165031373501,,
868,0.04231598834854371,0.17979763322189082,97.24368220567703,,
869,0.04221702837129569,0.17974668857298562,97.35571409761906,,
870,0.04213432401075443,0.17969408407344328,97.46774598956108,,
871,0.04206209862550021,0.17966019131968358,97.5797778815031,0.8939991329405547,0.9284820683903253
872,0.04197805284489829,0.17961695988207024,97.69180977344513,,
873,0.04189525492851475,0.17955236030400054,97.80384166538715,,
874,0.04181276250158875,0.17948883202641447,97.91587355732918,,
875,0.04173376702508651,0.1794576422601859,98.0279054492712,,
876,0.04164041184381127,0.17935950981315898,98.13993734121323,,
877,0.04155449340363241,0.17933951466855322,98.25196923315525,,
878,0.04148111066145919,0.1792885960827593,98.36400112509727,,
879,0.04138998836169062,0.1792019883482178,98.4760330170393,,
880,0.04129573693484526,0.17911545506379434,98.58806490898132,,
881,0.04120779325523289,0.17904702877497666,98.70009680092335,0.893977477063574,0.9286905754795663
882,0.04112248362043604,0.1790336958695567,98.81212869286537,,
883,0.04104666271738529,0.1790006403035984,98.9241605848074,,
884,0.04097447478960626,0.17895490817655396,99.03619247674942,,
885,0.0409153425107625,0.1788716078762382,99.14822436869144,,
886,0.04082640927450848,0.1788290042949396,99.26025626063347,,
887,0.04075245568719676,0.17878002808168175,99.37228815257549,,
888,0.04067429385222666,0.17875237701979024,99.48432004451752,,
889,0.04059081375819123,0.17870656518145858,99.59635193645954,,
890,0.04050071686827331,0.17864634782011976,99.70838382840157,,
891,0.04040372618458265,0.17858376219518843,99.82041572034359,0.8945384562581088,0.9288990825688074
892,0.04032837335912515,0.17855302070429446,99.93244761228561,,
893,0.04024367367848376,0.17850825648407645,100.04447950422764,,
894,0.04014987241553546,0.17844962775714798,100.15651139616966,,
895,0.04007510315256182,0.17841671371230225,100.26854328811169,,
896,0.03998775563829096,0.17833151203560202,100.38057518005371,,
897,0.03988198896581479,0.17826285340905648,100.49260707199574,,
898,0.03980609868293584,0.17824144867555222,100.60463896393776,,
899,0.03974228578194682,0.17820387709400354,100.71667085587978,,
900,0.0396624834150512,0.1781641010055944,100.82870274782181,,
901,0.039585127648446,0.17811265865527062,100.94073463976383,0.8952848619955491,0.9295246038365305
902,0.03951719123454726,0.1780679950668128,101.05276653170586,,
903,0.03944951592856342,0.1779966743635326,101.16479842364788,,
904,0.03937458665699773,0.17794167215460374,101.2768303155899,,
905,0.0392887774510234,0.17787846827703824,101.38886220753193,,
906,0.03922056510574837,0.17787293764584636,101.50089409947395,,
907,0.03913799837561267,0.1778282090218232,101.61292599141598,,
908,0.03908351550730738,0.17778264506654337,101.724957883358,,
909,0.03901163182644456,0.17772148240229657,101.83698977530003,,
910,0.0389230705016206,0.17768714439753117,101.94902166724205,,
911,0.03882499904124956,0.17760899325337953,102.06105355918407,0.8953643591327461,0.9297331109257715
912,0.03876742857100899,0.1775995268021144,102.1730854511261,,
913,0.03869221324318512,0.17753528293316398,102.28511734306812,,
914,0.0386269563954392,0.17750882410549276,102.39714923501015,,
915,0.03855252086629505,0.17747949767931384,102.50918112695217,,
916,0.03848085504962686,0.1774627374847557,102.6212130188942,,
917,0.0384068317871458,0.17742948415284168,102.73324491083622,,
918,0.03831739635224827,0.17736276214067925,102.84527680277824,,
919,0.03823510116074007,0.17731814349767913,102.95730869472027,,
920,0.03818351458868168,0.17726304741436438,103.06934058666229,,
921,0.03811558196460716,0.17722386949481206,103.18137247860432,0.8952059962949297,0.9299416180150125
922,0.03803034290111514,0.177126237698802,103.29340437054634,,
923,0.03795472438090034,0.17704510943184615,103.40543626248837,,
924,0.03787764464480151,0.17698278795289207,103.51746815443039,,
925,0.03781469483437789,0.17694261931061156,103.62950004637241,,
926,0.0377535734835629,0.1768843606186708,103.74153193831444,,
927,0.0376840628202983,0.17684982931916446,103.85356383025646,,
928,0.03761403688429782,0.1767768809241084,103.96559572219849,,
929,0.03752999880355603,0.1766849856287626,104.07762761414051,,
930,0.03746387006977929,0.17664790637181935,104.18965950608253,,
931,0.03739669722176115,0.17656633927258614,104.30169139802456,0.8955035022805612,0.9299416180150125
932,0.03732619625170051,0.1765081603145694,104.41372328996658,,
933,0.03724455374023877,0.1764236905443277,104.52575518190861,,
934,0.03716670406143259,0.17638613718399268,104.63778707385063,,
935,0.03708583325566697,0.176360995082926,104.74981896579266,,
936,0.03701215395075377,0.1763086844208731,104.86185085773468,,
937,0.03694606796344542,0.17624800587097977,104.9738827496767,,
938,0.03687558811074829,0.17624906109764044,105.08591464161873,,
939,0.0367945975567485,0.17621841751669168,105.19794653356075,,
940,0.03672817510524808,0.1761986388095057,105.30997842550278,,
941,0.03665879935216364,0.1761556009440932,105.4220103174448,0.8964219957999315,0.9297331109257715
942,0.03659312565910292,0.1761271510898065,105.53404220938683,,
943,0.03652778101611177,0.1761165226151071,105.64607410132885,,
944,0.03647328682447339,0.17610166134205468,105.75810599327087,,
945,0.03640660829732315,0.1760436208526568,105.8701378852129,,
946,0.03633929857154431,0.17601029816226826,105.98216977715492,,
947,0.03625240059154246,0.1759491239016185,106.09420166909695,,
948,0.0361925267065329,0.1759335638578266,106.20623356103897,,
949,0.03614107552378722,0.17592250373699977,106.318265452981,,
950,0.03606190105228316,0.1758882472252842,106.43029734492302,,
951,0.03598582428998585,0.17582183161454923,106.54232923686504,0.8964237875932088,0.9299416180150125
952,0.03591393587788484,0.1757791613876317,106.65436112880707,,
953,0.03583260979845241,0.17573348206243136,106.76639302074909,,
954,0.03577730186884835,0.1757145740560833,106.87842491269112,,
955,0.03571295228981193,0.17565788592918802,106.99045680463314,,
956,0.03563367264194202,0.17560950355163632,107.10248869657516,,
957,0.03557317569919256,0.17551927106066906,107.21452058851719,,
958,0.03549239201671475,0.17553427139330144,107.32655248045921,,
959,0.03541195694723193,0.17545270754054237,107.43858437240124,,
960,0.03533456294180644,0.17538433308608387,107.55061626434326,,
961,0.0352579748586195,0.175344523318243,107.66264815628529,0.8971366381609192,0.9303586321934946
962,0.03520011364454128,0.17530073884666555,107.77468004822731,,
963,0.03513999445115485,0.17527565629367622,107.88671194016933,,
964,0.03506589285588134,0.1752206016053293,107.99874383211136,,
965,0.03499068256904501,0.1752131623234825,108.11077572405338,,
966,0.03492458456832553,0.17515240483203162,108.2228076159954,,
967,0.03484576080470324,0.17513223191229044,108.33483950793743,,
968,0.03478608063124656,0.17510085599615333,108.44687139987946,,
969,0.03470656466554125,0.17504656444192052,108.55890329182148,,
970,0.034649650775679,0.17499220085729505,108.6709351837635,,
971,0.03458046037883273,0.1749685616530447,108.78296707570553,0.897777907504427,0.9307756463719766
972,0.0345175739104382,0.17494419022507568,108.89499896764755,,
973,0.03445414617555779,0.174901303446218,109.00703085958958,,
974,0.03438636937834044,0.1749065840262273,109.1190627515316,,
975,0.03432230524511606,0.17486089152019899,109.23109464347363,,
976,0.03425054928978796,0.17483434776443288,109.34312653541565,,
977,0.03417371067155178,0.17476798139785368,109.45515842735767,,
978,0.03410953654416003,0.17469843575960042,109.5671903192997,,
979,0.0340270502625904,0.17463281577764456,109.67922221124172,,
980,0.03396352123972635,0.1746469478326899,109.79125410318375,,
981,0.03389595579636897,0.17459669814328282,109.90328599512577,0.8990192320111954,0.9314011676396997
982,0.03383900183438265,0.17456776470568125,110.0153178870678,,
983,0.03377272382411555,0.1745378201823672,110.12734977900982,,
984,0.0337218975362765,0.17449921610698874,110.23938167095184,,
985,0.03366350047288985,0.17446404479594405,110.35141356289387,,
986,0.03359780596313985,0.17442286975591595,110.46344545483589,,
987,0.03353525858138306,0.1743904063721716,110.57547734677792,,
988,0.0334694756906399,0.17434167792084826,110.68750923871994,,
989,0.03341868000825328,0.17428674274965059,110.79954113066196,,
990,0.03334350375902404,0.17426068424176608,110.91157302260399,,
991,0.03328465784939846,0.17421469779762075,111.02360491454601,0.8986561260596166,0.9314011676396997
992,0.03321447980994763,0.17417671973047716,111.13563680648804,,
993,0.03314644051921545,0.1741408255899314,111.24766869843006,,
994,0.03307793981469231,0.1740578633734398,111.35970059037209,,
995,0.03302959758187422,0.1740851168540557,111.47173248231411,,
996,0.03296285171588619,0.17405782256514896,111.58376437425613,,
997,0.03291282121230362,0.1740032333353182,111.69579626619816,,
998,0.03284158755648462,0.17396616186789757,111.80782815814018,,
999,0.03277823388918109,0.1739379754847345,111.9198600500822,,
1000,0.03271478159218649,0.17391089251464004,112.03189194202423,,
1001,0.0326557260184637,0.1738861411822329,112.14392383396626,0.8991330665402261,0.9316096747289407
1002,0.03260346343775146,0.17386832901096627,112.25595572590828,,
1003,0.03255163565577175,0.17382521133528012,112.3679876178503,,
1004,0.03249404472049089,0.1737878961247513,112.48001950979233,,
1005,0.03243525691539396,0.1737142605095216,112.59205140173435,,
1006,0.03238663329635881,0.1736959354047374,112.70408329367638,,
1007,0.03232259786260052,0.173673151593435,112.8161151856184,,
1008,0.03227000524132671,0.17364607582498479,112.92814707756042,,
1009,0.03220602290078373,0.1736237032691749,113.04017896950245,,
1010,0.03214459238824718,0.17358537296791737,113.15221086144447,,
1011,0.03209070869921852,0.17358643114357675,113.2642427533865,0.8988081376617293,0.9316096747289407
1012,0.03203585366413685,0.17358444712946666,113.37627464532852,,
1013,0.03198902263962458,0.17352008511454348,113.48830653727055,,
1014,0.03193806414344331,0.1734905288814023,113.60033842921257,,
1015,0.03187660732685606,0.17342390709455652,113.7123703211546,,
1016,0.03181215661787649,0.1733943809483764,113.82440221309662,,
1017,0.03175172459950135,0.17335455171872838,113.93643410503864,,
1018,0.03168534618416571,0.17332859664948175,114.04846599698067,,
1019,0.03163960252306297,0.1732654707535704,114.16049788892269,,
1020,0.03157859629617156,0.17325922564376964,114.27252978086472,,
1021,0.0315095322299765,0.17318859820572577,114.38456167280674,0.8982495964516973,0.9311926605504587
1022,0.03145120979851058,0.17316577791739673,114.49659356474876,,
1023,0.03140059627141645,0.17315350825676074,114.60862545669079,,
1024,0.03134938420160425,0.17310602570158634,114.72065734863281,,
1025,0.0312823240274986,0.17306190645355307,114.83268924057484,,
1026,0.03122290102005377,0.17307331848627622,114.94472113251686,,
1027,0.03115723786910063,0.17303482490515196,115.05675302445889,,
1028,0.03109907185880979,0.17296106360444022,115.16878491640091,,
1029,0.03104517959132558,0.17293481860629684,115.28081680834293,,
1030,0.03098254856703439,0.1728993876816385,115.39284870028496,,
1031,0.03091744596486924,0.17288335895070628,115.50488059222698,0.8980626059912475,0.9311926605504587
1032,0.03085793123590565,0.17284093957327346,115.616912484169,,
1033,0.03079502870777899,0.17280847819256612,115.72894437611103,,
1034,0.03074327220953414,0.17277655399403954,115.84097626805305,,
1035,0.03067910342742992,0.1727444881319375,115.95300815999508,,
1036,0.03061014835408518,0.17268806912278298,116.0650400519371,,
1037,0.03056722425325365,0.17266233719989396,116.17707194387913,,
1038,0.03051361951103064,0.1726158905804251,116.28910383582115,,
1039,0.03045187765146301,0.17256265038389246,116.40113572776318,,
1040,0.03040680997945449,0.17255059222949837,116.5131676197052,,
1041,0.03033848109049662,0.17250309926860716,116.62519951164722,0.897280231016972,0.9311926605504587
1042,0.03029280006021142,0.17247178077502473,116.73723140358925,,
1043,0.03023948093096823,0.17244690513991837,116.84926329553127,,
1044,0.03018469124612184,0.1724251609032952,116.9612951874733,,
1045,0.03012414066699083,0.17234659403317845,117.07332707941532,,
1046,0.03007166683696841,0.17231873366252237,117.18535897135735,,
1047,0.03002047435653449,0.172288703762663,117.29739086329937,,
1048,0.02994209118916868,0.17222648534682716,117.4094227552414,,
1049,0.02987849419171743,0.17216935295965977,117.52145464718342,,
1050,0.02983242534179755,0.17214603627322414,117.63348653912544,,
1051,0.02978323618286821,0.1721244908802831,117.74551843106747,0.8976411475949675,0.9314011676396997
1052,0.02973073003062457,0.17208089897592338,117.85755032300949,,
1053,0.02967568763265693,0.17201880100577716,117.96958221495152,,
1054,0.02961383467469662,0.17200507901803053,118.08161410689354,,
1055,0.02957220176157844,0.1719845950522143,118.19364599883556,,
1056,0.02951269123367323,0.17194353928874656,118.30567789077759,,
1057,0.02944476384410114,0.17190371620028982,118.41770978271961,,
1058,0.02938747777015993,0.1718750923527043,118.52974167466164,,
1059,0.02933607361654281,0.17184846357010805,118.64177356660366,,
1060,0.02928830011978565,0.17185236798948503,118.75380545854568,,
1061,0.02923872177760879,0.17179538519872034,118.86583735048771,0.8981382936542419,0.9316096747289407
1062,0.02918557473462036,0.17179985966888128,118.97786924242973,,
1063,0.02912864995120883,0.17175529992841623,119.08990113437176,,
1064,0.02908218262686978,0.1717258361944915,119.20193302631378,,
1065,0.02902400633157545,0.1716884148778306,119.3139649182558,,
1066,0.02897485486974033,0.17163711895940253,119.42599681019783,,
1067,0.02893015265208012,0.17158411163797288,119.53802870213985,,
1068,0.02887902274175732,0.17156814322483036,119.65006059408188,,
1069,0.02882836062160162,0.17157601420804114,119.7620924860239,,
1070,0.02876966052059201,0.1715447020379347,119.87412437796593,,
1071,0.02870724371609373,0.17147188464659685,119.98615626990795,0.8981980064502972,0.9320266889074229
1072,0.0286573874693541,0.17140453526071672,120.09818816184998,,
1073,0.0285947751819696,0.17134369164713895,120.210220053792,,
1074,0.0285401883961408,0.17132234165872637,120.32225194573402,,
1075,0.0284991306242631,0.17131580909146482,120.43428383767605,,
1076,0.02844816039111047,0.17130620229021923,120.54631572961807,,
1077,0.02838986355305215,0.17128787428222364,120.6583476215601,,
1078,0.02833344335287475,0.17129167071283072,120.77037951350212,,
1079,0.02829807426645031,0.1712919336573426,120.88241140544415,,
1080,0.02824329919131862,0.17122539206382117,120.99444329738617,,
1081,0.02819268789194078,0.1711759762875818,121.1064751893282,0.8978763452880205,0.9318181818181818
1082,0.02813905921322408,0.17114935996896544,121.21850708127022,,
1083,0.02808965394673942,0.17116103213382133,121.33053897321224,,
1084,0.02802983834324823,0.1711565842296957,121.44257086515427,,
1085,0.02798229316994828,0.17111790806772115,121.55460275709629,,
1086,0.02792075899543684,0.17106715724875696,121.66663464903831,,
1087,0.02787779227745799,0.17108359717486785,121.77866654098034,,
1088,0.02783369455288008,0.17105330576705646,121.89069843292236,,
1089,0.02778721397040914,0.17103322691247405,122.00273032486439,,
1090,0.02772746334958386,0.17102507547671303,122.11476221680641,,
1091,0.02768596272814334,0.17097136770053842,122.22679410874844,0.8974376434112651,0.9318181818181818
1092,0.02763448653776654,0.170937362462613,122.33882600069046,,
1093,0.02758171874970705,0.170891443207756,122.45085789263248,,
1094,0.02754080977752244,0.17083377066540922,122.56288978457451,,
1095,0.02749623401981505,0.17082649948607082,122.67492167651653,,
1096,0.02744665316705028,0.17080680135594312,122.78695356845856,,
1097,0.02739196650870883,0.17078821883655299,122.89898546040058,,
1098,0.02734183362635115,0.17074184433864784,123.0110173523426,,
1099,0.02729137915258275,0.17069788571170688,123.12304924428463,,
1100,0.027243992568091,0.17064613128909586,123.23508113622665,,
1101,0.02721371279906414,0.17061684299372437,123.34711302816868,0.8972706296857373,0.9316096747289407
1102,0.02716426372051976,0.17058580511895746,123.4591449201107,,
1103,0.02711770691950391,0.17056003195788305,123.57117681205273,,
1104,0.02706538475404615,0.1705463398796144,123.68320870399475,,
1105,0.02701718458914398,0.17053256849923176,123.79524059593678,,
1106,0.02697575618410304,0.1705321203690965,123.9072724878788,,
1107,0.02691838589854481,0.1704745532605292,124.01930437982082,,
1108,0.02686392940021674,0.17042464601864807,124.13133627176285,,
1109,0.02681040587389108,0.17038791591241867,124.24336816370487,,
1110,0.02676891224459135,0.17035584054965555,124.3554000556469,,
1111,0.02671928611264722,0.17032537978341866,124.46743194758892,0.8973323356528665,0.9318181818181818
1112,0.02666354097339101,0.17024802418440368,124.57946383953094,,
1113,0.02662177754536461,0.17020922297095623,124.69149573147297,,
1114,0.02657290448474679,0.17020143362120296,124.803527623415,,
1115,0.026536165017604,0.1701958077699246,124.91555951535702,,
1116,0.0264869282055573,0.17009979476699427,125.02759140729904,,
1117,0.02644016803385912,0.1700360029354927,125.13962329924107,,
1118,0.0263892990287768,0.16997404032502952,125.25165519118309,,
1119,0.02634439930607985,0.16995622652683737,125.36368708312511,,
1120,0.02630180221565228,0.1699558525065114,125.47571897506714,,
1121,0.02625905366579155,0.16997213867285282,125.58775086700916,0.8972482642296161,0.9316096747289407
1122,0.02620079083536134,0.16990068733674557,125.69978275895119,,
1123,0.02615054037349018,0.16987984377664347,125.81181465089321,,
1124,0.02610889092297455,0.16987341605812836,125.92384654283524,,
1125,0.02607124551551761,0.1698444893756746,126.03587843477726,,
1126,0.02601853989961442,0.16982405972796913,126.14791032671928,,
1127,0.02596961707497715,0.16979682265746962,126.25994221866131,,
1128,0.02591881958337151,0.16975984167145777,126.37197411060333,,
1129,0.02587149758838383,0.16971794516522673,126.48400600254536,,
1130,0.02582110140814691,0.16969786807660267,126.59603789448738,,
1131,0.02577471244008197,0.16968716459872246,126.7080697864294,0.8981057674882188,0.9320266889074229
1132,0.02573356830159249,0.16965923752997428,126.82010167837143,,
1133,0.02568636727309643,0.16961565407549725,126.93213357031345,,
1134,0.02564377252671526,0.16957126852827822,127.04416546225548,,
1135,0.02559089962659057,0.16952907603605924,127.1561973541975,,
1136,0.02554587254580528,0.16955827074037616,127.26822924613953,,
1137,0.02548848440320966,0.16951180165809843,127.38026113808155,,
1138,0.02544522897675329,0.16948953399809236,127.49229303002357,,
1139,0.02539518387919815,0.16942751113149312,127.6043249219656,,
1140,0.02534553706177279,0.16938323696441995,127.71635681390762,,
1141,0.02529532531352432,0.16939988292102076,127.82838870584965,0.8984909032971066,0.932443703085905
1142,0.0252414862987422,0.1693543027669983,127.94042059779167,,
1143,0.02519870663828732,0.1693612119826914,128.0524524897337,,
1144,0.0251647347290774,0.16933463891009964,128.16448438167572,,
1145,0.0251144773896604,0.16931393773259235,128.27651627361774,,
1146,0.02507236984063743,0.1693003187539703,128.38854816555977,,
1147,0.02502195827407497,0.16927013309057135,128.5005800575018,,
1148,0.024986054578776,0.16924433480161274,128.61261194944382,,
1149,0.02494866372712699,0.1692422529441924,128.72464384138584,,
1150,0.02490190167603157,0.16923607499285037,128.83667573332787,,
1151,0.02485414486103715,0.1692380678585656,128.9487076252699,0.8982753581170299,0.9322351959966639
1152,0.02480492626573803,0.16919904032656044,129.0607395172119,,
1153,0.02475187466564005,0.1691679201493976,129.17277140915394,,
1154,0.02470756949357293,0.16912714789869449,129.28480330109596,,
1155,0.02464848592451802,0.1690731299108303,129.396835193038,,
1156,0.02460648607823753,0.16902217229141306,129.50886708498,,
1157,0.02455262486165439,0.1689783201561199,129.62089897692204,,
1158,0.02450533892902894,0.16892390283430106,129.73293086886406,,
1159,0.02446153059128874,0.1689049004575368,129.84496276080608,,
1160,0.02441853293120474,0.16892187847338475,129.9569946527481,,
1161,0.02436942866451822,0.1688991469143582,130.06902654469013,0.8987470366575501,0.932652210175146
1162,0.02433070311233262,0.16890325140292117,130.18105843663216,,
1163,0.02428081880627895,0.16884490469389596,130.29309032857418,,
1164,0.02422536640849061,0.16884073215172848,130.4051222205162,,
1165,0.02418519925979589,0.16881802916008312,130.51715411245823,,
1166,0.0241501716215129,0.16880792992600516,130.62918600440025,,
1167,0.02410299851416242,0.16875891210671726,130.74121789634228,,
1168,0.02406140214105086,0.1686941567119363,130.8532497882843,,
1169,0.02401953677870892,0.1686425855017437,130.96528168022633,,
1170,0.02397487985975999,0.1686158929036517,131.07731357216835,,
1171,0.02392859658066891,0.1686048792369007,131.18934546411037,0.8994853765561793,0.933069224353628
1172,0.02388437476426858,0.1685564397328308,131.3013773560524,,
1173,0.02384526722164925,0.1685244972863217,131.41340924799442,,
1174,0.02379661145858197,0.16850530262045896,131.52544113993645,,
1175,0.02375429048344688,0.16847451297251714,131.63747303187847,,
1176,0.02371840799466382,0.16842908163473613,131.7495049238205,,
1177,0.02366120152791775,0.16837823950408648,131.86153681576252,,
1178,0.02362179250924618,0.1683252516508704,131.97356870770454,,
1179,0.02358963930551268,0.16830667885412004,132.08560059964657,,
1180,0.02353916012291554,0.16827066550697994,132.1976324915886,,
1181,0.02349379169460702,0.16822913562473568,132.30966438353062,0.8997561516068602,0.933069224353628
1182,0.02344949615221602,0.16819238419600102,132.42169627547264,,
1183,0.02339969408337043,0.16815356680530524,132.53372816741467,,
1184,0.02335089114291507,0.16810081326578138,132.6457600593567,,
1185,0.0233114654740857,0.1680853464382924,132.7577919512987,,
1186,0.02327384175090867,0.16808738301184326,132.86982384324074,,
1187,0.02324468294534846,0.16807386360677176,132.98185573518276,,
1188,0.02319398377623375,0.16805373363790735,133.0938876271248,,
1189,0.0231435475087359,0.1679890979468957,133.2059195190668,,
1190,0.02309810207728607,0.16794455009488815,133.31795141100883,,
1191,0.02306190143130969,0.16793561653606318,133.42998330295086,0.8986568743520363,0.932443703085905
1192,0.02300829465695376,0.1679157875308437,133.54201519489288,,
1193,0.02297513657847932,0.16787140686792223,133.6540470868349,,
1194,0.0229287348738796,0.167822098013263,133.76607897877693,,
1195,0.02288924056716726,0.1677973936929265,133.87811087071896,,
1196,0.0228529441196227,0.1677738919707483,133.99014276266098,,
1197,0.02281616414653022,0.16773627755826817,134.102174654603,,
1198,0.0227770301619506,0.16769968062444157,134.21420654654503,,
1199,0.02273744993705158,0.1677006203334097,134.32623843848705,,
1200,0.02269311359149489,0.167682707335258,134.43827033042908,,
1201,0.02266790147160289,0.16766619966304294,134.5503022223711,0.8993252328178942,0.932860717264387
1202,0.02261682134068512,0.16763647080116817,134.66233411431313,,
1203,0.02257146918868212,0.16761181591642826,134.77436600625515,,
1204,0.02253542124481793,0.16763730418137582,134.88639789819717,,
1205,0.02249808394262976,0.16761769758541348,134.9984297901392,,
1206,0.02245502648265337,0.16758372508521086,135.11046168208122,,
1207,0.02241744628146376,0.16755435130986962,135.22249357402325,,
1208,0.02237524870409092,0.16753080629112654,135.33452546596527,,
1209,0.02234111541041894,0.16753307335805143,135.4465573579073,,
1210,0.02229568298285917,0.1675248190046091,135.55858924984932,,
1211,0.02225726219166888,0.16753506968772197,135.67062114179134,0.8997901283631151,0.9332777314428691
1212,0.0222116958144131,0.16749849975782405,135.78265303373337,,
1213,0.02218111914540174,0.16747923361737627,135.8946849256754,,
1214,0.02214698692218908,0.1674714640004407,136.00671681761742,,
1215,0.02210572688574379,0.1674516223364495,136.11874870955944,,
1216,0.0220637491292229,0.16741033092303284,136.23078060150146,,
1217,0.02201965641416718,0.1673793447614176,136.3428124934435,,
1218,0.02197775005070883,0.16736931977642433,136.4548443853855,,
1219,0.02193768038821352,0.16735330774594112,136.56687627732754,,
1220,0.02188890604645596,0.1673247166591887,136.67890816926956,,
1221,0.02185020688842601,0.16732069421322834,136.7909400612116,0.9002533375292519,0.933069224353628
1222,0.02181514502008277,0.16728130533335617,136.9029719531536,,
1223,0.02179186529632586,0.16728413866126743,137.01500384509563,,
1224,0.02174810660765119,0.16729731509058518,137.12703573703766,,
1225,0.02171776938065415,0.1672964527782551,137.23906762897968,,
1226,0.02167987279206423,0.1672819065888794,137.3510995209217,,
1227,0.02163877724944392,0.1672851441315306,137.46313141286373,,
1228,0.02159715722117735,0.16724870649012294,137.57516330480576,,
1229,0.02155780616298511,0.16723868805455572,137.68719519674778,,
1230,0.0215263544688914,0.1672286398857487,137.7992270886898,,
1231,0.02149506306779227,0.16719751682573492,137.91125898063183,0.9012284411475283,0.9334862385321101
1232,0.02145664055099204,0.16719127289440353,138.02329087257385,,
1233,0.02141492393969474,0.16719357219650494,138.13532276451588,,
1234,0.02138888773072915,0.1671856797705859,138.2473546564579,,
1235,0.02134996224379744,0.16716547460700512,138.35938654839993,,
1236,0.02130645749342266,0.16717634921142435,138.47141844034195,,
1237,0.02126535941532201,0.16713888457546167,138.58345033228397,,
1238,0.02123019966429412,0.16712947155037372,138.695482224226,,
1239,0.02118888188564026,0.16711727424395006,138.80751411616802,,
1240,0.02116004314919659,0.16709642742973882,138.91954600811005,,
1241,0.02112478852016998,0.16707652002152726,139.03157790005207,0.9007347998006399,0.933069224353628
1242,0.02108614328746438,0.16705787908964534,139.1436097919941,,
1243,0.0210537009022692,0.16701635857051675,139.25564168393612,,
1244,0.02101503327062616,0.16696267588675237,139.36767357587814,,
1245,0.02098072138944728,0.16694969195251705,139.47970546782017,,
1246,0.02094488999621242,0.1669130788732413,139.5917373597622,,
1247,0.02091203762100223,0.16688976664589322,139.70376925170422,,
1248,0.02087370159670384,0.1668136688386313,139.81580114364624,,
1249,0.02084492865141264,0.16676956762275877,139.92783303558826,,
1250,0.0208091459744634,0.16675189177778754,140.0398649275303,,
1251,0.02077727095044546,0.16674423792989218,140.1518968194723,0.9002461746538692,0.933069224353628
1252,0.02072925197490336,0.16670650548412838,140.26392871141434,,
1253,0.02069605606071321,0.1666770490818798,140.37596060335636,,
1254,0.02066699984904619,0.16668574303769976,140.48799249529839,,
1255,0.02063059346345061,0.1666555030726099,140.6000243872404,,
1256,0.02060435260246616,0.16667076526933572,140.71205627918243,,
1257,0.02057302202051215,0.16663910145262134,140.82408817112446,,
1258,0.02054386071839712,0.16662526941894426,140.93612006306648,,
1259,0.02049910057887157,0.16661968515484102,141.0481519550085,,
1260,0.02045521928063535,0.1665968804599875,141.16018384695053,,
1261,0.02042181666328251,0.16655997745701118,141.27221573889256,0.9010303607310092,0.9334862385321101
1262,0.0203919393141672,0.16654327717701833,141.38424763083458,,
1263,0.02034962623945771,0.166523305656099,141.4962795227766,,
1264,0.02030805191007435,0.1664946312975984,141.60831141471863,,
1265,0.02026902143373535,0.16644170531799493,141.72034330666065,,
1266,0.02024123452481023,0.1664212603303036,141.83237519860268,,
1267,0.02020980892739554,0.16641163997764954,141.9444070905447,,
1268,0.02017431168548937,0.1663767831722202,142.05643898248672,,
1269,0.02013527597705812,0.1663765828426686,142.16847087442875,,
1270,0.02009571168453414,0.16635899347667765,142.28050276637077,,
1271,0.02006349896086008,0.16633811545646449,142.3925346583128,0.9012032451512246,0.9334862385321101
1272,0.02002776726443942,0.16633343773509127,142.50456655025482,,
1273,0.01999538560671607,0.16627931767293155,142.61659844219685,,
1274,0.01995470281776858,0.16626511983810804,142.72863033413887,,
1275,0.01992261850659076,0.1662492790551954,142.8406622260809,,
1276,0.01988868869576802,0.16626152334810337,142.95269411802292,,
1277,0.01986035502324214,0.16630396978312342,143.06472600996494,,
1278,0.01982679145232162,0.16629553892558852,143.17675790190697,,
1279,0.01979597460787115,0.16629036136148598,143.288789793849,,
1280,0.01975902539335473,0.16629526784000345,143.40082168579102,,
1281,0.01971989007292556,0.16629142244943973,143.51285357773304,0.900252601093425,0.9332777314428691
1282,0.01968491548502616,0.166266890066367,143.62488546967506,,
1283,0.01964975729557491,0.16627579557798267,143.7369173616171,,
1284,0.01961820696746882,0.16628730354289742,143.8489492535591,,
1285,0.01957536313415924,0.16627756560673312,143.96098114550114,,
1286,0.01953504115554014,0.16627548364945866,144.07301303744316,,
1287,0.01950169301354083,0.16627545291439394,144.18504492938519,,
1288,0.01946954613899592,0.1662758965522803,144.2970768213272,,
1289,0.01943177000346351,0.16626670230561533,144.40910871326923,,
1290,0.01940504351333616,0.16627405415855326,144.52114060521126,,
1291,0.01937015846890976,0.16623310583946202,144.63317249715328,0.9008369321510001,0.9332777314428691
1292,0.01934322219558257,0.16622137842703374,144.7452043890953,,
1293,0.01930313425733022,0.16622418776182685,144.85723628103733,,
1294,0.01926661996457503,0.1662191547435542,144.96926817297935,,
1295,0.0192344579977145,0.16623743565601806,145.08130006492138,,
1296,0.01920208014464686,0.16620834506585022,145.1933319568634,,
1297,0.01916279492743211,0.16619877587231316,145.30536384880543,,
1298,0.01912958725031257,0.16619954448222965,145.41739574074745,,
1299,0.01910293838480189,0.1661949881667213,145.52942763268948,,
1300,0.01907184292565432,0.16613296671473587,145.6414595246315,,
1301,0.01903339531155284,0.16612500071337186,145.75349141657352,0.8998235279120882,0.933069224353628
1302,0.01900209387043073,0.16606825713382803,145.86552330851555,,
1303,0.01897192186056395,0.16605003352818057,145.97755520045757,,
1304,0.01893254774619952,0.1660346354169182,146.0895870923996,,
1305,0.01890364361830195,0.16598090940092083,146.20161898434162,,
1306,0.01886737260456075,0.16592605728564125,146.31365087628365,,
1307,0.01883191920218551,0.1658984761533966,146.42568276822567,,
1308,0.01879788589219975,0.16586960235389772,146.5377146601677,,
1309,0.01877057743227676,0.16584892021497946,146.64974655210972,,
1310,0.01873889975854028,0.16585296922567427,146.76177844405174,,
1311,0.01871405424961235,0.16582257806906286,146.87381033599377,0.900374030935205,0.9332777314428691
1312,0.01867962496218447,0.16576842037695402,146.9858422279358,,
1313,0.01865396642534295,0.16578510470874055,147.09787411987782,,
1314,0.01862736233824744,0.16578531099399757,147.20990601181984,,
1315,0.01859862636517071,0.16577366800024215,147.32193790376186,,
1316,0.01856741181792992,0.1657459783980775,147.4339697957039,,
1317,0.01854287125834822,0.1657348777873497,147.5460016876459,,
1318,0.01851558479946963,0.1657242309694913,147.65803357958794,,
1319,0.01848660297283778,0.16569829700126898,147.77006547152996,,
1320,0.01845289997779691,0.1656808546020374,147.88209736347198,,
1321,0.01842349578649007,0.16565518121611178,147.994129255414,0.9012064993069769,0.9336947456213511
1322,0.01840234002834105,0.16561779011110003,148.10616114735603,,
1323,0.01837547513775625,0.16560240327469458,148.21819303929806,,
1324,0.01834664812175505,0.16561876512175416,148.33022493124008,,
1325,0.01831400931335473,0.16560335313287558,148.4422568231821,,
1326,0.01829307777374068,0.16561038928489458,148.55428871512413,,
1327,0.01825802165260228,0.1655853795096099,148.66632060706615,,
1328,0.01823172966523999,0.1655786891218123,148.77835249900818,,
1329,0.01820331978464911,0.16558687551203966,148.8903843909502,,
1330,0.01817157343753382,0.16552975857370833,149.00241628289223,,
1331,0.01814203842781584,0.16550703519385437,149.11444817483425,0.9008893905091371,0.9334862385321101
1332,0.0181106358801529,0.16551822375498798,149.22648006677628,,
1333,0.01808402167113955,0.16550070582106294,149.3385119587183,,
1334,0.01805940253287978,0.16547108626770993,149.45054385066032,,
1335,0.01802975872345881,0.1654423673230038,149.56257574260235,,
1336,0.0179972122336886,0.16540212511424085,149.67460763454437,,
1337,0.01797592150148371,0.16538098601852244,149.7866395264864,,
1338,0.01793964481955475,0.16537329751673363,149.89867141842842,,
1339,0.01791030453148493,0.1653580046324158,150.01070331037045,,
1340,0.01788558455075314,0.1653384404879326,150.12273520231247,,
1341,0.01785996556711151,0.16531648292942194,150.2347670942545,0.9005411498295379,0.9332777314428691
1342,0.01782688950906269,0.16529782195831733,150.34679898619652,,
1343,0.01779416634939319,0.1652678988484393,150.45883087813854,,
1344,0.01775999176117207,0.16524720073637147,150.57086277008057,,
1345,0.01772720416542729,0.16524824961024315,150.6828946620226,,
1346,0.01769344253387315,0.16518597401525772,150.79492655396461,,
1347,0.01766124421225691,0.16514244651858528,150.90695844590664,,
1348,0.01762748225123964,0.16510955249340223,151.01899033784866,,
1349,0.01758707698058058,0.16512362793199514,151.1310222297907,,
1350,0.01754957966425383,0.16511527685038024,151.2430541217327,,
1351,0.01751919091634675,0.16510801269546543,151.35508601367474,0.9020837992158212,0.9339032527105922
1352,0.01749129002867211,0.16509341857571988,151.46711790561676,,
1353,0.01746302929408572,0.16509196055176314,151.57914979755878,,
1354,0.01743408855530207,0.1650551774394699,151.6911816895008,,
1355,0.01740673186536481,0.1650279206339328,151.80321358144283,,
1356,0.01738054080206153,0.1650055836251398,151.91524547338486,,
1357,0.01735784786905023,0.16498467230525332,152.02727736532688,,
1358,0.01733108671820052,0.16497321503485535,152.1393092572689,,
1359,0.01730318610028203,0.16497846782606562,152.25134114921093,,
1360,0.01727728329187827,0.16493715906464673,152.36337304115295,,
1361,0.01725341982855344,0.16493475972456986,152.47540493309498,0.901472749312122,0.9339032527105922
1362,0.01722438955351165,0.16490908102305013,152.587436825037,,
1363,0.01719541640727529,0.16490980526089533,152.69946871697903,,
1364,0.01716702366587572,0.16489137351111416,152.81150060892105,,
1365,0.01713208996281803,0.16486884253110756,152.92353250086308,,
1366,0.01710728120493975,0.16483572264095644,153.0355643928051,,
1367,0.01706910656948399,0.16483789709184815,153.14759628474712,,
1368,0.01704046783989518,0.1647857692938989,153.25962817668915,,
1369,0.01701544077288528,0.16478752720806808,153.37166006863117,,
1370,0.01699028601216914,0.16476671816367644,153.4836919605732,,
1371,0.0169707377229425,0.1647600186339536,153.59572385251522,0.9026310819983715,0.9345287739783152
1372,0.01694676285301923,0.16473240979890608,153.70775574445724,,
1373,0.01691544893398535,0.164700608374832,153.81978763639927,,
1374,0.01688616030930033,0.16468960525824552,153.9318195283413,,
1375,0.01686075708327787,0.16467737315408318,154.04385142028332,,
1376,0.01683881510499866,0.16465758263958255,154.15588331222534,,
1377,0.01681267877901903,0.16465538456481296,154.26791520416737,,
1378,0.01678009358736327,0.1646604479798311,154.3799470961094,,
1379,0.01675755357540798,0.16466184725138922,154.49197898805141,,
1380,0.01672706656417177,0.1646570741834759,154.60401087999344,,
1381,0.0166954908875192,0.1646442329256967,154.71604277193546,0.9015659989360673,0.9341117597998332
1382,0.01667400860316259,0.16465897157760115,154.8280746638775,,
1383,0.016642600044574,0.16465597326236805,154.9401065558195,,
1384,0.01661125888016197,0.16463431461354394,155.05213844776154,,
1385,0.01658821659529051,0.16462778555666496,155.16417033970356,,
1386,0.01656158240935654,0.1645907709351944,155.27620223164558,,
1387,0.01653848331689127,0.1645872661724238,155.3882341235876,,
1388,0.01651305410022749,0.16458273217318126,155.50026601552963,,
1389,0.01648617422021838,0.16454666210369873,155.61229790747166,,
1390,0.01646321957042464,0.16452588666744752,155.72432979941368,,
1391,0.01643241211961873,0.16452004282934238,155.8363616913557,0.903566828407101,0.9351542952460383
1392,0.01640184074297294,0.16449784622371874,155.94839358329773,,
1393,0.01637275428335028,0.16445215551784217,156.06042547523975,,
1394,0.01635005539458586,0.16442263409046362,156.17245736718178,,
1395,0.01631946136486635,0.16439164123781216,156.2844892591238,,
1396,0.01628771433272514,0.1643304992889809,156.39652115106583,,
1397,0.01625441988579258,0.16429374354086904,156.50855304300785,,
1398,0.01623321476453818,0.16426830173278925,156.62058493494987,,
1399,0.01620354931451585,0.16421036998021243,156.7326168268919,,
1400,0.01618086096273885,0.1641601321088277,156.84464871883392,,
1401,0.01615212379982578,0.1641287488928026,156.95668061077595,0.9033469147193435,0.9353628023352794
1402,0.01612220299109827,0.16411813032361372,157.06871250271797,,
1403,0.0160976647264822,0.1640892839882804,157.18074439466,,
1404,0.01607023404203488,0.16405976430206656,157.29277628660202,,
1405,0.01604268149494205,0.16406256753742982,157.40480817854404,,
1406,0.01601866286834192,0.16402823333153344,157.51684007048607,,
1407,0.01598954915511785,0.16399876998934793,157.6288719624281,,
1408,0.01596650983667364,0.16402065274223487,157.74090385437012,,
1409,0.01593815574144721,0.16404572494063951,157.85293574631214,,
1410,0.01591028552327467,0.16408759940114376,157.96496763825417,,
1411,0.01588251930502167,0.16406071552202972,158.0769995301962,0.9029096887112722,0.9353628023352794
1412,0.01585250183296593,0.16401451889243096,158.1890314221382,,
1413,0.01583167856912394,0.16401514773550946,158.30106331408024,,
1414,0.0158077720674493,0.1640135859151149,158.41309520602226,,
1415,0.01578279786994011,0.1640130729562917,158.5251270979643,,
1416,0.0157602935978249,0.16400475873674947,158.6371589899063,,
1417,0.01573908452296085,0.16399525309585952,158.74919088184834,,
1418,0.01571737073794961,0.16397017830270863,158.86122277379036,,
1419,0.01569845287445093,0.16394104354054512,158.97325466573238,,
1420,0.01566822881588838,0.1639069236817042,159.0852865576744,,
1421,0.01564710664143678,0.16388919746280148,159.19731844961643,0.9026556451012565,0.9351542952460383
1422,0.01561796340864755,0.16389714854757992,159.30935034155846,,
1423,0.01560010228241128,0.16391297580327657,159.42138223350048,,
1424,0.01557466809816799,0.16390272561789113,159.5334141254425,,
1425,0.01554399827442833,0.16389811919460456,159.64544601738453,,
1426,0.0155197457246861,0.16389093166583601,159.75747790932655,,
1427,0.01549810730641548,0.16386497073840914,159.86950980126858,,
1428,0.01547713339443811,0.1638784888772996,159.9815416932106,,
1429,0.01544841148728027,0.1638376338731453,160.09357358515263,,
1430,0.01542513678526041,0.1638077869679482,160.20560547709465,,
1431,0.01540120970094235,0.1637875278852098,160.31763736903667,0.9025617808930811,0.9351542952460383
1432,0.01537386992263124,0.1637516573090456,160.4296692609787,,
1433,0.01534931632274166,0.16373677527253863,160.54170115292072,,
1434,0.01532181375854712,0.16370918794699132,160.65373304486275,,
1435,0.01529214520605536,0.16370103244238265,160.76576493680477,,
1436,0.01526589905044796,0.1636918746275017,160.8777968287468,,
1437,0.01523646453457084,0.16367377411067385,160.98982872068882,,
1438,0.01521158487747155,0.16365743644075015,161.10186061263084,,
1439,0.01518972835393912,0.16366691075843734,161.21389250457287,,
1440,0.01516241433657969,0.16365386231403112,161.3259243965149,,
1441,0.01513282218288543,0.16361851379118197,161.43795628845692,0.9030940561754716,0.9351542952460383
1442,0.01510982090698565,0.1635986165970521,161.54998818039894,,
1443,0.01508336790909822,0.16358314520915593,161.66202007234097,,
1444,0.01506771324258552,0.1635731752068236,161.774051964283,,
1445,0.01504877141121933,0.1635628413286799,161.886083856225,,
1446,0.01502276365942306,0.1635676398080867,161.99811574816704,,
1447,0.01500058543571684,0.16353385516307845,162.11014764010906,,
1448,0.01498029907317203,0.16351481426636863,162.2221795320511,,
1449,0.01495398872779124,0.1634787081635975,162.3342114239931,,
1450,0.01493345080675682,0.16349342260287456,162.44624331593513,,
1451,0.01491241825303634,0.16349515771438136,162.55827520787716,0.9053808762701827,0.9359883236030025
1452,0.01489440424668275,0.1634731557820926,162.67030709981918,,
1453,0.01486623835460924,0.16341480255989327,162.7823389917612,,
1454,0.01484130642525596,0.16340533968122187,162.89437088370323,,
1455,0.01482034963297779,0.16338759132994427,163.00640277564526,,
1456,0.01479309462345861,0.1633856967902859,163.11843466758728,,
1457,0.01477319714845135,0.1634153181745664,163.2304665595293,,
1458,0.01474872688628863,0.16341034670693805,163.34249845147133,,
1459,0.01471833237938675,0.16341880068892836,163.45453034341335,,
1460,0.01469544723475139,0.16341245190378237,163.56656223535538,,
1461,0.01467651734901152,0.16339033184024282,163.6785941272974,0.9047971306305715,0.9359883236030025
1462,0.01465265977430935,0.16336472872947302,163.79062601923943,,
1463,0.01462789156830891,0.1633442096476394,163.90265791118145,,
1464,0.0146049288187899,0.16331127511598847,164.01468980312347,,
1465,0.01458428392503427,0.16329709272597273,164.1267216950655,,
1466,0.0145600264924391,0.16328070367021727,164.23875358700752,,
1467,0.01453316102005223,0.1632624781263614,164.35078547894955,,
1468,0.01450352939582872,0.16323374273782146,164.46281737089157,,
1469,0.01448106533005361,0.16322690289966546,164.5748492628336,,
1470,0.01445347427198191,0.1632320345633532,164.68688115477562,,
1471,0.01442906021067808,0.1632249020829859,164.79891304671764,0.905435310558787,0.9361968306922436
1472,0.01441049486145584,0.16323676815279917,164.91094493865967,,
1473,0.01438855537679467,0.16320932700882007,165.0229768306017,,
1474,0.01436657095222567,0.16324445973334936,165.13500872254372,,
1475,0.01434533308324211,0.1632093335465795,165.24704061448574,,
1476,0.01432622070605252,0.16319664700545322,165.35907250642776,,
1477,0.01430332392567903,0.1631635302970954,165.4711043983698,,
1478,0.01428427668632826,0.1631652319388209,165.5831362903118,,
1479,0.01425863319211616,0.16317834217884883,165.69516818225384,,
1480,0.0142324541175638,0.16312933132443078,165.80720007419586,,
1481,0.01421085960519085,0.16311421807640913,165.9192319661379,0.9057289969378923,0.9361968306922436
1482,0.01419241658134101,0.16312008391855484,166.0312638580799,,
1483,0.01416439759981599,0.16312544073031798,166.14329575002193,,
1484,0.0141449559468641,0.16313566772605903,166.25532764196396,,
1485,0.01412872241254394,0.16313645772298815,166.36735953390598,,
1486,0.01410776454259552,0.16309646637424077,166.479391425848,,
1487,0.01408429819786101,0.16308017620184956,166.59142331779003,,
1488,0.0140628291598437,0.16309676944938795,166.70345520973206,,
1489,0.01403935183156385,0.16308653846921833,166.81548710167408,,
1490,0.01401926112526406,0.16308124036395383,166.9275189936161,,
1491,0.01399946844007229,0.16307119924176708,167.03955088555813,0.9064618274115716,0.9368223519599667
1492,0.01397427734962012,0.1630415802848794,167.15158277750015,,
1493,0.01395389640777696,0.1630378657791321,167.26361466944218,,
1494,0.01392992139514144,0.16305551379075756,167.3756465613842,,
1495,0.0139092743511981,0.16302973461984924,167.48767845332623,,
1496,0.01388802210946662,0.16302159152790985,167.59971034526825,,
1497,0.01386906277818837,0.163003427066608,167.71174223721027,,
1498,0.01384597334846001,0.1630071524956228,167.8237741291523,,
1499,0.0138209362825997,0.1630000074619663,167.93580602109432,,
1500,0.01380259569838891,0.16297392464264623,168.04783791303635,,
1501,0.01377880690346221,0.1629498076662345,168.15986980497837,0.9052390776808418,0.9361968306922436
1502,0.01375177091553521,0.1629155208708848,168.2719016969204,,
1503,0.0137311070379328,0.16288173443507362,168.38393358886242,,
1504,0.01371486834013524,0.16287081058863095,168.49596548080444,,
1505,0.01369704747886008,0.16286793004233127,168.60799737274647,,
1506,0.01367041265714471,0.16285155096060042,168.7200292646885,,
1507,0.01364940849741563,0.16285033127571336,168.83206115663052,,
1508,0.01363398920218559,0.16288394079296006,168.94409304857254,,
1509,0.0136191187624455,0.16285722712145068,169.05612494051456,,
1510,0.01360302950491959,0.16285710083684835,169.1681568324566,,
1511,0.01357529041180677,0.16281435340603204,169.2801887243986,0.9058122656049373,0.9364053377814846
1512,0.01355634591006023,0.16280357024023218,169.39222061634064,,
1513,0.01353940203828628,0.16279735225310688,169.50425250828266,,
1514,0.01352234977101659,0.1628053823568579,169.61628440022469,,
1515,0.0135035456832116,0.16278094656207945,169.7283162921667,,
1516,0.01347987433315315,0.162759473782973,169.84034818410873,,
1517,0.01345744973594819,0.16272475755925117,169.95238007605076,,
1518,0.01343977588414202,0.16270733257864106,170.06441196799278,,
1519,0.01341980263484779,0.1626815979709939,170.1764438599348,,
1520,0.01339521005960217,0.16268508328540418,170.28847575187683,,
1521,0.01337246991166253,0.16265218053903183,170.40050764381886,0.9064691089004587,0.9370308590492077
1522,0.01334990918199456,0.16264431131677975,170.51253953576088,,
1523,0.01332839293493323,0.16262606818803174,170.6245714277029,,
1524,0.01330298354807386,0.162607919642286,170.73660331964493,,
1525,0.01328397352140546,0.1625984273093551,170.84863521158695,,
1526,0.01326539430071082,0.16261410454641642,170.96066710352898,,
1527,0.01324652959277162,0.16256894854088735,171.072698995471,,
1528,0.01322621571280581,0.16258974218063876,171.18473088741302,,
1529,0.01320877089580978,0.16257326030960592,171.29676277935505,,
1530,0.01319177739969772,0.16256858602760973,171.40879467129707,,
1531,0.01317246210105328,0.16256200379205155,171.5208265632391,0.9067915298821472,0.9370308590492077
1532,0.01314918093470371,0.16253419842821734,171.63285845518112,,
1533,0.01312793801878624,0.1625083426211793,171.74489034712315,,
1534,0.01310969840101495,0.16251897464889922,171.85692223906517,,
1535,0.01309046443101623,0.1624674515221465,171.9689541310072,,
1536,0.01306876322495223,0.16243100975734945,172.08098602294922,,
1537,0.01304637481614834,0.16240355310176277,172.19301791489124,,
1538,0.01302260700917449,0.16236837620870528,172.30504980683327,,
1539,0.01300171007564157,0.1623534262809263,172.4170816987753,,
1540,0.01297922688150819,0.16233849519753413,172.52911359071732,,
1541,0.01296004825252936,0.16233647713976143,172.64114548265934,0.9069867927389116,0.9370308590492077
1542,0.01293776658973074,0.1623271894449261,172.75317737460136,,
1543,0.01291194781022294,0.16234828818618255,172.8652092665434,,
1544,0.01289151665228929,0.16234114180742162,172.9772411584854,,
1545,0.01286797176727876,0.16233179562582933,173.08927305042744,,
1546,0.0128433410753133,0.1623438581442092,173.20130494236946,,
1547,0.01282296590753918,0.16232763409922588,173.31333683431149,,
1548,0.01280466944980998,0.16230463496987219,173.4253687262535,,
1549,0.0127799205465331,0.1623028293893042,173.53740061819553,,
1550,0.01276278598965319,0.1622879190904477,173.64943251013756,,
1551,0.01274526512516443,0.16227659500569128,173.76146440207958,0.907070602962286,0.9372393661384487
1552,0.012724940736277,0.16226755496327963,173.8734962940216,,
1553,0.01270282143697989,0.1622591505222414,173.98552818596363,,
1554,0.01268657571967399,0.1622811176390689,174.09756007790565,,
1555,0.01266554572559129,0.16223483973933192,174.20959196984768,,
1556,0.01264343849091181,0.16221743104206873,174.3216238617897,,
1557,0.0126180443947315,0.16220212162411343,174.43365575373173,,
1558,0.0126043621116829,0.1622178919609558,174.54568764567375,,
1559,0.01258748122094694,0.16222172193891943,174.65771953761578,,
1560,0.01256717662236606,0.16223570966958337,174.7697514295578,,
1561,0.01254610739350904,0.16221937848265985,174.88178332149982,0.9069867927389116,0.9370308590492077
1562,0.01253287713997918,0.16222716155375336,174.99381521344185,,
1563,0.01251390955142249,0.16220950350784571,175.10584710538387,,
1564,0.01249600213968887,0.16216809149572953,175.2178789973259,,
1565,0.0124710236930412,0.16214700804221974,175.32991088926792,,
1566,0.01244699604757914,0.1621336972204338,175.44194278120995,,
1567,0.01242604326214388,0.1620879988119908,175.55397467315197,,
1568,0.0124097637047331,0.1621047106166238,175.666006565094,,
1569,0.01239064053749509,0.16209194866243778,175.77803845703602,,
1570,0.01237023055632972,0.16209636976858668,175.89007034897804,,
1571,0.01234770260811722,0.1620774570553914,176.00210224092007,0.9069029204231924,0.9368223519599667
1572,0.0123211392499366,0.16205470921482107,176.1141341328621,,
1573,0.01230229111354287,0.16208503276669234,176.22616602480412,,
1574,0.01228507184196011,0.16207477776599644,176.33819791674614,,
1575,0.01226636318670574,0.16204766309101903,176.45022980868816,,
1576,0.01225020142930295,0.16201616007610614,176.5622617006302,,
1577,0.01222904302388102,0.16201034594602365,176.6742935925722,,
1578,0.01221049309232844,0.16201070786056732,176.78632548451424,,
1579,0.01219392593346765,0.1619820311181051,176.89835737645626,,
1580,0.01217506752728744,0.16196118852828972,177.01038926839828,,
1581,0.01215392037669815,0.1619608879274023,177.1224211603403,0.9069867927389116,0.9370308590492077
1582,0.01214090322984374,0.16194970341008927,177.23445305228233,,
1583,0.01212493766132588,0.16193480630102863,177.34648494422436,,
1584,0.01210702845264237,0.16193282104560341,177.45851683616638,,
1585,0.01208779101245739,0.1619106652086402,177.5705487281084,,
1586,0.01206818265623588,0.16188001700746657,177.68258062005043,,
1587,0.01205323346118366,0.1618794391292513,177.79461251199245,,
1588,0.01203373145471463,0.16186003475013755,177.90664440393448,,
1589,0.01200990158931472,0.16183756416894035,178.0186762958765,,
1590,0.01198577418960409,0.1618280501216855,178.13070818781853,,
1591,0.01196907613098439,0.1618275161722638,178.24274007976055,0.9067083673194171,0.9368223519599667
1592,0.01195271372539915,0.16183094142786986,178.35477197170258,,
1593,0.01193987510066022,0.16181490957608383,178.4668038636446,,
1594,0.01192105335250556,0.16177718524743212,178.57883575558662,,
1595,0.01190653469217784,0.16176567282450158,178.69086764752865,,
1596,0.011891012358954,0.16178234704847635,178.80289953947067,,
1597,0.01186963927673585,0.16174334571903,178.9149314314127,,
1598,0.01185510745790963,0.1617266470414265,179.02696332335472,,
1599,0.01183087689135747,0.161704784057879,179.13899521529675,,
1600,0.01181251110996194,0.16170394478742545,179.25102710723877,,
1601,0.01179112505844821,0.16167770608223772,179.3630589991808,0.9069244939269446,0.9370308590492077
1602,0.01177360436669531,0.16168985527581917,179.47509089112282,,
1603,0.01175343875317372,0.16163438139641909,179.58712278306484,,
1604,0.01173449130826657,0.16161254450398163,179.69915467500687,,
1605,0.01171764798999438,0.16158881205556785,179.8111865669489,,
1606,0.01170018784209299,0.16159108329188215,179.92321845889091,,
1607,0.01168363192005501,0.16161094740042872,180.03525035083294,,
1608,0.01166321585549498,0.16160119781717514,180.14728224277496,,
1609,0.01164685918150913,0.1616076036463828,180.259314134717,,
1610,0.01163037375825085,0.16163857521391162,180.371346026659,,
1611,0.0116156605494172,0.16161108812612143,180.48337791860104,0.9069002444111638,0.9368223519599667
1612,0.01160106741181654,0.16163515926689973,180.59540981054306,,
1613,0.01158266256376997,0.16162035578408826,180.70744170248508,,
1614,0.01156600919207421,0.161598487139302,180.8194735944271,,
1615,0.01154786143142244,0.16159407740200624,180.93150548636913,,
1616,0.01153018239689185,0.16157231885228404,181.04353737831116,,
1617,0.01151247063977516,0.16159421926419626,181.15556927025318,,
1618,0.01150082786377491,0.16157450390665057,181.2676011621952,,
1619,0.01148564916472671,0.16154272113398924,181.37963305413723,,
1620,0.0114695292092863,0.16154061013669702,181.49166494607925,,
1621,0.01144953286757814,0.16150798378772158,181.60369683802128,0.9068865489611534,0.9370308590492077
1622,0.01143052319271826,0.16149208192740155,181.7157287299633,,
1623,0.01141142827238467,0.1614740531840944,181.82776062190533,,
1624,0.01139667869639454,0.161445500577156,181.93979251384735,,
1625,0.01137765522344552,0.1614081672844772,182.05182440578938,,
1626,0.01136440163392378,0.16140486402794854,182.1638562977314,,
1627,0.01134288934419557,0.16138956464075646,182.27588818967342,,
1628,0.01132856957739962,0.16135756918724115,182.38792008161545,,
1629,0.01131089176100502,0.16134377991046275,182.49995197355747,,
1630,0.01129813548198059,0.16134376505239734,182.6119838654995,,
1631,0.01128016182103168,0.16129756532540795,182.72401575744152,0.9086085831558341,0.9376563803169308
1632,0.0112622664697865,0.16127454330724184,182.83604764938354,,
1633,0.01124494819438689,0.16125215873942758,182.94807954132557,,
1634,0.01122633883874807,0.1612184820651095,183.0601114332676,,
1635,0.01120839699685078,0.16120399579259634,183.17214332520962,,
1636,0.01119550060219938,0.161200774587571,183.28417521715164,,
1637,0.01117786897415384,0.16118933798560425,183.39620710909367,,
1638,0.0111661973276168,0.16119302241759012,183.5082390010357,,
1639,0.01114381891765831,0.1611922886646027,183.62027089297771,,
1640,0.01112386171772244,0.1611565507776018,183.73230278491974,,
1641,0.01110545558814456,0.16114446831499146,183.84433467686176,0.9086085831558341,0.9376563803169308
1642,0.01108824822379897,0.16114763156545656,183.9563665688038,,
1643,0.01107508061689868,0.1611536852973465,184.0683984607458,,
1644,0.01105250333397145,0.16114114873935106,184.18043035268784,,
1645,0.01103473749813099,0.1611096615986899,184.29246224462986,,
1646,0.01101971678135185,0.16109886377987007,184.40449413657188,,
1647,0.01100625971000709,0.16105955590488827,184.5165260285139,,
1648,0.01099077230342977,0.16105596267058944,184.62855792045593,,
1649,0.01097405687950573,0.16104842996022073,184.74058981239796,,
1650,0.01095812031230289,0.16103923033644066,184.85262170433998,,
1651,0.01094062216623516,0.16102832675801257,184.964653596282,0.9081738071665585,0.9372393661384487
1652,0.01092877163847603,0.16103100562024034,185.07668548822403,,
1653,0.01091516248251117,0.16105730132993584,185.18871738016605,,
1654,0.01090065398284429,0.16105245169333934,185.30074927210808,,
1655,0.01088313404921318,0.16100688423702259,185.4127811640501,,
1656,0.01086644659340945,0.16101819910496498,185.52481305599213,,
1657,0.01084332315229102,0.16102066419331718,185.63684494793415,,
1658,0.01083000947083971,0.1609952589441805,185.74887683987617,,
1659,0.01081831836539238,0.16100013602151803,185.8609087318182,,
1660,0.0108064694519649,0.16100189636376425,185.97294062376022,,
1661,0.01078659874958528,0.16098843208217958,186.08497251570225,0.9085247671390244,0.9374478732276897
1662,0.0107740833240481,0.16099977438348984,186.19700440764427,,
1663,0.01076136963966588,0.16099744116088407,186.3090362995863,,
1664,0.01074845331080265,0.1609980138939801,186.42106819152832,,
1665,0.01073516056914296,0.1609998012482157,186.53310008347034,,
1666,0.0107217061430064,0.16100012136810465,186.64513197541237,,
1667,0.0107056702021772,0.1610102542708365,186.7571638673544,,
1668,0.01068810903625275,0.16099399652644067,186.86919575929642,,
1669,0.01066920303011053,0.16097754876979567,186.98122765123844,,
1670,0.01065348061843803,0.16095431978633806,187.09325954318047,,
1671,0.01063347493178849,0.16095784598599783,187.2052914351225,0.9086923372231297,0.9378648874061718
1672,0.01061641843339059,0.16095683632040547,187.3173233270645,,
1673,0.01059926056157169,0.160998333572613,187.42935521900654,,
1674,0.01058668695472002,0.16099443346704456,187.54138711094856,,
1675,0.0105719350663285,0.16097501987442156,187.6534190028906,,
1676,0.01055604110588651,0.16096348328952623,187.7654508948326,,
1677,0.01053987040248838,0.16099240883004942,187.87748278677464,,
1678,0.01052750182144177,0.16097324639140842,187.98951467871666,,
1679,0.01051745351853273,0.16097875705290185,188.10154657065868,,
1680,0.01050159157533693,0.1609782145340215,188.2135784626007,,
1681,0.01048318947629645,0.1609941927013865,188.32561035454273,0.9087000007249542,0.9378648874061718
1682,0.01046842137323492,0.16099111604738894,188.43764224648476,,
1683,0.01045299448966489,0.16097726468377058,188.54967413842678,,
1684,0.0104380000581477,0.16095168449416025,188.6617060303688,,
1685,0.01042531591061733,0.16093352550774637,188.77373792231083,,
1686,0.01041041281731595,0.16092826916846978,188.88576981425285,,
1687,0.01039301661564435,0.16094192461098897,188.99780170619488,,
1688,0.01037787323476971,0.1609380609396082,189.1098335981369,,
1689,0.01036613826781026,0.16093724877585414,189.22186549007893,,
1690,0.01035170620871415,0.16094468969741513,189.33389738202095,,
1691,0.01033330301740857,0.16093590620755704,189.44592927396297,0.9087837507652825,0.9380733944954128
1692,0.01032201056524187,0.1609344275792197,189.557961165905,,
1693,0.01030671926852223,0.16093776079715333,189.66999305784702,,
1694,0.01029184535559742,0.16092414888231674,189.78202494978905,,
1695,0.01027734115922438,0.16092535755279683,189.89405684173107,,
1696,0.01026003094187294,0.16093316134167587,190.0060887336731,,
1697,0.01024184253120399,0.16093451113716367,190.11812062561512,,
1698,0.01022920459586816,0.16091360097420618,190.23015251755714,,
1699,0.01021160615922383,0.1608913685111334,190.34218440949917,,
1700,0.01019282618385592,0.16086984930030182,190.4542163014412,,
1701,0.01017621993002169,0.16084678766168523,190.56624819338322,0.9086523768838661,0.9380733944954128
1702,0.01016160429347764,0.16085176585253125,190.67828008532524,,
1703,0.01014661742211457,0.16085442048120893,190.79031197726727,,
1704,0.01013248377131428,0.1608763145903716,190.9023438692093,,
1705,0.01011799659085081,0.16086109419272798,191.0143757611513,,
1706,0.01010493544959598,0.1608459964568524,191.12640765309334,,
1707,0.01009353322754362,0.16084572388776672,191.23843954503536,,
1708,0.01008195186932364,0.16083987766797958,191.3504714369774,,
1709,0.01006952570234631,0.16083107359441653,191.4625033289194,,
1710,0.01005379858075505,0.16081305813510605,191.57453522086143,,
1711,0.01004006010325991,0.16078980535843929,191.68656711280346,0.9086523768838661,0.9380733944954128
1712,0.01002470061044174,0.1607928320268675,191.79859900474548,,
1713,0.01000905404921327,0.1607999684818444,191.9106308966875,,
1714,0.00999699812822777,0.16077713786799336,192.02266278862953,,
1715,0.00997936393008073,0.1607527134162382,192.13469468057156,,
1716,0.0099634300267476,0.16075291847020154,192.24672657251358,,
1717,0.00994539361287353,0.160752647259374,192.3587584644556,,
1718,0.00993364877898487,0.16076610074816308,192.47079035639763,,
1719,0.00992294503907786,0.1607750118513128,192.58282224833965,,
1720,0.00991100048992711,0.16075391994376875,192.69485414028168,,
1721,0.00989531074169012,0.1607433473721516,192.8068860322237,0.9086523768838661,0.9380733944954128
1722,0.00987713083051827,0.16074641370971574,192.91891792416573,,
1723,0.00985971902330212,0.1607400363904035,193.03094981610775,,
1724,0.00984590675059662,0.1607200917953239,193.14298170804977,,
1725,0.0098304803069432,0.16071790231647876,193.2550135999918,,
1726,0.00981444696644044,0.1607022714720132,193.36704549193382,,
1727,0.00980145977340436,0.16072723623458404,193.47907738387585,,
1728,0.00978523850535112,0.16070822704543364,193.59110927581787,,
1729,0.00977381964229999,0.16069382744867072,193.7031411677599,,
1730,0.00976022959833095,0.1607008523390396,193.81517305970192,,
1731,0.00974696831992533,0.16069721761016098,193.92720495164394,0.9076546534442907,0.9376563803169308
1732,0.00973290795841378,0.16069826104419307,194.03923684358597,,
1733,0.00971652553980577,0.16069451357836678,194.151268735528,,
1734,0.00970428499158349,0.16069966362043855,194.26330062747002,,
1735,0.00969285423245869,0.16068217905478088,194.37533251941204,,
1736,0.00967598749543331,0.1606710522547664,194.48736441135406,,
1737,0.00965976203186787,0.16066908604900756,194.5993963032961,,
1738,0.00964572144158439,0.16067146885766576,194.7114281952381,,
1739,0.00962891678559712,0.16066887255302695,194.82346008718014,,
1740,0.00961538281942487,0.16066177231032863,194.93549197912216,,
1741,0.00960024296046592,0.16066024418835467,195.0475238710642,0.9084346079472113,0.9380733944954128
1742,0.00958535344516647,0.1606825222124465,195.1595557630062,,
1743,0.00957544280984679,0.16066305514113463,195.27158765494823,,
1744,0.00956230173559244,0.1606648507303166,195.38361954689026,,
1745,0.0095523693388069,0.16067959685264305,195.49565143883228,,
1746,0.00954056009303376,0.1606874847208121,195.6076833307743,,
1747,0.0095280566773787,0.16066455860091614,195.71971522271633,,
1748,0.00951705115800279,0.16065968018141877,195.83174711465836,,
1749,0.00950848192312351,0.1606585489884385,195.94377900660038,,
1750,0.00949731012260949,0.16064985231883525,196.0558108985424,,
1751,0.00948345290026416,0.1606427520301568,196.16784279048443,0.9093082003319003,0.9386989157631359
1752,0.00946878961143069,0.16063551936434237,196.27987468242645,,
1753,0.00945620626704926,0.16061487034575556,196.39190657436848,,
1754,0.0094392289750746,0.16061260235280417,196.5039384663105,,
1755,0.0094290212505892,0.1606068589112351,196.61597035825253,,
1756,0.00941596944032082,0.16059504278958672,196.72800225019455,,
1757,0.00940137443343916,0.16060321293976024,196.84003414213657,,
1758,0.00938890914502043,0.1605970826257507,196.9520660340786,,
1759,0.00937271986301021,0.16057615191080696,197.06409792602062,,
1760,0.00936054436090859,0.1605598238114752,197.17612981796265,,
1761,0.00934933014943042,0.1605612793206218,197.28816170990467,0.9093246501270712,0.9384904086738949
1762,0.0093362736688327,0.16055839392573398,197.4001936018467,,
1763,0.00932351704983519,0.16056397193896976,197.51222549378872,,
1764,0.00931237038166254,0.1605767248871355,197.62425738573074,,
1765,0.00929630167516021,0.160545778606778,197.73628927767277,,
1766,0.00928368317232691,0.16054213381462962,197.8483211696148,,
1767,0.00926938440990744,0.16053755450079005,197.96035306155682,,
1768,0.00925542254708564,0.16053599049585027,198.07238495349884,,
1769,0.00924263498944655,0.16055967410023397,198.18441684544086,,
1770,0.00923085262864459,0.16056960438479376,198.2964487373829,,
1771,0.00921460619699223,0.16051363399869106,198.4084806293249,0.9091997233494933,0.9380733944954128
1772,0.00919824052134868,0.16049555806987229,198.52051252126694,,
1773,0.00918547955993176,0.16049623424744072,198.63254441320896,,
1774,0.00917721611898016,0.160498280389131,198.74457630515099,,
1775,0.00916534963033565,0.16048353529055293,198.856608197093,,
1776,0.00915439282749796,0.16047395771288617,198.96864008903503,,
1777,0.00914196436394133,0.16044861449112963,199.08067198097706,,
1778,0.00912694920202481,0.16045059786238727,199.19270387291908,,
1779,0.00911358458799893,0.16045566832916414,199.3047357648611,,
1780,0.00910170808870873,0.16045981983747679,199.41676765680313,,
1781,0.00909301527087486,0.16048385574918586,199.52879954874516,0.9103144398346747,0.939115929941618
1782,0.00907996273227401,0.16047113897840656,199.64083144068718,,
1783,0.00907071088453161,0.16046233725090642,199.7528633326292,,
1784,0.00906015278072045,0.16045610248406406,199.86489522457123,,
1785,0.00904926265281338,0.1604531567787367,199.97692711651325,,
1786,0.00903948875159023,0.16044726938206338,200.08895900845528,,
1787,0.00902801749366188,0.16044526320917415,200.2009909003973,,
1788,0.009016635419509,0.1604416153752872,200.31302279233932,,
1789,0.0090053723235418,0.16044698278877026,200.42505468428135,,
1790,0.00899013337765002,0.16041819792899897,200.53708657622337,,
1791,0.00897808076689575,0.16042041068089596,200.6491184681654,0.9096674187001577,0.9389074228523769
1792,0.00896624097005537,0.16039920583480727,200.76115036010742,,
1793,0.00895525812950601,0.1604122946741187,200.87318225204945,,
1794,0.00894110747187437,0.16039167282219716,200.98521414399147,,
1795,0.00892740888229384,0.16039808591433313,201.0972460359335,,
1796,0.00891416350766006,0.160393880466253,201.20927792787552,,
1797,0.00890440078123721,0.1603990993780841,201.32130981981754,,
1798,0.00889261315147441,0.16040413193211886,201.43334171175957,,
1799,0.00887610096155068,0.16040646428765432,201.5453736037016,,
1800,0.00886528303623279,0.16038970254044882,201.65740549564362,,
1801,0.00885493570949687,0.1603772033779161,201.76943738758564,0.9099343662520114,0.9389074228523769
1802,0.00884151461583353,0.16036956926892237,201.88146927952766,,
1803,0.00882767889957631,0.16037769488451548,201.9935011714697,,
1804,0.00881827758071198,0.16038059272151398,202.1055330634117,,
1805,0.00880277976806568,0.16037710053806792,202.21756495535374,,
1806,0.00879103258970201,0.16035576415414263,202.32959684729576,,
1807,0.00877617999216368,0.16035400616413986,202.44162873923779,,
1808,0.00876269457584535,0.1603373748635466,202.5536606311798,,
1809,0.0087507972398223,0.1603440376714102,202.66569252312183,,
1810,0.00874083080944365,0.16035461654588004,202.77772441506386,,
1811,0.00873001610775334,0.16034030967283547,202.88975630700588,0.9097074095845203,0.9386989157631359
1812,0.00871736845206996,0.16033099292355918,203.0017881989479,,
1813,0.00870644942190905,0.16034748743512758,203.11382009088993,,
1814,0.00869427674198907,0.1603345814643898,203.22585198283195,,
1815,0.0086790187465722,0.16030032979899553,203.33788387477398,,
1816,0.00867059423912587,0.16031007534725603,203.449915766716,,
1817,0.00865876662349634,0.1603137213538674,203.56194765865803,,
1818,0.00864288618227095,0.16031692728653874,203.67397955060005,,
1819,0.00863307264650145,0.16029228574149507,203.78601144254208,,
1820,0.00861968441349671,0.1602828020069664,203.8980433344841,,
1821,0.00861068222293169,0.16028266992940207,204.01007522642612,0.9097910586190563,0.9389074228523769
1822,0.00859816792801009,0.16029111047553118,204.12210711836815,,
1823,0.00858761114274799,0.16028384289180136,204.23413901031017,,
1824,0.00857653736519378,0.16027532159522642,204.3461709022522,,
1825,0.00856730565432263,0.16025830929203946,204.45820279419422,,
1826,0.00855642752131533,0.16023411864030784,204.57023468613625,,
1827,0.00854652860872167,0.16023133208560486,204.68226657807827,,
1828,0.00853385705184169,0.1602337755321721,204.7942984700203,,
1829,0.00852530890386596,0.16022367527619652,204.90633036196232,,
1830,0.00851042658637139,0.16020843611478436,205.01836225390434,,
1831,0.00849742282328468,0.1601916879390226,205.13039414584637,0.9100353602011447,0.9389074228523769
1832,0.00848915250465387,0.1602004133335397,205.2424260377884,,
1833,0.00847678136599071,0.1602227330645843,205.35445792973042,,
1834,0.00846778165555913,0.1602205712088361,205.46648982167244,,
1835,0.00845449702488946,0.16019574208601073,205.57852171361446,,
1836,0.00844026067022332,0.16016445334490595,205.6905536055565,,
1837,0.00842716196548927,0.16011569862826686,205.8025854974985,,
1838,0.00841816000748872,0.16011155357621606,205.91461738944054,,
1839,0.00840749475515561,0.16012259072498808,206.02664928138256,,
1840,0.00839954026131399,0.16012448226139148,206.13868117332458,,
1841,0.00838631267089991,0.16012229388588517,206.2507130652666,0.9096724671088767,0.9384904086738949
1842,0.0083759066127847,0.160107688048316,206.36274495720863,,
1843,0.00836216715880466,0.16008247344953977,206.47477684915066,,
1844,0.00835052864276626,0.16008124597175089,206.58680874109268,,
1845,0.00834232390342462,0.1600634792012245,206.6988406330347,,
1846,0.00833177558472339,0.1600520429477757,206.81087252497673,,
1847,0.00832052554711751,0.16004128097555825,206.92290441691875,,
1848,0.00831101272631559,0.1600373910731358,207.03493630886078,,
1849,0.00830017680451371,0.1600325219489259,207.1469682008028,,
1850,0.00828849086190405,0.16001803500750955,207.25900009274483,,
1851,0.0082816761297051,0.16001394446433023,207.37103198468685,0.9102976336963816,0.9386989157631359
1852,0.00826993799010214,0.1600247041656856,207.48306387662888,,
1853,0.00826000605021718,0.16002777110730304,207.5950957685709,,
1854,0.00824742560655198,0.16002011209346123,207.70712766051292,,
1855,0.00823582528709675,0.16002421117571422,207.81915955245495,,
1856,0.00822332549632767,0.16003699177379452,207.93119144439697,,
1857,0.00821029149319275,0.16005324162045834,208.043223336339,,
1858,0.00819674260326631,0.16003997220623198,208.15525522828102,,
1859,0.00818616869638817,0.16003265331798272,208.26728712022305,,
1860,0.0081757385724793,0.16003470457985866,208.37931901216507,,
1861,0.00816390770075754,0.16003837561523493,208.4913509041071,0.9102139027719546,0.9384904086738949
1862,0.00815289261255584,0.16006164328150144,208.60338279604912,,
1863,0.00814159576564289,0.1600854589587307,208.71541468799114,,
1864,0.00813140270836353,0.16005505677283516,208.82744657993317,,
1865,0.00812076417730375,0.16005493011975228,208.9394784718752,,
1866,0.00811099490192231,0.1600396819991817,209.05151036381721,,
1867,0.00809895354456307,0.1600177291139519,209.16354225575924,,
1868,0.00808592456617584,0.16002334725882594,209.27557414770126,,
1869,0.00807047837085197,0.16003090499349049,209.3876060396433,,
1870,0.00805920784839648,0.16000906077966964,209.4996379315853,,
1871,0.00804844603977626,0.16002552628794145,209.61166982352734,0.9110209981971595,0.9389074228523769
1872,0.0080383031467354,0.16002561831164006,209.72370171546936,,
1873,0.008028726019584,0.16002496494065951,209.83573360741138,,
1874,0.00801655693464014,0.16005097628309067,209.9477654993534,,
1875,0.00800695573865924,0.1600540735886855,210.05979739129543,,
1876,0.0079970197872547,0.16003068028587825,210.17182928323746,,
1877,0.00798679661240873,0.16002627310451,210.28386117517948,,
1878,0.00797533139012282,0.1600300064652802,210.3958930671215,,
1879,0.00796645138893705,0.16000673322755507,210.50792495906353,,
1880,0.00795702106654048,0.1600158456938406,210.61995685100555,,
1881,0.00794608070931998,0.15998621142506558,210.73198874294758,0.9109514037346721,0.9389074228523769
1882,0.00793334724668965,0.15998374275366595,210.8440206348896,,
1883,0.00792460390128865,0.15997853885620794,210.95605252683163,,
1884,0.00791200593672372,0.15995623241612877,211.06808441877365,,
1885,0.00790020798047325,0.15996246932872737,211.18011631071568,,
1886,0.00788811727921728,0.15996373593481916,211.2921482026577,,
1887,0.0078821940747502,0.15995910229385388,211.40418009459972,,
1888,0.00786835710699448,0.15995259434412498,211.51621198654175,,
1889,0.00785847370795336,0.15993798135927936,211.62824387848377,,
1890,0.00784820867252213,0.15996188532296168,211.7402757704258,,
1891,0.00783708490341507,0.15995599661736362,211.85230766236782,0.9116258997576419,0.9395329441201001
1892,0.00782678184066827,0.15996397379152744,211.96433955430984,,
1893,0.00781518693994259,0.15996659092583496,212.07637144625187,,
1894,0.00780573752567852,0.15996471984961225,212.1884033381939,,
1895,0.00779814979643298,0.15997889657549982,212.30043523013592,,
1896,0.00778676951318481,0.1599631580636515,212.41246712207794,,
1897,0.00777843233150421,0.15993822105027936,212.52449901401997,,
1898,0.00776495516849696,0.15991646042309673,212.636530905962,,
1899,0.00775552520285596,0.1599260814104282,212.74856279790401,,
1900,0.00774619124851147,0.15992478409833027,212.86059468984604,,
1901,0.00773301475916202,0.15990749001774726,212.97262658178806,0.9117282536784338,0.9395329441201001
1902,0.00772467531913669,0.1599152513903018,213.0846584737301,,
1903,0.00771315110897279,0.1599147072327155,213.1966903656721,,
1904,0.00770421115812578,0.15989208451119655,213.30872225761414,,
1905,0.00769624459151841,0.1598785815859223,213.42075414955616,,
1906,0.00768743453553321,0.1599058115300863,213.53278604149818,,
1907,0.00767982621406268,0.15989024466107288,213.6448179334402,,
1908,0.00766901713933333,0.15985054163537513,213.75684982538223,,
1909,0.00766012057702631,0.15985333025256515,213.86888171732426,,
1910,0.00764812236798794,0.15984883712443304,213.98091360926628,,
1911,0.00763768831335181,0.15983787472256325,214.0929455012083,0.9113990385794182,0.939324437030859
1912,0.00762816067591156,0.15986061690895195,214.20497739315033,,
1913,0.00761859925549068,0.15985373307328002,214.31700928509235,,
1914,0.00760698229772836,0.1598602054144657,214.42904117703438,,
1915,0.00759627135832115,0.1598306567492816,214.5410730689764,,
1916,0.00758515245001442,0.15983689738555412,214.65310496091843,,
1917,0.00757936070799414,0.15984276712239306,214.76513685286045,,
1918,0.00757010561192008,0.1598504148200137,214.87716874480247,,
1919,0.00755955452126415,0.1598384916574389,214.9892006367445,,
1920,0.00754996434327929,0.1598118592297472,215.10123252868652,,
1921,0.00754356083462092,0.1598085288188899,215.21326442062855,0.9114582729447717,0.939115929941618
1922,0.00753452089780621,0.15979356570574962,215.32529631257057,,
1923,0.00752610616718814,0.15982079560181997,215.4373282045126,,
1924,0.00751555144637184,0.1598272053218502,215.54936009645462,,
1925,0.00750602769071201,0.15984897163380068,215.66139198839664,,
1926,0.00749851126315723,0.159871416133499,215.77342388033867,,
1927,0.0074893426174587,0.1598401205797603,215.8854557722807,,
1928,0.00748212439398301,0.159831724375784,215.99748766422272,,
1929,0.00747120683166001,0.159824357791682,216.10951955616474,,
1930,0.00746130096933328,0.15983735074886396,216.22155144810677,,
1931,0.0074494879283443,0.15985468216833795,216.3335833400488,0.9106451703599632,0.9386989157631359
1932,0.00744371598559902,0.15984204035694372,216.4456152319908,,
1933,0.0074340569574919,0.15983973939697962,216.55764712393284,,
1934,0.00742550736555812,0.15985573278131723,216.66967901587486,,
1935,0.00741570071703512,0.15984898363403519,216.7817109078169,,
1936,0.00740575909067137,0.15982624349139538,216.8937427997589,,
1937,0.00739532404694892,0.15982848954597212,217.00577469170094,,
1938,0.00738576586610246,0.15981533112732618,217.11780658364296,,
1939,0.00737600271166225,0.1598351460671877,217.22983847558498,,
1940,0.00736626978489734,0.1598203217160557,217.341870367527,,
1941,0.00735524283324129,0.15983030381060043,217.45390225946903,0.9110414271506507,0.9386989157631359
1942,0.00734427388533389,0.1598147475138738,217.56593415141106,,
1943,0.00733180131660899,0.15980614397818685,217.67796604335308,,
1944,0.00732376930853915,0.15979639973522322,217.7899979352951,,
1945,0.00731675234965795,0.1597893017050912,217.90202982723713,,
1946,0.00730898039352512,0.15976809904014272,218.01406171917915,,
1947,0.0073016692339577,0.15976082769798797,218.12609361112118,,
1948,0.00729100007472326,0.15974565944941804,218.2381255030632,,
1949,0.00728490908352517,0.1597631685272286,218.35015739500523,,
1950,0.00727390150789886,0.15976630972717704,218.46218928694725,,
1951,0.00726624278887155,0.159753566130057,218.57422117888927,0.9111253348848533,0.9389074228523769
1952,0.00726033435427869,0.15973501771178145,218.6862530708313,,
1953,0.00725073695588104,0.15974204133313746,218.79828496277332,,
1954,0.00723865031258125,0.1597138941717693,218.91031685471535,0.9111253348848533,0.9389074228523769
