"barcode","predicted_label","prediction_score"
"AAACCTGAGCATCATC-1","B cells",1
"AAACCTGAGCTAACTC-1","Mono",1
"AAACCTGAGCTAGTGG-1","T cells",1
"AAACCTGCACATTAGC-1","T cells",0.967881202435654
"AAACCTGCACTGTTAG-1","Mono",1
"AAACCTGCATAGTAAG-1","Mono",1
"AAACCTGCATGAACCT-1","T cells",0.782688037593425
"AAACCTGGTAAGAGGA-1","T cells",1
"AAACCTGGTAGAAGGA-1","Mono",1
"AAACCTGGTCCAGTGC-1","T cells",1
"AAACCTGGTGTCTGAT-1","T cells",1
"AAACCTGGTTTGCATG-1","Mono",1
"AAACCTGGTTTGTTTC-1","T cells",0.977616948839743
"AAACCTGTCCGTTGCT-1","B cells",1
"AAACCTGTCCTGTAGA-1","T cells",0.728565517497552
"AAACCTGTCGCCAAAT-1","T cells",0.985506273616518
"AAACCTGTCGTGGACC-1","Mono",1
"AAACCTGTCTACCAGA-1","T cells",1
"AAACCTGTCTCAAGTG-1","T cells",1
"AAACCTGTCTCGCTTG-1","Mono",1
"AAACCTGTCTGCGGCA-1","T cells",0.961482517933368
"AAACGGGAGCCTCGTG-1","Mono",1
"AAACGGGAGGTGTGGT-1","T cells",1
"AAACGGGAGTACGATA-1","Mono",1
"AAACGGGCAAGTAGTA-1","B cells",1
"AAACGGGCACCTCGGA-1","B cells",1
"AAACGGGCACGAAACG-1","T cells",0.947071752289404
"AAACGGGCAGTAAGAT-1","B cells",1
"AAACGGGGTACAGTTC-1","NK",0.948133636326076
"AAACGGGGTACCCAAT-1","B cells",1
"AAACGGGGTAGCTTGT-1","T cells",0.972698468310658
"AAACGGGGTGCGCTTG-1","T cells",1
"AAACGGGTCAGGATCT-1","Mono",1
"AAACGGGTCCAAAGTC-1","Mono",1
"AAACGGGTCCCTCAGT-1","Mono",1
"AAACGGGTCCGTTGTC-1","T cells",0.859680839942378
"AAACGGGTCTCTGTCG-1","T cells",1
"AAACGGGTCTTCTGGC-1","NK",0.569858994286731
"AAAGATGAGCGCTCCA-1","T cells",1
"AAAGATGAGGGTTTCT-1","T cells",0.886185098040931
"AAAGATGAGTACGATA-1","T cells",1
"AAAGATGAGTGCAAGC-1","Mono",1
"AAAGATGCAAAGCAAT-1","T cells",1
"AAAGATGCACCCTATC-1","T cells",1
"AAAGATGCACTTAAGC-1","T cells",1
"AAAGATGCAGCGAACA-1","T cells",1
"AAAGATGCATGCCTTC-1","T cells",0.862200939352994
"AAAGATGCATTGGTAC-1","T cells",0.81648295928685
"AAAGATGGTATAATGG-1","Mono",1
"AAAGATGGTCAGAAGC-1","T cells",0.963606713008616
"AAAGATGGTCTTTCAT-1","T cells",0.770670264033855
"AAAGATGGTGGTGTAG-1","B cells",1
"AAAGATGGTGTGACCC-1","B cells",1
"AAAGATGGTTACGACT-1","T cells",1
"AAAGATGGTTGTCTTT-1","Mono",1
"AAAGATGTCCCTAATT-1","T cells",1
"AAAGATGTCCGAACGC-1","T cells",0.822702357827226
"AAAGATGTCCGCAGTG-1","T cells",0.93743646754098
"AAAGATGTCGCCAGCA-1","T cells",1
"AAAGATGTCGCCTGAG-1","NK",0.938616197505529
"AAAGATGTCGTATCAG-1","Mono",1
"AAAGATGTCTCGAGTA-1","T cells",1
"AAAGCAAAGAAACCAT-1","T cells",0.745288913290872
"AAAGCAAAGACTAGAT-1","T cells",0.825158625222749
"AAAGCAAAGCCCTAAT-1","T cells",1
"AAAGCAAAGCTAAGAT-1","Mono",1
"AAAGCAAAGTGTCTCA-1","Mono",1
"AAAGCAACAGACGCAA-1","T cells",0.783673809993465
"AAAGCAACAGCTTAAC-1","T cells",1
"AAAGCAAGTCAATACC-1","T cells",0.807932517271285
"AAAGCAAGTCATGCCG-1","T cells",1
"AAAGCAAGTCGCGAAA-1","Mono",1
"AAAGCAATCAGCGACC-1","B cells",1
"AAAGCAATCCCTGACT-1","T cells",0.986600750744166
"AAAGCAATCGAGAACG-1","Mono",1
"AAAGCAATCTCGCATC-1","T cells",0.875669493243821
"AAAGTAGAGAGGTAGA-1","T cells",1
"AAAGTAGAGAGTCTGG-1","T cells",1
"AAAGTAGAGCAATCTC-1","T cells",0.829829459950808
"AAAGTAGAGCGATATA-1","T cells",1
"AAAGTAGAGCTACCTA-1","B cells",1
"AAAGTAGAGGACTGGT-1","Mono",1
"AAAGTAGAGTCAAGCG-1","T cells",1
"AAAGTAGCAAGGGTCA-1","T cells",1
"AAAGTAGCACCAACCG-1","Mono",1
"AAAGTAGCATGTTCCC-1","T cells",0.915619337496658
"AAAGTAGGTACACCGC-1","T cells",0.887910885774788
"AAAGTAGGTAGCCTCG-1","Mono",1
"AAAGTAGGTTAAAGTG-1","Mono",1
"AAAGTAGTCAGTGTTG-1","T cells",0.881899617151034
"AAAGTAGTCCCACTTG-1","T cells",1
"AAAGTAGTCTATCCCG-1","Mono",1
"AAATGCCAGGCATGGT-1","T cells",0.838982469895683
"AAATGCCAGGTCGGAT-1","Mono",1
"AAATGCCAGTAGTGCG-1","T cells",1
"AAATGCCCAACTTGAC-1","T cells",1
"AAATGCCCAATACGCT-1","T cells",1
"AAATGCCCACCTGGTG-1","Mono",1
"AAATGCCGTAAATGTG-1","Mono",1
"AAATGCCGTACCTACA-1","B cells",0.92012519672651
"AAATGCCGTACTCGCG-1","Mono",1
"AAATGCCGTCAAAGAT-1","T cells",1
"AAATGCCTCAACACAC-1","Mono",1
"AAATGCCTCACCAGGC-1","B cells",1
"AAATGCCTCCAGAAGG-1","T cells",1
"AAATGCCTCCTGCCAT-1","T cells",0.911450309695326
"AACACGTAGAGGTTGC-1","B cells",1
"AACACGTAGCTAGCCC-1","T cells",1
"AACACGTAGGAGTACC-1","NK",0.987696192103448
"AACACGTCACTCTGTC-1","T cells",0.702313890830063
"AACACGTCATGTCGAT-1","T cells",1
"AACACGTGTACATGTC-1","T cells",0.668372340749626
"AACACGTGTACCATCA-1","Mono",1
"AACACGTGTCTCTCTG-1","T cells",0.8611570019723
"AACACGTGTCTGGAGA-1","T cells",1
"AACACGTGTGGCCCTA-1","T cells",1
"AACACGTGTTACGCGC-1","T cells",1
"AACACGTGTTGTCTTT-1","B cells",1
"AACACGTGTTTACTCT-1","T cells",0.987161566991009
"AACACGTTCAGCTCTC-1","T cells",1
"AACACGTTCCACGACG-1","T cells",0.989053150803728
"AACACGTTCCACTCCA-1","T cells",0.9696880793777
"AACACGTTCCATGCTC-1","T cells",1
"AACACGTTCGGTCTAA-1","B cells",1
"AACACGTTCGTTTATC-1","T cells",1
"AACACGTTCTCTGAGA-1","B cells",1
"AACACGTTCTTGAGAC-1","T cells",1
"AACCATGAGAAGAAGC-1","B cells",1
"AACCATGAGACTGTAA-1","NK",0.93341402806408
"AACCATGAGGTAGCTG-1","B cells",1
"AACCATGCAAACTGTC-1","T cells",1
"AACCATGCATATGAGA-1","T cells",1
"AACCATGCATCAGTCA-1","T cells",0.824844604629544
"AACCATGCATCGATGT-1","Mono",1
"AACCATGGTACATGTC-1","Mono",1
"AACCATGGTACCGTTA-1","T cells",1
"AACCATGGTCTAAAGA-1","T cells",1
"AACCATGGTGTCAATC-1","Mono",1
"AACCATGTCACCTCGT-1","Mono",1
"AACCATGTCATGGTCA-1","T cells",1
"AACCATGTCGCGGATC-1","T cells",1
"AACCATGTCTCGTATT-1","B cells",1
"AACCGCGAGAGACTTA-1","B cells",1
"AACCGCGAGAGTACCG-1","T cells",1
"AACCGCGAGCACGCCT-1","T cells",1
"AACCGCGAGCCGTCGT-1","T cells",0.973282465246866
"AACCGCGAGGACAGCT-1","Mono",1
"AACCGCGAGGAGTCTG-1","T cells",0.922283765225295
"AACCGCGAGTACGCGA-1","T cells",1
"AACCGCGCACTGTGTA-1","Mono",1
"AACCGCGCAGATCGGA-1","Mono",1
"AACCGCGCAGCGATCC-1","T cells",1
"AACCGCGCAGCGTTCG-1","NK",0.891412423635156
"AACCGCGCAGCTGGCT-1","T cells",1
"AACCGCGCATAGTAAG-1","T cells",0.823520199467702
"AACCGCGCATGCAATC-1","Mono",1
"AACCGCGGTATATGAG-1","Mono",1
"AACCGCGGTCCTAGCG-1","T cells",1
"AACCGCGGTGTCCTCT-1","B cells",1
"AACCGCGGTTGTGGCC-1","B cells",1
"AACCGCGTCAGCAACT-1","T cells",1
"AACCGCGTCTCATTCA-1","T cells",1
"AACCGCGTCTCGCATC-1","Mono",1
"AACGTTGAGATCGATA-1","Mono",1
"AACGTTGAGGCCCTCA-1","T cells",1
"AACGTTGCAAGCTGTT-1","NK",0.852793459740716
"AACGTTGCACCAGATT-1","Mono",1
"AACGTTGCATAACCTG-1","Mono",1
"AACGTTGGTCAAAGCG-1","B cells",1
"AACGTTGGTTCCGGCA-1","T cells",1
"AACGTTGGTTTGTTTC-1","NK",0.962664222086424
"AACGTTGTCCATGAAC-1","T cells",1
"AACGTTGTCGAATGGG-1","Mono",0.999999999999999
"AACGTTGTCGCATGAT-1","NK",0.9302237659759
"AACGTTGTCGTCTGCT-1","T cells",1
"AACGTTGTCGTGGACC-1","T cells",1
"AACTCAGAGAGAGCTC-1","T cells",1
"AACTCAGAGCAGGCTA-1","B cells",1
"AACTCAGAGCTAGTGG-1","T cells",0.726147334805655
"AACTCAGCAAATCCGT-1","B cells",1
"AACTCAGCAAGAAAGG-1","B cells",1
"AACTCAGCACATGGGA-1","T cells",0.920913011201015
"AACTCAGCAGACAAGC-1","T cells",1
"AACTCAGCAGGGTTAG-1","NK",0.813819644814402
"AACTCAGCAGTAAGAT-1","T cells",0.753884772183025
"AACTCAGCATCGGAAG-1","T cells",0.92955500569806
"AACTCAGGTATAGGGC-1","T cells",0.846012869289509
"AACTCAGGTGAAAGAG-1","Mono",1
"AACTCAGGTTACGTCA-1","T cells",0.842133172409123
"AACTCAGGTTGGACCC-1","Mono",1
"AACTCAGTCCTTTCTC-1","Platelet",1
"AACTCAGTCGCTTGTC-1","NK",0.557068996900647
"AACTCAGTCTTGCCGT-1","T cells",1
"AACTCCCAGAAGGGTA-1","B cells",1
"AACTCCCAGGTGATTA-1","Mono",1
"AACTCCCAGTCTTGCA-1","T cells",1
"AACTCCCCAATGTAAG-1","Mono",1
"AACTCCCCATAAGACA-1","Mono",1
"AACTCCCCATGCCTAA-1","Mono",1
"AACTCCCGTGAGGGTT-1","T cells",1
"AACTCCCGTGGTCTCG-1","Mono",1
"AACTCCCGTGTTGAGG-1","T cells",1
"AACTCCCGTTCATGGT-1","T cells",1
"AACTCCCTCATCATTC-1","T cells",1
"AACTCCCTCTGGGCCA-1","T cells",1
"AACTCTTAGAAGAAGC-1","T cells",0.980099202474573
"AACTCTTAGAGTGACC-1","T cells",0.772324648812979
"AACTCTTAGCCTATGT-1","NK",0.888123571426142
"AACTCTTAGCGATTCT-1","Mono",1
"AACTCTTAGCTGAAAT-1","T cells",1
"AACTCTTCAAGCCCAC-1","Mono",1
"AACTCTTCAAGGACTG-1","Mono",1
"AACTCTTCAATAGCAA-1","T cells",1
"AACTCTTCACTATCTT-1","T cells",1
"AACTCTTCAGACGCTC-1","Mono",1
"AACTCTTCAGGAACGT-1","T cells",0.712326919286804
"AACTCTTCAGGGTTAG-1","T cells",0.689306685222954
"AACTCTTCATTTGCTT-1","T cells",1
"AACTCTTGTATATGAG-1","T cells",0.667103497565113
"AACTCTTGTCATATGC-1","B cells",1
"AACTCTTGTGTGCCTG-1","T cells",0.755230540783985
"AACTCTTGTTCCATGA-1","T cells",1
"AACTCTTTCAATCACG-1","T cells",1
"AACTCTTTCGGACAAG-1","B cells",1
"AACTCTTTCGTTACAG-1","Mono",1
"AACTCTTTCTCATTCA-1","T cells",1
"AACTGGTAGACTACAA-1","Mono",1
"AACTGGTAGAGTACAT-1","Mono",1
"AACTGGTAGCGATATA-1","T cells",0.99880954549444
"AACTGGTAGTACGCCC-1","B cells",1
"AACTGGTCAGTCCTTC-1","Mono",1
"AACTGGTCAGTGGGAT-1","T cells",1
"AACTGGTGTATAAACG-1","Mono",1
"AACTGGTTCACAAACC-1","B cells",1
"AACTGGTTCACTTATC-1","B cells",1
"AACTGGTTCATAAAGG-1","Mono",1
"AACTGGTTCCGCGTTT-1","T cells",0.98161459156802
"AACTGGTTCTTCGAGA-1","Mono",1
"AACTTTCAGAAAGTGG-1","T cells",0.878192578925704
"AACTTTCAGAGCTGCA-1","T cells",0.818983739332599
"AACTTTCAGCAGGTCA-1","T cells",0.919602233865533
"AACTTTCAGCCCAATT-1","T cells",1
"AACTTTCAGTAACCCT-1","Platelet",0.920843132737077
"AACTTTCCAAGCGCTC-1","B cells",1
"AACTTTCCACGTGAGA-1","T cells",0.785195887024198
"AACTTTCCAGCATACT-1","T cells",1
"AACTTTCCAGTCAGAG-1","B cells",1
"AACTTTCCAGTCAGCC-1","B cells",1
"AACTTTCCAGTGACAG-1","T cells",1
"AACTTTCCATCGATTG-1","B cells",1
"AACTTTCCATTGTGCA-1","T cells",1
"AACTTTCGTACTCGCG-1","Mono",1
"AACTTTCGTACTTAGC-1","T cells",1
"AACTTTCGTAGAGCTG-1","T cells",1
"AACTTTCGTCTTTCAT-1","T cells",0.722485486303338
"AACTTTCGTGTCGCTG-1","T cells",1
"AACTTTCGTGTGGCTC-1","T cells",0.909848131118304
"AACTTTCTCAACACCA-1","Mono",1
"AACTTTCTCAGAAATG-1","T cells",1
"AACTTTCTCAGGTAAA-1","T cells",0.965616493314207
"AACTTTCTCTCCAACC-1","T cells",1
"AACTTTCTCTGGGCCA-1","T cells",1
"AAGACCTAGAACAATC-1","Mono",1
"AAGACCTAGCACAGGT-1","NK",0.826808005711414
"AAGACCTAGCCCAATT-1","T cells",1
"AAGACCTAGGTGGGTT-1","Mono",1
"AAGACCTAGTGGCACA-1","Mono",1
"AAGACCTAGTGTTGAA-1","T cells",1
"AAGACCTCAAGCGATG-1","T cells",0.886625509029711
"AAGACCTCACAAGACG-1","B cells",1
"AAGACCTCACAAGTAA-1","T cells",0.827197887467833
"AAGACCTCAGTTAACC-1","Mono",1
"AAGACCTCATAAGACA-1","T cells",0.613044414870183
"AAGACCTCATACAGCT-1","T cells",1
"AAGACCTCATCACGTA-1","T cells",1
"AAGACCTGTCCAAGTT-1","T cells",1
"AAGACCTGTCCATGAT-1","Mono",1
"AAGACCTTCAACACGT-1","T cells",0.996129291377431
"AAGACCTTCACTTACT-1","B cells",1
"AAGACCTTCCGCGGTA-1","T cells",0.806989966485243
"AAGACCTTCGGTCTAA-1","Mono",1
"AAGCCGCAGCGATAGC-1","T cells",1
"AAGCCGCAGCGTTCCG-1","T cells",1
"AAGCCGCAGCTAAACA-1","T cells",0.99778054085197
"AAGCCGCAGGTAGCTG-1","T cells",0.933899715264667
"AAGCCGCAGTGTACTC-1","Mono",1
"AAGCCGCCAAAGCAAT-1","Mono",1
"AAGCCGCCACATGTGT-1","B cells",1
"AAGCCGCCACTCGACG-1","T cells",0.894917633584427
"AAGCCGCCACTGCCAG-1","B cells",1
"AAGCCGCCAGTCGTGC-1","Mono",1
"AAGCCGCGTGAAAGAG-1","Mono",1
"AAGCCGCGTTGATTGC-1","T cells",0.703442418029311
"AAGCCGCTCACATAGC-1","B cells",1
"AAGCCGCTCATCACCC-1","T cells",0.950293958794246
"AAGCCGCTCCATGCTC-1","T cells",0.982252875185337
"AAGCCGCTCCGTAGTA-1","T cells",1
"AAGCCGCTCGGGAGTA-1","T cells",1
"AAGGAGCAGATCGATA-1","T cells",0.980636058149278
"AAGGAGCAGTACACCT-1","T cells",1
"AAGGAGCCAATGACCT-1","Mono",1
"AAGGAGCGTATTAGCC-1","T cells",0.888629806102322
"AAGGAGCGTCGAAAGC-1","T cells",0.512745369849477
"AAGGAGCGTCTGCAAT-1","Mono",1
"AAGGAGCGTCTTCAAG-1","T cells",1
"AAGGAGCGTGTTCGAT-1","T cells",0.842030912184845
"AAGGAGCGTGTTGAGG-1","Mono",1
"AAGGAGCTCACCGTAA-1","T cells",1
"AAGGAGCTCCAAGTAC-1","T cells",1
"AAGGCAGAGACAAGCC-1","Mono",1
"AAGGCAGAGCTACCGC-1","T cells",0.73151417373648
"AAGGCAGAGGTGCACA-1","T cells",1
"AAGGCAGAGTGTCTCA-1","T cells",0.959287814641882
"AAGGCAGCAAATTGCC-1","B cells",1
"AAGGCAGCAACACCTA-1","T cells",1
"AAGGCAGCAGTTAACC-1","B cells",1
"AAGGCAGCATAAAGGT-1","T cells",0.637875687977188
"AAGGCAGCATCTCCCA-1","B cells",1
"AAGGCAGCATTCCTCG-1","T cells",0.974374187304905
"AAGGCAGGTAAAGTCA-1","Mono",1
"AAGGCAGGTACTCGCG-1","Mono",1
"AAGGCAGGTAGGGTAC-1","T cells",0.975336177115392
"AAGGCAGGTATATGGA-1","Mono",1
"AAGGCAGGTATGAAAC-1","T cells",0.855195594108098
"AAGGCAGTCAGGCAAG-1","NK",0.941445738680763
"AAGGCAGTCAGGTAAA-1","T cells",0.764035127412086
"AAGGTTCAGCTCTCGG-1","B cells",1
"AAGGTTCAGTGGGCTA-1","T cells",0.567352939865485
"AAGGTTCCAAAGGAAG-1","T cells",0.798976393362484
"AAGGTTCCAATGTAAG-1","Mono",1
"AAGGTTCCACAGATTC-1","T cells",1
"AAGGTTCCACATTTCT-1","Mono",1
"AAGGTTCGTAAGAGAG-1","Mono",1
"AAGGTTCGTAGCGATG-1","T cells",1
"AAGGTTCGTGCCTGTG-1","B cells",1
"AAGGTTCGTGGTAACG-1","NK",0.878663800683064
"AAGGTTCGTGGTGTAG-1","Mono",1
"AAGGTTCTCAGAAATG-1","T cells",0.987189273687484
"AAGGTTCTCCCTCAGT-1","T cells",1
"AAGGTTCTCCGATATG-1","T cells",1
"AAGGTTCTCCTTAATC-1","Mono",1
"AAGGTTCTCTGTACGA-1","T cells",0.968653251439506
"AAGTCTGAGATGTCGG-1","T cells",0.996138457534682
"AAGTCTGAGCTAGTTC-1","T cells",1
"AAGTCTGAGGCACATG-1","B cells",1
"AAGTCTGAGGTTCCTA-1","Mono",1
"AAGTCTGAGTTGCAGG-1","T cells",0.83697896280012
"AAGTCTGCAATCGGTT-1","T cells",1
"AAGTCTGCACAGGTTT-1","Mono",1
"AAGTCTGCAGTTCATG-1","T cells",1
"AAGTCTGCATCGTCGG-1","Mono",1
"AAGTCTGCATGAAGTA-1","B cells",1
"AAGTCTGGTAAGTGTA-1","Mono",0.931420097170333
"AAGTCTGGTCCGAAGA-1","T cells",1
"AAGTCTGGTCTGATTG-1","T cells",1
"AAGTCTGGTGCACTTA-1","Mono",1
"AAGTCTGGTTCCGTCT-1","T cells",1
"AAGTCTGGTTTGGGCC-1","Mono",1
"AAGTCTGTCAAGATCC-1","T cells",0.606805116581524
"AAGTCTGTCACAGTAC-1","T cells",1
"AAGTCTGTCCTCATTA-1","NK",0.945131468639016
"AAGTCTGTCGACGGAA-1","B cells",1
"AAGTCTGTCGCCCTTA-1","Mono",1
"AATCCAGAGCCACGCT-1","T cells",0.972565149186468
"AATCCAGAGTGACATA-1","T cells",0.985985779559731
"AATCCAGCAAGTTCTG-1","Mono",1
"AATCCAGCAGAGCCAA-1","B cells",0.999999999999999
"AATCCAGCATCTGGTA-1","T cells",0.838024027886263
"AATCCAGGTCCCTACT-1","Mono",1
"AATCCAGTCAAACCGT-1","Mono",1
"AATCCAGTCATGTAGC-1","T cells",1
"AATCCAGTCTGCCCTA-1","Mono",1
"AATCGGTAGACGCTTT-1","Mono",1
"AATCGGTAGAGGTTAT-1","T cells",1
"AATCGGTAGCGAAGGG-1","T cells",1
"AATCGGTAGGTGATTA-1","Mono",1
"AATCGGTAGGTGCTAG-1","T cells",0.812810240563865
"AATCGGTCAAGGTGTG-1","T cells",1
"AATCGGTCAATCGGTT-1","T cells",0.592279806511626
"AATCGGTCAGATCTGT-1","T cells",0.976855501326448
"AATCGGTCATCGGACC-1","Mono",1
"AATCGGTGTCAATACC-1","T cells",0.651772046555591
"AATCGGTGTGGCAAAC-1","B cells",1
"AATCGGTGTGGTTTCA-1","T cells",1
"AATCGGTGTTCGTGAT-1","B cells",1
"AATCGGTTCCGATATG-1","B cells",1
"AATCGGTTCTAGAGTC-1","Mono",1
"AATCGGTTCTATCCCG-1","B cells",1
"AATCGGTTCTCCAGGG-1","T cells",0.986920097753859
"ACACCAAAGAGCAATT-1","T cells",1
"ACACCAAAGCCACGCT-1","T cells",0.988841462356546
"ACACCAAAGGAGTTGC-1","T cells",0.972929896278265
"ACACCAAAGGCTAGGT-1","T cells",1
"ACACCAAAGTGCCATT-1","B cells",1
"ACACCAAAGTGGGCTA-1","B cells",1
"ACACCAACAAAGGTGC-1","T cells",1
"ACACCAACACGACGAA-1","B cells",1
"ACACCAACAGTCTTCC-1","T cells",1
"ACACCAACATTCTCAT-1","NK",0.887677849053554
"ACACCAAGTACATGTC-1","T cells",1
"ACACCAAGTCTTTCAT-1","T cells",0.842735839953274
"ACACCAATCAGTTCGA-1","B cells",1
"ACACCAATCGAGCCCA-1","T cells",1
"ACACCAATCTGGGCCA-1","Mono",1
"ACACCCTAGAGGTACC-1","T cells",1
"ACACCCTAGATAGTCA-1","NK",0.973000065064331
"ACACCCTAGATATGCA-1","Mono",1
"ACACCCTAGATGTGGC-1","T cells",0.767784086727601
"ACACCCTAGCCGGTAA-1","T cells",0.911341387871957
"ACACCCTAGCGCTCCA-1","T cells",1
"ACACCCTAGGATGCGT-1","T cells",1
"ACACCCTAGGTGCTTT-1","B cells",1
"ACACCCTAGTGGTAGC-1","Mono",1
"ACACCCTCAAGACACG-1","T cells",0.906050100128706
"ACACCCTCACGCCAGT-1","Mono",1
"ACACCCTCATGCCTAA-1","T cells",1
"ACACCCTGTAACGTTC-1","T cells",1
"ACACCCTGTAAGTTCC-1","Mono",1
"ACACCCTGTCATTAGC-1","T cells",0.979384298478469
"ACACCCTTCCACGTTC-1","Mono",1
"ACACCCTTCGGCCGAT-1","B cells",1
"ACACCCTTCTCGATGA-1","Mono",1
"ACACCCTTCTCTGAGA-1","B cells",1
"ACACCCTTCTGTTTGT-1","T cells",0.724706610726316
"ACACCGGAGCTCTCGG-1","T cells",1
"ACACCGGAGTATCGAA-1","T cells",1
"ACACCGGAGTGAATTG-1","Mono",1
"ACACCGGCATCGGGTC-1","T cells",0.957394402105071
"ACACCGGGTCTCTTAT-1","Mono",1
"ACACCGGTCAAGGCTT-1","T cells",1
"ACACTGAAGAGATGAG-1","T cells",1
"ACACTGAAGCCGATTT-1","T cells",0.976346598154205
"ACACTGAAGGATATAC-1","B cells",1
"ACACTGAAGGGAACGG-1","Mono",1
"ACACTGAAGGGAGTAA-1","B cells",1
"ACACTGAAGTGGACGT-1","T cells",0.836757800534692
"ACACTGACAATGTAAG-1","T cells",1
"ACACTGACATGATCCA-1","T cells",1
"ACACTGAGTACTTGAC-1","T cells",1
"ACACTGAGTAGTGAAT-1","T cells",1
"ACACTGAGTCACTTCC-1","Mono",1
"ACACTGAGTTAGGGTG-1","T cells",0.999999999999999
"ACACTGATCACGCATA-1","T cells",0.951802835633946
"ACACTGATCATACGGT-1","Mono",1
"ACACTGATCCATTCTA-1","T cells",1
"ACACTGATCCCAAGAT-1","T cells",0.9859926629353
"ACACTGATCGGAAACG-1","B cells",1
"ACAGCCGAGAAAGTGG-1","Mono",1
"ACAGCCGAGTGGGCTA-1","T cells",0.943749517302017
"ACAGCCGAGTGGTAGC-1","T cells",1
"ACAGCCGAGTTTCCTT-1","T cells",1
"ACAGCCGCAAGGTTCT-1","T cells",1
"ACAGCCGCACAGGCCT-1","Mono",1
"ACAGCCGCACTAGTAC-1","B cells",1
"ACAGCCGCAGATCCAT-1","Mono",1
"ACAGCCGCAGGGTATG-1","T cells",0.986253398338855
"ACAGCCGCATCTACGA-1","Mono",1
"ACAGCCGCATGTAAGA-1","NK",0.975112654159682
"ACAGCCGCATGTCGAT-1","NK",0.926066387831132
"ACAGCCGCATTGTGCA-1","T cells",0.989304139457089
"ACAGCCGGTAGCGATG-1","B cells",1
"ACAGCCGGTGCACTTA-1","T cells",0.930450408794083
"ACAGCCGGTGGACGAT-1","B cells",1
"ACAGCCGGTGTGACGA-1","NK",0.946441345985653
"ACAGCCGGTTAAGTAG-1","T cells",1
"ACAGCCGTCAGCTGGC-1","T cells",1
"ACAGCCGTCATGGTCA-1","Mono",1
"ACAGCCGTCCTTGACC-1","B cells",1
"ACAGCCGTCGCGCCAA-1","B cells",1
"ACAGCCGTCGTCGTTC-1","B cells",1
"ACAGCTAAGAGCAATT-1","T cells",1
"ACAGCTAAGGGTTCCC-1","B cells",1
"ACAGCTAAGGTGTGGT-1","T cells",1
"ACAGCTACAACGATGG-1","B cells",1
"ACAGCTACACACTGCG-1","T cells",1
"ACAGCTACAGGTCGTC-1","T cells",1
"ACAGCTACATGGATGG-1","B cells",1
"ACAGCTACATGGTCTA-1","Mono",1
"ACAGCTAGTACCGTAT-1","T cells",1
"ACAGCTAGTCAGAAGC-1","B cells",1
"ACAGCTAGTGCATCTA-1","T cells",0.993469776709646
"ACAGCTAGTGCGAAAC-1","Mono",1
"ACAGCTATCCACTGGG-1","T cells",0.878653487057508
"ACAGCTATCGCCAAAT-1","T cells",1
"ACAGCTATCGTCCGTT-1","T cells",0.761078451007546
"ACAGCTATCTAACGGT-1","T cells",1
"ACAGCTATCTGTTGAG-1","T cells",0.781823702150335
"ACATACGAGAGGTTGC-1","B cells",1
"ACATACGAGGCTACGA-1","B cells",1
"ACATACGAGGGTGTGT-1","T cells",1
"ACATACGAGTGACATA-1","T cells",0.814998440502344
"ACATACGCAAACGTGG-1","T cells",1
"ACATACGCAGTATAAG-1","B cells",1
"ACATACGCATATGGTC-1","T cells",1
"ACATACGCATTAACCG-1","Mono",1
"ACATACGGTAAGTGGC-1","B cells",1
"ACATACGGTAGCCTCG-1","Mono",1
"ACATACGGTGGCTCCA-1","B cells",1
"ACATACGGTGGTACAG-1","T cells",0.833682460870635
"ACATACGGTTCTGAAC-1","T cells",0.587179253775352
"ACATACGTCATGTCCC-1","B cells",1
"ACATACGTCATTTGGG-1","NK",0.988754633492289
"ACATACGTCGGCATCG-1","T cells",1
"ACATACGTCGTTACGA-1","Mono",1
"ACATACGTCTCATTCA-1","T cells",0.93322390023451
"ACATACGTCTCGCTTG-1","Platelet",0.714640630315191
"ACATACGTCTCTTGAT-1","T cells",1
"ACATACGTCTTGAGGT-1","Mono",1
"ACATCAGAGGCCCGTT-1","NK",0.802388437862546
"ACATCAGAGTCGTACT-1","Mono",1
"ACATCAGCAATGTAAG-1","Mono",1
"ACATCAGCACAAGACG-1","Mono",1
"ACATCAGCACATGGGA-1","Mono",1
"ACATCAGCACATTTCT-1","T cells",1
"ACATCAGCACCAACCG-1","T cells",0.956448916735297
"ACATCAGCACTTAACG-1","Mono",1
"ACATCAGCAGTATAAG-1","B cells",1
"ACATCAGCATTTGCTT-1","T cells",1
"ACATCAGGTACATCCA-1","Mono",1
"ACATCAGGTTTCGCTC-1","T cells",0.984740351088862
"ACATCAGTCCACTGGG-1","T cells",1
"ACATCAGTCTGGCGTG-1","T cells",0.680287300796166
"ACATGGTAGACTAGGC-1","NK",0.891629533106137
"ACATGGTAGAGGGATA-1","B cells",1
"ACATGGTAGAGTCGGT-1","B cells",1
"ACATGGTAGATATGGT-1","T cells",0.927321202144269
"ACATGGTAGCTAGTGG-1","B cells",1
"ACATGGTAGTGGTAAT-1","T cells",1
"ACATGGTAGTTAGCGG-1","NK",0.874865550988351
"ACATGGTCAAGACGTG-1","Mono",1
"ACATGGTCACATTCGA-1","T cells",1
"ACATGGTCACGCATCG-1","T cells",0.760547424827856
"ACATGGTCACTGAAGG-1","T cells",1
"ACATGGTCAGCCTTGG-1","T cells",1
"ACATGGTCATTCACTT-1","T cells",1
"ACATGGTGTAATAGCA-1","Mono",1
"ACATGGTGTATTACCG-1","T cells",0.952370669189473
"ACATGGTGTCATGCAT-1","T cells",0.995919292068504
"ACATGGTGTTAAGATG-1","T cells",0.976394352766064
"ACATGGTGTTCAACCA-1","B cells",1
"ACATGGTGTTGCGTTA-1","T cells",1
"ACATGGTTCATCACCC-1","T cells",1
"ACATGGTTCCACGTTC-1","T cells",1
"ACATGGTTCGGCCGAT-1","T cells",0.738367289038356
"ACATGGTTCGGTTAAC-1","T cells",1
"ACATGGTTCTACCTGC-1","B cells",1
"ACCAGTAAGACCACGA-1","Mono",1
"ACCAGTAAGACTTTCG-1","T cells",1
"ACCAGTAAGCCAGGAT-1","T cells",1
"ACCAGTACAACACGCC-1","T cells",1
"ACCAGTACAAGCGATG-1","Mono",1
"ACCAGTACACCGATAT-1","T cells",1
"ACCAGTACATAAAGGT-1","T cells",1
"ACCAGTAGTATGAAAC-1","T cells",1
"ACCAGTAGTGCTGTAT-1","Mono",1
"ACCAGTAGTGTTAAGA-1","T cells",0.998659429790537
"ACCAGTAGTTATCGGT-1","Mono",1
"ACCAGTAGTTCGTTGA-1","Mono",1
"ACCAGTAGTTGCGTTA-1","Mono",1
"ACCAGTATCACCGGGT-1","Mono",1
"ACCAGTATCCACTGGG-1","B cells",1
"ACCAGTATCCTGCTTG-1","T cells",0.791373448143024
"ACCAGTATCGCCAGCA-1","T cells",0.950991561318424
"ACCAGTATCTCGCTTG-1","T cells",1
"ACCCACTAGAGTGACC-1","T cells",1
"ACCCACTAGATCCCGC-1","T cells",0.824497146018186
"ACCCACTAGATCGATA-1","Mono",1
"ACCCACTAGGAACTGC-1","Mono",1
"ACCCACTAGGATGCGT-1","T cells",1
"ACCCACTCAAGTTCTG-1","Mono",1
"ACCCACTCACAGAGGT-1","T cells",0.978159172684335
"ACCCACTCACGAAAGC-1","T cells",1
"ACCCACTCAGGAATGC-1","T cells",1
"ACCCACTCATGCGCAC-1","B cells",1
"ACCCACTCATGGAATA-1","B cells",1
"ACCCACTGTATTCTCT-1","T cells",0.984371124362843
"ACCCACTGTCGGGTCT-1","T cells",0.916443757713779
"ACCCACTGTCTCGTTC-1","T cells",0.626105352800402
"ACCCACTGTGGTGTAG-1","T cells",1
"ACCCACTTCAATCACG-1","T cells",0.814390237210164
"ACCCACTTCAGTCAGT-1","NK",0.898392885653857
"ACCCACTTCCCTGACT-1","B cells",1
"ACCCACTTCCTTTCTC-1","T cells",0.84941168889081
"ACCCACTTCGCCAGCA-1","Mono",1
"ACCCACTTCGCCATAA-1","Mono",1
"ACCGTAAAGCACCGTC-1","T cells",0.540465684513089
"ACCGTAAAGCGTAATA-1","T cells",0.969012855975054
"ACCGTAAAGGAGCGTT-1","Mono",1
"ACCGTAAAGTAGTGCG-1","T cells",1
"ACCGTAAAGTATCTCG-1","T cells",0.833863950981149
"ACCGTAAAGTGACTCT-1","T cells",1
"ACCGTAACAAGGGTCA-1","T cells",1
"ACCGTAACAGACAAGC-1","T cells",1
"ACCGTAACAGACTCGC-1","Mono",1
"ACCGTAACAGCTCGAC-1","Mono",1
"ACCGTAACAGGGAGAG-1","T cells",1
"ACCGTAAGTATAGTAG-1","Mono",1
"ACCGTAAGTATTACCG-1","B cells",1
"ACCGTAAGTCTAGCCG-1","T cells",1
"ACCGTAAGTTATCGGT-1","T cells",0.825752708616469
"ACCGTAAGTTGGTTTG-1","Mono",1
"ACCGTAATCACAATGC-1","T cells",0.988779161605279
"ACCGTAATCCCTAATT-1","T cells",1
"ACCGTAATCCTAGTGA-1","T cells",0.889982223347658
"ACCTTTAAGACTTGAA-1","T cells",0.885777067951999
"ACCTTTAAGCGCTCCA-1","T cells",0.988766525459831
"ACCTTTAAGTACGTAA-1","Mono",1
"ACCTTTACACTGTGTA-1","B cells",1
"ACCTTTACAGTTCATG-1","B cells",1
"ACCTTTACATGTCCTC-1","Mono",1
"ACCTTTACATTGTGCA-1","T cells",1
"ACCTTTAGTATAGGTA-1","T cells",0.92854759435642
"ACCTTTAGTCACCCAG-1","T cells",0.991031396488865
"ACCTTTAGTCGGATCC-1","T cells",1
"ACCTTTAGTCTTCTCG-1","T cells",1
"ACCTTTAGTGGTGTAG-1","B cells",1
"ACCTTTAGTGTAACGG-1","T cells",0.983122237778304
"ACCTTTAGTGTGGCTC-1","T cells",1
"ACCTTTAGTTCAGGCC-1","Mono",1
"ACCTTTAGTTGTCGCG-1","Mono",1
"ACCTTTAGTTTAAGCC-1","T cells",1
"ACCTTTATCAAGGTAA-1","B cells",1
"ACCTTTATCAGGTAAA-1","T cells",1
"ACCTTTATCCAAGCCG-1","B cells",1
"ACGAGCCAGAGGTTGC-1","T cells",1
"ACGAGCCAGCTGGAAC-1","T cells",1
"ACGAGCCCAACTGCGC-1","T cells",0.746929714664153
"ACGAGCCCACGGTGTC-1","T cells",1
"ACGAGCCCAGCTTAAC-1","Mono",1
"ACGAGCCCAGGCTCAC-1","T cells",1
"ACGAGCCCAGGTCTCG-1","B cells",1
"ACGAGCCCAGGTGCCT-1","B cells",1
"ACGAGCCCATCAGTCA-1","T cells",1
"ACGAGCCGTAGAGTGC-1","T cells",1
"ACGAGCCGTGCAGACA-1","Mono",1
"ACGAGCCGTGCCTTGG-1","T cells",0.975854429407464
"ACGAGCCTCAATCTCT-1","T cells",1
"ACGAGCCTCTAACGGT-1","T cells",1
"ACGAGCCTCTTGTTTG-1","T cells",1
"ACGAGGAAGTCGTTTG-1","Mono",1
"ACGAGGAAGTGCAAGC-1","B cells",1
"ACGAGGAAGTGGAGAA-1","T cells",0.963054095239912
"ACGAGGACAATCTACG-1","T cells",0.811779435505475
"ACGAGGACAGCCAATT-1","T cells",0.888268502243392
"ACGAGGACAGGGAGAG-1","T cells",0.875630468700565
"ACGAGGAGTGCTAGCC-1","Mono",0.999999999999999
"ACGAGGAGTGGCCCTA-1","B cells",1
"ACGAGGAGTTCAGACT-1","NK",0.97784928414042
"ACGAGGAGTTCCACGG-1","T cells",1
"ACGAGGATCAACCAAC-1","T cells",1
"ACGAGGATCGAATCCA-1","B cells",1
"ACGATACAGATCTGCT-1","T cells",1
"ACGATACAGCCACCTG-1","T cells",1
"ACGATACAGCTACCTA-1","Mono",1
"ACGATACAGCTCTCGG-1","B cells",1
"ACGATACAGCTGTTCA-1","T cells",1
"ACGATACAGGCGCTCT-1","Mono",1
"ACGATACCAACTGGCC-1","Mono",1
"ACGATACCACGGACAA-1","T cells",1
"ACGATACCACTCGACG-1","T cells",0.59493208940469
"ACGATACGTCTACCTC-1","B cells",1
"ACGATACGTTCACCTC-1","B cells",1
"ACGATACTCAGCAACT-1","Mono",1
"ACGATACTCATATCGG-1","T cells",0.99481889967842
"ACGATACTCCCTTGTG-1","B cells",1
"ACGATACTCCTACAGA-1","Mono",1
"ACGATACTCGCTTAGA-1","T cells",1
"ACGATACTCGGACAAG-1","Mono",1
"ACGATACTCGGATGTT-1","Mono",1
"ACGATGTAGCAGACTG-1","Mono",1
"ACGATGTAGCGATTCT-1","B cells",1
"ACGATGTAGGATATAC-1","T cells",1
"ACGATGTAGGCGACAT-1","T cells",1
"ACGATGTAGGGCATGT-1","Mono",1
"ACGATGTAGGGTTTCT-1","Mono",1
"ACGATGTAGTGCTGCC-1","T cells",0.695955257846434
"ACGATGTCAAACTGTC-1","T cells",1
"ACGATGTCAAGACACG-1","T cells",1
"ACGATGTCAATCCAAC-1","T cells",0.954672386538856
"ACGATGTCACAGCCCA-1","Mono",1
"ACGATGTCACCAGGTC-1","T cells",0.883755031011439
"ACGATGTCAGACACTT-1","NK",0.767763363238764
"ACGATGTCAGTCAGAG-1","Mono",1
"ACGATGTCAGTCTTCC-1","B cells",1
"ACGATGTGTCAGTGGA-1","NK",0.929944578707749
"ACGATGTGTCGCATAT-1","T cells",1
"ACGATGTGTCTGATTG-1","Mono",1
"ACGATGTGTTACAGAA-1","T cells",0.988933573591625
"ACGATGTTCAAGGCTT-1","Mono",1
"ACGATGTTCCATGAAC-1","Mono",1
"ACGATGTTCTCTTATG-1","NK",0.884050244147811
"ACGCAGCAGACGCACA-1","Mono",1
"ACGCAGCAGAGTGAGA-1","T cells",1
"ACGCAGCCAACACCTA-1","Mono",1
"ACGCAGCCACAACGTT-1","Mono",1
"ACGCAGCCACGACTCG-1","T cells",1
"ACGCAGCCATGGGACA-1","T cells",0.789889868456388
"ACGCAGCGTAAACCTC-1","T cells",1
"ACGCAGCGTCATGCCG-1","T cells",1
"ACGCAGCGTCTACCTC-1","T cells",1
"ACGCAGCGTCTAGTCA-1","T cells",1
"ACGCAGCGTGTGACCC-1","T cells",0.814790682710404
"ACGCAGCGTTAAAGAC-1","B cells",1
"ACGCAGCGTTCAACCA-1","T cells",0.76074745849328
"ACGCAGCTCACGACTA-1","Mono",1
"ACGCAGCTCCATGCTC-1","T cells",1
"ACGCAGCTCCCAAGTA-1","B cells",1
"ACGCAGCTCGGCTACG-1","Mono",1
"ACGCAGCTCTAACCGA-1","T cells",1
"ACGCAGCTCTACTCAT-1","B cells",1
"ACGCCAGAGAACTCGG-1","Mono",1
"ACGCCAGAGAAGATTC-1","T cells",1
"ACGCCAGAGAGGTACC-1","T cells",0.583869679167444
"ACGCCAGAGGAGTCTG-1","T cells",0.72806617218314
"ACGCCAGAGGCCCTTG-1","Mono",1
"ACGCCAGAGGGAGTAA-1","T cells",1
"ACGCCAGAGGGTGTTG-1","NK",0.94147442319153
"ACGCCAGCAAAGAATC-1","Mono",1
"ACGCCAGCACATAACC-1","Mono",0.831219945762848
"ACGCCAGCACCAGGCT-1","Mono",1
"ACGCCAGCACTACAGT-1","Mono",1
"ACGCCAGCATGCCTAA-1","T cells",1
"ACGCCAGGTACAGCAG-1","T cells",1
"ACGCCAGGTACATGTC-1","T cells",1
"ACGCCAGGTACCGGCT-1","T cells",0.90104571783228
"ACGCCAGGTAGAAAGG-1","Mono",1
"ACGCCAGGTAGGGTAC-1","Mono",1
"ACGCCAGGTGCGATAG-1","T cells",0.880276218110383
"ACGCCAGGTGGTAACG-1","T cells",0.889304023833853
"ACGCCAGGTTATCGGT-1","B cells",1
"ACGCCAGTCAGGTTCA-1","T cells",0.969688225852642
"ACGCCAGTCGCATGAT-1","B cells",1
"ACGCCAGTCTACCTGC-1","T cells",1
"ACGCCGAAGCTGAACG-1","T cells",1
"ACGCCGAAGTTTGCGT-1","T cells",1
"ACGCCGACAAGAAAGG-1","T cells",0.971172762768164
"ACGCCGACAAGACACG-1","T cells",0.936503655406958
"ACGCCGACACAGGCCT-1","Mono",1
"ACGCCGACACCACCAG-1","T cells",0.973017891509601
"ACGCCGACAGACAGGT-1","T cells",0.945429087401498
"ACGCCGACAGGGTATG-1","T cells",0.874526842141008
"ACGCCGACATCTATGG-1","T cells",1
"ACGCCGACATTGGCGC-1","Mono",1
"ACGCCGACATTGGGCC-1","Mono",1
"ACGCCGAGTCATCCCT-1","B cells",1
"ACGCCGAGTGTCTGAT-1","T cells",0.664860129318002
"ACGCCGATCACATAGC-1","Mono",1
"ACGCCGATCAGCAACT-1","B cells",1
"ACGCCGATCCACGTTC-1","B cells",1
"ACGCCGATCCCATTAT-1","T cells",1
"ACGCCGATCTCCCTGA-1","T cells",1
"ACGGAGAAGAAACGCC-1","T cells",1
"ACGGAGAAGCAGGCTA-1","Mono",1
"ACGGAGAAGCCCAACC-1","T cells",0.735622214908818
"ACGGAGAAGGTAGCTG-1","Mono",1
"ACGGAGAAGTAATCCC-1","Mono",1
"ACGGAGAAGTCCATAC-1","Mono",1
"ACGGAGAAGTCTTGCA-1","Mono",1
"ACGGAGAAGTGTTTGC-1","B cells",1
"ACGGAGACAATCAGAA-1","T cells",0.803601019517842
"ACGGAGACAATCCAAC-1","Mono",1
"ACGGAGACACCACCAG-1","Mono",1
"ACGGAGACAGGGTATG-1","B cells",1
"ACGGAGACAGTAAGCG-1","Mono",1
"ACGGAGACATTATCTC-1","T cells",0.922138067339159
"ACGGAGAGTAGGACAC-1","Mono",1
"ACGGAGAGTCAGAATA-1","T cells",1
"ACGGAGAGTGATGATA-1","B cells",1
"ACGGAGAGTGGCTCCA-1","B cells",1
"ACGGAGAGTTCGTGAT-1","T cells",1
"ACGGAGAGTTGGAGGT-1","T cells",0.588687180509697
"ACGGAGAGTTTAAGCC-1","Mono",1
"ACGGAGAGTTTCGCTC-1","Mono",1
"ACGGAGATCACGGTTA-1","Mono",1
"ACGGAGATCAGCGATT-1","T cells",1
"ACGGAGATCATCGCTC-1","Mono",1
"ACGGAGATCCTCGCAT-1","B cells",1
"ACGGAGATCGCGTAGC-1","T cells",1
"ACGGAGATCGGACAAG-1","T cells",1
"ACGGCCAAGATATACG-1","T cells",1
"ACGGCCAAGCGTTCCG-1","B cells",1
"ACGGCCAAGGATGGAA-1","Mono",1
"ACGGCCAAGGCCATAG-1","B cells",1
"ACGGCCAAGGCCGAAT-1","T cells",1
"ACGGCCAAGGTACTCT-1","T cells",1
"ACGGCCAAGTACATGA-1","Mono",1
"ACGGCCACAACGCACC-1","T cells",0.63032185265458
"ACGGCCACAAGTTAAG-1","Mono",1
"ACGGCCACAATCTGCA-1","T cells",0.858406038495552
"ACGGCCACACACAGAG-1","T cells",1
"ACGGCCACACGAGGTA-1","Mono",1
"ACGGCCACAGGGTTAG-1","Mono",1
"ACGGCCAGTCTGGAGA-1","T cells",0.85261843889497
"ACGGCCAGTTCAACCA-1","T cells",1
"ACGGCCATCACTTATC-1","T cells",1
"ACGGCCATCTTCATGT-1","B cells",1
"ACGGCCATCTTTACAC-1","T cells",0.676021959170741
"ACGGGCTAGAATGTGT-1","Mono",1
"ACGGGCTAGCGCCTTG-1","Mono",1
"ACGGGCTAGCGCTTAT-1","Mono",0.937320945044566
"ACGGGCTAGGAGCGAG-1","T cells",1
"ACGGGCTAGGTGTTAA-1","T cells",1
"ACGGGCTAGTGGAGTC-1","T cells",1
"ACGGGCTCAAACCCAT-1","T cells",0.70008369009194
"ACGGGCTCAAGGCTCC-1","T cells",1
"ACGGGCTCAATAGCGG-1","T cells",1
"ACGGGCTCACACTGCG-1","B cells",1
"ACGGGCTCACATGGGA-1","T cells",0.945887109007244
"ACGGGCTCACCAGCAC-1","B cells",1
"ACGGGCTCAGTCAGAG-1","T cells",0.528544281599272
"ACGGGCTCAGTCGATT-1","T cells",1
"ACGGGCTCATTACGAC-1","Mono",1
"ACGGGCTGTAAACGCG-1","B cells",1
"ACGGGCTGTAGTACCT-1","T cells",0.998634684247701
"ACGGGCTGTATGGTTC-1","T cells",1
"ACGGGCTTCATTATCC-1","T cells",1
"ACGGGCTTCCAGTATG-1","Mono",1
"ACGGGCTTCCGGCACA-1","Mono",1
"ACGGGCTTCCTCATTA-1","T cells",1
"ACGGGCTTCTTTACGT-1","B cells",1
"ACGGGTCAGATCGATA-1","Mono",1
"ACGGGTCAGCAATATG-1","Mono",1
"ACGGGTCAGGGAGTAA-1","T cells",0.978074943849653
"ACGGGTCAGTGTACCT-1","T cells",1
"ACGGGTCAGTGTTTGC-1","T cells",0.863201933248269
"ACGGGTCGTCACCCAG-1","NK",0.828063249075644
"ACGGGTCGTGTTCGAT-1","T cells",0.978837910197162
"ACGGGTCGTGTTGGGA-1","T cells",0.985743135930073
"ACGGGTCGTTCACGGC-1","B cells",1
"ACGGGTCGTTCAGCGC-1","T cells",1
"ACGGGTCTCTGAGGGA-1","T cells",1
"ACGGGTCTCTTTAGGG-1","Platelet",1
"ACGTCAAAGATGCGAC-1","B cells",1
"ACGTCAAAGCACACAG-1","T cells",1
"ACGTCAAAGTCCGTAT-1","B cells",1
"ACGTCAAAGTTATCGC-1","T cells",0.832074959315531
"ACGTCAACAAATTGCC-1","Mono",1
"ACGTCAACAAGTCATC-1","Mono",1
"ACGTCAACAAGTTCTG-1","T cells",0.907146843857046
"ACGTCAACAATCGAAA-1","Mono",1
"ACGTCAACACGTGAGA-1","T cells",0.99443059672468
"ACGTCAACATAGGATA-1","Mono",1
"ACGTCAACATTACGAC-1","NK",0.951438479883874
"ACGTCAAGTATCTGCA-1","Mono",1
"ACGTCAAGTCGACTGC-1","Mono",1
"ACGTCAAGTGGAAAGA-1","B cells",1
"ACGTCAAGTTAAAGTG-1","Mono",1
"ACGTCAAGTTAAGAAC-1","T cells",0.97082590010143
"ACGTCAATCCATGAAC-1","B cells",1
"ACGTCAATCCCGGATG-1","Mono",1
"ACGTCAATCGCGGATC-1","T cells",1
"ACGTCAATCGGTTAAC-1","T cells",1
"ACTATCTAGACTAAGT-1","T cells",1
"ACTATCTAGATGGGTC-1","Platelet",0.985074002435087
"ACTATCTAGCTCCCAG-1","T cells",1
"ACTATCTAGCTGCAAG-1","NK",0.854941923738756
"ACTATCTAGGAATTAC-1","B cells",1
"ACTATCTCAGCCTTTC-1","Mono",1
"ACTATCTCAGTCAGAG-1","T cells",0.827221568887762
"ACTATCTCATCTATGG-1","T cells",1
"ACTATCTCATGACGGA-1","T cells",0.738484018902927
"ACTATCTGTACTCAAC-1","Mono",1
"ACTATCTGTGGTCCGT-1","T cells",0.822141175839554
"ACTATCTGTGTCAATC-1","T cells",0.88872115669808
"ACTATCTGTGTTTGGT-1","Mono",1
"ACTATCTGTTACGGAG-1","B cells",1
"ACTATCTGTTATGCGT-1","T cells",1
"ACTATCTTCAGATAAG-1","Mono",1
"ACTATCTTCGCAGGCT-1","Mono",1
"ACTGAACAGAAGCCCA-1","T cells",1
"ACTGAACAGACCTAGG-1","T cells",0.863798507112804
"ACTGAACAGACGCACA-1","T cells",0.690702600352633
"ACTGAACAGGGTGTGT-1","B cells",1
"ACTGAACCAACTGGCC-1","T cells",1
"ACTGAACCACAGATTC-1","Mono",1
"ACTGAACCACGAGGTA-1","T cells",0.807239911303653
"ACTGAACCACTATCTT-1","T cells",0.817472637415282
"ACTGAACGTCCAGTAT-1","T cells",1
"ACTGAACTCCACTGGG-1","Mono",1
"ACTGAACTCCGAACGC-1","T cells",1
"ACTGAGTAGAGACGAA-1","T cells",0.638395551078963
"ACTGAGTAGGCATTGG-1","T cells",1
"ACTGAGTAGTATCGAA-1","Mono",1
"ACTGAGTCAACACCTA-1","Mono",1
"ACTGAGTCACCTCGGA-1","T cells",1
"ACTGAGTCAGCTGTTA-1","B cells",1
"ACTGAGTGTAAGCACG-1","T cells",0.983396867863967
"ACTGAGTGTACAGCAG-1","T cells",1
"ACTGAGTGTACCGTTA-1","T cells",0.668982298734459
"ACTGAGTGTCAAACTC-1","T cells",1
"ACTGAGTGTCAGTGGA-1","T cells",1
"ACTGAGTGTGACCAAG-1","B cells",1
"ACTGAGTGTGTATGGG-1","B cells",1
"ACTGAGTGTGTGGCTC-1","T cells",1
"ACTGAGTGTTACTGAC-1","NK",0.944752195169824
"ACTGATGAGAAGAAGC-1","T cells",1
"ACTGATGAGATCCGAG-1","T cells",0.953824678197168
"ACTGATGAGCCCAACC-1","T cells",1
"ACTGATGAGCTAGTCT-1","T cells",0.999999999999999
"ACTGATGAGGAGTCTG-1","B cells",1
"ACTGATGAGTGCCATT-1","T cells",1
"ACTGATGAGTTAAGTG-1","T cells",0.875086878298085
"ACTGATGCAAACGCGA-1","T cells",0.9800788247935
"ACTGATGCAACTGGCC-1","B cells",1
"ACTGATGCACACCGAC-1","T cells",1
"ACTGATGCACTGAAGG-1","T cells",0.949700623257837
"ACTGATGCACTGTGTA-1","T cells",0.910779098188307
"ACTGATGCAGTCCTTC-1","Mono",1
"ACTGATGCAGTGACAG-1","B cells",1
"ACTGATGCATCGGGTC-1","Mono",1
"ACTGATGGTACGAAAT-1","B cells",1
"ACTGATGGTCTTGTCC-1","T cells",1
"ACTGATGTCACATGCA-1","Mono",1
"ACTGATGTCCGTTGTC-1","T cells",0.997891117468763
"ACTGATGTCGCCATAA-1","Mono",1
"ACTGATGTCGTCCAGG-1","T cells",1
"ACTGATGTCTTGCATT-1","T cells",1
"ACTGCTCAGAAACCAT-1","Mono",1
"ACTGCTCAGACAGAGA-1","T cells",1
"ACTGCTCAGAGTACCG-1","Mono",1
"ACTGCTCAGTGAACAT-1","T cells",1
"ACTGCTCCAAGCTGAG-1","T cells",1
"ACTGCTCCAAGGTGTG-1","T cells",1
"ACTGCTCCAGTATCTG-1","T cells",0.825078629510862
"ACTGCTCCATTCTCAT-1","T cells",1
"ACTGCTCGTACTCAAC-1","Mono",1
"ACTGCTCGTCGGCATC-1","T cells",1
"ACTGCTCGTCTCTTAT-1","T cells",1
"ACTGCTCGTGTGACCC-1","T cells",1
"ACTGCTCGTGTTTGTG-1","T cells",0.759600876308345
"ACTGCTCGTTCTGTTT-1","Mono",0.683977948392143
"ACTGCTCTCCCGACTT-1","Mono",1
"ACTGCTCTCCCTAATT-1","Mono",1
"ACTGCTCTCGAATGGG-1","T cells",1
"ACTGCTCTCGGATGGA-1","T cells",1
"ACTGCTCTCGGTTAAC-1","Mono",1
"ACTGCTCTCGTCGTTC-1","B cells",1
"ACTGCTCTCTGCGACG-1","T cells",0.945366115430912
"ACTGCTCTCTTGCCGT-1","T cells",0.894628597179201
"ACTGTCCAGATGGGTC-1","T cells",0.873523303734098
"ACTGTCCAGATGTTAG-1","T cells",0.727018234387302
"ACTGTCCAGCACGCCT-1","T cells",0.796247031244332
"ACTGTCCAGCAGACTG-1","Mono",1
"ACTGTCCAGCGCCTTG-1","T cells",1
"ACTGTCCAGCGCTTAT-1","T cells",1
"ACTGTCCAGCGTTGCC-1","Mono",1
"ACTGTCCAGTGTTGAA-1","B cells",1
"ACTGTCCCATAAGACA-1","B cells",1
"ACTGTCCGTACGAAAT-1","T cells",0.990493752517333
"ACTGTCCGTCAGTGGA-1","Mono",1
"ACTGTCCGTTCGGCAC-1","T cells",1
"ACTGTCCTCAAGGTAA-1","T cells",1
"ACTGTCCTCATAAAGG-1","Mono",1
"ACTGTCCTCATCGCTC-1","Mono",1
"ACTGTCCTCGGATGGA-1","T cells",1
"ACTGTCCTCTAGAGTC-1","T cells",1
"ACTTACTAGAGTAAGG-1","Mono",1
"ACTTACTAGCCGGTAA-1","T cells",1
"ACTTACTAGGATCGCA-1","NK",0.929019169622903
"ACTTACTAGGCATGTG-1","Mono",1
"ACTTACTAGTACTTGC-1","Mono",1
"ACTTACTCAAGTAATG-1","Platelet",1
"ACTTACTCAATCAGAA-1","Mono",1
"ACTTACTCACACCGCA-1","Mono",1
"ACTTACTCATCATCCC-1","Mono",1
"ACTTACTGTACTTGAC-1","T cells",1
"ACTTACTGTCCCTACT-1","T cells",0.9636310818407
"ACTTACTGTCGTTGTA-1","T cells",0.997217150581338
"ACTTACTGTGACGCCT-1","T cells",1
"ACTTACTGTGAGCGAT-1","B cells",1
"ACTTACTGTTAAGGGC-1","T cells",0.798145694963848
"ACTTACTGTTCTGAAC-1","T cells",1
"ACTTACTTCAGAGGTG-1","B cells",1
"ACTTACTTCCCACTTG-1","Mono",1
"ACTTACTTCCTTAATC-1","T cells",1
"ACTTACTTCGCCCTTA-1","T cells",0.654224103174254
"ACTTACTTCGTTGACA-1","B cells",1
"ACTTACTTCTGGTTCC-1","T cells",1
"ACTTGTTAGACTTGAA-1","Mono",1
"ACTTGTTAGAGACTAT-1","NK",0.857433842913075
"ACTTGTTAGCAGACTG-1","Mono",1
"ACTTGTTAGGATCGCA-1","NK",0.89830081161267
"ACTTGTTAGGATTCGG-1","Mono",1
"ACTTGTTAGTTAGGTA-1","Mono",1
"ACTTGTTCACCAGATT-1","T cells",1
"ACTTGTTCACCATCCT-1","B cells",1
"ACTTGTTCAGACTCGC-1","T cells",0.970510046565449
"ACTTGTTCAGGACGTA-1","B cells",0.999999999999999
"ACTTGTTCATATACGC-1","T cells",1
"ACTTGTTCATCCTTGC-1","Mono",1
"ACTTGTTCATTGGTAC-1","T cells",0.96331581987848
"ACTTGTTGTCCCGACA-1","Mono",1
"ACTTGTTGTGCACCAC-1","T cells",0.97372240537885
"ACTTGTTGTGCTGTAT-1","T cells",1
"ACTTGTTGTGTTAAGA-1","T cells",1
"ACTTGTTGTTGCTCCT-1","Mono",1
"ACTTGTTGTTTGGGCC-1","Mono",1
"ACTTGTTTCCCTGACT-1","T cells",1
"ACTTGTTTCCTCAACC-1","B cells",1
"ACTTGTTTCTCCAACC-1","T cells",0.745856853076993
"ACTTGTTTCTCTTATG-1","Mono",1
"ACTTGTTTCTGGTGTA-1","T cells",1
"ACTTGTTTCTTCGGTC-1","Mono",1
"ACTTTCAAGCACCGTC-1","B cells",1
"ACTTTCAAGCCCAACC-1","B cells",1
"ACTTTCACACGTAAGG-1","T cells",1
"ACTTTCACACGTCAGC-1","T cells",1
"ACTTTCACACTGAAGG-1","T cells",1
"ACTTTCACAGACTCGC-1","B cells",1
"ACTTTCACAGGTTTCA-1","T cells",1
"ACTTTCACATCACAAC-1","T cells",1
"ACTTTCAGTCATGCCG-1","B cells",1
"ACTTTCAGTCGCCATG-1","T cells",1
"ACTTTCATCAATCTCT-1","Mono",1
"ACTTTCATCACTCTTA-1","T cells",0.708563865913374
"ACTTTCATCACTGGGC-1","T cells",1
"ACTTTCATCGAGGTAG-1","T cells",1
"ACTTTCATCTTCGGTC-1","Mono",1
"AGAATAGAGAGTAATC-1","Mono",1
"AGAATAGAGCTGCAAG-1","T cells",0.901055541033469
"AGAATAGAGGAGTTGC-1","Mono",1
"AGAATAGAGGCTATCT-1","T cells",1
"AGAATAGAGTCTTGCA-1","T cells",1
"AGAATAGCAATGTAAG-1","NK",0.894664214437008
"AGAATAGCAATTCCTT-1","NK",0.50236306408524
"AGAATAGCACACCGAC-1","T cells",0.882756799579304
"AGAATAGCAGATGGCA-1","T cells",1
"AGAATAGCAGTTAACC-1","Mono",1
"AGAATAGCATTCTTAC-1","T cells",1
"AGAATAGGTAGCAAAT-1","Mono",1
"AGAATAGGTGCCTTGG-1","T cells",1
"AGAATAGGTTCAACCA-1","T cells",0.844262313164004
"AGAATAGTCAACCAAC-1","T cells",1
"AGAATAGTCACCACCT-1","T cells",0.977009739159549
"AGAATAGTCCACTGGG-1","Mono",1
"AGAATAGTCGTGGGAA-1","Mono",1
"AGAATAGTCTGGTTCC-1","T cells",1
"AGACGTTAGCGATTCT-1","T cells",0.949400492437208
"AGACGTTAGGCTAGAC-1","Mono",1
"AGACGTTAGTGAAGTT-1","T cells",1
"AGACGTTAGTGCAAGC-1","T cells",1
"AGACGTTAGTGTACCT-1","B cells",1
"AGACGTTCAAAGGTGC-1","T cells",1
"AGACGTTCACGCCAGT-1","T cells",0.865430876648767
"AGACGTTCACTACAGT-1","T cells",0.993279499156198
"AGACGTTCAGGATCGA-1","T cells",1
"AGACGTTGTAAGTAGT-1","T cells",0.85944856883638
"AGACGTTGTAAGTGGC-1","Mono",1
"AGACGTTGTACTTAGC-1","Mono",1
"AGACGTTGTCCCTACT-1","T cells",0.962376491708392
"AGACGTTGTTGAGGTG-1","T cells",1
"AGACGTTTCAGTGTTG-1","B cells",1
"AGACGTTTCCAAATGC-1","T cells",1
"AGACGTTTCGGTCCGA-1","Mono",1
"AGACGTTTCGTCCGTT-1","T cells",0.850425912306222
"AGAGCGAAGCTGTCTA-1","Mono",1
"AGAGCGAAGGATGGTC-1","Mono",1
"AGAGCGAAGTGAACGC-1","T cells",0.925848875728661
"AGAGCGAAGTTGAGTA-1","T cells",1
"AGAGCGACATATACGC-1","B cells",1
"AGAGCGACATGTTCCC-1","B cells",1
"AGAGCGAGTCCATGAT-1","Mono",1
"AGAGCGAGTCTGCCAG-1","T cells",0.986017152412658
"AGAGCGATCACTCTTA-1","T cells",1
"AGAGCGATCAGGCCCA-1","Mono",1
"AGAGCTTAGAACAATC-1","B cells",1
"AGAGCTTAGCAGGTCA-1","T cells",1
"AGAGCTTAGCTGTCTA-1","T cells",0.615167257610507
"AGAGCTTAGCTTCGCG-1","T cells",1
"AGAGCTTAGGATATAC-1","T cells",1
"AGAGCTTAGGCTACGA-1","NK",0.853582043073817
"AGAGCTTCAAGGTTCT-1","Mono",0.853673085379076
"AGAGCTTCACATTAGC-1","Mono",1
"AGAGCTTCACCAGATT-1","Mono",1
"AGAGCTTCACGGTGTC-1","T cells",1
"AGAGCTTCAGATCGGA-1","T cells",1
"AGAGCTTCATGGTCTA-1","Mono",1
"AGAGCTTCATGTCTCC-1","T cells",0.93401776926796
"AGAGCTTGTCGACTGC-1","T cells",1
"AGAGCTTGTGCACGAA-1","Mono",1
"AGAGCTTGTGCTAGCC-1","T cells",1
"AGAGCTTGTTATCACG-1","T cells",1
"AGAGCTTGTTCGCTAA-1","Mono",1
"AGAGCTTTCAGAGACG-1","B cells",1
"AGAGCTTTCATGTAGC-1","Mono",1
"AGAGCTTTCCAAACTG-1","T cells",0.86303950338583
"AGAGCTTTCCTTTACA-1","T cells",1
"AGAGCTTTCGTACCGG-1","Mono",1
"AGAGCTTTCGTTACGA-1","T cells",0.977333538672419
"AGAGCTTTCTAACTGG-1","Mono",1
"AGAGCTTTCTAGCACA-1","T cells",1
"AGAGCTTTCTATCCTA-1","Mono",1
"AGAGCTTTCTGGAGCC-1","B cells",1
"AGAGTGGAGGACTGGT-1","T cells",0.816071431472033
"AGAGTGGCAAGCCCAC-1","T cells",1
"AGAGTGGCACTCTGTC-1","Mono",1
"AGAGTGGCAGAGTGTG-1","T cells",1
"AGAGTGGCAGGATCGA-1","B cells",1
"AGAGTGGCAGGGTTAG-1","T cells",0.762575873289959
"AGAGTGGCAGGTGCCT-1","T cells",1
"AGAGTGGCAGGTGGAT-1","Mono",1
"AGAGTGGCATGTAAGA-1","T cells",1
"AGAGTGGCATGTAGTC-1","T cells",1
"AGAGTGGGTACCGCTG-1","B cells",1
"AGAGTGGGTACTCTCC-1","T cells",1
"AGAGTGGGTCAGATAA-1","NK",0.931552742308102
"AGAGTGGGTCCGACGT-1","Mono",1
"AGAGTGGGTGCAACTT-1","Mono",1
"AGAGTGGGTTCTGGTA-1","T cells",1
"AGAGTGGGTTTACTCT-1","T cells",1
"AGAGTGGTCAGTTTGG-1","T cells",1
"AGAGTGGTCATCGATG-1","T cells",1
"AGAGTGGTCGGAGCAA-1","Mono",1
"AGAGTGGTCTGGTATG-1","T cells",1
"AGAGTGGTCTTGACGA-1","T cells",1
"AGAGTGGTCTTGTACT-1","Mono",1
"AGATCTGAGCTGAACG-1","Mono",1
"AGATCTGAGGTACTCT-1","B cells",1
"AGATCTGCAACTGCTA-1","T cells",0.641958387488818
"AGATCTGCACCAGCAC-1","Mono",1
"AGATCTGCACCTGGTG-1","Mono",1
"AGATCTGCAGGGATTG-1","T cells",1
"AGATCTGGTAGCCTCG-1","T cells",1
"AGATCTGGTGCCTGGT-1","T cells",1
"AGATCTGGTGTGCGTC-1","B cells",1
"AGATCTGGTTAAAGAC-1","T cells",0.794519276615883
"AGATCTGTCAACCATG-1","B cells",1
"AGATCTGTCACCCTCA-1","Mono",1
"AGATCTGTCTTTCCTC-1","T cells",1
"AGATTGCAGGATTCGG-1","T cells",0.924749518055834
"AGATTGCCAATGAAAC-1","T cells",1
"AGATTGCCACCCATTC-1","B cells",1
"AGATTGCCACGGATAG-1","T cells",1
"AGATTGCCACTTAACG-1","B cells",1
"AGATTGCCAGTAGAGC-1","T cells",0.953973527310168
"AGATTGCCATCGACGC-1","Mono",1
"AGATTGCCATGTTCCC-1","Mono",1
"AGATTGCGTATTAGCC-1","T cells",1
"AGATTGCGTCAGGACA-1","T cells",0.83505382680898
"AGATTGCGTGATAAAC-1","T cells",0.94352271339671
"AGATTGCGTTGCCTCT-1","T cells",1
"AGATTGCTCACCACCT-1","T cells",0.945289055126366
"AGATTGCTCAGGTAAA-1","T cells",1
"AGATTGCTCAGTTGAC-1","T cells",0.98093041422519
"AGATTGCTCCTACAGA-1","B cells",1
"AGATTGCTCCTTTACA-1","T cells",1
"AGATTGCTCTGGTTCC-1","T cells",1
"AGATTGCTCTTCGAGA-1","NK",0.961159298313018
"AGCAGCCAGAGAACAG-1","T cells",1
"AGCAGCCAGAGCTTCT-1","T cells",1
"AGCAGCCAGTGTGAAT-1","Mono",1
"AGCAGCCCAAGTCTGT-1","T cells",1
"AGCAGCCCACCCATGG-1","B cells",1
"AGCAGCCCACGGTAAG-1","Mono",1
"AGCAGCCCACTTAAGC-1","Mono",1
"AGCAGCCCAGTCTTCC-1","B cells",1
"AGCAGCCGTAACGCGA-1","NK",0.869295767589203
"AGCAGCCGTAGGACAC-1","T cells",1
"AGCAGCCGTCTAAAGA-1","T cells",0.959629506489415
"AGCAGCCGTTATCCGA-1","T cells",0.91840904370027
"AGCAGCCGTTTGGCGC-1","B cells",1
"AGCAGCCTCACCATAG-1","B cells",1
"AGCAGCCTCCATGAGT-1","T cells",0.991537232202836
"AGCAGCCTCCCACTTG-1","Mono",1
"AGCAGCCTCCTGTACC-1","T cells",1
"AGCAGCCTCGGAAATA-1","T cells",1
"AGCAGCCTCGTGGTCG-1","T cells",0.855913543348005
"AGCATACAGACACTAA-1","B cells",1
"AGCATACAGCCTTGAT-1","T cells",0.95767181061311
"AGCATACAGGCTACGA-1","Mono",1
"AGCATACAGGGAGTAA-1","T cells",1
"AGCATACAGGGTTTCT-1","Mono",1
"AGCATACAGGTGCACA-1","T cells",0.886658924861829
"AGCATACAGTGCGATG-1","Mono",1
"AGCATACAGTGGAGTC-1","T cells",1
"AGCATACCAAAGCAAT-1","Mono",1
"AGCATACCAATGACCT-1","Mono",1
"AGCATACCAGGTCGTC-1","Mono",1
"AGCATACCATGACGGA-1","Mono",1
"AGCATACCATGCTGGC-1","Mono",1
"AGCATACGTCGCTTTC-1","Mono",1
"AGCATACGTGAGTGAC-1","T cells",1
"AGCATACTCACGCGGT-1","B cells",1
"AGCATACTCCATTCTA-1","B cells",1
"AGCATACTCGCTGATA-1","T cells",1
"AGCATACTCTACTCAT-1","B cells",1
"AGCCTAAAGAGATGAG-1","T cells",0.739041218393828
"AGCCTAAAGATAGTCA-1","T cells",0.982357394317524
"AGCCTAAAGATTACCC-1","Mono",1
"AGCCTAAAGCAATCTC-1","B cells",0.999999999999999
"AGCCTAAAGCTGTCTA-1","T cells",1
"AGCCTAAAGGCGATAC-1","T cells",1
"AGCCTAAAGTAGCCGA-1","NK",0.938999567484884
"AGCCTAAAGTCGATAA-1","Mono",1
"AGCCTAAAGTGAATTG-1","Mono",1
"AGCCTAACAATCAGAA-1","T cells",1
"AGCCTAACACAGATTC-1","T cells",1
"AGCCTAACACATCCGG-1","T cells",0.998320249868762
"AGCCTAACACTATCTT-1","T cells",1
"AGCCTAAGTAAGGGAA-1","T cells",1
"AGCCTAAGTATATGAG-1","Mono",1
"AGCCTAAGTCTAAAGA-1","Mono",1
"AGCCTAAGTGCTCTTC-1","Mono",1
"AGCCTAATCACATGCA-1","Mono",1
"AGCCTAATCATGCTCC-1","T cells",1
"AGCCTAATCCCGGATG-1","B cells",1
"AGCGGTCAGAAGGTGA-1","T cells",0.809191339764184
"AGCGGTCAGAGCTGGT-1","B cells",1
"AGCGGTCAGCTGGAAC-1","T cells",0.915799942200859
"AGCGGTCCAATGTAAG-1","Mono",1
"AGCGGTCCACAGTCGC-1","T cells",0.879167790439628
"AGCGGTCCACCAGGCT-1","T cells",0.817891044526575
"AGCGGTCCACCATCCT-1","T cells",0.829017500548424
"AGCGGTCCAGTGGAGT-1","Mono",1
"AGCGGTCCATACTCTT-1","Mono",1
"AGCGGTCCATATGCTG-1","Mono",1
"AGCGGTCCATGTCTCC-1","T cells",1
"AGCGGTCGTATTAGCC-1","T cells",1
"AGCGGTCGTCCTAGCG-1","T cells",1
"AGCGGTCGTGGCCCTA-1","NK",0.573135896343753
"AGCGGTCGTGGGTCAA-1","Mono",1
"AGCGGTCGTGGTCTCG-1","T cells",0.762212671508951
"AGCGGTCGTGGTGTAG-1","Mono",1
"AGCGGTCGTTTGACTG-1","T cells",0.609689210470883
"AGCGGTCTCCGAGCCA-1","T cells",1
"AGCGGTCTCGTGGGAA-1","Mono",1
"AGCGTATAGAAACGAG-1","Mono",1
"AGCGTATAGACCGGAT-1","Mono",1
"AGCGTATAGATAGGAG-1","T cells",0.843272935571456
"AGCGTATAGGCAGGTT-1","T cells",1
"AGCGTATAGTACGCCC-1","Mono",1
"AGCGTATAGTTTAGGA-1","Mono",1
"AGCGTATCACAAGACG-1","Mono",1
"AGCGTATCACAGACTT-1","Mono",1
"AGCGTATCACATAACC-1","T cells",1
"AGCGTATCACCTCGGA-1","T cells",0.978025831995744
"AGCGTATCACGTGAGA-1","T cells",1
"AGCGTATCAGTGAGTG-1","T cells",0.936966204010884
"AGCGTATGTACCGTAT-1","Mono",1
"AGCGTATGTGGTAACG-1","T cells",0.983536615956634
"AGCGTATTCAGCTTAG-1","B cells",1
"AGCGTATTCCCAACGG-1","T cells",0.764427976196008
"AGCGTATTCCTTGACC-1","Mono",1
"AGCGTATTCGCGCCAA-1","B cells",1
"AGCGTATTCTCACATT-1","T cells",0.957997764442216
"AGCGTCGAGATGTAAC-1","Mono",1
"AGCGTCGAGTTAACGA-1","B cells",1
"AGCGTCGAGTTCGCAT-1","T cells",0.99016358467218
"AGCGTCGGTCCAAGTT-1","B cells",1
"AGCGTCGGTTGGAGGT-1","Mono",1
"AGCGTCGTCACCGGGT-1","T cells",1
"AGCGTCGTCCTTGACC-1","T cells",0.98992533918132
"AGCGTCGTCGTGACAT-1","T cells",0.925253833538826
"AGCGTCGTCTCTGTCG-1","Mono",1
"AGCGTCGTCTGCAGTA-1","Mono",1
"AGCGTCGTCTTGTACT-1","T cells",0.877140671469148
"AGCTCCTAGACTACAA-1","B cells",1
"AGCTCCTAGCCCAATT-1","T cells",1
"AGCTCCTAGCTCAACT-1","Mono",1
"AGCTCCTAGGTGACCA-1","B cells",1
"AGCTCCTAGTCGAGTG-1","T cells",1
"AGCTCCTCAAGGACTG-1","T cells",1
"AGCTCCTCAAGTAGTA-1","T cells",0.916235436462269
"AGCTCCTCAATGGAGC-1","B cells",1
"AGCTCCTCACCTATCC-1","T cells",0.810929409607119
"AGCTCCTCACCTGGTG-1","B cells",1
"AGCTCCTCAGCGTTCG-1","NK",0.98946029672836
"AGCTCCTGTACATGTC-1","T cells",1
"AGCTCCTGTACCGTAT-1","T cells",0.810794750903091
"AGCTCCTGTTCGGGCT-1","T cells",1
"AGCTCCTGTTGCCTCT-1","T cells",0.988852922229555
"AGCTCCTTCCAGAGGA-1","B cells",1
"AGCTCCTTCGCTTGTC-1","Mono",1
"AGCTCCTTCTCAAGTG-1","B cells",1
"AGCTCTCAGTACGTTC-1","T cells",0.781028790158208
"AGCTCTCCAAGGTTCT-1","Mono",1
"AGCTCTCCAGCTGGCT-1","B cells",1
"AGCTCTCCAGTCGTGC-1","T cells",1
"AGCTCTCCATGTAGTC-1","T cells",0.544791661249085
"AGCTCTCGTAGGGACT-1","T cells",0.761777039966051
"AGCTCTCGTCGAAAGC-1","B cells",1
"AGCTCTCGTGCCTGCA-1","T cells",0.817128319094593
"AGCTCTCGTTCGGGCT-1","T cells",0.855451549031718
"AGCTCTCTCCAGAAGG-1","B cells",1
"AGCTCTCTCCCTTGTG-1","T cells",1
"AGCTCTCTCCGATATG-1","Mono",1
"AGCTTGAAGAAGGTGA-1","T cells",1
"AGCTTGACAAACGTGG-1","T cells",1
"AGCTTGACAACTGCTA-1","B cells",1
"AGCTTGACAAGCGATG-1","T cells",0.766981765714922
"AGCTTGACACCAGCAC-1","Mono",1
"AGCTTGACACCATCCT-1","T cells",1
"AGCTTGACACCGTTGG-1","T cells",0.95228074214376
"AGCTTGACAGATCCAT-1","T cells",1
"AGCTTGACATTCCTCG-1","T cells",1
"AGCTTGAGTAGCGCAA-1","Mono",1
"AGCTTGAGTCATATGC-1","Mono",1
"AGCTTGAGTGACGGTA-1","T cells",1
"AGCTTGAGTGTCTGAT-1","T cells",0.808280786304458
"AGCTTGAGTGTGCGTC-1","T cells",0.968112673900388
"AGCTTGAGTTAAGAAC-1","T cells",0.920243031260298
"AGCTTGAGTTTGGCGC-1","B cells",1
"AGCTTGATCACCATAG-1","B cells",1
"AGCTTGATCCTCCTAG-1","T cells",0.832706667832998
"AGCTTGATCGATCCCT-1","T cells",1
"AGGCCACAGCACACAG-1","Mono",1
"AGGCCACAGCCTCGTG-1","T cells",1
"AGGCCACAGCTAACTC-1","T cells",1
"AGGCCACAGGCCCTCA-1","B cells",1
"AGGCCACAGTTCGCAT-1","B cells",1
"AGGCCACCAAGCCCAC-1","T cells",0.770479801414627
"AGGCCACCACCGAAAG-1","NK",0.686688448724774
"AGGCCACCAGCGTCCA-1","T cells",1
"AGGCCACCAGCTGTTA-1","Mono",1
"AGGCCACCATTGGCGC-1","T cells",0.900723978586722
"AGGCCACGTACATCCA-1","Mono",1
"AGGCCACGTATAAACG-1","B cells",1
"AGGCCACGTCATCCCT-1","T cells",1
"AGGCCACGTTATCACG-1","B cells",1
"AGGCCACGTTCGCGAC-1","Mono",1
"AGGCCACGTTCGGCAC-1","T cells",0.766066403793966
"AGGCCACTCATCTGCC-1","T cells",0.571177269664015
"AGGCCACTCATGTCTT-1","Mono",1
"AGGCCACTCGAACGGA-1","T cells",0.834225720467735
"AGGCCACTCGCGTTTC-1","Mono",1
"AGGCCACTCGTAGGTT-1","T cells",1
"AGGCCACTCTGGGCCA-1","T cells",0.98839688127262
"AGGCCACTCTTGAGGT-1","T cells",0.979638566243241
"AGGCCACTCTTGCATT-1","Mono",0.999999999999999
"AGGCCACTCTTTAGGG-1","T cells",1
"AGGCCGTAGAAGGGTA-1","Mono",1
"AGGCCGTAGACAAAGG-1","B cells",1
"AGGCCGTAGCTGATAA-1","Mono",1
"AGGCCGTAGGAGTACC-1","T cells",0.892347748836145
"AGGCCGTAGTAATCCC-1","Mono",1
"AGGCCGTCAATGGAGC-1","T cells",0.871847284299168
"AGGCCGTCACAGATTC-1","T cells",1
"AGGCCGTCATATGAGA-1","B cells",1
"AGGCCGTGTAAGTGTA-1","T cells",1
"AGGCCGTGTCGCGAAA-1","T cells",0.818198837180468
"AGGCCGTGTTGAGGTG-1","T cells",0.999999999999999
"AGGCCGTTCACATACG-1","Mono",1
"AGGCCGTTCGACGGAA-1","NK",0.938729554479399
"AGGCCGTTCGCAAGCC-1","T cells",1
"AGGCCGTTCGCAGGCT-1","B cells",1
"AGGGAGTAGAGAGCTC-1","T cells",0.902372435776927
"AGGGAGTAGATGCGAC-1","T cells",1
"AGGGAGTAGCCAGGAT-1","Mono",1
"AGGGAGTAGCGTCTAT-1","Mono",1
"AGGGAGTAGTCGATAA-1","Mono",1
"AGGGAGTCAACACGCC-1","NK",0.942130297598038
"AGGGAGTCAACTGCTA-1","T cells",1
"AGGGAGTCACGGTGTC-1","Mono",1
"AGGGAGTCATATGCTG-1","T cells",0.774445922377404
"AGGGAGTGTAAATGTG-1","B cells",1
"AGGGAGTGTAATAGCA-1","Mono",1
"AGGGAGTGTACAGTGG-1","B cells",1
"AGGGAGTGTAGGCTGA-1","T cells",1
"AGGGAGTGTGTTCTTT-1","Mono",1
"AGGGAGTGTTCCACAA-1","Mono",0.502447454334498
"AGGGAGTTCTCTGTCG-1","T cells",1
"AGGGATGAGCACCGTC-1","Mono",1
"AGGGATGAGCATGGCA-1","Mono",1
"AGGGATGCAAAGTCAA-1","B cells",1
"AGGGATGCAAGGTTCT-1","Mono",1
"AGGGATGCAAGTAGTA-1","B cells",1
"AGGGATGCATCCGCGA-1","T cells",1
"AGGGATGCATGGATGG-1","T cells",1
"AGGGATGGTCAATACC-1","T cells",1
"AGGGATGGTCATATGC-1","B cells",1
"AGGGATGGTCCGCTGA-1","Mono",1
"AGGGATGTCCAGATCA-1","Mono",1
"AGGGATGTCGCGTAGC-1","T cells",1
"AGGGATGTCTTCGGTC-1","T cells",0.855405602393582
"AGGGTGAAGAGGGCTT-1","B cells",1
"AGGGTGAAGGCATGTG-1","T cells",0.995178397607742
"AGGGTGAAGTGGGATC-1","T cells",0.987745979184034
"AGGGTGACAAGAGTCG-1","Mono",1
"AGGGTGACAAGGGTCA-1","Mono",1
"AGGGTGACAATGAAAC-1","Mono",1
"AGGGTGACACACCGAC-1","T cells",0.838892122630455
"AGGGTGACACCAACCG-1","NK",0.977424495347011
"AGGGTGACACTACAGT-1","Mono",1
"AGGGTGACAGGCAGTA-1","T cells",1
"AGGGTGACAGTTTACG-1","B cells",1
"AGGGTGAGTAAACGCG-1","T cells",1
"AGGGTGAGTAACGCGA-1","T cells",0.848942862125724
"AGGGTGAGTAAGTAGT-1","Mono",1
"AGGGTGAGTACCGTTA-1","B cells",1
"AGGGTGAGTCGATTGT-1","Mono",1
"AGGGTGAGTGCAGACA-1","T cells",1
"AGGGTGAGTGCGGTAA-1","T cells",0.912941265190059
"AGGGTGAGTGTGGCTC-1","NK",0.861035925803221
"AGGGTGAGTTGATTCG-1","Mono",1
"AGGGTGATCACCTTAT-1","T cells",0.792651702188693
"AGGGTGATCCATGAGT-1","T cells",1
"AGGGTGATCCGCAGTG-1","Mono",1
"AGGGTGATCCGGCACA-1","T cells",1
"AGGGTGATCCTGTACC-1","Mono",1
"AGGGTGATCGCCAAAT-1","T cells",1
"AGGTCATAGCTAAGAT-1","Mono",1
"AGGTCATAGGATGTAT-1","Mono",1
"AGGTCATAGTCTCCTC-1","T cells",1
"AGGTCATCAACACCTA-1","T cells",1
"AGGTCATCACATTCGA-1","B cells",1
"AGGTCATCACCGAAAG-1","Mono",1
"AGGTCATCACTGCCAG-1","T cells",1
"AGGTCATCATTCACTT-1","B cells",1
"AGGTCATGTAAGGGAA-1","T cells",1
"AGGTCATGTCAAAGAT-1","T cells",0.82586521169406
"AGGTCATGTCAGCTAT-1","T cells",0.823706254512365
"AGGTCATGTGGCCCTA-1","T cells",1
"AGGTCATGTTCCGGCA-1","Mono",1
"AGGTCATTCAGAGGTG-1","B cells",1
"AGGTCATTCATTGCGA-1","NK",0.955902410960194
"AGGTCATTCCACGTTC-1","Mono",1
"AGGTCATTCGGATGGA-1","T cells",1
"AGGTCCGAGAATTGTG-1","T cells",0.790550007789491
"AGGTCCGAGCCTCGTG-1","T cells",1
"AGGTCCGAGCTAACTC-1","T cells",0.906472302477143
"AGGTCCGAGCTACCTA-1","T cells",1
"AGGTCCGAGGAATGGA-1","T cells",0.975112262116245
"AGGTCCGAGGTACTCT-1","B cells",1
"AGGTCCGAGTAGGCCA-1","Mono",1
"AGGTCCGCATCGGGTC-1","T cells",0.92821350326828
"AGGTCCGCATGAACCT-1","T cells",0.809607414036073
"AGGTCCGGTAACGACG-1","T cells",0.974505795026253
"AGGTCCGGTACCGCTG-1","Mono",1
"AGGTCCGGTACGACCC-1","T cells",1
"AGGTCCGGTATGCTTG-1","T cells",0.832169982932357
"AGGTCCGTCCATGAAC-1","Mono",1
"AGGTCCGTCCGCGGTA-1","Mono",1
"AGGTCCGTCGATCCCT-1","T cells",1
"AGTAGTCAGAGCTGCA-1","T cells",1
"AGTAGTCAGAGGGCTT-1","T cells",0.913209852938558
"AGTAGTCAGATATGGT-1","Mono",1
"AGTAGTCAGCAATATG-1","T cells",0.682476320097975
"AGTAGTCAGCCACGTC-1","T cells",1
"AGTAGTCCAAGCCTAT-1","Mono",1
"AGTAGTCCAATAAGCA-1","Mono",1
"AGTAGTCCAATTGCTG-1","Platelet",1
"AGTAGTCCACCTGGTG-1","T cells",1
"AGTAGTCCAGCTGTTA-1","T cells",1
"AGTAGTCCATACTCTT-1","T cells",1
"AGTAGTCGTAAGGGAA-1","T cells",1
"AGTAGTCGTACTTCTT-1","NK",0.902726177211186
"AGTAGTCGTATAGTAG-1","B cells",1
"AGTAGTCGTATGGTTC-1","Mono",1
"AGTAGTCGTTAAGGGC-1","T cells",1
"AGTAGTCTCACGACTA-1","B cells",1
"AGTAGTCTCGATAGAA-1","T cells",1
"AGTAGTCTCTACCTGC-1","T cells",1
"AGTCTTTAGAATAGGG-1","T cells",0.987529371011942
"AGTCTTTAGAGTCGGT-1","T cells",1
"AGTCTTTAGGGATGGG-1","NK",0.912977280062792
"AGTCTTTCACAGATTC-1","T cells",1
"AGTCTTTCATCTACGA-1","Mono",1
"AGTCTTTCATGGGAAC-1","Mono",1
"AGTCTTTCATGTCTCC-1","T cells",0.982090391166821
"AGTCTTTGTAAATGAC-1","Mono",1
"AGTCTTTGTCCAGTAT-1","B cells",1
"AGTCTTTGTTCAGCGC-1","T cells",1
"AGTCTTTTCCACGTTC-1","T cells",0.818566943132921
"AGTCTTTTCGGTGTCG-1","B cells",1
"AGTCTTTTCGTAGGTT-1","Mono",1
"AGTCTTTTCTCTTGAT-1","T cells",0.73986381231939
"AGTCTTTTCTGTCAAG-1","T cells",0.896933186805688
"AGTCTTTTCTGTTTGT-1","Mono",1
"AGTCTTTTCTTACCTA-1","B cells",1
"AGTCTTTTCTTCTGGC-1","Mono",1
"AGTGAGGAGCATGGCA-1","Mono",1
"AGTGAGGAGGTCATCT-1","T cells",1
"AGTGAGGAGTAAGTAC-1","T cells",1
"AGTGAGGAGTCTCCTC-1","T cells",1
"AGTGAGGCAACTGCTA-1","B cells",1
"AGTGAGGCAAGAGGCT-1","B cells",1
"AGTGAGGCACAGGTTT-1","B cells",1
"AGTGAGGCACATCTTT-1","Mono",1
"AGTGAGGCACCACGTG-1","T cells",1
"AGTGAGGCACCCATGG-1","B cells",1
"AGTGAGGCACGCTTTC-1","T cells",1
"AGTGAGGCACTAGTAC-1","T cells",1
"AGTGAGGCAGTATCTG-1","Mono",1
"AGTGAGGGTGCAACGA-1","T cells",1
"AGTGAGGGTGGTACAG-1","T cells",1
"AGTGAGGGTTTAAGCC-1","Mono",1
"AGTGAGGGTTTGTTGG-1","T cells",1
"AGTGAGGTCACTGGGC-1","Mono",1
"AGTGAGGTCACTTCAT-1","Mono",0.55458929878528
"AGTGAGGTCCAAGCCG-1","Mono",1
"AGTGAGGTCCAGAAGG-1","T cells",1
"AGTGAGGTCCGCATAA-1","NK",0.926211490813605
"AGTGAGGTCGACAGCC-1","T cells",0.811106753024954
"AGTGAGGTCGGCGCAT-1","T cells",1
"AGTGAGGTCGTATCAG-1","Mono",1
"AGTGAGGTCGTCACGG-1","T cells",1
"AGTGAGGTCGTTACGA-1","T cells",1
"AGTGAGGTCTGTTGAG-1","Mono",1
"AGTGGGAAGAACAACT-1","B cells",1
"AGTGGGAAGTCGTTTG-1","T cells",1
"AGTGGGACAGACAGGT-1","T cells",0.618439378837016
"AGTGGGACAGTAACGG-1","T cells",1
"AGTGGGACATCCGGGT-1","T cells",0.598929162022343
"AGTGGGACATTCTTAC-1","B cells",1
"AGTGGGAGTACTCGCG-1","B cells",1
"AGTGGGAGTAGAGTGC-1","NK",0.892368040404881
"AGTGGGAGTCACCCAG-1","T cells",1
"AGTGGGAGTCGGCACT-1","Mono",1
"AGTGGGAGTTCCATGA-1","T cells",1
"AGTGGGATCATTATCC-1","NK",0.891111359209639
"AGTGGGATCTGCTGTC-1","T cells",1
"AGTGTCAAGACGACGT-1","T cells",1
"AGTGTCAAGTATCTCG-1","B cells",1
"AGTGTCAAGTCTCGGC-1","B cells",1
"AGTGTCAAGTGTACTC-1","Mono",1
"AGTGTCACAAGTTAAG-1","Mono",1
"AGTGTCACACGGCCAT-1","T cells",1
"AGTGTCACAGCTATTG-1","B cells",1
"AGTGTCAGTAAGAGAG-1","Mono",1
"AGTGTCAGTAAGAGGA-1","B cells",1
"AGTGTCAGTCCTCTTG-1","B cells",1
"AGTGTCAGTCGCGTGT-1","B cells",1
"AGTGTCAGTCTCGTTC-1","T cells",1
"AGTGTCAGTGTTTGGT-1","T cells",0.847738652806579
"AGTGTCAGTTAAAGTG-1","T cells",0.932044099909116
"AGTGTCAGTTATCCGA-1","Mono",1
"AGTGTCAGTTCAGACT-1","T cells",0.812366356506319
"AGTGTCAGTTGAGTTC-1","Mono",1
"AGTGTCATCGACGGAA-1","T cells",0.909617031358549
"AGTGTCATCTCTGAGA-1","T cells",0.824699804412338
"AGTGTCATCTGCGTAA-1","B cells",1
"AGTTGGTAGACCGGAT-1","T cells",1
"AGTTGGTAGGCATGGT-1","B cells",1
"AGTTGGTCAAAGTCAA-1","T cells",1
"AGTTGGTCAGTGGAGT-1","T cells",1
"AGTTGGTGTATGGTTC-1","T cells",0.806098879647928
"AGTTGGTGTCCGAAGA-1","NK",0.866721567366367
"AGTTGGTGTCGCCATG-1","B cells",1
"AGTTGGTGTCTAGTCA-1","T cells",1
"AGTTGGTGTTGAGGTG-1","B cells",1
"AGTTGGTGTTGGAGGT-1","NK",0.990448520528717
"AGTTGGTGTTGGTGGA-1","NK",0.724451848783183
"AGTTGGTTCATGTCTT-1","T cells",1
"AGTTGGTTCCGTAGTA-1","NK",0.941511886261506
"AGTTGGTTCGCGTTTC-1","T cells",1
"AGTTGGTTCTAACGGT-1","T cells",0.895206145061324
"ATAACGCAGCGCCTCA-1","T cells",0.799187301606268
"ATAACGCCACGGACAA-1","B cells",1
"ATAACGCCACGGTAGA-1","T cells",0.713628098381041
"ATAACGCCAGGCAGTA-1","B cells",1
"ATAACGCCATGCCCGA-1","T cells",0.879946877326945
"ATAACGCGTCTCCCTA-1","Mono",1
"ATAACGCGTTGTCTTT-1","Mono",1
"ATAACGCTCACCCGAG-1","T cells",1
"ATAACGCTCAGTCAGT-1","Mono",1
"ATAACGCTCGAATCCA-1","T cells",0.780765269281526
"ATAACGCTCGGTTCGG-1","T cells",1
"ATAAGAGAGCGTCAAG-1","B cells",1
"ATAAGAGAGGTCATCT-1","Mono",1
"ATAAGAGAGTACGATA-1","T cells",1
"ATAAGAGCAAGCGTAG-1","Mono",1
"ATAAGAGCACTGTCGG-1","Mono",1
"ATAAGAGCATCGGACC-1","T cells",1
"ATAAGAGCATTGAGCT-1","T cells",0.843764615497423
"ATAAGAGGTAAACACA-1","Mono",1
"ATAAGAGGTACCATCA-1","NK",0.911896158568973
"ATAAGAGGTCATACTG-1","T cells",1
"ATAAGAGTCACTGGGC-1","NK",0.974959950013623
"ATAAGAGTCAGGTTCA-1","B cells",1
"ATAGACCAGAATTCCC-1","T cells",0.845855289054053
"ATAGACCAGATGCGAC-1","T cells",0.880653930976247
"ATAGACCAGTCCGGTC-1","B cells",1
"ATAGACCAGTGTACGG-1","Mono",1
"ATAGACCCAGCTGTTA-1","B cells",1
"ATAGACCCAGGAATCG-1","T cells",0.939504925229549
"ATAGACCCATATGAGA-1","B cells",1
"ATAGACCCATATGCTG-1","T cells",1
"ATAGACCGTATGAAAC-1","T cells",1
"ATAGACCGTCTAGCGC-1","T cells",1
"ATAGACCGTGCCTGCA-1","Mono",1
"ATAGACCGTTCAACCA-1","B cells",1
"ATAGACCTCAGGCGAA-1","Mono",1
"ATAGACCTCGAGAACG-1","T cells",0.956547631924921
"ATAGACCTCTGCCCTA-1","T cells",0.963398399027615
"ATCACGAAGACACTAA-1","T cells",0.965084641281486
"ATCACGAAGAGGTAGA-1","T cells",0.96556504714372
"ATCACGAAGAGGTTGC-1","T cells",1
"ATCACGAAGCTTATCG-1","Mono",1
"ATCACGAAGGAGCGTT-1","T cells",1
"ATCACGAAGGGCACTA-1","T cells",0.981012727805043
"ATCACGACAAGTTGTC-1","T cells",0.778413709468935
"ATCACGACACAGGTTT-1","Mono",1
"ATCACGACAGGTCGTC-1","Mono",1
"ATCACGACATGCAATC-1","Mono",1
"ATCACGACATGGTAGG-1","Mono",1
"ATCACGAGTACCGAGA-1","T cells",1
"ATCACGAGTACCGGCT-1","B cells",1
"ATCACGAGTACTTAGC-1","Mono",1
"ATCACGAGTATGAATG-1","Mono",1
"ATCACGAGTCCAGTTA-1","T cells",0.987476133363723
"ATCACGAGTCCATCCT-1","T cells",0.781955479100107
"ATCACGAGTCTTCAAG-1","Mono",1
"ATCACGAGTGAGGCTA-1","T cells",1
"ATCACGAGTTTCGCTC-1","T cells",1
"ATCACGATCAGCATGT-1","Mono",1
"ATCACGATCCACGTGG-1","T cells",0.925008647865202
"ATCACGATCTAAGCCA-1","Mono",1
"ATCACGATCTTGTTTG-1","B cells",1
"ATCATCTAGACAATAC-1","T cells",1
"ATCATCTAGCCAACAG-1","B cells",1
"ATCATCTAGCTAACAA-1","T cells",1
"ATCATCTAGGAATGGA-1","T cells",0.993830458714914
"ATCATCTAGTCATCCA-1","T cells",0.960196449794338
"ATCATCTAGTCCGTAT-1","Mono",1
"ATCATCTAGTGAACGC-1","T cells",0.994346769880513
"ATCATCTCAAAGGAAG-1","T cells",1
"ATCATCTCAAGCCATT-1","Mono",1
"ATCATCTCACATTCGA-1","Mono",1
"ATCATCTCACGAAACG-1","T cells",1
"ATCATCTCAGACTCGC-1","T cells",0.990667743751271
"ATCATCTCAGGGTATG-1","T cells",0.849728080574623
"ATCATCTGTCTGATTG-1","T cells",1
"ATCATCTGTGCACCAC-1","T cells",0.976989133027903
"ATCATCTTCAACACGT-1","T cells",0.914529225415598
"ATCATCTTCACAATGC-1","T cells",1
"ATCATCTTCACGAAGG-1","T cells",1
"ATCATCTTCCGTACAA-1","B cells",1
"ATCATCTTCCGTCAAA-1","T cells",0.917867578286298
"ATCATCTTCGAACTGT-1","Mono",1
"ATCATCTTCGGAATCT-1","T cells",1
"ATCATCTTCGGCTTGG-1","T cells",1
"ATCATCTTCTCATTCA-1","B cells",1
"ATCATCTTCTGAAAGA-1","T cells",1
"ATCATGGAGACAGGCT-1","Mono",1
"ATCATGGAGATGTGGC-1","Mono",1
"ATCATGGAGCGATCCC-1","Mono",1
"ATCATGGAGCTAGTCT-1","T cells",1
"ATCATGGAGGATTCGG-1","T cells",0.688192326681158
"ATCATGGAGTGTCTCA-1","T cells",0.948274419885037
"ATCATGGAGTTAACGA-1","Mono",1
"ATCATGGCAATGGATA-1","Mono",1
"ATCATGGCACACAGAG-1","B cells",1
"ATCATGGCACATGTGT-1","Mono",1
"ATCATGGCAGCTGTAT-1","T cells",1
"ATCATGGGTACAGCAG-1","Mono",1
"ATCATGGGTGAGCGAT-1","T cells",0.956126715780517
"ATCATGGGTTACTGAC-1","Mono",1
"ATCATGGGTTGTCGCG-1","NK",0.959502651486323
"ATCATGGTCACTTATC-1","Mono",1
"ATCATGGTCATAACCG-1","T cells",0.985916389507135
"ATCATGGTCCACGAAT-1","Mono",0.999999999999999
"ATCATGGTCTGTTGAG-1","T cells",0.938542854994485
"ATCATGGTCTTGCATT-1","T cells",1
"ATCCACCAGCGGATCA-1","T cells",0.824770253507166
"ATCCACCAGGATGCGT-1","T cells",1
"ATCCACCCAACGATGG-1","T cells",1
"ATCCACCCAAGTAATG-1","B cells",1
"ATCCACCCAATCGGTT-1","Mono",1
"ATCCACCCAATCTGCA-1","Mono",1
"ATCCACCCATAACCTG-1","T cells",0.698544909771748
"ATCCACCCATCCAACA-1","T cells",0.992183174801531
"ATCCACCGTACTTGAC-1","T cells",1
"ATCCACCGTAGGCTGA-1","T cells",1
"ATCCACCGTCGGCACT-1","Mono",1
"ATCCACCGTTTCGCTC-1","T cells",1
"ATCCGAAAGAAACGAG-1","T cells",0.971972416423972
"ATCCGAAAGCACAGGT-1","T cells",1
"ATCCGAAAGGCCATAG-1","T cells",1
"ATCCGAAAGTACGTAA-1","Platelet",1
"ATCCGAAAGTAGTGCG-1","T cells",1
"ATCCGAACACAAGTAA-1","B cells",1
"ATCCGAACATTACCTT-1","T cells",1
"ATCCGAAGTCTGCCAG-1","T cells",0.838050685768901
"ATCCGAATCACAGGCC-1","Mono",1
"ATCCGAATCCAGATCA-1","B cells",1
"ATCCGAATCCTGCTTG-1","T cells",0.772326059121172
"ATCGAGTAGAGTCTGG-1","T cells",0.9612543421536
"ATCGAGTAGATGTGGC-1","Mono",1
"ATCGAGTAGGAGTTTA-1","Mono",1
"ATCGAGTAGGTGATAT-1","T cells",1
"ATCGAGTCACAGCGTC-1","T cells",1
"ATCGAGTCACCAACCG-1","Mono",1
"ATCGAGTGTCAAAGCG-1","NK",0.956187104697212
"ATCGAGTGTCATGCAT-1","B cells",1
"ATCGAGTGTCTTCAAG-1","Mono",1
"ATCGAGTGTTATGCGT-1","T cells",1
"ATCGAGTTCAGGCAAG-1","Mono",1
"ATCGAGTTCGGACAAG-1","Mono",1
"ATCGAGTTCGGTGTTA-1","Mono",1
"ATCGAGTTCTTACCTA-1","Mono",1
"ATCTACTAGACACGAC-1","T cells",0.879030098471106
"ATCTACTAGCTACCGC-1","T cells",1
"ATCTACTAGGCTCAGA-1","T cells",1
"ATCTACTAGTACGATA-1","Mono",1
"ATCTACTAGTACGCCC-1","T cells",0.930800812115708
"ATCTACTAGTTGTAGA-1","T cells",0.922796747076675
"ATCTACTAGTTTCCTT-1","NK",0.903331057421165
"ATCTACTCACGCCAGT-1","Mono",1
"ATCTACTCAGGCAGTA-1","Mono",1
"ATCTACTCATGCAATC-1","T cells",1
"ATCTACTCATGCCACG-1","T cells",1
"ATCTACTGTAAGGGCT-1","T cells",0.86272362972296
"ATCTACTGTAATAGCA-1","Mono",1
"ATCTACTGTCCTCTTG-1","T cells",1
"ATCTACTGTTGTTTGG-1","T cells",1
"ATCTACTTCACAACGT-1","Mono",1
"ATCTACTTCGTTTATC-1","Mono",1
"ATCTGCCAGACAGGCT-1","Mono",1
"ATCTGCCAGATGCCAG-1","NK",1
"ATCTGCCAGCCACCTG-1","T cells",0.985850768445217
"ATCTGCCAGCCATCGC-1","T cells",1
"ATCTGCCAGGTAGCTG-1","T cells",1
"ATCTGCCCAAACAACA-1","T cells",0.984095036148364
"ATCTGCCCAAACGTGG-1","T cells",1
"ATCTGCCCACACCGAC-1","T cells",1
"ATCTGCCCAGATCTGT-1","B cells",1
"ATCTGCCCATCTATGG-1","T cells",1
"ATCTGCCGTAAATGAC-1","Mono",1
"ATCTGCCGTCAGATAA-1","T cells",1
"ATCTGCCGTCGCTTTC-1","T cells",1
"ATCTGCCGTCTAGGTT-1","Mono",1
"ATCTGCCGTTACGCGC-1","T cells",1
"ATCTGCCGTTACTGAC-1","T cells",1
"ATCTGCCGTTCTGTTT-1","Mono",1
"ATCTGCCGTTGGAGGT-1","B cells",1
"ATCTGCCGTTTCGCTC-1","T cells",0.977777160325979
"ATCTGCCTCACCCGAG-1","Platelet",0.972198389832484
"ATCTGCCTCCATGCTC-1","Mono",1
"ATCTGCCTCTGTCAAG-1","T cells",0.797891869946535
"ATCTGCCTCTGTCTCG-1","T cells",1
"ATCTGCCTCTTCAACT-1","T cells",0.618446026671365
"ATGAGGGAGACCCACC-1","Platelet",0.784339590016381
"ATGAGGGAGGAATCGC-1","Mono",1
"ATGAGGGAGGACTGGT-1","T cells",0.814819441973605
"ATGAGGGAGTAATCCC-1","Mono",1
"ATGAGGGAGTAGGTGC-1","T cells",1
"ATGAGGGAGTCCTCCT-1","T cells",0.828239859044535
"ATGAGGGCAATCACAC-1","T cells",1
"ATGAGGGCACCGATAT-1","T cells",1
"ATGAGGGCACCTCGTT-1","Mono",1
"ATGAGGGCACTCGACG-1","B cells",1
"ATGAGGGCATCCGGGT-1","B cells",1
"ATGAGGGCATGCGCAC-1","T cells",0.776075682170608
"ATGAGGGGTACCTACA-1","T cells",1
"ATGAGGGTCACGACTA-1","T cells",1
"ATGCGATAGACATAAC-1","T cells",0.987169907258649
"ATGCGATAGATCACGG-1","B cells",1
"ATGCGATCAATGAAAC-1","Mono",1
"ATGCGATCAATGGAAT-1","NK",0.556148131111773
"ATGCGATCACCTTGTC-1","T cells",1
"ATGCGATCACGTTGGC-1","Mono",1
"ATGCGATGTCACAAGG-1","B cells",1
"ATGCGATGTTTGCATG-1","T cells",0.995289522767165
"ATGCGATTCAGCATGT-1","Mono",1
"ATGCGATTCGGAAATA-1","Mono",1
"ATGCGATTCGGAGCAA-1","Mono",1
"ATGGGAGAGACGACGT-1","Mono",1
"ATGGGAGAGCGTTGCC-1","B cells",1
"ATGGGAGAGCTAAACA-1","Mono",1
"ATGGGAGAGGCTAGCA-1","Mono",1
"ATGGGAGAGGGATGGG-1","B cells",1
"ATGGGAGAGTACGTTC-1","Mono",1
"ATGGGAGAGTTAGCGG-1","T cells",0.991381522250429
"ATGGGAGCAATGGATA-1","T cells",0.707526146990407
"ATGGGAGCACAGACAG-1","NK",0.931913577539202
"ATGGGAGCACGAAAGC-1","T cells",0.901216638507484
"ATGGGAGCATGGATGG-1","T cells",0.965998216632434
"ATGGGAGGTAAGTGGC-1","Mono",1
"ATGGGAGGTGTTCTTT-1","Mono",1
"ATGGGAGGTTCCCGAG-1","T cells",1
"ATGGGAGTCAGTTAGC-1","B cells",1
"ATGGGAGTCCCTCTTT-1","B cells",1
"ATGGGAGTCCCTTGTG-1","T cells",1
"ATGGGAGTCTCCAGGG-1","T cells",0.891795423378896
"ATGGGAGTCTGCCAGG-1","T cells",1
"ATGGGAGTCTTATCTG-1","Mono",1
"ATGTGTGAGCAACGGT-1","T cells",1
"ATGTGTGAGCCCAGCT-1","T cells",0.839377416261282
"ATGTGTGCAGGACGTA-1","Mono",1
"ATGTGTGCAGTTTACG-1","B cells",1
"ATGTGTGCATCACCCT-1","T cells",0.875569928908408
"ATGTGTGGTCAAACTC-1","Platelet",0.58706628235952
"ATGTGTGGTGCTCTTC-1","Mono",1
"ATGTGTGTCACAACGT-1","T cells",0.944755095735511
"ATGTGTGTCCGTAGTA-1","B cells",1
"ATGTGTGTCTCGATGA-1","T cells",0.856916356950085
"ATTACTCAGCAAATCA-1","B cells",1
"ATTACTCAGCTGATAA-1","Mono",1
"ATTACTCAGGAGTTTA-1","T cells",0.773480433515449
"ATTACTCAGGTACTCT-1","NK",0.919938407314164
"ATTACTCCAACGATCT-1","T cells",0.987160377694
"ATTACTCCACGAGAGT-1","Mono",1
"ATTACTCCAGATAATG-1","T cells",1
"ATTACTCCAGATCTGT-1","T cells",1
"ATTACTCCATGAACCT-1","Mono",1
"ATTACTCCATTACGAC-1","B cells",1
"ATTACTCGTCCAGTAT-1","B cells",1
"ATTACTCGTCTAGCCG-1","Mono",1
"ATTACTCGTTTGTTGG-1","Mono",1
"ATTACTCTCAGTTTGG-1","T cells",0.98744793437724
"ATTACTCTCCTAGTGA-1","B cells",1
"ATTATCCAGGCTAGGT-1","B cells",1
"ATTATCCCAAGTAATG-1","B cells",1
"ATTATCCCAGACAGGT-1","T cells",1
"ATTATCCCAGTGGAGT-1","B cells",1
"ATTATCCGTAGAAAGG-1","B cells",1
"ATTATCCGTCCCGACA-1","Mono",1
"ATTATCCGTGTTAAGA-1","T cells",0.699185744901728
"ATTATCCTCGAGGTAG-1","T cells",1
"ATTATCCTCTTGTACT-1","Mono",0.643529002231031
"ATTCTACAGAAGATTC-1","B cells",1
"ATTCTACAGAGCTATA-1","T cells",1
"ATTCTACCAAATACAG-1","Mono",1
"ATTCTACCAAGACACG-1","T cells",1
"ATTCTACCAAGAGGCT-1","T cells",0.780883176762879
"ATTCTACCAAGCGTAG-1","T cells",1
"ATTCTACCAGACGTAG-1","T cells",0.919320086492159
"ATTCTACCAGCCTTGG-1","Mono",1
"ATTCTACCATCGATGT-1","Mono",1
"ATTCTACGTACCAGTT-1","T cells",1
"ATTCTACGTAGCCTAT-1","Mono",1
"ATTCTACGTCTCACCT-1","T cells",1
"ATTCTACTCCGGGTGT-1","Mono",1
"ATTCTACTCCTTTCTC-1","T cells",0.94214009468278
"ATTCTACTCTCAAACG-1","B cells",1
"ATTGGACAGACGCAAC-1","Mono",1
"ATTGGACAGCTAGTTC-1","B cells",1
"ATTGGACAGCTGCAAG-1","T cells",1
"ATTGGACAGTGGAGTC-1","T cells",0.905651997869356
"ATTGGACGTACCGAGA-1","T cells",0.973048531993772
"ATTGGACGTAGGGTAC-1","T cells",0.980737288737443
"ATTGGACTCAAGAAGT-1","T cells",0.84853626062386
"ATTGGACTCACAAACC-1","T cells",0.861125984571489
"ATTGGACTCCGCGCAA-1","T cells",1
"ATTGGACTCCTGCAGG-1","B cells",1
"ATTGGACTCGTAGGTT-1","T cells",0.686305261171855
"ATTGGACTCTCGAGTA-1","T cells",1
"ATTGGACTCTGGCGAC-1","T cells",0.978411542983073
"ATTGGTGAGCGAGAAA-1","Mono",1
"ATTGGTGAGTACGACG-1","B cells",1
"ATTGGTGCAAAGTGCG-1","B cells",1
"ATTGGTGCAAGCGATG-1","T cells",1
"ATTGGTGCAAGTAATG-1","Mono",1
"ATTGGTGCAAGTTAAG-1","Mono",1
"ATTGGTGCACAACGTT-1","T cells",0.947064205892211
"ATTGGTGCATTTGCCC-1","T cells",1
"ATTGGTGGTCACCCAG-1","T cells",1
"ATTGGTGGTCTGGAGA-1","T cells",1
"ATTGGTGGTGATGATA-1","Mono",0.79920119510474
"ATTGGTGGTTCGCTAA-1","Mono",1
"ATTGGTGTCCTGTAGA-1","Mono",1
"ATTGGTGTCCTTAATC-1","Mono",1
"ATTGGTGTCGCTTGTC-1","B cells",1
"ATTGGTGTCGTACCGG-1","T cells",0.876257335084264
"ATTGGTGTCGTAGGAG-1","T cells",1
"ATTTCTGAGAGCCCAA-1","T cells",1
"ATTTCTGAGGTAGCTG-1","T cells",1
"ATTTCTGAGTACGCGA-1","T cells",0.734930991176133
"ATTTCTGAGTATCGAA-1","NK",0.924918442236419
"ATTTCTGAGTATGACA-1","B cells",1
"ATTTCTGAGTTAACGA-1","Mono",1
"ATTTCTGCAATGGAGC-1","Mono",1
"ATTTCTGCACGGTGTC-1","Mono",1
"ATTTCTGCACTCGACG-1","T cells",1
"ATTTCTGCAGCGTAAG-1","T cells",1
"ATTTCTGCAGGTGCCT-1","Mono",1
"ATTTCTGCATAAAGGT-1","B cells",1
"ATTTCTGCATACGCTA-1","T cells",1
"ATTTCTGCATGCGCAC-1","T cells",0.645832759923288
"ATTTCTGCATTTGCTT-1","Mono",1
"ATTTCTGGTCATGCCG-1","B cells",1
"ATTTCTGGTCCCTACT-1","NK",0.855673741962032
"ATTTCTGGTGAACCTT-1","T cells",0.799951664488923
"ATTTCTGGTGGTCCGT-1","T cells",1
"ATTTCTGTCCCACTTG-1","B cells",1
"ATTTCTGTCCGAATGT-1","T cells",0.999999999999999
"ATTTCTGTCCTGTACC-1","Mono",1
"ATTTCTGTCGTTGACA-1","T cells",0.97052347363927
"ATTTCTGTCTGCTGTC-1","Mono",1
"ATTTCTGTCTGTGCAA-1","T cells",1
"CAACCAACAAATCCGT-1","T cells",1
"CAACCAACAGTGGGAT-1","B cells",1
"CAACCAACAGTTAACC-1","T cells",1
"CAACCAACATTTGCTT-1","B cells",1
"CAACCAAGTATCGCAT-1","T cells",0.948564585343377
"CAACCAAGTCAAACTC-1","Mono",1
"CAACCAAGTCACTGGC-1","T cells",1
"CAACCAAGTCAGCTAT-1","Mono",1
"CAACCAAGTCGAACAG-1","Mono",1
"CAACCAAGTCTGGAGA-1","Mono",1
"CAACCAAGTGCTTCTC-1","T cells",1
"CAACCAAGTGTTGAGG-1","Mono",1
"CAACCAATCAGGCAAG-1","T cells",0.774174633361237
"CAACCAATCATCATTC-1","Mono",1
"CAACCAATCCACTGGG-1","T cells",1
"CAACCAATCGTCTGAA-1","Mono",1
"CAACCAATCTAACTGG-1","T cells",1
"CAACCTCAGAGACGAA-1","T cells",1
"CAACCTCAGGCACATG-1","NK",0.925242088550344
"CAACCTCAGGGAACGG-1","B cells",1
"CAACCTCAGTGGTAGC-1","T cells",1
"CAACCTCCAAGCCTAT-1","B cells",1
"CAACCTCCAAGCTGTT-1","T cells",1
"CAACCTCCAATGTAAG-1","T cells",0.891436798338372
"CAACCTCCACCAGGCT-1","Mono",1
"CAACCTCCACTATCTT-1","Mono",1
"CAACCTCCACTGAAGG-1","Mono",1
"CAACCTCCAGATCCAT-1","T cells",1
"CAACCTCCAGTAACGG-1","B cells",1
"CAACCTCCATTCTCAT-1","Mono",1
"CAACCTCGTAGCGCAA-1","B cells",1
"CAACCTCGTAGTAGTA-1","T cells",0.865260231138602
"CAACCTCGTCTTGATG-1","T cells",1
"CAACCTCGTTCCTCCA-1","Mono",1
"CAACCTCGTTCGGCAC-1","T cells",1
"CAACCTCTCCAGAAGG-1","Mono",0.680465936613545
"CAACCTCTCTGCGTAA-1","B cells",1
"CAACCTCTCTGTTGAG-1","Mono",1
"CAACTAGAGAGCAATT-1","Mono",1
"CAACTAGCAAGCGATG-1","T cells",0.915518186043759
"CAACTAGCAAGTCATC-1","T cells",1
"CAACTAGCACAGACTT-1","T cells",1
"CAACTAGCACAGGTTT-1","Mono",1
"CAACTAGCAGCCAGAA-1","T cells",0.92276253494646
"CAACTAGGTAGCACGA-1","B cells",1
"CAACTAGGTCATCGGC-1","T cells",1
"CAACTAGGTTGCCTCT-1","T cells",1
"CAACTAGTCACCTTAT-1","T cells",1
"CAACTAGTCAGAGACG-1","T cells",0.865329045366205
"CAACTAGTCGCATGAT-1","T cells",1
"CAAGAAAAGAGCAATT-1","B cells",1
"CAAGAAAAGCGGCTTC-1","Mono",1
"CAAGAAACACACCGCA-1","T cells",0.929100079525393
"CAAGAAACACATGTGT-1","B cells",1
"CAAGAAACACCACGTG-1","T cells",1
"CAAGAAACATTCTTAC-1","T cells",0.73713595739762
"CAAGAAAGTCAAAGCG-1","T cells",1
"CAAGAAAGTCCAGTAT-1","Mono",1
"CAAGAAAGTCGCGTGT-1","Mono",1
"CAAGAAAGTCGGGTCT-1","T cells",1
"CAAGAAAGTCTGGTCG-1","Mono",1
"CAAGAAAGTTAAGTAG-1","T cells",0.983082406358931
"CAAGAAAGTTCCTCCA-1","T cells",1
"CAAGAAAGTTGAGTTC-1","B cells",1
"CAAGAAAGTTTAAGCC-1","T cells",0.979886833435082
"CAAGAAATCACGCGGT-1","B cells",1
"CAAGAAATCTTCAACT-1","T cells",1
"CAAGATCAGACCACGA-1","B cells",1
"CAAGATCAGGACTGGT-1","B cells",1
"CAAGATCAGTATTGGA-1","NK",0.878740002596595
"CAAGATCAGTTGAGTA-1","Mono",1
"CAAGATCCACGTTGGC-1","T cells",1
"CAAGATCCAGCTCGAC-1","T cells",1
"CAAGATCGTAAGGGAA-1","T cells",1
"CAAGATCGTCAACTGT-1","Mono",1
"CAAGATCGTCAGAATA-1","T cells",1
"CAAGATCGTGCACCAC-1","T cells",1
"CAAGATCGTGTGTGCC-1","T cells",0.884683162068706
"CAAGATCGTTAGGGTG-1","B cells",1
"CAAGATCGTTGCTCCT-1","T cells",0.868472156940763
"CAAGATCTCACAATGC-1","T cells",1
"CAAGATCTCACATAGC-1","Mono",1
"CAAGATCTCGCCAGCA-1","B cells",1
"CAAGGCCAGAGGTTAT-1","T cells",0.884694710771881
"CAAGGCCAGCAGGCTA-1","B cells",1
"CAAGGCCAGGGATACC-1","T cells",0.771141662448938
"CAAGGCCAGGGTCGAT-1","B cells",1
"CAAGGCCAGGTAGCCA-1","T cells",1
"CAAGGCCCAACACGCC-1","Mono",1
"CAAGGCCCACCTGGTG-1","T cells",1
"CAAGGCCCACGTGAGA-1","Mono",1
"CAAGGCCCAGCAGTTT-1","B cells",1
"CAAGGCCCAGTGGAGT-1","T cells",0.991657294644062
"CAAGGCCCATCCCACT-1","Mono",1
"CAAGGCCCATGTCCTC-1","T cells",0.967976507094437
"CAAGGCCGTACAGTGG-1","NK",0.53335338546818
"CAAGGCCGTCACAAGG-1","T cells",0.957373708130908
"CAAGGCCGTCGAGTTT-1","Mono",1
"CAAGGCCGTTATGCGT-1","T cells",1
"CAAGGCCTCTCAAGTG-1","T cells",1
"CAAGGCCTCTTCGGTC-1","Mono",1
"CAAGTTGAGAGTAATC-1","Mono",1
"CAAGTTGAGCTGCCCA-1","T cells",1
"CAAGTTGAGTCTCGGC-1","T cells",1
"CAAGTTGAGTGACTCT-1","B cells",1
"CAAGTTGAGTTAGCGG-1","B cells",1
"CAAGTTGCAAACTGTC-1","T cells",1
"CAAGTTGCAATCGGTT-1","Mono",1
"CAAGTTGCAATTGCTG-1","T cells",0.874951199337841
"CAAGTTGCACAGCGTC-1","B cells",1
"CAAGTTGCACCCAGTG-1","T cells",1
"CAAGTTGCAGTAAGCG-1","T cells",1
"CAAGTTGCATCTACGA-1","Mono",1
"CAAGTTGGTACTTAGC-1","NK",0.866594207327462
"CAAGTTGGTATAAACG-1","Mono",1
"CAAGTTGGTCGACTGC-1","T cells",1
"CAAGTTGGTCGCATAT-1","Mono",1
"CAAGTTGGTCGGCTCA-1","T cells",0.632237131734732
"CAAGTTGGTCTCGTTC-1","Mono",1
"CAAGTTGGTCTTCAAG-1","T cells",1
"CAAGTTGGTGTGCGTC-1","B cells",1
"CAAGTTGTCATAAAGG-1","T cells",1
"CAAGTTGTCGGCCGAT-1","T cells",1
"CAAGTTGTCGGGAGTA-1","T cells",1
"CAAGTTGTCTCTTGAT-1","T cells",1
"CACAAACAGCTACCGC-1","Mono",1
"CACAAACAGTAGGTGC-1","Mono",1
"CACAAACCACGCTTTC-1","B cells",1
"CACAAACCACTGTGTA-1","B cells",1
"CACAAACCATAAGACA-1","T cells",1
"CACAAACCATACTCTT-1","T cells",1
"CACAAACGTCGCATAT-1","T cells",1
"CACAAACGTTAAAGTG-1","NK",0.87474773599798
"CACAAACTCCAGAGGA-1","Mono",1
"CACAAACTCCGGCACA-1","Mono",1
"CACACAAAGACTGTAA-1","B cells",1
"CACACAAAGGTTCCTA-1","T cells",1
"CACACAACAATCTACG-1","T cells",1
"CACACAACAATGGTCT-1","T cells",0.925146401885044
"CACACAACAGCGAACA-1","T cells",1
"CACACAACATCGATTG-1","Mono",1
"CACACAACATGGTTGT-1","Mono",1
"CACACAAGTAAGGGAA-1","B cells",1
"CACACAAGTAGCGATG-1","B cells",1
"CACACAAGTGACCAAG-1","T cells",1
"CACACAATCACCATAG-1","Mono",1
"CACACAATCCGCAAGC-1","T cells",0.810007115736948
"CACACAATCCGTAGGC-1","Mono",1
"CACACAATCCTATGTT-1","Mono",1
"CACACAATCGACAGCC-1","B cells",1
"CACACAATCGAGAACG-1","T cells",0.950515397445737
"CACACCTAGGCACATG-1","T cells",0.847039891399626
"CACACCTAGGCCGAAT-1","T cells",0.933368402043607
"CACACCTCAAGGTTCT-1","B cells",1
"CACACCTCAGAAGCAC-1","T cells",0.664800577200408
"CACACCTCATAAAGGT-1","Mono",1
"CACACCTCATCCAACA-1","Mono",1
"CACACCTCATGAGCGA-1","Mono",1
"CACACCTGTATGGTTC-1","T cells",0.967722064979449
"CACACCTGTCAGAAGC-1","T cells",0.887669099218337
"CACACCTGTCTAAACC-1","Mono",1
"CACACCTGTCTGATCA-1","Mono",1
"CACACCTTCAAAGACA-1","Mono",1
"CACACCTTCAGTCCCT-1","Mono",1
"CACACCTTCCCGGATG-1","Mono",1
"CACACCTTCGAGGTAG-1","Mono",1
"CACACTCAGAAGAAGC-1","T cells",1
"CACACTCAGCCACCTG-1","Mono",1
"CACACTCAGCCATCGC-1","T cells",1
"CACACTCAGCTAAGAT-1","T cells",1
"CACACTCAGGTGTTAA-1","B cells",1
"CACACTCAGTACGTTC-1","T cells",1
"CACACTCAGTTTGCGT-1","Mono",1
"CACACTCCACAGATTC-1","T cells",1
"CACACTCCACGTTGGC-1","T cells",0.834574206637565
"CACACTCCATATGGTC-1","Mono",1
"CACACTCGTACGAAAT-1","T cells",1
"CACACTCGTAGAGCTG-1","T cells",0.992764333144266
"CACACTCGTCCAGTAT-1","T cells",0.982236733410681
"CACACTCGTCTAGTGT-1","B cells",1
"CACACTCGTCTCATCC-1","Mono",1
"CACACTCGTGTAAGTA-1","T cells",0.778772669583544
"CACACTCGTTTACTCT-1","T cells",1
"CACACTCTCAGGCCCA-1","T cells",1
"CACACTCTCCCTAACC-1","T cells",1
"CACACTCTCCTTTCTC-1","B cells",1
"CACACTCTCGCAAACT-1","T cells",1
"CACAGGCAGACCGGAT-1","Mono",1
"CACAGGCAGAGCTATA-1","T cells",0.847954067516164
"CACAGGCAGCCACGTC-1","Mono",1
"CACAGGCAGTGAACGC-1","T cells",1
"CACAGGCCAAATTGCC-1","T cells",1
"CACAGGCCAAGCCCAC-1","T cells",1
"CACAGGCCAATGCCAT-1","T cells",0.892963411523949
"CACAGGCCACCAGGTC-1","T cells",0.760705447781003
"CACAGGCCACCTCGGA-1","T cells",1
"CACAGGCTCAGCGATT-1","Mono",1
"CACAGGCTCCAAGCCG-1","T cells",0.972364076488762
"CACAGGCTCCGCAGTG-1","Mono",1
"CACAGGCTCTCTTGAT-1","T cells",0.543153762986738
"CACAGGCTCTGCAGTA-1","T cells",0.761624940002564
"CACAGTAAGTACGATA-1","Mono",1
"CACAGTAAGTGAACGC-1","T cells",0.956331251929677
"CACAGTACAAGACGTG-1","Mono",1
"CACAGTACACATAACC-1","T cells",1
"CACAGTACATCGGTTA-1","B cells",1
"CACAGTAGTCCCTACT-1","B cells",1
"CACAGTAGTCGGCATC-1","B cells",1
"CACAGTAGTGCTTCTC-1","T cells",1
"CACAGTATCAGGCCCA-1","Mono",1
"CACAGTATCCCAACGG-1","T cells",0.966188113815434
"CACATAGAGACCCACC-1","Mono",1
"CACATAGAGGCTAGGT-1","B cells",1
"CACATAGAGTAATCCC-1","Mono",1
"CACATAGCAAGACGTG-1","B cells",1
"CACATAGCAAGTCTGT-1","Mono",1
"CACATAGGTATTACCG-1","T cells",0.854346988770992
"CACATAGGTCAGTGGA-1","B cells",1
"CACATAGTCATCACCC-1","Mono",1
"CACATAGTCCGCATAA-1","B cells",1
"CACATTTAGCACCGTC-1","T cells",1
"CACATTTAGGGTGTGT-1","B cells",1
"CACATTTAGTAGCGGT-1","Mono",1
"CACATTTAGTTACGGG-1","Platelet",1
"CACATTTCAGATTGCT-1","T cells",0.99374583892671
"CACATTTGTAATCACC-1","B cells",1
"CACATTTGTACTCAAC-1","Mono",1
"CACATTTGTCACACGC-1","Mono",1
"CACATTTGTCACCTAA-1","T cells",0.998646271165509
"CACATTTGTCTCCATC-1","T cells",0.674827856124533
"CACATTTTCAGTTAGC-1","T cells",1
"CACATTTTCGGAAATA-1","B cells",1
"CACATTTTCTGAGGGA-1","T cells",0.907572099360036
"CACATTTTCTTGCAAG-1","T cells",0.990238276177532
"CACCACTAGACTTGAA-1","T cells",0.650894594960476
"CACCACTAGAGGACGG-1","T cells",0.712247680621951
"CACCACTAGATAGTCA-1","T cells",1
"CACCACTAGATCACGG-1","Mono",1
"CACCACTAGCCGTCGT-1","T cells",1
"CACCACTAGTACGACG-1","Mono",1
"CACCACTAGTGCGATG-1","T cells",1
"CACCACTCAGTATGCT-1","Mono",1
"CACCACTCATGTCCTC-1","B cells",1
"CACCACTCATTCGACA-1","Mono",1
"CACCACTGTAGTAGTA-1","Mono",1
"CACCACTGTATGGTTC-1","T cells",1
"CACCACTGTTGTCGCG-1","T cells",1
"CACCACTTCTATCCCG-1","NK",0.881849542672409
"CACCACTTCTTCATGT-1","T cells",0.860825531668583
"CACCAGGAGAAGGGTA-1","T cells",1
"CACCAGGAGAGCTGGT-1","Mono",1
"CACCAGGAGCCAGGAT-1","B cells",1
"CACCAGGAGGTAGCTG-1","Mono",1
"CACCAGGAGTATCGAA-1","T cells",0.814826715435322
"CACCAGGAGTCGAGTG-1","T cells",0.927282759269079
"CACCAGGAGTTCGCGC-1","T cells",0.916145618746367
"CACCAGGAGTTTGCGT-1","T cells",1
"CACCAGGCAACTGCGC-1","Mono",1
"CACCAGGCACAGCGTC-1","T cells",1
"CACCAGGCACGTCAGC-1","T cells",1
"CACCAGGCAGTCAGAG-1","T cells",1
"CACCAGGCAGTCCTTC-1","Mono",1
"CACCAGGCAGTCTTCC-1","B cells",1
"CACCAGGGTATCAGTC-1","Platelet",0.908075094267187
"CACCAGGGTTCCCGAG-1","T cells",0.784048319310459
"CACCAGGGTTCGCGAC-1","T cells",0.754417882846014
"CACCAGGTCGTACCGG-1","B cells",1
"CACCAGGTCTACTATC-1","T cells",0.90754169739519
"CACCAGGTCTGTTGAG-1","T cells",1
"CACCAGGTCTTCAACT-1","T cells",1
"CACCTTGAGAACTGTA-1","T cells",1
"CACCTTGAGACAGAGA-1","T cells",0.982870965838145
"CACCTTGAGAGACGAA-1","T cells",1
"CACCTTGAGCAGACTG-1","T cells",1
"CACCTTGAGCAGCGTA-1","Mono",1
"CACCTTGAGGCCCTCA-1","Mono",1
"CACCTTGAGTGGAGAA-1","B cells",1
"CACCTTGAGTGTACCT-1","B cells",1
"CACCTTGCAGCTGCTG-1","B cells",1
"CACCTTGGTAAGAGGA-1","T cells",1
"CACCTTGGTATGGTTC-1","B cells",1
"CACCTTGGTCCATGAT-1","T cells",1
"CACCTTGGTCTTTCAT-1","Mono",1
"CACCTTGGTGGCTCCA-1","Mono",1
"CACCTTGGTGTGGCTC-1","NK",0.941690573004146
"CACCTTGGTTGCCTCT-1","NK",0.860097826409185
"CACCTTGGTTTACTCT-1","NK",0.895210668899732
"CACCTTGTCAGAAATG-1","Mono",1
"CACCTTGTCAGCTGGC-1","T cells",1
"CACCTTGTCATTTGGG-1","Mono",1
"CACCTTGTCCGTTGCT-1","T cells",0.984928161595313
"CACCTTGTCCTGCAGG-1","T cells",1
"CACCTTGTCTACTCAT-1","Mono",1
"CACCTTGTCTCTGAGA-1","B cells",1
"CACTCCAAGAGCTTCT-1","T cells",0.92187336370378
"CACTCCAAGAGGTACC-1","T cells",0.75436234932883
"CACTCCAAGATGCGAC-1","T cells",1
"CACTCCAAGCGATGAC-1","Mono",1
"CACTCCAAGTGGTAGC-1","Mono",1
"CACTCCACAAGCGTAG-1","Mono",1
"CACTCCACACAAGCCC-1","Mono",1
"CACTCCACACCTATCC-1","T cells",1
"CACTCCACACGCGAAA-1","T cells",0.987215154529467
"CACTCCACATACTACG-1","B cells",1
"CACTCCACATTCCTCG-1","T cells",1
"CACTCCAGTACAGTGG-1","Mono",1
"CACTCCAGTCGCGGTT-1","Mono",1
"CACTCCAGTGAAATCA-1","T cells",0.980397315647402
"CACTCCAGTGATAAGT-1","Mono",1
"CACTCCAGTGATGATA-1","T cells",1
"CACTCCAGTGTCGCTG-1","T cells",1
"CACTCCAGTTATCGGT-1","Mono",1
"CACTCCATCGCCAAAT-1","Mono",1
"CACTCCATCGGACAAG-1","T cells",1
"CACTCCATCTCTTATG-1","T cells",0.842343223713533
"CACTCCATCTGTCAAG-1","B cells",1
"CAGAATCAGAAACCAT-1","Mono",1
"CAGAATCAGCGGCTTC-1","B cells",1
"CAGAATCAGTATGACA-1","T cells",1
"CAGAATCAGTCCCACG-1","T cells",1
"CAGAATCCAAAGAATC-1","B cells",1
"CAGAATCCACCGGAAA-1","T cells",1
"CAGAATCCACGGTGTC-1","Mono",1
"CAGAATCCACTGAAGG-1","B cells",1
"CAGAATCCACTGTGTA-1","T cells",1
"CAGAATCCAGCCTATA-1","T cells",1
"CAGAATCCATCGGGTC-1","Mono",1
"CAGAATCGTACTTAGC-1","T cells",0.993884169585015
"CAGAATCGTATATGAG-1","Mono",1
"CAGAATCGTATCGCAT-1","T cells",0.979528592993451
"CAGAATCGTATGAAAC-1","T cells",0.900251028388905
"CAGAATCGTCGTCTTC-1","B cells",1
"CAGAATCGTGATGCCC-1","B cells",1
"CAGAATCGTGGGTATG-1","T cells",0.552209562597287
"CAGAATCGTTTCGCTC-1","T cells",0.797745127088778
"CAGAATCTCACCGTAA-1","T cells",1
"CAGAATCTCCACTGGG-1","T cells",0.833862985264026
"CAGAATCTCGGCGCAT-1","T cells",1
"CAGAATCTCTATGTGG-1","Mono",1
"CAGAATCTCTGAGGGA-1","B cells",1
"CAGAATCTCTTCGGTC-1","Mono",1
"CAGAGAGAGAGTGAGA-1","T cells",0.98179737359223
"CAGAGAGAGATAGTCA-1","T cells",0.985078504176078
"CAGAGAGAGCGTGAGT-1","B cells",1
"CAGAGAGAGCTACCTA-1","B cells",1
"CAGAGAGAGGAGTTGC-1","T cells",0.900144950883204
"CAGAGAGAGGCGTACA-1","Mono",1
"CAGAGAGAGTAATCCC-1","Mono",1
"CAGAGAGAGTACACCT-1","Mono",1
"CAGAGAGCATAAAGGT-1","T cells",0.951589538284317
"CAGAGAGGTAAGTAGT-1","T cells",1
"CAGAGAGGTCAACTGT-1","Mono",1
"CAGAGAGGTTTACTCT-1","Mono",1
"CAGAGAGTCAATACCG-1","T cells",0.850882670284065
"CAGAGAGTCCCAAGAT-1","T cells",0.870458735025033
"CAGAGAGTCGGCGCTA-1","T cells",1
"CAGAGAGTCTGGTGTA-1","B cells",1
"CAGATCAAGACTAAGT-1","Mono",1
"CAGATCAAGCCACCTG-1","Mono",1
"CAGATCAAGCCAGGAT-1","Mono",1
"CAGATCAAGCGTAATA-1","Mono",1
"CAGATCAAGGCGATAC-1","T cells",1
"CAGATCAAGGGTCGAT-1","Mono",1
"CAGATCAAGTGTCCAT-1","T cells",1
"CAGATCACAAAGGTGC-1","B cells",1
"CAGATCACAATGTTGC-1","NK",0.937396554278593
"CAGATCACAGACGCAA-1","Mono",1
"CAGATCAGTACAGTGG-1","NK",0.960350642757602
"CAGATCAGTACCGTAT-1","T cells",0.668163758404814
"CAGATCAGTCTGGAGA-1","T cells",1
"CAGATCAGTGCACTTA-1","T cells",0.802011824579353
"CAGATCAGTTCAGCGC-1","T cells",1
"CAGATCATCATCACCC-1","T cells",1
"CAGATCATCTGCTGCT-1","Mono",1
"CAGCAGCAGATGTCGG-1","T cells",1
"CAGCAGCAGGTGCACA-1","T cells",1
"CAGCAGCCACCGAATT-1","T cells",1
"CAGCAGCCACGAGGTA-1","Mono",1
"CAGCAGCCAGGGATTG-1","T cells",0.981329767278036
"CAGCAGCGTAATAGCA-1","Mono",1
"CAGCAGCGTATAAACG-1","Mono",1
"CAGCAGCGTCAGAATA-1","Mono",1
"CAGCAGCGTGCATCTA-1","Mono",1
"CAGCAGCGTTCGCTAA-1","Mono",1
"CAGCAGCGTTCGGCAC-1","B cells",1
"CAGCAGCTCAACGAAA-1","B cells",1
"CAGCAGCTCAAGGCTT-1","T cells",1
"CAGCAGCTCCGTACAA-1","T cells",0.901190372127246
"CAGCAGCTCGTGGTCG-1","T cells",1
"CAGCATAAGACATAAC-1","B cells",1
"CAGCATAAGGATCGCA-1","T cells",1
"CAGCATAAGGCTCATT-1","Mono",1
"CAGCATACACATTAGC-1","T cells",1
"CAGCATACAGCGTTCG-1","Mono",1
"CAGCATACAGGTCCAC-1","B cells",1
"CAGCATAGTACCGCTG-1","B cells",1
"CAGCATAGTACGAAAT-1","T cells",0.832709579658119
"CAGCATATCACTTATC-1","T cells",1
"CAGCATATCAGTGCAT-1","B cells",1
"CAGCATATCAGTGTTG-1","T cells",1
"CAGCATATCCCTAATT-1","Mono",1
"CAGCATATCTTCGAGA-1","T cells",1
"CAGCCGAAGATGTTAG-1","T cells",1
"CAGCCGAAGCAGGCTA-1","T cells",1
"CAGCCGAAGCCTATGT-1","Mono",1
"CAGCCGAAGGCAAAGA-1","T cells",1
"CAGCCGAAGGTCATCT-1","T cells",1
"CAGCCGACAGACGCCT-1","T cells",0.714074167091763
"CAGCCGACATGTTGAC-1","Mono",1
"CAGCCGAGTAGGAGTC-1","T cells",1
"CAGCCGAGTCAGAAGC-1","Mono",0.52224001176552
"CAGCCGAGTCGTCTTC-1","T cells",1
"CAGCCGAGTCTTGATG-1","Mono",1
"CAGCCGAGTTGATTCG-1","T cells",1
"CAGCCGAGTTGTCTTT-1","Mono",1
"CAGCCGATCATCGGAT-1","B cells",1
"CAGCCGATCATTATCC-1","T cells",1
"CAGCGACAGATCCGAG-1","T cells",1
"CAGCGACAGTCAAGGC-1","B cells",1
"CAGCGACAGTTGAGAT-1","Mono",1
"CAGCGACCAGCTCGAC-1","B cells",1
"CAGCGACGTAGTACCT-1","T cells",1
"CAGCGACGTCCGTCAG-1","B cells",1
"CAGCGACGTCTAGCGC-1","T cells",0.95167724717973
"CAGCGACGTTATCCGA-1","T cells",1
"CAGCGACGTTTAGGAA-1","T cells",1
"CAGCGACTCCACGAAT-1","T cells",1
"CAGCGACTCGGATGGA-1","T cells",1
"CAGCGACTCTGTTTGT-1","T cells",1
"CAGCGACTCTTAGAGC-1","NK",0.88774016940684
"CAGCTAAAGCCCAATT-1","T cells",1
"CAGCTAAAGGCAAAGA-1","T cells",0.846655226570656
"CAGCTAACAAATACAG-1","T cells",0.987468101271683
"CAGCTAACAAGTAGTA-1","B cells",1
"CAGCTAACACTTCTGC-1","B cells",1
"CAGCTAACATGCAACT-1","T cells",1
"CAGCTAAGTCCTAGCG-1","B cells",1
"CAGCTAATCAGCACAT-1","NK",0.773000120461843
"CAGCTAATCGTCGTTC-1","T cells",1
"CAGCTAATCTGTCAAG-1","T cells",1
"CAGCTGGAGAAACCTA-1","B cells",1
"CAGCTGGAGATCTGCT-1","T cells",1
"CAGCTGGAGGATGGAA-1","Mono",1
"CAGCTGGCAAACCTAC-1","NK",0.952189786800521
"CAGCTGGCAAGTCTAC-1","T cells",0.72693101647395
"CAGCTGGCACCAGGCT-1","NK",0.922593707747976
"CAGCTGGCACCGATAT-1","T cells",0.847185427190121
"CAGCTGGCACGTCAGC-1","NK",0.911455345993192
"CAGCTGGCAGCGAACA-1","Mono",1
"CAGCTGGGTACCGCTG-1","Mono",1
"CAGCTGGGTATTCTCT-1","Mono",1
"CAGCTGGGTCGGCACT-1","NK",0.924867237437002
"CAGCTGGGTCGTTGTA-1","T cells",0.831507254041732
"CAGCTGGGTCTAAACC-1","T cells",1
"CAGCTGGGTCTCATCC-1","Mono",1
"CAGCTGGGTTACTGAC-1","T cells",1
"CAGCTGGGTTATCGGT-1","Mono",1
"CAGCTGGGTTGAACTC-1","T cells",1
"CAGCTGGTCACGGTTA-1","Mono",1
"CAGCTGGTCAGAAATG-1","Mono",1
"CAGCTGGTCAGCACAT-1","Mono",1
"CAGCTGGTCAGTGTTG-1","T cells",1
"CAGGTGCAGAGCTGGT-1","T cells",0.940282426149976
"CAGGTGCAGAGGGCTT-1","B cells",1
"CAGGTGCAGATCGGGT-1","T cells",1
"CAGGTGCAGGCGTACA-1","Mono",1
"CAGGTGCAGTGTTTGC-1","T cells",0.967639173711269
"CAGGTGCCACAACGCC-1","T cells",1
"CAGGTGCCACCTATCC-1","T cells",1
"CAGGTGCGTAACGCGA-1","T cells",1
"CAGGTGCGTATTACCG-1","Mono",1
"CAGGTGCGTGTGAATA-1","T cells",1
"CAGGTGCTCATCGATG-1","T cells",0.514540868019764
"CAGGTGCTCCCGACTT-1","Mono",1
"CAGGTGCTCTGGTATG-1","T cells",1
"CAGTAACAGAGCCCAA-1","T cells",1
"CAGTAACAGGCCCTCA-1","B cells",1
"CAGTAACAGTGTGGCA-1","T cells",0.97862973460053
"CAGTAACCACAGGCCT-1","T cells",0.666141109987784
"CAGTAACCAGACTCGC-1","Mono",1
"CAGTAACCAGGACGTA-1","T cells",0.65831715634458
"CAGTAACCAGTCAGAG-1","Mono",1
"CAGTAACGTAAGAGAG-1","T cells",1
"CAGTAACGTCGCTTCT-1","T cells",1
"CAGTAACGTGCATCTA-1","T cells",1
"CAGTAACGTTTGTTTC-1","T cells",1
"CAGTAACTCCTGTACC-1","Mono",1
"CAGTAACTCGGACAAG-1","Mono",1
"CAGTAACTCGGTCCGA-1","Mono",1
"CAGTAACTCTTTACGT-1","T cells",0.743743917823101
"CAGTCCTAGAAGGACA-1","B cells",1
"CAGTCCTAGACGCAAC-1","T cells",1
"CAGTCCTAGATGTCGG-1","T cells",1
"CAGTCCTAGCAATCTC-1","T cells",1
"CAGTCCTAGTTGAGTA-1","T cells",1
"CAGTCCTCAATGGATA-1","T cells",1
"CAGTCCTCACACGCTG-1","T cells",1
"CAGTCCTCACATGTGT-1","T cells",1
"CAGTCCTCAGCTGTGC-1","T cells",1
"CAGTCCTCATGCGCAC-1","Mono",1
"CAGTCCTCATGTCCTC-1","NK",0.736437737154086
"CAGTCCTCATTTGCTT-1","T cells",1
"CAGTCCTTCTCAAGTG-1","T cells",0.932035675954871
"CAGTCCTTCTGCGTAA-1","T cells",0.983441745232265
"CAGTCCTTCTTCAACT-1","T cells",1
"CATATGGAGAACAACT-1","T cells",1
"CATATGGAGGAGTAGA-1","T cells",1
"CATATGGAGGCTCTTA-1","T cells",0.897303460238052
"CATATGGAGGTCATCT-1","T cells",0.985475848588222
"CATATGGAGTCACGCC-1","B cells",1
"CATATGGAGTGCCAGA-1","B cells",1
"CATATGGAGTGTTAGA-1","T cells",1
"CATATGGCAACACCCG-1","T cells",0.868991310645098
"CATATGGCAAGCCGTC-1","T cells",0.887108961598503
"CATATGGCACGGCCAT-1","B cells",1
"CATATGGCAGGGTATG-1","Mono",1
"CATATGGCAGTAAGCG-1","T cells",0.627873610322971
"CATATGGGTGAGCGAT-1","B cells",1
"CATATGGGTTGATTGC-1","Mono",1
"CATATGGTCAGGCGAA-1","B cells",1
"CATATGGTCCGCGTTT-1","T cells",0.980843094327375
"CATATGGTCGCAGGCT-1","Mono",1
"CATATGGTCGGCTACG-1","Mono",0.999999999999999
"CATATGGTCTATCCCG-1","T cells",0.879471000167334
"CATATGGTCTCAAACG-1","T cells",0.726675575340888
"CATATGGTCTCGCTTG-1","T cells",0.798515384503325
"CATATGGTCTTGTCAT-1","T cells",0.913309907721977
"CATATTCAGAGGTACC-1","T cells",1
"CATATTCAGCTCCCAG-1","T cells",0.978622667166419
"CATATTCAGGGAACGG-1","T cells",1
"CATATTCAGGTGATTA-1","B cells",1
"CATATTCAGTGAACAT-1","T cells",0.919219831971985
"CATATTCCAATCGAAA-1","T cells",0.995037525969057
"CATATTCCACCTATCC-1","T cells",0.719122636725039
"CATATTCCATCGTCGG-1","T cells",0.951189624440651
"CATATTCCATTAGCCA-1","Mono",1
"CATATTCGTGAGGCTA-1","Mono",1
"CATATTCGTGTAAGTA-1","T cells",1
"CATATTCGTTGTCGCG-1","B cells",1
"CATATTCTCACAATGC-1","B cells",1
"CATATTCTCACAGTAC-1","T cells",1
"CATATTCTCATCGGAT-1","T cells",1
"CATATTCTCCTGCTTG-1","Mono",1
"CATCAAGAGATATACG-1","B cells",1
"CATCAAGAGCCACCTG-1","T cells",0.66053478930543
"CATCAAGAGTCCATAC-1","B cells",1
"CATCAAGAGTTGCAGG-1","Mono",0.999999999999999
"CATCAAGAGTTGTCGT-1","NK",0.882535477232196
"CATCAAGCAAGCGAGT-1","T cells",0.998133763467853
"CATCAAGCACGACGAA-1","Mono",1
"CATCAAGCACGGTAAG-1","Mono",1
"CATCAAGCAGGTCCAC-1","T cells",1
"CATCAAGCATGCCACG-1","Mono",1
"CATCAAGGTCGAATCT-1","Mono",1
"CATCAAGGTCGACTGC-1","B cells",1
"CATCAAGGTGAACCTT-1","T cells",1
"CATCAAGGTGTCCTCT-1","T cells",1
"CATCAAGGTTGACGTT-1","B cells",1
"CATCAAGTCAACGCTA-1","Mono",1
"CATCAAGTCGTCCGTT-1","T cells",0.826005627303304
"CATCAAGTCTCCAACC-1","Mono",1
"CATCAAGTCTCTGAGA-1","T cells",0.844126298206888
"CATCAGAAGCGTAGTG-1","T cells",1
"CATCAGAAGCTATGCT-1","Mono",1
"CATCAGAAGGCAGGTT-1","T cells",1
"CATCAGAAGGCCGAAT-1","T cells",0.813221915708207
"CATCAGAAGTGATCGG-1","T cells",1
"CATCAGACAACTGCGC-1","T cells",1
"CATCAGACAAGGTTCT-1","T cells",1
"CATCAGACAAGTCATC-1","Mono",1
"CATCAGACACAAGACG-1","T cells",0.794193301704875
"CATCAGACAGATAATG-1","B cells",1
"CATCAGACATATACCG-1","T cells",0.925156281124471
"CATCAGAGTAACGACG-1","B cells",1
"CATCAGAGTAATAGCA-1","T cells",1
"CATCAGAGTAGGGACT-1","B cells",1
"CATCAGAGTCGAACAG-1","Mono",1
"CATCAGAGTGTCTGAT-1","Mono",1
"CATCAGAGTTCCCGAG-1","T cells",1
"CATCAGATCATCGGAT-1","T cells",0.974264814203247
"CATCAGATCATGCATG-1","T cells",0.761773019310631
"CATCAGATCCGTAGGC-1","T cells",0.880885247190289
"CATCAGATCGGAAATA-1","T cells",1
"CATCAGATCGTAGATC-1","T cells",0.691868624294148
"CATCCACAGAAACCGC-1","T cells",0.627092324659123
"CATCCACAGTGCGTGA-1","T cells",0.89518804429919
"CATCCACAGTGTACGG-1","T cells",1
"CATCCACCACAACTGT-1","T cells",1
"CATCCACCACGGTAAG-1","Mono",1
"CATCCACCATCATCCC-1","NK",0.917081135982669
"CATCCACGTACTCAAC-1","T cells",1
"CATCCACGTAGCCTCG-1","T cells",1
"CATCCACGTCGCTTCT-1","B cells",1
"CATCCACGTCGGATCC-1","NK",0.938138561903839
"CATCCACGTGCTGTAT-1","T cells",0.665382273332762
"CATCCACTCAGTGTTG-1","Mono",1
"CATCCACTCATTGCCC-1","NK",0.926837263237987
"CATCCACTCCGAACGC-1","T cells",1
"CATCCACTCGAATCCA-1","T cells",0.723718272512875
"CATCGAAAGGCGCTCT-1","T cells",1
"CATCGAAAGGGATCTG-1","T cells",0.976268806390677
"CATCGAACATTTGCTT-1","T cells",0.805866889967269
"CATCGAAGTGGCGAAT-1","B cells",1
"CATCGAAGTTCTGTTT-1","T cells",0.980305578123372
"CATCGAATCAACACTG-1","NK",0.903899275990224
"CATCGAATCACAGGCC-1","Mono",1
"CATCGGGAGAGAACAG-1","NK",0.863819527192682
"CATCGGGAGATAGCAT-1","B cells",1
"CATCGGGAGCAGGCTA-1","T cells",0.897440821482597
"CATCGGGAGGCGCTCT-1","B cells",1
"CATCGGGAGTGGTAGC-1","T cells",1
"CATCGGGCAAGAAGAG-1","T cells",0.898752451578908
"CATCGGGGTACAGTGG-1","Mono",1
"CATCGGGGTAGCGCAA-1","T cells",0.827120900635878
"CATCGGGGTTAAAGTG-1","T cells",1
"CATCGGGGTTCCGTCT-1","NK",0.892801927671738
"CATCGGGGTTGGGACA-1","T cells",0.846473095792545
"CATCGGGGTTGTGGCC-1","Mono",1
"CATCGGGTCACATGCA-1","B cells",1
"CATCGGGTCACGCGGT-1","Mono",1
"CATCGGGTCCGCAGTG-1","Mono",1
"CATCGGGTCCTCAATT-1","T cells",1
"CATCGGGTCGCCTGAG-1","T cells",1
"CATCGGGTCTCTGAGA-1","T cells",1
"CATCGGGTCTGACCTC-1","T cells",1
"CATCGGGTCTGCCCTA-1","T cells",0.898694900819876
"CATCGGGTCTGTCAAG-1","T cells",1
"CATGACAAGCGGCTTC-1","T cells",1
"CATGACAAGGCATTGG-1","T cells",1
"CATGACAAGGGTATCG-1","T cells",1
"CATGACACAAGCCGCT-1","T cells",0.963601266997182
"CATGACACAATCCAAC-1","T cells",0.94001366025972
"CATGACACACGGTAGA-1","Mono",1
"CATGACACAGGAATGC-1","T cells",1
"CATGACACATAAGACA-1","NK",0.811345298997697
"CATGACAGTAAGTGGC-1","T cells",0.972710092276088
"CATGACAGTAGAAGGA-1","Mono",1
"CATGACAGTGGGTCAA-1","T cells",0.99630996125222
"CATGACAGTTCCACAA-1","Mono",1
"CATGACAGTTCCATGA-1","B cells",1
"CATGACATCACGATGT-1","Mono",1
"CATGACATCAGCAACT-1","B cells",1
"CATGACATCAGTGCAT-1","T cells",0.958636980221813
"CATGACATCTCCTATA-1","Mono",1
"CATGACATCTGTCTCG-1","B cells",1
"CATGCCTAGGCATGGT-1","Mono",1
"CATGCCTCACCAGTTA-1","T cells",0.822491053998688
"CATGCCTCACCTCGGA-1","Mono",1
"CATGCCTCACTATCTT-1","B cells",1
"CATGCCTCATCTCGCT-1","T cells",1
"CATGCCTGTACCAGTT-1","B cells",1
"CATGCCTGTCTGGAGA-1","T cells",1
"CATGCCTGTGCCTGTG-1","T cells",1
"CATGCCTGTGTAAGTA-1","T cells",0.903998001680662
"CATGCCTTCAACACAC-1","T cells",1
"CATGCCTTCACCCGAG-1","Mono",1
"CATGCCTTCACCGGGT-1","Mono",1
"CATGCCTTCAGCTCGG-1","B cells",1
"CATGCCTTCCGGGTGT-1","T cells",1
"CATGCCTTCCTTGCCA-1","T cells",0.917585919190268
"CATGCCTTCGATAGAA-1","B cells",1
"CATGCCTTCGGAAATA-1","T cells",0.993204821920359
"CATGCCTTCGGTTCGG-1","T cells",0.991540642287861
"CATGCCTTCTGCCCTA-1","NK",0.940819011251749
"CATGGCGAGGAGTTTA-1","T cells",1
"CATGGCGAGTCCTCCT-1","T cells",0.991376480479743
"CATGGCGCAATCCGAT-1","Mono",1
"CATGGCGCACACGCTG-1","B cells",1
"CATGGCGCAGATGGGT-1","T cells",1
"CATGGCGCAGCTGTAT-1","T cells",1
"CATGGCGCAGGTCCAC-1","T cells",1
"CATGGCGGTCTAGTGT-1","T cells",1
"CATGGCGTCACGGTTA-1","B cells",1
"CATTATCAGAGTGACC-1","Mono",1
"CATTATCAGCGTCTAT-1","Mono",1
"CATTATCAGGAGTTGC-1","Mono",1
"CATTATCAGGTGTGGT-1","B cells",1
"CATTATCAGTCTTGCA-1","NK",0.917174460085589
"CATTATCCAACAACCT-1","T cells",0.787141410446182
"CATTATCCACGCATCG-1","T cells",1
"CATTATCCACGGATAG-1","B cells",1
"CATTATCCACTGCCAG-1","T cells",0.979674253270432
"CATTATCCAGTTCATG-1","T cells",0.909528279090039
"CATTATCCATAACCTG-1","Mono",1
"CATTATCCATCTACGA-1","B cells",0.863215000888556
"CATTATCCATCTGGTA-1","Mono",1
"CATTATCCATGCCACG-1","T cells",0.802454009202531
"CATTATCCATGCCCGA-1","T cells",1
"CATTATCGTGTGCGTC-1","Mono",1
"CATTATCTCACAACGT-1","Mono",1
"CATTCGCAGACTTTCG-1","T cells",1
"CATTCGCAGAGAGCTC-1","Mono",1
"CATTCGCAGCGTGAGT-1","T cells",0.885492669152306
"CATTCGCAGCTAACAA-1","T cells",0.867266123777008
"CATTCGCAGGATATAC-1","T cells",0.965620449355821
"CATTCGCAGGTGTTAA-1","T cells",1
"CATTCGCCAATGTTGC-1","T cells",1
"CATTCGCCATTTGCTT-1","T cells",0.712499681399915
"CATTCGCGTACCGTTA-1","Mono",1
"CATTCGCGTAGGCATG-1","T cells",1
"CATTCGCGTCTTCGTC-1","T cells",1
"CATTCGCGTGAACCTT-1","Mono",1
"CATTCGCTCAACCAAC-1","T cells",0.850700814526071
"CATTCGCTCAGAGGTG-1","B cells",1
"CATTCGCTCAGTTTGG-1","NK",0.937327384128885
"CATTCGCTCGAACGGA-1","B cells",1
"CATTCGCTCGCTTAGA-1","B cells",1
"CATTCGCTCGGAGGTA-1","T cells",1
"CATTCGCTCTCGCTTG-1","B cells",1
"CATTCGCTCTTCTGGC-1","T cells",1
"CCAATCCAGAAACCAT-1","B cells",1
"CCAATCCAGACCACGA-1","T cells",0.925657065180463
"CCAATCCAGCACCGTC-1","T cells",1
"CCAATCCAGCAGCGTA-1","Mono",1
"CCAATCCAGGACACCA-1","T cells",0.831088164998131
"CCAATCCAGGCACATG-1","Mono",1
"CCAATCCAGTGGAGAA-1","T cells",1
"CCAATCCCACTGTGTA-1","Mono",1
"CCAATCCGTCCCTTGT-1","Mono",1
"CCAATCCGTCCTAGCG-1","T cells",1
"CCAATCCGTCGACTGC-1","T cells",0.782180658285048
"CCAATCCGTGATGTGG-1","T cells",1
"CCAATCCGTGCTTCTC-1","T cells",0.94446689045906
"CCAATCCGTTACCGAT-1","Mono",1
"CCAATCCGTTCCCGAG-1","B cells",1
"CCAATCCTCAACGAAA-1","B cells",1
"CCAATCCTCACTATTC-1","Mono",1
"CCAATCCTCAGGCGAA-1","T cells",1
"CCAATCCTCATGGTCA-1","T cells",1
"CCAATCCTCCGCATCT-1","T cells",1
"CCACCTAAGACAAGCC-1","T cells",1
"CCACCTAAGACAGACC-1","Mono",1
"CCACCTAAGCTGAAAT-1","T cells",0.89406252946821
"CCACCTAAGCTTATCG-1","B cells",1
"CCACCTAAGGAGCGAG-1","Mono",1
"CCACCTAAGGTGATTA-1","Mono",1
"CCACCTAAGTATCGAA-1","B cells",1
"CCACCTAAGTCCGTAT-1","T cells",1
"CCACCTAAGTTAGGTA-1","T cells",1
"CCACCTACAATGGTCT-1","Mono",0.999999999999999
"CCACCTACAGGGATTG-1","T cells",1
"CCACCTACAGTCGTGC-1","Mono",1
"CCACCTACAGTTTACG-1","T cells",0.820047442081894
"CCACCTAGTTAAGGGC-1","T cells",1
"CCACCTAGTTCCCGAG-1","Mono",1
"CCACCTATCCTGTACC-1","Mono",1
"CCACGGAAGATAGCAT-1","T cells",1
"CCACGGAAGCCGGTAA-1","B cells",1
"CCACGGAAGGTGTTAA-1","Mono",1
"CCACGGACACGGCCAT-1","T cells",1
"CCACGGACACGTCAGC-1","Mono",1
"CCACGGAGTAAATGTG-1","B cells",1
"CCACGGAGTATAGGTA-1","T cells",1
"CCACGGAGTCGCTTTC-1","Mono",1
"CCACGGAGTCTCTTTA-1","B cells",1
"CCACGGAGTTAGGGTG-1","Mono",1
"CCACGGATCACCTTAT-1","Mono",1
"CCACGGATCATAAAGG-1","Mono",1
"CCACGGATCCTTTCGG-1","T cells",1
"CCACGGATCGCAGGCT-1","T cells",1
"CCACGGATCTCCAGGG-1","Mono",1
"CCACGGATCTGGAGCC-1","T cells",1
"CCACGGATCTTACCTA-1","T cells",0.864893713245618
"CCACGGATCTTTAGTC-1","T cells",0.993449973723916
"CCACTACAGCCCAACC-1","Mono",1
"CCACTACAGCTACCTA-1","T cells",1
"CCACTACAGGGTCTCC-1","T cells",0.986955140953124
"CCACTACAGTGTGAAT-1","T cells",0.724041432681442
"CCACTACCAATGGAAT-1","T cells",1
"CCACTACCAGCTGTTA-1","T cells",1
"CCACTACCAGTCCTTC-1","T cells",1
"CCACTACCATTTCAGG-1","T cells",1
"CCACTACGTCCAGTAT-1","T cells",1
"CCACTACGTTCTGGTA-1","T cells",1
"CCACTACTCCGTCAAA-1","T cells",0.654079056465292
"CCACTACTCTTGACGA-1","Mono",1
"CCAGCGAAGATGTTAG-1","Mono",1
"CCAGCGAAGGGCTTGA-1","T cells",1
"CCAGCGAAGTCACGCC-1","T cells",1
"CCAGCGACAAAGTGCG-1","T cells",1
"CCAGCGACAAGCGCTC-1","NK",0.886858195709473
"CCAGCGACAAGCGTAG-1","T cells",1
"CCAGCGACACATGTGT-1","Mono",1
"CCAGCGACAGTGGAGT-1","T cells",1
"CCAGCGAGTATAGGGC-1","B cells",1
"CCAGCGAGTCACCTAA-1","NK",0.91639240803467
"CCAGCGAGTCTAGGTT-1","T cells",1
"CCAGCGAGTGATGTCT-1","T cells",1
"CCAGCGAGTTGCTCCT-1","T cells",1
"CCAGCGATCAACGGCC-1","T cells",1
"CCAGCGATCCGAACGC-1","T cells",0.985396730837072
"CCAGCGATCCGTTGCT-1","T cells",0.994666030934916
"CCAGCGATCCTAGTGA-1","T cells",0.831795677993013
"CCAGCGATCGAGGTAG-1","T cells",1
"CCATGTCAGAGTCTGG-1","T cells",0.986805963630438
"CCATGTCAGGCAGTCA-1","Mono",1
"CCATGTCAGGCGTACA-1","T cells",1
"CCATGTCCACCACCAG-1","T cells",0.971409139485171
"CCATGTCCAGGCTCAC-1","NK",0.964937753223703
"CCATGTCCATGCCCGA-1","B cells",1
"CCATGTCGTAGAAAGG-1","Mono",1
"CCATGTCGTCAGAAGC-1","T cells",1
"CCATGTCGTTCGGGCT-1","T cells",1
"CCATGTCTCAACACTG-1","Mono",1
"CCATGTCTCAATCTCT-1","T cells",1
"CCATGTCTCCAAATGC-1","Mono",1
"CCATTCGAGACAAAGG-1","Mono",1
"CCATTCGAGATGCCAG-1","NK",0.879771805435189
"CCATTCGAGTAATCCC-1","T cells",0.677241931465244
"CCATTCGCAACTGCTA-1","T cells",1
"CCATTCGCACAGGAGT-1","T cells",0.748275160978566
"CCATTCGCATACTACG-1","T cells",0.890718285730796
"CCATTCGCATGTCGAT-1","Mono",1
"CCATTCGGTGTGCGTC-1","Mono",1
"CCATTCGTCATATCGG-1","T cells",1
"CCATTCGTCCACTGGG-1","B cells",1
"CCATTCGTCGCCCTTA-1","Mono",1
"CCATTCGTCGCGGATC-1","B cells",1
"CCATTCGTCTCAACTT-1","T cells",1
"CCATTCGTCTCCAACC-1","T cells",1
"CCCAATCAGAAGGTGA-1","T cells",1
"CCCAATCAGACAGGCT-1","T cells",0.941689420027304
"CCCAATCAGATCACGG-1","B cells",1
"CCCAATCAGATCCCGC-1","Mono",1
"CCCAATCAGCTTCGCG-1","NK",0.971159218474863
"CCCAATCCAAGAAGAG-1","B cells",1
"CCCAATCCACCACGTG-1","T cells",0.750204086411852
"CCCAATCCAGAGTGTG-1","T cells",1
"CCCAATCCATCTCCCA-1","Mono",1
"CCCAATCCATTTCACT-1","T cells",1
"CCCAATCGTCACACGC-1","B cells",1
"CCCAATCGTCAGAATA-1","Mono",1
"CCCAATCGTGCTGTAT-1","T cells",1
"CCCAATCGTTACCAGT-1","T cells",1
"CCCAATCGTTGTACAC-1","Mono",1
"CCCAATCTCAGTGTTG-1","T cells",1
"CCCAATCTCGCGTTTC-1","B cells",1
"CCCAGTTAGAAACCTA-1","T cells",1
"CCCAGTTAGATGAGAG-1","T cells",1
"CCCAGTTAGTGTCCAT-1","Mono",1
"CCCAGTTCAAGAGGCT-1","B cells",1
"CCCAGTTCAATAGCAA-1","B cells",1
"CCCAGTTCACCATGTA-1","T cells",1
"CCCAGTTCACGGATAG-1","Mono",1
"CCCAGTTCAGGAATGC-1","T cells",1
"CCCAGTTCAGGTGGAT-1","Mono",1
"CCCAGTTGTACATGTC-1","T cells",0.79490053546893
"CCCAGTTGTGTCGCTG-1","Mono",1
"CCCAGTTGTTATGTGC-1","T cells",0.990012259491666
"CCCAGTTGTTGTACAC-1","T cells",1
"CCCAGTTTCAGCATGT-1","T cells",1
"CCCAGTTTCCACGAAT-1","T cells",0.818444889272503
"CCCAGTTTCCCTAACC-1","T cells",1
"CCCAGTTTCCTCAACC-1","T cells",1
"CCCATACAGCTTCGCG-1","T cells",1
"CCCATACAGTCTTGCA-1","T cells",0.828946017641126
"CCCATACAGTGGTAGC-1","Mono",1
"CCCATACAGTTGAGTA-1","Mono",1
"CCCATACCAAGCGATG-1","Mono",1
"CCCATACCAAGGACTG-1","Mono",1
"CCCATACCACCTGGTG-1","Mono",1
"CCCATACCACGAGAGT-1","B cells",1
"CCCATACCAGTTTACG-1","T cells",0.981196336300709
"CCCATACGTAGGACAC-1","Mono",1
"CCCATACGTCATACTG-1","NK",0.977545959983331
"CCCATACGTCCGTCAG-1","Mono",1
"CCCATACGTGAGGGAG-1","T cells",0.792686184837702
"CCCATACGTGTTCGAT-1","T cells",0.843710309375698
"CCCATACGTTGTCTTT-1","Mono",1
"CCCATACTCTGAAAGA-1","T cells",1
"CCCTCCTAGAAGGGTA-1","T cells",1
"CCCTCCTAGACAAAGG-1","NK",0.933687498624697
"CCCTCCTAGACCCACC-1","B cells",1
"CCCTCCTAGACTGGGT-1","T cells",0.662928450270413
"CCCTCCTAGAGTCGGT-1","T cells",1
"CCCTCCTAGCACGCCT-1","T cells",1
"CCCTCCTAGGCAGGTT-1","Mono",1
"CCCTCCTAGGCGCTCT-1","T cells",0.864579407700075
"CCCTCCTAGTCGCCGT-1","Platelet",0.830087277071296
"CCCTCCTCAAGAGTCG-1","T cells",0.778752812626247
"CCCTCCTCAATCAGAA-1","T cells",1
"CCCTCCTCAGATCCAT-1","B cells",1
"CCCTCCTCAGGGTATG-1","Mono",0.767040661625689
"CCCTCCTCAGTAACGG-1","T cells",1
"CCCTCCTCATTTCAGG-1","B cells",1
"CCCTCCTGTAATAGCA-1","B cells",1
"CCCTCCTGTACCCAAT-1","Mono",1
"CCCTCCTGTCAGTGGA-1","T cells",1
"CCCTCCTGTGAGGGTT-1","T cells",1
"CCCTCCTGTGCAGTAG-1","Mono",1
"CCCTCCTGTGTGACCC-1","Mono",1
"CCCTCCTTCAGTCAGT-1","Mono",1
"CCCTCCTTCCAGATCA-1","T cells",1
"CCCTCCTTCGCCTGAG-1","Mono",1
"CCCTCCTTCGTCTGCT-1","T cells",1
"CCCTCCTTCTCCCTGA-1","T cells",0.870949642019857
"CCGGGATCAAACCCAT-1","Mono",1
"CCGGGATCAAAGGAAG-1","T cells",0.827588797276229
"CCGGGATCAGATAATG-1","T cells",1
"CCGGGATCAGCGTCCA-1","T cells",1
"CCGGGATCAGCTGCAC-1","T cells",1
"CCGGGATCATAGGATA-1","T cells",1
"CCGGGATCATCCGGGT-1","T cells",1
"CCGGGATGTAAAGTCA-1","Mono",1
"CCGGGATGTAAGGGAA-1","T cells",0.882355495778416
"CCGGGATGTACCGTAT-1","T cells",1
"CCGGGATGTACTCGCG-1","T cells",1
"CCGGGATGTAGCTTGT-1","T cells",1
"CCGGGATGTATTCGTG-1","Mono",1
"CCGGGATGTCCGTTAA-1","T cells",1
"CCGGGATGTGATGATA-1","B cells",1
"CCGGGATGTTACTGAC-1","B cells",1
"CCGGGATGTTCGTCTC-1","Mono",1
"CCGGGATTCAACGAAA-1","B cells",1
"CCGGGATTCATAGCAC-1","B cells",1
"CCGGGATTCCCAGGTG-1","T cells",1
"CCGGGATTCCGTAGGC-1","Mono",1
"CCGGGATTCTCAACTT-1","Mono",1
"CCGGTAGAGCCAGAAC-1","Mono",1
"CCGGTAGAGCTCCTCT-1","B cells",1
"CCGGTAGAGCTTATCG-1","T cells",1
"CCGGTAGAGGCTAGAC-1","T cells",1
"CCGGTAGAGTCCGTAT-1","T cells",0.755219894123463
"CCGGTAGCAAACGCGA-1","T cells",1
"CCGGTAGCAGACGCTC-1","T cells",1
"CCGGTAGCAGTAGAGC-1","T cells",0.968039028786326
"CCGGTAGCATATGAGA-1","T cells",1
"CCGGTAGCATCGATGT-1","T cells",0.87302308284118
"CCGGTAGCATTACCTT-1","Platelet",0.812012738247324
"CCGGTAGGTAACGTTC-1","B cells",1
"CCGGTAGGTTGAGTTC-1","B cells",1
"CCGGTAGTCAACACGT-1","T cells",1
"CCGGTAGTCGAGCCCA-1","B cells",1
"CCGGTAGTCGTCTGAA-1","B cells",1
"CCGGTAGTCTCTTATG-1","Mono",1
"CCGTACTAGAGACTTA-1","T cells",0.892307309734492
"CCGTACTAGAGCTATA-1","T cells",0.991931889374602
"CCGTACTAGCTACCTA-1","T cells",1
"CCGTACTAGCTCTCGG-1","T cells",0.869221854261249
"CCGTACTCAGACGCTC-1","T cells",0.868627832350544
"CCGTACTCAGCCAATT-1","Mono",1
"CCGTACTCAGTCAGCC-1","B cells",1
"CCGTACTGTAAATACG-1","B cells",1
"CCGTACTGTAACGTTC-1","T cells",1
"CCGTACTGTACCGGCT-1","T cells",1
"CCGTACTGTCGGGTCT-1","B cells",1
"CCGTACTGTCTAAACC-1","Mono",1
"CCGTACTGTTCCTCCA-1","NK",0.896575099204472
"CCGTACTGTTTGCATG-1","T cells",0.996043737932114
"CCGTACTTCAGTTGAC-1","T cells",0.881339720239786
"CCGTACTTCATAACCG-1","Mono",1
"CCGTACTTCCTCATTA-1","T cells",1
"CCGTACTTCGGTGTTA-1","T cells",1
"CCGTACTTCTGTCCGT-1","T cells",0.779951663931958
"CCGTGGAAGATCGGGT-1","T cells",1
"CCGTGGAAGCAGCGTA-1","Mono",1
"CCGTGGAAGCAGGCTA-1","T cells",1
"CCGTGGACAACACCTA-1","Mono",1
"CCGTGGACAATGTTGC-1","T cells",1
"CCGTGGACACCCATGG-1","Mono",1
"CCGTGGACAGATCTGT-1","T cells",1
"CCGTGGACAGGATCGA-1","T cells",1
"CCGTGGACAGTCAGCC-1","T cells",1
"CCGTGGACAGTGACAG-1","T cells",1
"CCGTGGACAGTTCATG-1","Mono",1
"CCGTGGACATCCTTGC-1","Mono",1
"CCGTGGAGTCATGCAT-1","T cells",0.97261310377428
"CCGTGGAGTCTAGCGC-1","B cells",1
"CCGTGGAGTTACGCGC-1","T cells",1
"CCGTGGATCGTACCGG-1","T cells",1
"CCGTTCAAGACTTGAA-1","T cells",0.863160922525857
"CCGTTCAAGAGAACAG-1","T cells",0.668196085283553
"CCGTTCAAGGCTCAGA-1","B cells",1
"CCGTTCAAGGTAGCTG-1","T cells",1
"CCGTTCAAGTCTCAAC-1","T cells",1
"CCGTTCACAAGGCTCC-1","T cells",0.744248695161653
"CCGTTCACACCCATGG-1","Mono",1
"CCGTTCACAGTAACGG-1","T cells",1
"CCGTTCACATGCCACG-1","T cells",0.733455001520866
"CCGTTCACATGCCTAA-1","Mono",1
"CCGTTCACATGGAATA-1","T cells",0.873603907018337
"CCGTTCAGTCCTAGCG-1","T cells",0.946915496171753
"CCGTTCAGTGAGGGAG-1","T cells",0.970850908148522
"CCGTTCAGTGCACGAA-1","T cells",0.68383982140067
"CCGTTCAGTGCGCTTG-1","B cells",1
"CCGTTCAGTGCTCTTC-1","T cells",0.831921632184934
"CCGTTCAGTTGGAGGT-1","T cells",1
"CCGTTCATCACCACCT-1","T cells",0.816487792594157
"CCGTTCATCACTCCTG-1","Mono",1
"CCGTTCATCCACGCAG-1","Mono",1
"CCGTTCATCCATGAAC-1","B cells",1
"CCGTTCATCGGTCTAA-1","B cells",1
"CCGTTCATCTTACCTA-1","T cells",1
"CCGTTCATCTTCTGGC-1","T cells",0.81766286071463
"CCTAAAGAGAATGTTG-1","T cells",0.987897527373137
"CCTAAAGAGCACACAG-1","Mono",1
"CCTAAAGAGCCAGTAG-1","T cells",1
"CCTAAAGAGCTCCCAG-1","T cells",1
"CCTAAAGAGGGTCGAT-1","T cells",1
"CCTAAAGAGTAATCCC-1","T cells",1
"CCTAAAGAGTGGTAAT-1","T cells",1
"CCTAAAGCAAGTAGTA-1","T cells",1
"CCTAAAGCACACAGAG-1","B cells",1
"CCTAAAGCACCTGGTG-1","T cells",1
"CCTAAAGCAGCATACT-1","NK",0.881284983253644
"CCTAAAGCAGCTCCGA-1","Mono",1
"CCTAAAGCAGGTTTCA-1","Mono",1
"CCTAAAGCAGTGACAG-1","T cells",1
"CCTAAAGCATGAACCT-1","T cells",1
"CCTAAAGCATTAGGCT-1","T cells",1
"CCTAAAGCATTTCACT-1","T cells",0.768293660547687
"CCTAAAGGTCAGAGGT-1","Mono",1
"CCTAAAGTCGTTTGCC-1","T cells",1
"CCTAAAGTCTCAAACG-1","T cells",0.918206265599925
"CCTAAAGTCTGAGTGT-1","B cells",1
"CCTACACAGAATTCCC-1","B cells",1
"CCTACACAGATGTGTA-1","Mono",1
"CCTACACAGCTACCGC-1","T cells",0.980259801344551
"CCTACACCAAGCCGTC-1","T cells",0.797101216249318
"CCTACACCACGCCAGT-1","T cells",1
"CCTACACCAGCTCCGA-1","T cells",1
"CCTACACCAGTTCCCT-1","T cells",0.719507824860797
"CCTACACCATCTCCCA-1","B cells",1
"CCTACACGTACCAGTT-1","T cells",0.982909477879123
"CCTACACGTATCAGTC-1","T cells",1
"CCTACACGTCTAAAGA-1","Mono",1
"CCTACACGTTCGAATC-1","Platelet",0.692431778345692
"CCTACACTCAACGGCC-1","T cells",1
"CCTACACTCGAATCCA-1","Mono",1
"CCTACACTCGGCGGTT-1","T cells",0.850268883507663
"CCTACCAAGACTCGGA-1","T cells",0.9109316026268
"CCTACCAAGCCAGTTT-1","Mono",1
"CCTACCAAGCGGCTTC-1","Mono",1
"CCTACCAAGCTGGAAC-1","T cells",1
"CCTACCAAGGCTCATT-1","Mono",1
"CCTACCAAGGTGCACA-1","T cells",1
"CCTACCACAAATACAG-1","T cells",0.923186112610355
"CCTACCACAAGTAGTA-1","T cells",0.98394889151954
"CCTACCACAGCTATTG-1","T cells",1
"CCTACCACAGTAAGCG-1","Mono",1
"CCTACCACATGAACCT-1","T cells",1
"CCTACCACATTCACTT-1","T cells",0.862356591584549
"CCTACCAGTAGCTGCC-1","T cells",1
"CCTACCAGTATCGCAT-1","T cells",1
"CCTACCAGTCCCTACT-1","Mono",1
"CCTACCAGTCTAGAGG-1","T cells",1
"CCTACCAGTCTGATTG-1","T cells",1
"CCTACCAGTGGTCTCG-1","T cells",1
"CCTACCAGTGTTTGGT-1","T cells",0.665403411806428
"CCTACCAGTTTAAGCC-1","T cells",0.963844969467428
"CCTACCATCCAAATGC-1","T cells",0.987091656154123
"CCTACCATCCCATTTA-1","Mono",1
"CCTACCATCCTCCTAG-1","T cells",0.940278109241807
"CCTACCATCGGAATCT-1","T cells",0.619372997723268
"CCTAGCTAGAGACGAA-1","T cells",1
"CCTAGCTAGAGGTTAT-1","T cells",1
"CCTAGCTAGATGCGAC-1","Mono",1
"CCTAGCTAGCTTCGCG-1","B cells",1
"CCTAGCTAGTGTACGG-1","Mono",1
"CCTAGCTAGTTTGCGT-1","T cells",0.849603380628178
"CCTAGCTCAATAACGA-1","T cells",1
"CCTAGCTCAATCGGTT-1","NK",0.94910388986238
"CCTAGCTCACCTCGTT-1","Mono",1
"CCTAGCTCATAGACTC-1","T cells",0.890622461898666
"CCTAGCTCATGCGCAC-1","B cells",1
"CCTAGCTGTGCACTTA-1","T cells",0.717506544897935
"CCTAGCTGTGGTTTCA-1","Mono",1
"CCTAGCTGTTAAGATG-1","T cells",1
"CCTAGCTGTTGGAGGT-1","Mono",1
"CCTAGCTGTTTGGCGC-1","B cells",1
"CCTAGCTTCAAACCGT-1","T cells",1
"CCTAGCTTCAGCACAT-1","T cells",0.772947360250165
"CCTAGCTTCCCATTAT-1","Mono",1
"CCTAGCTTCCGAACGC-1","Mono",1
"CCTATTAAGTACTTGC-1","Mono",1
"CCTATTAAGTCTCAAC-1","T cells",0.979852559679231
"CCTATTACATCTACGA-1","T cells",0.985063994638256
"CCTATTACATTGAGCT-1","T cells",1
"CCTATTAGTAAATACG-1","Mono",1
"CCTATTAGTGACAAAT-1","B cells",1
"CCTATTAGTGTGGTTT-1","Mono",1
"CCTATTATCACGCGGT-1","Mono",1
"CCTATTATCGATGAGG-1","NK",0.943699278889237
"CCTATTATCGCGCCAA-1","T cells",1
"CCTATTATCGTTGACA-1","T cells",0.789520730921766
"CCTATTATCTGGCGTG-1","Mono",1
"CCTATTATCTTACCGC-1","Mono",1
"CCTCAGTAGGATGTAT-1","Mono",1
"CCTCAGTAGGCTATCT-1","T cells",1
"CCTCAGTAGGGAACGG-1","Mono",1
"CCTCAGTAGTCCATAC-1","T cells",0.886383119603954
"CCTCAGTCAAACGCGA-1","Mono",1
"CCTCAGTCAACACCCG-1","T cells",1
"CCTCAGTCAAGCCTAT-1","T cells",0.965470214200746
"CCTCAGTCACCATCCT-1","T cells",0.880439891365376
"CCTCAGTGTACATCCA-1","B cells",1
"CCTCAGTGTAGAAAGG-1","T cells",1
"CCTCAGTGTATCTGCA-1","T cells",0.95974016316797
"CCTCAGTGTGCAGGTA-1","T cells",1
"CCTCAGTTCCACGCAG-1","Mono",1
"CCTCAGTTCGTTTATC-1","T cells",0.892445307946425
"CCTCAGTTCTGACCTC-1","Platelet",1
"CCTCAGTTCTGAGGGA-1","T cells",1
"CCTCAGTTCTTGTACT-1","T cells",1
"CCTCTGAAGACCACGA-1","T cells",1
"CCTCTGAAGCGTCAAG-1","T cells",1
"CCTCTGACACATTCGA-1","T cells",0.707562742435127
"CCTCTGACACCTTGTC-1","Mono",1
"CCTCTGACAGCTTAAC-1","NK",0.882252868094879
"CCTCTGACAGGGTTAG-1","Mono",1
"CCTCTGACATCGATGT-1","Mono",1
"CCTCTGACATGGAATA-1","B cells",1
"CCTCTGACATGGATGG-1","T cells",1
"CCTCTGAGTCTTCGTC-1","Mono",1
"CCTCTGAGTTGACGTT-1","Mono",1
"CCTCTGATCAAGGCTT-1","NK",0.914651652836294
"CCTCTGATCTAAGCCA-1","T cells",1
"CCTCTGATCTACCAGA-1","Mono",1
"CCTTACGAGCAACGGT-1","B cells",1
"CCTTACGAGTCTCAAC-1","Mono",1
"CCTTACGAGTGTACTC-1","Mono",1
"CCTTACGCAAGCGCTC-1","T cells",1
"CCTTACGCACATTTCT-1","Mono",1
"CCTTACGCACGTCAGC-1","T cells",1
"CCTTACGCAGCGAACA-1","T cells",1
"CCTTACGCATAGACTC-1","T cells",1
"CCTTACGCATTGTGCA-1","T cells",1
"CCTTACGGTACAAGTA-1","NK",0.979174984264025
"CCTTACGGTCAATACC-1","B cells",1
"CCTTACGGTGTCTGAT-1","T cells",1
"CCTTACGGTGTTAAGA-1","T cells",0.729772268793487
"CCTTACGTCAATCTCT-1","B cells",0.973916351607563
"CCTTACGTCAGCCTAA-1","Mono",1
"CCTTACGTCATGCTCC-1","T cells",0.518525343519872
"CCTTACGTCCCAAGAT-1","T cells",0.97651883277658
"CCTTACGTCCTACAGA-1","Mono",1
"CCTTACGTCGCTTGTC-1","Mono",1
"CCTTACGTCGGAAACG-1","T cells",1
"CCTTACGTCTCAAGTG-1","Mono",1
"CCTTCCCAGAGTGAGA-1","Mono",1
"CCTTCCCAGCTGAACG-1","B cells",1
"CCTTCCCAGCTTATCG-1","T cells",1
"CCTTCCCAGGCAATTA-1","B cells",1
"CCTTCCCCAATAGCAA-1","Mono",1
"CCTTCCCCAATGACCT-1","Mono",1
"CCTTCCCCACAGATTC-1","Mono",1
"CCTTCCCCATAGGATA-1","B cells",1
"CCTTCCCGTACACCGC-1","Mono",1
"CCTTCCCGTCGGCTCA-1","T cells",1
"CCTTCCCGTTTACTCT-1","Mono",1
"CCTTCCCTCACGAAGG-1","T cells",1
"CCTTCCCTCAGCTTAG-1","T cells",1
"CCTTCCCTCATCTGTT-1","T cells",0.91928986478391
"CCTTCCCTCCTTTCTC-1","Mono",1
"CCTTCGAAGACTAAGT-1","T cells",1
"CCTTCGAAGAGCTGCA-1","B cells",1
"CCTTCGAAGCTAACTC-1","Mono",1
"CCTTCGAAGGCGTACA-1","T cells",0.732927649949761
"CCTTCGAAGGTGCTTT-1","T cells",1
"CCTTCGAAGTCCAGGA-1","T cells",0.868804254883484
"CCTTCGAAGTGCTGCC-1","T cells",1
"CCTTCGACAACAACCT-1","T cells",1
"CCTTCGACACAGACAG-1","T cells",1
"CCTTCGACATGTTCCC-1","Mono",1
"CCTTCGAGTAAGTAGT-1","B cells",1
"CCTTCGAGTCGAGATG-1","T cells",0.964778717377267
"CCTTCGAGTCGAGTTT-1","T cells",1
"CCTTCGAGTTCCCGAG-1","Mono",1
"CCTTCGATCCAAGCCG-1","T cells",1
"CCTTCGATCGGCGCTA-1","T cells",1
"CCTTCGATCTTGTCAT-1","T cells",1
"CCTTTCTAGCCAGTTT-1","T cells",0.811898939486711
"CCTTTCTAGGCAAAGA-1","T cells",0.904924147936002
"CCTTTCTAGTAGATGT-1","T cells",1
"CCTTTCTAGTGTGAAT-1","Mono",1
"CCTTTCTCACAGAGGT-1","NK",0.897050627470858
"CCTTTCTCACATAACC-1","T cells",0.990134826692744
"CCTTTCTCACGTCAGC-1","T cells",0.885814396081843
"CCTTTCTGTCTTTCAT-1","Mono",1
"CCTTTCTGTGCGATAG-1","Mono",1
"CCTTTCTGTGCGGTAA-1","NK",0.91479812611696
"CCTTTCTGTGTGAATA-1","Mono",1
"CCTTTCTTCAATCTCT-1","Mono",1
"CCTTTCTTCGCCTGTT-1","Mono",1
"CCTTTCTTCGGTCCGA-1","Mono",1
"CGAACATAGAAACCGC-1","T cells",1
"CGAACATAGCCGATTT-1","Mono",1
"CGAACATAGGCCCGTT-1","T cells",1
"CGAACATAGGTAAACT-1","T cells",0.668887040115513
"CGAACATAGTAGCCGA-1","T cells",0.877926480540235
"CGAACATCAAACCCAT-1","T cells",1
"CGAACATCAAGTAATG-1","T cells",1
"CGAACATCAGATGGGT-1","T cells",1
"CGAACATCATCATCCC-1","B cells",1
"CGAACATCATCGATGT-1","Mono",1
"CGAACATCATTCGACA-1","T cells",0.73295973805142
"CGAACATGTAAGTTCC-1","B cells",1
"CGAACATGTCAAAGAT-1","Mono",1
"CGAACATGTCATCGGC-1","T cells",0.980972379733182
"CGAACATGTCCAAGTT-1","T cells",0.790558746343904
"CGAACATGTCTTGATG-1","Mono",1
"CGAACATGTGCAGTAG-1","B cells",1
"CGAACATGTGGCCCTA-1","Mono",1
"CGAACATGTTAAGGGC-1","T cells",1
"CGAACATTCAACACAC-1","B cells",1
"CGAACATTCACATAGC-1","Mono",1
"CGAACATTCCAAGCCG-1","T cells",1
"CGAACATTCCCAAGTA-1","NK",0.867549955480511
"CGAACATTCCGATATG-1","T cells",1
"CGAACATTCTTACCTA-1","B cells",1
"CGAATGTAGACCTAGG-1","Mono",1
"CGAATGTAGAGTCTGG-1","T cells",0.990167739388688
"CGAATGTAGTCCATAC-1","T cells",1
"CGAATGTCATTGCGGC-1","T cells",0.929632314733401
"CGAATGTGTGAGGCTA-1","T cells",1
"CGAATGTGTGCAGACA-1","Mono",1
"CGAATGTGTTTCGCTC-1","T cells",0.819690176690588
"CGAATGTGTTTGGGCC-1","T cells",1
"CGAATGTTCAACGAAA-1","B cells",1
"CGAATGTTCCGAGCCA-1","B cells",1
"CGAATGTTCGTACGGC-1","Mono",1
"CGAATGTTCTATCGCC-1","T cells",0.911946348799916
"CGACCTTAGATCTGCT-1","T cells",1
"CGACCTTAGCCTTGAT-1","T cells",0.914623298784638
"CGACCTTCACGTTGGC-1","T cells",0.940603755551328
"CGACCTTCAGCGATCC-1","B cells",1
"CGACCTTCAGCTATTG-1","Mono",1
"CGACCTTCATCCAACA-1","T cells",0.804277630720839
"CGACCTTCATCCCATC-1","Mono",1
"CGACCTTCATCTGGTA-1","T cells",0.979805464239201
"CGACCTTCATGCAATC-1","T cells",0.988822887814654
"CGACCTTCATTACGAC-1","T cells",0.758652263286699
"CGACCTTGTACCGGCT-1","T cells",0.973834715781934
"CGACCTTGTCAACATC-1","T cells",1
"CGACCTTGTCCTCCAT-1","Mono",1
"CGACCTTGTGGTGTAG-1","Mono",1
"CGACCTTTCCACGTGG-1","T cells",0.901292025061791
"CGACCTTTCCGCGCAA-1","T cells",1
"CGACTTCAGAAGGCCT-1","T cells",0.991910519596018
"CGACTTCAGACCCACC-1","T cells",1
"CGACTTCAGTACGTAA-1","T cells",0.986793142792778
"CGACTTCCAAAGCGGT-1","T cells",1
"CGACTTCCACGACGAA-1","T cells",0.876056581322476
"CGACTTCCACGGCTAC-1","T cells",1
"CGACTTCCATACTCTT-1","B cells",1
"CGACTTCCATCCGCGA-1","T cells",1
"CGACTTCGTAGATTAG-1","T cells",1
"CGACTTCGTATGAAAC-1","T cells",0.936281100663918
"CGACTTCGTTCCACAA-1","Mono",1
"CGACTTCTCAGGCAAG-1","T cells",1
"CGACTTCTCAGGTTCA-1","T cells",1
"CGACTTCTCGATCCCT-1","T cells",0.982776642609498
"CGACTTCTCGGAAACG-1","B cells",1
"CGACTTCTCGTGGTCG-1","T cells",1
"CGAGAAGAGATATGGT-1","T cells",1
"CGAGAAGAGCGGCTTC-1","T cells",1
"CGAGAAGAGGTACTCT-1","B cells",1
"CGAGAAGAGTACGCCC-1","T cells",0.797608699628257
"CGAGAAGCAGTAAGCG-1","B cells",1
"CGAGAAGCATCTGGTA-1","T cells",1
"CGAGAAGGTAAGTAGT-1","T cells",0.934061806512705
"CGAGAAGGTACCCAAT-1","B cells",1
"CGAGAAGGTACCGTTA-1","Mono",1
"CGAGAAGGTAGGACAC-1","T cells",1
"CGAGAAGGTGTTTGGT-1","B cells",1
"CGAGAAGGTTATCACG-1","T cells",0.88718195202272
"CGAGAAGTCACGGTTA-1","NK",0.796206542117853
"CGAGAAGTCACTTCAT-1","NK",0.981563376617276
"CGAGAAGTCAGTGTTG-1","T cells",1
"CGAGAAGTCATCTGTT-1","T cells",1
"CGAGAAGTCTGACCTC-1","Mono",1
"CGAGCACAGGCTCATT-1","Mono",1
"CGAGCACAGTCGTTTG-1","NK",0.977584105652475
"CGAGCACCAACTTGAC-1","B cells",1
"CGAGCACCAAGGACAC-1","Mono",1
"CGAGCACCACGGTAAG-1","B cells",1
"CGAGCACCAGATAATG-1","Mono",1
"CGAGCACCAGTGACAG-1","Mono",1
"CGAGCACGTAAGGATT-1","T cells",0.630731319198936
"CGAGCACGTGCACCAC-1","B cells",1
"CGAGCACGTGTAAGTA-1","T cells",0.785038864416033
"CGAGCACTCAGCTCGG-1","T cells",0.930791158763521
"CGAGCACTCGACCAGC-1","T cells",0.831670643214725
"CGAGCACTCGCGATCG-1","Mono",0.999999999999999
"CGAGCCAAGATAGTCA-1","B cells",1
"CGAGCCAAGATGCGAC-1","Mono",1
"CGAGCCAAGCCACGTC-1","T cells",1
"CGAGCCAAGGAATTAC-1","Mono",1
"CGAGCCAAGTGGACGT-1","T cells",1
"CGAGCCACACCCTATC-1","B cells",1
"CGAGCCACACGTGAGA-1","Mono",0.77279503541
"CGAGCCACAGGAACGT-1","B cells",1
"CGAGCCACAGGTGGAT-1","Mono",1
"CGAGCCACATGAACCT-1","B cells",1
"CGAGCCACATGCCCGA-1","T cells",1
"CGAGCCACATGTTGAC-1","T cells",1
"CGAGCCAGTAAGTGGC-1","B cells",1
"CGAGCCAGTAGCCTCG-1","T cells",0.773974879052494
"CGAGCCAGTCCATCCT-1","Mono",1
"CGAGCCAGTCCGAGTC-1","T cells",1
"CGAGCCAGTGACGGTA-1","Mono",1
"CGAGCCATCACGATGT-1","B cells",1
"CGAGCCATCCATTCTA-1","T cells",1
"CGAGCCATCCCTAACC-1","T cells",1
"CGAGCCATCCCTGACT-1","T cells",0.554863729044139
"CGAGCCATCCTTGACC-1","T cells",0.771260496287832
"CGAGCCATCGCTTGTC-1","T cells",0.959377235771139
"CGAGCCATCGGAGGTA-1","NK",0.987156381001313
"CGAGCCATCTCGAGTA-1","T cells",0.512473630817134
"CGAGCCATCTGGAGCC-1","T cells",1
"CGAGCCATCTTACCTA-1","T cells",1
"CGATCGGAGTATCTCG-1","Mono",1
"CGATCGGAGTCAAGCG-1","NK",0.913187275390292
"CGATCGGAGTCCAGGA-1","T cells",0.654293763303661
"CGATCGGAGTGAACAT-1","Mono",1
"CGATCGGCACAAGACG-1","B cells",1
"CGATCGGCACACCGAC-1","Mono",1
"CGATCGGCACACCGCA-1","T cells",1
"CGATCGGCACATCCAA-1","B cells",1
"CGATCGGCATTGGTAC-1","B cells",1
"CGATCGGGTACCCAAT-1","Mono",1
"CGATCGGGTACCGGCT-1","T cells",0.991599968969861
"CGATCGGGTAGAGGAA-1","T cells",0.841810576478314
"CGATCGGGTATAGGTA-1","Mono",1
"CGATCGGGTCCAGTAT-1","Mono",1
"CGATCGGGTCTAGCCG-1","Mono",1
"CGATCGGGTGCGCTTG-1","T cells",0.883314248262268
"CGATCGGGTTGCCTCT-1","Mono",1
"CGATCGGTCAGTTTGG-1","Mono",1
"CGATCGGTCATAAAGG-1","NK",0.922843615150894
"CGATCGGTCTCTGCTG-1","T cells",1
"CGATGGCAGCACCGTC-1","T cells",1
"CGATGGCAGGAATCGC-1","B cells",1
"CGATGGCAGGTAGCCA-1","B cells",1
"CGATGGCAGTGAACAT-1","NK",0.946246393343396
"CGATGGCAGTTGAGTA-1","T cells",0.936396872164502
"CGATGGCCACAGACTT-1","B cells",1
"CGATGGCCACATCCAA-1","NK",0.920599828290182
"CGATGGCCACGAAAGC-1","B cells",1
"CGATGGCCAGGGAGAG-1","T cells",1
"CGATGGCCATCACGAT-1","T cells",1
"CGATGGCCATGGTTGT-1","T cells",1
"CGATGGCGTAGCGATG-1","Mono",1
"CGATGGCGTAGCGCTC-1","Mono",1
"CGATGGCGTCGAACAG-1","T cells",1
"CGATGGCTCAACACTG-1","Mono",1
"CGATGGCTCACCAGGC-1","T cells",1
"CGATGGCTCTTGACGA-1","T cells",1
"CGATGTAAGAAACCAT-1","B cells",1
"CGATGTAAGCTAGTGG-1","B cells",1
"CGATGTAAGGGCTTCC-1","Mono",1
"CGATGTACACTCAGGC-1","Mono",1
"CGATGTAGTAGCTAAA-1","T cells",1
"CGATGTAGTATCAGTC-1","T cells",0.723410941780991
"CGATGTATCACCTTAT-1","Mono",1
"CGATGTATCGTGGGAA-1","Mono",1
"CGATGTATCTCAACTT-1","T cells",0.835595975220223
"CGATTGAAGCGTAGTG-1","B cells",1
"CGATTGAAGGTGTTAA-1","T cells",0.93937036264152
"CGATTGAAGTTCGCAT-1","Mono",1
"CGATTGACAAGCCGCT-1","Mono",1
"CGATTGACAGAGTGTG-1","T cells",0.920835218221421
"CGATTGACATAGAAAC-1","T cells",1
"CGATTGAGTAAACCTC-1","B cells",1
"CGATTGAGTACAGTGG-1","B cells",1
"CGATTGAGTAGCGATG-1","Mono",1
"CGATTGAGTCCGAATT-1","T cells",1
"CGATTGAGTCTGCAAT-1","Mono",1
"CGATTGAGTCTTTCAT-1","T cells",1
"CGATTGAGTGACAAAT-1","B cells",1
"CGATTGATCGTAGGAG-1","Mono",1
"CGATTGATCGTGGACC-1","B cells",1
"CGATTGATCTGTGCAA-1","Mono",1
"CGCCAAGAGAAGAAGC-1","Mono",1
"CGCCAAGAGCTAGTCT-1","B cells",1
"CGCCAAGAGCTGAACG-1","T cells",1
"CGCCAAGAGGCATGTG-1","T cells",0.900711302941004
"CGCCAAGCACTCTGTC-1","T cells",0.99317581211875
"CGCCAAGCATATGGTC-1","B cells",1
"CGCCAAGCATCTCGCT-1","Mono",1
"CGCCAAGCATGAAGTA-1","T cells",0.736127188089471
"CGCCAAGCATTAGGCT-1","B cells",1
"CGCCAAGGTAAAGGAG-1","T cells",1
"CGCCAAGGTAGGAGTC-1","T cells",0.970247952347821
"CGCCAAGGTTACGCGC-1","T cells",0.990661789958411
"CGCCAAGTCACCCGAG-1","T cells",1
"CGCCAAGTCAGCGATT-1","B cells",1
"CGCCAAGTCCATGCTC-1","NK",0.967099151108622
"CGCCAAGTCCGAACGC-1","Mono",1
"CGCCAAGTCGGTCTAA-1","B cells",1
"CGCCAAGTCGTACCGG-1","T cells",0.985064353188773
"CGCCAAGTCTACCAGA-1","Mono",1
"CGCGGTAAGAAACCAT-1","T cells",0.999999999999999
"CGCGGTAAGAGTACCG-1","B cells",0.988397657252184
"CGCGGTAAGCAAATCA-1","T cells",1
"CGCGGTAAGGTGCAAC-1","T cells",1
"CGCGGTAAGTGCCATT-1","T cells",1
"CGCGGTACAAGCCATT-1","T cells",1
"CGCGGTACAAGCCGTC-1","T cells",1
"CGCGGTACAGTACACT-1","T cells",0.862989623706735
"CGCGGTAGTACTCGCG-1","Mono",1
"CGCGGTAGTATCTGCA-1","T cells",0.848548109425296
"CGCGGTAGTCAACTGT-1","T cells",0.901531028805359
"CGCGGTAGTGGGTCAA-1","Mono",1
"CGCGGTATCAGAAATG-1","T cells",0.993830212595768
"CGCGGTATCGCCAAAT-1","T cells",0.971340297633945
"CGCGGTATCGTAGGAG-1","T cells",1
"CGCGGTATCTGCAAGT-1","Mono",1
"CGCGGTATCTTTACAC-1","Mono",1
"CGCGTTTAGACAGACC-1","Mono",1
"CGCGTTTAGGACATTA-1","Mono",1
"CGCGTTTAGGTGTTAA-1","T cells",0.82315239213797
"CGCGTTTAGTTGAGTA-1","Mono",1
"CGCGTTTCACAGTCGC-1","T cells",0.977260296479998
"CGCGTTTCACGTCTCT-1","T cells",1
"CGCGTTTCACTGTCGG-1","Mono",1
"CGCGTTTCAGAAGCAC-1","T cells",1
"CGCGTTTCAGCTTAAC-1","T cells",1
"CGCGTTTCATAACCTG-1","T cells",1
"CGCGTTTCATGTAAGA-1","B cells",1
"CGCGTTTGTCAAACTC-1","T cells",0.943772132995749
"CGCGTTTGTCACTTCC-1","T cells",0.788276959593138
"CGCGTTTGTCGCTTCT-1","T cells",1
"CGCGTTTGTCGGATCC-1","NK",0.837838561184238
"CGCGTTTGTCTGCCAG-1","T cells",1
"CGCGTTTGTCTTGCGG-1","T cells",0.936137266695546
"CGCGTTTGTGTCGCTG-1","T cells",0.982761327884946
"CGCGTTTGTGTTCTTT-1","T cells",0.641110140220602
"CGCGTTTGTTTAGCTG-1","T cells",1
"CGCGTTTTCCGCGGTA-1","T cells",0.706450574537153
"CGCGTTTTCGCTGATA-1","Mono",1
"CGCGTTTTCGTGACAT-1","T cells",0.92807539605968
"CGCTATCAGAATTCCC-1","T cells",0.981517649892543
"CGCTATCAGCAGATCG-1","Mono",1
"CGCTATCAGCGATATA-1","Mono",1
"CGCTATCAGTACCGGA-1","B cells",1
"CGCTATCCACTTAACG-1","T cells",1
"CGCTATCCAGGCTCAC-1","T cells",1
"CGCTATCCAGTGGAGT-1","T cells",1
"CGCTATCCATCGGGTC-1","T cells",0.82781237247195
"CGCTATCCATGCTGGC-1","T cells",1
"CGCTATCGTATTCGTG-1","T cells",0.986102738174525
"CGCTATCGTCAGAGGT-1","B cells",1
"CGCTATCGTGAGGGTT-1","NK",0.947954527542208
"CGCTATCGTTTGTTGG-1","T cells",1
"CGCTATCTCTAGCACA-1","T cells",1
"CGCTATCTCTGGAGCC-1","NK",0.880717739799105
"CGCTATCTCTGTCCGT-1","NK",0.887565684771833
"CGCTGGAAGCGAAGGG-1","Mono",1
"CGCTGGAAGCTAGCCC-1","Mono",1
"CGCTGGAAGGACAGCT-1","T cells",1
"CGCTGGAAGGCTACGA-1","Mono",1
"CGCTGGACACAGCCCA-1","T cells",1
"CGCTGGACACATAACC-1","T cells",0.949491057837168
"CGCTGGACAGTCGTGC-1","Mono",1
"CGCTGGACATATGGTC-1","B cells",1
"CGCTGGATCGTCTGAA-1","T cells",0.780407357675306
"CGCTGGATCTCTTGAT-1","T cells",1
"CGCTGGATCTTGCATT-1","T cells",1
"CGCTTCAAGTGACATA-1","T cells",0.990194749431318
"CGCTTCAAGTTCGATC-1","Mono",1
"CGCTTCACAATCGGTT-1","Mono",1
"CGCTTCACAGGTCCAC-1","T cells",0.839867910522843
"CGCTTCACATAGGATA-1","T cells",0.931514109999673
"CGCTTCACATGAGCGA-1","Mono",1
"CGCTTCAGTAGCGTGA-1","T cells",0.627697945315858
"CGCTTCAGTCCGCTGA-1","B cells",1
"CGCTTCAGTGCGCTTG-1","Mono",1
"CGCTTCAGTTCCACTC-1","Mono",1
"CGCTTCATCCGGCACA-1","Mono",1
"CGCTTCATCGCATGAT-1","T cells",0.978289103433772
"CGCTTCATCTTGTACT-1","T cells",0.514682479056121
"CGGACACAGAACTGTA-1","B cells",1
"CGGACACAGAATAGGG-1","Mono",1
"CGGACACAGATACACA-1","T cells",0.747507590255065
"CGGACACAGTACGTTC-1","T cells",0.819890535873081
"CGGACACAGTCCGTAT-1","T cells",1
"CGGACACCAAATTGCC-1","T cells",0.818406479480439
"CGGACACCAGGTGGAT-1","T cells",1
"CGGACACGTAGAAAGG-1","T cells",1
"CGGACACGTCGAAAGC-1","T cells",1
"CGGACACGTGTTTGGT-1","T cells",1
"CGGACACTCAGCTGGC-1","Mono",1
"CGGACACTCCCTCAGT-1","T cells",0.900543397254025
"CGGACACTCGCCCTTA-1","T cells",0.934449305046327
"CGGACACTCTTACCGC-1","Mono",1
"CGGACGTAGACAAAGG-1","T cells",1
"CGGACGTAGACACTAA-1","Mono",1
"CGGACGTAGCGTCTAT-1","T cells",0.844532943762893
"CGGACGTAGTAACCCT-1","T cells",1
"CGGACGTAGTGGGCTA-1","Mono",1
"CGGACGTCAAATTGCC-1","T cells",0.915668105841469
"CGGACGTCACAACGTT-1","T cells",1
"CGGACGTCACATTCGA-1","T cells",0.853432870520214
"CGGACGTCACCGATAT-1","T cells",1
"CGGACGTCACCTGGTG-1","T cells",1
"CGGACGTCACGGACAA-1","T cells",1
"CGGACGTCATCTCCCA-1","T cells",1
"CGGACGTCATGAAGTA-1","T cells",0.951978729755751
"CGGACGTGTACCATCA-1","T cells",0.601483319448491
"CGGACGTGTCACCCAG-1","T cells",0.944020233300443
"CGGACGTGTGCTTCTC-1","T cells",0.981219300480161
"CGGACGTGTGGGTATG-1","Mono",1
"CGGACGTGTGTCAATC-1","T cells",1
"CGGACGTTCACAATGC-1","B cells",1
"CGGACGTTCACATGCA-1","T cells",0.607674840322471
"CGGACGTTCCATGAGT-1","Mono",1
"CGGACGTTCCTCATTA-1","T cells",1
"CGGACGTTCGCGGATC-1","T cells",0.718085519531038
"CGGACGTTCTTCATGT-1","Mono",1
"CGGACTGAGCGATTCT-1","T cells",0.843690813394956
"CGGACTGAGTACTTGC-1","T cells",1
"CGGACTGAGTCGCCGT-1","T cells",1
"CGGACTGCAACTGGCC-1","T cells",1
"CGGACTGCAAGAGTCG-1","Mono",1
"CGGACTGCACACGCTG-1","Mono",1
"CGGACTGGTAAGGGAA-1","T cells",1
"CGGACTGTCAACGCTA-1","T cells",0.985437786958115
"CGGAGCTAGAATTCCC-1","B cells",1
"CGGAGCTAGAGACTTA-1","T cells",1
"CGGAGCTAGATGTGTA-1","T cells",0.967980114976169
"CGGAGCTAGCCCAGCT-1","Mono",1
"CGGAGCTCAAACCCAT-1","T cells",0.580513208252207
"CGGAGCTGTAACGCGA-1","T cells",1
"CGGAGCTGTAATTGGA-1","T cells",0.898773751524885
"CGGAGCTGTAGCGATG-1","B cells",1
"CGGAGCTGTATATGGA-1","B cells",1
"CGGAGCTGTCTCAACA-1","B cells",1
"CGGAGCTGTGCAACGA-1","T cells",1
"CGGAGCTGTGGACGAT-1","Mono",0.725361089425416
"CGGAGCTGTTACCAGT-1","B cells",1
"CGGAGCTGTTATGTGC-1","T cells",1
"CGGAGCTTCAGTGTTG-1","T cells",0.987309896395862
"CGGAGTCAGCTGAAAT-1","T cells",1
"CGGAGTCAGGGAACGG-1","T cells",1
"CGGAGTCCAAGCCGCT-1","B cells",1
"CGGAGTCCACGAAATA-1","T cells",1
"CGGAGTCCAGCGTCCA-1","T cells",0.990776107046375
"CGGAGTCCAGGAATGC-1","T cells",1
"CGGAGTCCATCCCATC-1","T cells",1
"CGGAGTCGTAATCACC-1","Mono",1
"CGGAGTCGTGTGTGCC-1","Mono",1
"CGGAGTCTCAGATAAG-1","Mono",1
"CGGAGTCTCATGCATG-1","T cells",0.897066515930538
"CGGAGTCTCCAAACAC-1","Mono",1
"CGGAGTCTCGCAAACT-1","T cells",0.976143212624618
"CGGAGTCTCGGTTAAC-1","Mono",1
"CGGAGTCTCTTCGGTC-1","T cells",0.981740538532756
"CGGCTAGAGACGCAAC-1","B cells",1
"CGGCTAGAGCAATATG-1","B cells",1
"CGGCTAGAGGGTATCG-1","T cells",0.840557726902177
"CGGCTAGAGTGATCGG-1","B cells",1
"CGGCTAGAGTGTTGAA-1","T cells",1
"CGGCTAGCACCATCCT-1","T cells",0.989376484474625
"CGGCTAGCAGCATGAG-1","Mono",1
"CGGCTAGCATCGACGC-1","T cells",0.972034555321093
"CGGCTAGCATCGGGTC-1","T cells",1
"CGGCTAGCATTAGGCT-1","Mono",1
"CGGCTAGGTACGCTGC-1","B cells",1
"CGGCTAGGTCAGATAA-1","Mono",1
"CGGCTAGGTCCCTACT-1","NK",0.896814305259293
"CGGCTAGGTCGAGTTT-1","B cells",1
"CGGCTAGGTGATGATA-1","T cells",1
"CGGCTAGGTTAAAGAC-1","Mono",1
"CGGCTAGGTTGGGACA-1","T cells",1
"CGGCTAGTCACAACGT-1","Mono",1
"CGGCTAGTCACCTCGT-1","T cells",1
"CGGCTAGTCTATCGCC-1","T cells",0.986709499222167
"CGGCTAGTCTCAACTT-1","T cells",1
"CGGGTCAAGAGAGCTC-1","B cells",1
"CGGGTCAAGATAGGAG-1","Mono",1
"CGGGTCAAGATGGCGT-1","Mono",1
"CGGGTCAAGCTAACAA-1","T cells",1
"CGGGTCAAGGCACATG-1","T cells",1
"CGGGTCAAGGGTCGAT-1","T cells",0.989311852748551
"CGGGTCAAGGGTCTCC-1","T cells",1
"CGGGTCAAGTATCGAA-1","B cells",1
"CGGGTCAAGTATCTCG-1","B cells",1
"CGGGTCAAGTGTACGG-1","T cells",1
"CGGGTCACAATTCCTT-1","T cells",1
"CGGGTCACATTGGGCC-1","Mono",1
"CGGGTCAGTCACTGGC-1","T cells",1
"CGGGTCAGTCTCTTAT-1","T cells",0.721623347984326
"CGGGTCAGTCTGATCA-1","T cells",1
"CGGGTCAGTTCATGGT-1","B cells",1
"CGGGTCATCATCACCC-1","T cells",1
"CGGTTAAAGAGTAAGG-1","T cells",1
"CGGTTAAAGCGATTCT-1","B cells",1
"CGGTTAAAGCTACCTA-1","T cells",1
"CGGTTAAAGTAAGTAC-1","B cells",1
"CGGTTAACAAGTCTAC-1","T cells",0.802931091690008
"CGGTTAACAATGAATG-1","Mono",1
"CGGTTAACATCCGGGT-1","Mono",1
"CGGTTAAGTACTCGCG-1","Mono",1
"CGGTTAAGTAGTGAAT-1","T cells",0.939005111516241
"CGGTTAAGTGCAGTAG-1","Mono",1
"CGGTTAAGTGGTCCGT-1","T cells",1
"CGGTTAAGTTTGGGCC-1","Mono",1
"CGGTTAATCAGAAATG-1","Mono",1
"CGGTTAATCAGCACAT-1","T cells",1
"CGGTTAATCCAAACAC-1","T cells",1
"CGGTTAATCCATGAGT-1","B cells",1
"CGGTTAATCCCTAATT-1","T cells",0.727584251093111
"CGGTTAATCCGTAGGC-1","Mono",1
"CGGTTAATCGAGCCCA-1","B cells",1
"CGGTTAATCGCGTTTC-1","Mono",1
"CGTAGCGAGAAACGCC-1","T cells",1
"CGTAGCGAGAACAACT-1","Mono",1
"CGTAGCGAGCACGCCT-1","T cells",1
"CGTAGCGAGCGATAGC-1","T cells",1
"CGTAGCGAGGACAGCT-1","T cells",0.915105388280461
"CGTAGCGAGGGATACC-1","T cells",0.907643437918335
"CGTAGCGAGTATCTCG-1","T cells",0.599044532159743
"CGTAGCGCAGGCTCAC-1","B cells",1
"CGTAGCGCAGTACACT-1","Mono",1
"CGTAGCGGTCCGAGTC-1","Mono",1
"CGTAGCGGTCGAGATG-1","T cells",0.992856335579242
"CGTAGCGTCAGAGGTG-1","T cells",1
"CGTAGCGTCATGTGGT-1","NK",0.916062370264473
"CGTAGCGTCATTTGGG-1","T cells",0.915328580176683
"CGTAGCGTCGTAGGTT-1","T cells",0.98758297260528
"CGTAGGCAGCCACGTC-1","T cells",1
"CGTAGGCAGCTCCCAG-1","T cells",1
"CGTAGGCAGTATCGAA-1","Mono",1
"CGTAGGCAGTCTCAAC-1","T cells",0.803157826544827
"CGTAGGCAGTGTGAAT-1","T cells",1
"CGTAGGCCACAGGTTT-1","Mono",1
"CGTAGGCCACCAACCG-1","T cells",0.790924989263028
"CGTAGGCCACGAAATA-1","Mono",1
"CGTAGGCCAGGACCCT-1","T cells",1
"CGTAGGCCAGTAAGCG-1","Mono",1
"CGTAGGCCATAGAAAC-1","Mono",1
"CGTAGGCCATATACGC-1","T cells",0.858331899542175
"CGTAGGCGTACGACCC-1","Mono",1
"CGTAGGCGTCAGGACA-1","Platelet",0.581169045645016
"CGTAGGCGTCCGTGAC-1","T cells",0.946237778800183
"CGTAGGCGTCGGCACT-1","T cells",1
"CGTAGGCTCGTTACGA-1","T cells",1
"CGTCACTAGCACGCCT-1","Mono",1
"CGTCACTAGGAGTAGA-1","B cells",1
"CGTCACTAGTGAACGC-1","T cells",1
"CGTCACTCAAACAACA-1","T cells",0.952308195042562
"CGTCACTCACTGTGTA-1","NK",0.770370449748245
"CGTCACTCAGCTTCGG-1","B cells",1
"CGTCACTGTAAAGTCA-1","T cells",0.983493534393304
"CGTCACTGTCCAGTAT-1","Mono",1
"CGTCACTGTCGCTTCT-1","T cells",1
"CGTCACTGTGATAAGT-1","T cells",1
"CGTCACTGTGGCGAAT-1","B cells",1
"CGTCACTTCACCTTAT-1","NK",0.924480533519083
"CGTCACTTCGGAATCT-1","T cells",1
"CGTCACTTCGGTTCGG-1","B cells",1
"CGTCACTTCTCCAACC-1","T cells",1
"CGTCACTTCTCGATGA-1","Mono",1
"CGTCACTTCTCTGTCG-1","T cells",1
"CGTCAGGAGCAGCCTC-1","Mono",1
"CGTCAGGAGCCACGCT-1","T cells",1
"CGTCAGGAGGACAGCT-1","B cells",1
"CGTCAGGAGTCTTGCA-1","NK",0.849193504172904
"CGTCAGGAGTGGGTTG-1","Mono",1
"CGTCAGGCAAGGCTCC-1","T cells",0.985219290008973
"CGTCAGGCAATAGCGG-1","T cells",1
"CGTCAGGCACCCAGTG-1","T cells",0.852738744578203
"CGTCAGGCACCTTGTC-1","T cells",1
"CGTCAGGCACGGCCAT-1","T cells",0.976215003846962
"CGTCAGGCACTGTCGG-1","T cells",0.904084467764586
"CGTCAGGGTCATGCCG-1","T cells",0.852578452107489
"CGTCAGGGTCTCTTTA-1","T cells",0.517183197973278
"CGTCAGGTCTATGTGG-1","T cells",1
"CGTCCATAGAAACGCC-1","T cells",1
"CGTCCATAGATGCCTT-1","T cells",1
"CGTCCATAGCTTTGGT-1","T cells",0.972048505270011
"CGTCCATAGTAGCCGA-1","T cells",1
"CGTCCATAGTTTGCGT-1","T cells",0.863230079957515
"CGTCCATGTAGCTCCG-1","T cells",0.969726870954258
"CGTCCATGTCTTCGTC-1","T cells",1
"CGTCCATGTGACAAAT-1","T cells",0.917900009925411
"CGTCCATGTGCAACGA-1","T cells",1
"CGTCCATGTTGGTTTG-1","T cells",1
"CGTCCATTCAGGTTCA-1","T cells",0.767377768480444
"CGTCCATTCCAACCAA-1","Mono",1
"CGTCCATTCCACTGGG-1","NK",0.570240378365012
"CGTCCATTCGGTGTTA-1","T cells",0.879708398682845
"CGTCCATTCTAACTCT-1","Mono",1
"CGTCCATTCTGCTTGC-1","B cells",1
"CGTCTACAGAGACGAA-1","T cells",1
"CGTCTACAGCTCAACT-1","T cells",1
"CGTCTACAGGATGTAT-1","T cells",0.989927463812525
"CGTCTACAGTGCCATT-1","Mono",1
"CGTCTACAGTTACCCA-1","Mono",1
"CGTCTACCAAAGCAAT-1","Mono",1
"CGTCTACCAAGGACTG-1","T cells",1
"CGTCTACCAGGTGCCT-1","Mono",1
"CGTCTACGTAATTGGA-1","T cells",0.973218864298399
"CGTCTACGTGATAAAC-1","T cells",1
"CGTCTACGTTAGTGGG-1","T cells",1
"CGTCTACTCCTATTCA-1","T cells",1
"CGTCTACTCGCGTAGC-1","B cells",1
"CGTCTACTCTACTTAC-1","T cells",1
"CGTGAGCAGAGGTTAT-1","T cells",0.975753365737564
"CGTGAGCAGCCGGTAA-1","B cells",1
"CGTGAGCAGGAATTAC-1","T cells",1
"CGTGAGCCACGCCAGT-1","B cells",1
"CGTGAGCCATCACGAT-1","Mono",1
"CGTGAGCGTATGGTTC-1","Mono",1
"CGTGAGCGTCTCCACT-1","T cells",0.938719674276544
"CGTGAGCTCAGTTCGA-1","T cells",1
"CGTGAGCTCATCTGCC-1","T cells",0.983657076648949
"CGTGAGCTCCAAACAC-1","T cells",0.869281841232211
"CGTGAGCTCCAATGGT-1","T cells",0.954939615943884
"CGTGAGCTCCACGTGG-1","T cells",1
"CGTGAGCTCGCATGGC-1","Mono",1
"CGTGAGCTCGCTTGTC-1","T cells",1
"CGTGAGCTCTATCGCC-1","NK",0.83204588997988
"CGTGAGCTCTCTAAGG-1","T cells",1
"CGTGTAAAGACTACAA-1","T cells",0.730798194063656
"CGTGTAAAGCAGGTCA-1","B cells",1
"CGTGTAAAGCGATCCC-1","Mono",1
"CGTGTAAAGGCAGGTT-1","Mono",1
"CGTGTAACAACTGCTA-1","Mono",1
"CGTGTAACAATGAATG-1","B cells",1
"CGTGTAACACAGGAGT-1","B cells",1
"CGTGTAACACCTGGTG-1","T cells",1
"CGTGTAACACCTTGTC-1","Mono",1
"CGTGTAACATCTATGG-1","T cells",0.675271612995602
"CGTGTAACATGGTAGG-1","Mono",1
"CGTGTAAGTAAACGCG-1","Mono",1
"CGTGTAAGTAGCAAAT-1","Mono",1
"CGTGTAAGTAGCCTAT-1","T cells",1
"CGTGTAAGTATAATGG-1","NK",0.87485416819795
"CGTGTAAGTGATAAAC-1","T cells",1
"CGTGTAAGTGCCTGCA-1","T cells",1
"CGTGTAAGTGCTGTAT-1","T cells",0.826632683998215
"CGTGTAAGTTCACGGC-1","T cells",1
"CGTGTAATCAGATAAG-1","T cells",1
"CGTGTAATCCAAAGTC-1","NK",0.88009737232264
"CGTGTAATCGGGAGTA-1","T cells",1
"CGTGTCTAGCGTGAGT-1","T cells",1
"CGTGTCTAGTAGTGCG-1","T cells",0.815842237453743
"CGTGTCTCAAAGGAAG-1","B cells",1
"CGTGTCTCAAGTTGTC-1","Mono",1
"CGTGTCTCACATAACC-1","T cells",1
"CGTGTCTCACCGAAAG-1","B cells",1
"CGTGTCTCAGCGATCC-1","B cells",1
"CGTGTCTCATGGTAGG-1","Mono",1
"CGTGTCTGTAAGAGAG-1","Mono",1
"CGTGTCTGTATTCTCT-1","T cells",1
"CGTGTCTGTCCGAGTC-1","NK",0.560148881002697
"CGTGTCTGTTCATGGT-1","Mono",1
"CGTGTCTGTTGCCTCT-1","T cells",0.774855331596657
"CGTGTCTGTTTGTTGG-1","Mono",1
"CGTGTCTTCATCGATG-1","B cells",0.999999999999999
"CGTGTCTTCCTTAATC-1","T cells",1
"CGTGTCTTCTACGAGT-1","T cells",1
"CGTTAGAAGATAGGAG-1","T cells",1
"CGTTAGAAGCTGGAAC-1","T cells",1
"CGTTAGACAACACGCC-1","T cells",1
"CGTTAGACACTCGACG-1","T cells",1
"CGTTAGACAGGCAGTA-1","Mono",1
"CGTTAGACAGGGCATA-1","T cells",0.993170830701383
"CGTTAGACATCTCCCA-1","Mono",1
"CGTTAGACATGTCGAT-1","Mono",1
"CGTTAGACATTCTCAT-1","B cells",1
"CGTTAGAGTACTTAGC-1","T cells",1
"CGTTAGAGTGACGCCT-1","T cells",0.993403743781994
"CGTTAGATCATGCTCC-1","T cells",1
"CGTTCTGAGAGCCCAA-1","T cells",1
"CGTTCTGAGGGTCGAT-1","Mono",1
"CGTTCTGAGTAGCGGT-1","T cells",0.778045503229735
"CGTTCTGAGTATCGAA-1","T cells",1
"CGTTCTGAGTCCGTAT-1","T cells",1
"CGTTCTGCAAGTTCTG-1","NK",0.976333138453395
"CGTTCTGCAGACAGGT-1","T cells",1
"CGTTCTGCAGTAGAGC-1","T cells",1
"CGTTCTGGTACAGTGG-1","B cells",1
"CGTTCTGGTCACCTAA-1","Mono",1
"CGTTCTGGTCGTTGTA-1","B cells",1
"CGTTCTGGTCTGGTCG-1","T cells",0.787241013397763
"CGTTCTGGTTGCTCCT-1","B cells",1
"CGTTCTGTCACAAACC-1","T cells",0.652295887702784
"CGTTCTGTCACCGGGT-1","Mono",1
"CGTTCTGTCACGACTA-1","T cells",1
"CGTTCTGTCAGGCGAA-1","T cells",1
"CGTTCTGTCCTGTACC-1","T cells",0.724089231366968
"CGTTCTGTCGCCCTTA-1","T cells",1
"CGTTGGGAGAAACCTA-1","T cells",0.746996663172666
"CGTTGGGAGAACAATC-1","T cells",1
"CGTTGGGAGAAGGTGA-1","T cells",1
"CGTTGGGAGAGCCTAG-1","Mono",1
"CGTTGGGAGCTCTCGG-1","B cells",1
"CGTTGGGAGGTGATTA-1","NK",0.942952956425495
"CGTTGGGCAACACGCC-1","B cells",1
"CGTTGGGCAATGGAAT-1","B cells",1
"CGTTGGGCACGTGAGA-1","Mono",1
"CGTTGGGCAGGCTGAA-1","T cells",0.943930472416446
"CGTTGGGCATCCGTGG-1","T cells",0.879617694056217
"CGTTGGGCATTTCACT-1","T cells",0.727936526808613
"CGTTGGGGTGAGGCTA-1","T cells",1
"CGTTGGGGTGAGGGTT-1","Mono",1
"CGTTGGGGTGTAAGTA-1","T cells",0.979625565119096
"CGTTGGGGTTCAGTAC-1","B cells",1
"CGTTGGGGTTCCGTCT-1","T cells",1
"CGTTGGGTCAAACAAG-1","Mono",1
"CGTTGGGTCCAGGGCT-1","Mono",1
"CGTTGGGTCCGGCACA-1","Mono",1
"CGTTGGGTCTGAGTGT-1","T cells",1
"CTAACTTAGACTTTCG-1","T cells",0.926643736846548
"CTAACTTAGAGAGCTC-1","Mono",1
"CTAACTTAGATAGGAG-1","T cells",0.767629793883135
"CTAACTTAGCCCGAAA-1","T cells",1
"CTAACTTAGCTTATCG-1","Mono",1
"CTAACTTAGGTGATAT-1","T cells",1
"CTAACTTAGTCATCCA-1","T cells",1
"CTAACTTAGTCCCACG-1","T cells",1
"CTAACTTAGTGTACGG-1","T cells",1
"CTAACTTCAGATGAGC-1","B cells",1
"CTAACTTCAGTCGTGC-1","T cells",0.985805806891293
"CTAACTTCATGAAGTA-1","B cells",1
"CTAACTTGTCAACTGT-1","T cells",1
"CTAACTTGTCTCGTTC-1","Mono",1
"CTAACTTTCCTCCTAG-1","T cells",1
"CTAACTTTCCTTGGTC-1","T cells",1
"CTAACTTTCGAGGTAG-1","Mono",1
"CTAACTTTCTCGTATT-1","Mono",1
"CTAACTTTCTGATTCT-1","T cells",0.951334022474957
"CTAACTTTCTTCGAGA-1","T cells",0.911128652363092
"CTAAGACAGATATGCA-1","T cells",1
"CTAAGACAGCAGCGTA-1","NK",0.903217081296491
"CTAAGACAGCTGCCCA-1","T cells",1
"CTAAGACAGGGTATCG-1","Mono",1
"CTAAGACCAACACGCC-1","Mono",1
"CTAAGACCAATCGAAA-1","Mono",1
"CTAAGACCAGTCTTCC-1","T cells",1
"CTAAGACCAGTTCCCT-1","T cells",1
"CTAAGACCATTAGCCA-1","Mono",1
"CTAAGACGTCGACTGC-1","Mono",1
"CTAAGACGTCGAGATG-1","B cells",0.993141505033524
"CTAAGACGTTAGTGGG-1","Mono",1
"CTAAGACTCACGCGGT-1","Mono",1
"CTAAGACTCCACGTTC-1","T cells",0.732609422504079
"CTAAGACTCCGTAGGC-1","Mono",1
"CTAAGACTCGCCCTTA-1","Mono",1
"CTAAGACTCTGTCTAT-1","T cells",0.935522851154993
"CTAATGGAGGTCGGAT-1","T cells",1
"CTAATGGAGTACGTTC-1","B cells",1
"CTAATGGAGTCGTTTG-1","NK",0.952361929261096
"CTAATGGAGTTCGCAT-1","T cells",1
"CTAATGGCAAGCGATG-1","T cells",1
"CTAATGGCAATGAAAC-1","B cells",1
"CTAATGGCACCATCCT-1","T cells",1
"CTAATGGCACGACTCG-1","B cells",1
"CTAATGGCAGATTGCT-1","Mono",1
"CTAATGGCAGCCAATT-1","T cells",1
"CTAATGGCATTGAGCT-1","Mono",1
"CTAATGGGTACCGGCT-1","T cells",0.89694869902685
"CTAATGGGTCCGTTAA-1","NK",0.64100596007237
"CTAATGGGTCGCCATG-1","Mono",1
"CTAATGGGTGGGTCAA-1","T cells",1
"CTAATGGGTTACGTCA-1","T cells",0.87793645898115
"CTAATGGGTTCAGGCC-1","T cells",0.970466315083812
"CTAATGGTCCAAACAC-1","T cells",1
"CTAATGGTCGACAGCC-1","B cells",1
"CTACACCAGAGCTGCA-1","B cells",1
"CTACACCAGCACCGCT-1","T cells",0.733022201661589
"CTACACCAGCCAGAAC-1","T cells",1
"CTACACCAGGCAATTA-1","Mono",1
"CTACACCCAATGTTGC-1","T cells",1
"CTACACCCACAGCGTC-1","Mono",1
"CTACACCCAGCGTTCG-1","T cells",0.811956454415479
"CTACACCCATTCCTGC-1","T cells",0.849410052596865
"CTACACCCATTGTGCA-1","T cells",0.766921475174071
"CTACACCGTAGGACAC-1","T cells",0.884973160868885
"CTACACCGTCAGAGGT-1","T cells",0.906443035375591
"CTACACCGTCGTCTTC-1","T cells",1
"CTACACCGTCTAAACC-1","T cells",0.778986576590326
"CTACACCGTGATAAAC-1","T cells",1
"CTACACCGTGTGCGTC-1","B cells",1
"CTACACCTCAGCTTAG-1","T cells",0.703075503839959
"CTACACCTCCCATTTA-1","T cells",1
"CTACACCTCTGTCAAG-1","Mono",1
"CTACACCTCTTATCTG-1","B cells",1
"CTACACCTCTTGACGA-1","T cells",1
"CTACATTAGAATAGGG-1","T cells",1
"CTACATTAGACTAAGT-1","Mono",1
"CTACATTAGAGCTTCT-1","T cells",1
"CTACATTAGCCCGAAA-1","B cells",1
"CTACATTAGCGTGAGT-1","T cells",1
"CTACATTAGGCTAGGT-1","T cells",1
"CTACATTAGTTATCGC-1","T cells",1
"CTACATTCAAGACGTG-1","Mono",1
"CTACATTCAAGAGGCT-1","Mono",1
"CTACATTCACCCAGTG-1","B cells",1
"CTACATTCAGACACTT-1","T cells",1
"CTACATTGTAAGTGGC-1","Mono",1
"CTACATTGTAATAGCA-1","B cells",1
"CTACATTGTAGAGGAA-1","T cells",1
"CTACATTGTATTAGCC-1","Mono",0.909077507802554
"CTACATTGTCTACCTC-1","T cells",0.663550322933716
"CTACATTGTCTAGAGG-1","B cells",1
"CTACATTGTGTTTGGT-1","T cells",0.839066820266863
"CTACATTGTTACGCGC-1","B cells",1
"CTACATTGTTCGGCAC-1","B cells",1
"CTACATTTCACTCTTA-1","T cells",0.509790674028693
"CTACATTTCGTGGGAA-1","B cells",1
"CTACATTTCTGGCGAC-1","T cells",0.980035705738935
"CTACCCAAGAAACCTA-1","T cells",0.817339854819157
"CTACCCAAGACGCACA-1","T cells",1
"CTACCCAAGAGCTTCT-1","T cells",1
"CTACCCAAGATGGCGT-1","T cells",1
"CTACCCAAGCCAGTAG-1","B cells",1
"CTACCCAAGCGACGTA-1","T cells",1
"CTACCCAAGTGAACAT-1","Mono",1
"CTACCCACAACTGCTA-1","Mono",1
"CTACCCACAAGTACCT-1","T cells",1
"CTACCCACACCCATGG-1","Mono",1
"CTACCCACAGTGACAG-1","Mono",1
"CTACCCAGTAATCACC-1","T cells",0.992284124173352
"CTACCCAGTCAGGACA-1","T cells",0.749147342328105
"CTACCCAGTGCAGACA-1","T cells",1
"CTACCCAGTGGCCCTA-1","T cells",0.97935687447291
"CTACCCAGTTTAGGAA-1","B cells",1
"CTACCCATCCGAATGT-1","Mono",1
"CTACCCATCGATAGAA-1","Mono",1
"CTACCCATCGGCTACG-1","Mono",1
"CTACCCATCTGATTCT-1","Mono",1
"CTACGTCAGGCTAGGT-1","T cells",0.983437768792082
"CTACGTCAGTAGCCGA-1","T cells",0.717685205099099
"CTACGTCAGTATGACA-1","T cells",1
"CTACGTCCAATGACCT-1","T cells",1
"CTACGTCCACGACTCG-1","Mono",1
"CTACGTCCATGCAATC-1","NK",0.91443271145984
"CTACGTCCATGTAAGA-1","T cells",1
"CTACGTCGTACCAGTT-1","T cells",1
"CTACGTCGTCGGCACT-1","T cells",1
"CTACGTCGTGAGGGAG-1","Mono",1
"CTACGTCGTTAAGACA-1","T cells",1
"CTACGTCGTTGTCGCG-1","NK",0.947611812035978
"CTACGTCGTTTGGGCC-1","T cells",0.897313118778051
"CTACGTCTCAACACTG-1","T cells",1
"CTACGTCTCCCAACGG-1","T cells",0.867138592662775
"CTAGAGTAGACGCACA-1","T cells",1
"CTAGAGTAGCCAGGAT-1","Mono",1
"CTAGAGTAGGTTCCTA-1","T cells",1
"CTAGAGTAGTAGGTGC-1","T cells",1
"CTAGAGTCAACTGGCC-1","T cells",1
"CTAGAGTCAAGCGATG-1","T cells",1
"CTAGAGTCAAGCGCTC-1","T cells",1
"CTAGAGTCAAGCTGTT-1","T cells",1
"CTAGAGTCAAGTACCT-1","T cells",1
"CTAGAGTCAATGGTCT-1","T cells",0.829707888536386
"CTAGAGTCACGTAAGG-1","T cells",1
"CTAGAGTCACTTCGAA-1","T cells",1
"CTAGAGTGTCATGCAT-1","B cells",1
"CTAGAGTGTCTAGCCG-1","T cells",1
"CTAGAGTGTGTTGGGA-1","T cells",1
"CTAGAGTTCATCATTC-1","Mono",1
"CTAGAGTTCCGTTGTC-1","T cells",1
"CTAGAGTTCCTAGTGA-1","T cells",1
"CTAGCCTAGAGTAAGG-1","B cells",1
"CTAGCCTAGCGATATA-1","B cells",1
"CTAGCCTAGCTTCGCG-1","B cells",1
"CTAGCCTAGTACACCT-1","NK",0.95335708220461
"CTAGCCTCACCGATAT-1","T cells",1
"CTAGCCTCAGAAGCAC-1","Mono",1
"CTAGCCTGTCAAACTC-1","T cells",1
"CTAGCCTGTCATATGC-1","T cells",1
"CTAGCCTGTCTCGTTC-1","Mono",1
"CTAGCCTTCACAAACC-1","T cells",0.996260311808118
"CTAGCCTTCACTTCAT-1","T cells",1
"CTAGCCTTCCAAAGTC-1","Mono",1
"CTAGCCTTCCTTCAAT-1","Mono",1
"CTAGCCTTCGATCCCT-1","B cells",1
"CTAGCCTTCGCGCCAA-1","T cells",1
"CTAGCCTTCGGTCTAA-1","T cells",1
"CTAGCCTTCGGTTCGG-1","T cells",0.819614693385907
"CTAGCCTTCGTGGTCG-1","T cells",1
"CTAGTGAAGTGTCCAT-1","Mono",0.999999999999999
"CTAGTGACAAACCTAC-1","Mono",1
"CTAGTGACACGAAGCA-1","B cells",1
"CTAGTGACAGTAAGCG-1","T cells",0.96907002914645
"CTAGTGACAGTCTTCC-1","Mono",1
"CTAGTGAGTAAGCACG-1","T cells",1
"CTAGTGAGTCAGTGGA-1","T cells",0.97546318287623
"CTAGTGAGTTGTCGCG-1","T cells",1
"CTAGTGATCTCGAGTA-1","T cells",0.757990822558497
"CTAGTGATCTTGTACT-1","T cells",1
"CTCACACAGATGTCGG-1","T cells",1
"CTCACACAGTACATGA-1","Mono",1
"CTCACACAGTGTCCCG-1","T cells",1
"CTCACACAGTGTGAAT-1","T cells",1
"CTCACACAGTTGAGAT-1","T cells",1
"CTCACACCAAAGAATC-1","T cells",1
"CTCACACCAAGGTGTG-1","Mono",1
"CTCACACCACAAGCCC-1","T cells",1
"CTCACACCACTGTCGG-1","Mono",1
"CTCACACCAGCTCCGA-1","Mono",1
"CTCACACCATGTCTCC-1","T cells",1
"CTCACACGTACTTAGC-1","T cells",1
"CTCACACGTGGCTCCA-1","T cells",1
"CTCACACGTGGTCCGT-1","T cells",1
"CTCACACGTTGTTTGG-1","T cells",1
"CTCACACTCCACGAAT-1","T cells",0.879688602440472
"CTCACACTCGAATGCT-1","T cells",1
"CTCACACTCGCGATCG-1","T cells",1
"CTCACACTCTAGAGTC-1","T cells",1
"CTCACACTCTGGTTCC-1","Mono",1
"CTCAGAAAGACAATAC-1","T cells",0.805517482128858
"CTCAGAAAGCCACTAT-1","T cells",1
"CTCAGAAAGGTGCACA-1","B cells",1
"CTCAGAAAGTCATGCT-1","B cells",1
"CTCAGAAAGTCTTGCA-1","Mono",1
"CTCAGAACAAATACAG-1","B cells",1
"CTCAGAACACGAAAGC-1","T cells",0.795883810069422
"CTCAGAACAGCGTAAG-1","Mono",1
"CTCAGAAGTACTCGCG-1","T cells",0.95922055540022
"CTCAGAAGTGTTCGAT-1","Mono",1
"CTCAGAATCCGTTGTC-1","B cells",1
"CTCAGAATCCTAGGGC-1","T cells",0.971790981916654
"CTCATTAAGTCTTGCA-1","Mono",1
"CTCATTAAGTGGAGAA-1","Mono",1
"CTCATTAAGTTACCCA-1","T cells",1
"CTCATTAAGTTCGATC-1","T cells",1
"CTCATTACAAATTGCC-1","T cells",1
"CTCATTACAAGTAATG-1","Mono",1
"CTCATTACAATCCAAC-1","T cells",0.988724844990865
"CTCATTACACCTGGTG-1","T cells",0.98972707009647
"CTCATTACACGGCTAC-1","B cells",1
"CTCATTACACGTGAGA-1","Mono",1
"CTCATTACAGCTCGCA-1","Mono",1
"CTCATTACAGCTGTGC-1","B cells",1
"CTCATTACATATGAGA-1","T cells",1
"CTCATTACATGCCTTC-1","T cells",0.867710603009641
"CTCATTACATTCACTT-1","Mono",1
"CTCATTAGTAGGACAC-1","T cells",0.96896799842306
"CTCATTAGTCGGCTCA-1","T cells",0.911287696582104
"CTCATTAGTTCAGGCC-1","T cells",0.963545382205684
"CTCATTATCTTCGGTC-1","B cells",1
"CTCCTAGAGGAATCGC-1","T cells",1
"CTCCTAGAGGACATTA-1","T cells",1
"CTCCTAGAGTAAGTAC-1","T cells",0.908122130118873
"CTCCTAGAGTGGTAGC-1","B cells",1
"CTCCTAGCATAAGACA-1","T cells",0.780189456944596
"CTCCTAGGTCCGAAGA-1","T cells",0.699275720730932
"CTCCTAGGTCTCCATC-1","T cells",1
"CTCCTAGGTGAGTGAC-1","Mono",1
"CTCCTAGTCAATACCG-1","Mono",1
"CTCCTAGTCATGTAGC-1","Mono",1
"CTCCTAGTCGAGAGCA-1","T cells",1
"CTCCTAGTCGTGGTCG-1","Mono",1
"CTCCTAGTCTAACTGG-1","T cells",0.651858358027157
"CTCGAAAAGACTAGGC-1","Mono",1
"CTCGAAAAGCAGGTCA-1","Mono",1
"CTCGAAAAGGCCCGTT-1","T cells",0.727918030358457
"CTCGAAACACTGTGTA-1","B cells",1
"CTCGAAACAGTAACGG-1","Mono",1
"CTCGAAACATGTCTCC-1","Mono",1
"CTCGAAAGTACAGTTC-1","T cells",1
"CTCGAAAGTACTCTCC-1","T cells",0.891691763817569
"CTCGAAAGTAGAGCTG-1","B cells",1
"CTCGAAAGTCTCCATC-1","Mono",1
"CTCGAAAGTGCTTCTC-1","B cells",1
"CTCGAAAGTGGCTCCA-1","B cells",1
"CTCGAAAGTTGGAGGT-1","B cells",1
"CTCGAAAGTTTCCACC-1","T cells",1
"CTCGAAATCAGTACGT-1","B cells",1
"CTCGAAATCGTTGCCT-1","T cells",1
"CTCGAAATCGTTTGCC-1","Mono",1
"CTCGAAATCTCGCATC-1","T cells",0.964267540677913
"CTCGAGGAGAGGTTGC-1","B cells",1
"CTCGAGGAGCTACCTA-1","T cells",1
"CTCGAGGAGTGTCTCA-1","B cells",1
"CTCGAGGCACTGTCGG-1","Mono",1
"CTCGAGGGTAAACCTC-1","Mono",1
"CTCGAGGGTCTTGATG-1","Mono",1
"CTCGAGGGTGCTCTTC-1","T cells",1
"CTCGAGGGTTGAGTTC-1","Mono",1
"CTCGAGGTCCTCCTAG-1","T cells",1
"CTCGAGGTCCTGTACC-1","B cells",0.951364050906506
"CTCGAGGTCGCCAGCA-1","T cells",0.810964671874586
"CTCGAGGTCGTTACAG-1","T cells",1
"CTCGAGGTCTCTTATG-1","T cells",1
"CTCGGAGAGACAAAGG-1","Mono",1
"CTCGGAGAGGACATTA-1","T cells",0.997936675655729
"CTCGGAGAGGGCTCTC-1","T cells",1
"CTCGGAGAGTAGCCGA-1","T cells",0.973098978577088
"CTCGGAGCAACTTGAC-1","T cells",1
"CTCGGAGCACCACGTG-1","T cells",0.88823097421926
"CTCGGAGCAGGCTCAC-1","T cells",1
"CTCGGAGCAGTTCATG-1","T cells",1
"CTCGGAGGTAACGCGA-1","T cells",0.704329893144914
"CTCGGAGGTCAGTGGA-1","Mono",1
"CTCGGAGGTGGCCCTA-1","NK",0.88002133482959
"CTCGGAGGTTGATTCG-1","T cells",1
"CTCGGAGGTTGGGACA-1","T cells",1
"CTCGGAGGTTGTCGCG-1","T cells",1
"CTCGGAGTCGCCTGAG-1","Mono",1
"CTCGGAGTCGGCGCAT-1","B cells",1
"CTCGGAGTCTATCCCG-1","T cells",0.798800268520863
"CTCGGGAAGAATAGGG-1","T cells",0.895952697482162
"CTCGGGAAGTGCGATG-1","B cells",1
"CTCGGGACAAGCCATT-1","Mono",1
"CTCGGGACACTAAGTC-1","T cells",1
"CTCGGGACAGTTAACC-1","T cells",1
"CTCGGGACATAAAGGT-1","Mono",1
"CTCGGGACATCCCATC-1","T cells",0.968423632879945
"CTCGGGACATTCCTCG-1","B cells",1
"CTCGGGAGTCGAGTTT-1","B cells",1
"CTCGGGAGTGAAAGAG-1","T cells",1
"CTCGGGAGTTAAAGAC-1","T cells",0.778085076657196
"CTCGGGAGTTCTGAAC-1","T cells",1
"CTCGGGATCCATGAGT-1","B cells",1
"CTCGGGATCCCAGGTG-1","T cells",1
"CTCGGGATCTGCTGCT-1","T cells",1
"CTCGGGATCTGTGCAA-1","B cells",1
"CTCGGGATCTTACCGC-1","T cells",1
"CTCGTACAGAAACCTA-1","Mono",0.815764115524064
"CTCGTACAGTCACGCC-1","T cells",1
"CTCGTACAGTTCGCGC-1","B cells",1
"CTCGTACCAACGATCT-1","B cells",1
"CTCGTACCAAGGACAC-1","T cells",0.623393843788687
"CTCGTACCACTATCTT-1","T cells",0.803348745604706
"CTCGTACCAGTAAGAT-1","Mono",1
"CTCGTACCATAGACTC-1","T cells",0.990483694618245
"CTCGTACGTACAGACG-1","T cells",1
"CTCGTACGTAGCGTCC-1","B cells",1
"CTCGTACGTCAGTGGA-1","T cells",1
"CTCGTACGTCCGAACC-1","B cells",1
"CTCGTACGTGACGGTA-1","T cells",1
"CTCGTACGTTAAGTAG-1","B cells",1
"CTCGTACGTTATGTGC-1","T cells",0.766604249214518
"CTCGTACTCCGAGCCA-1","Mono",1
"CTCGTACTCCTAGTGA-1","Mono",1
"CTCGTACTCGCGCCAA-1","Mono",1
"CTCGTACTCTACTATC-1","T cells",0.977224925536256
"CTCGTCAAGACACTAA-1","T cells",1
"CTCGTCAAGATATGGT-1","T cells",1
"CTCGTCAAGCACACAG-1","Mono",1
"CTCGTCAAGCGATCCC-1","T cells",0.927130494027276
"CTCGTCAAGCTAGTTC-1","T cells",0.62322233156723
"CTCGTCAAGGAACTGC-1","B cells",1
"CTCGTCACAAAGGTGC-1","T cells",1
"CTCGTCACAACTGGCC-1","T cells",1
"CTCGTCACAATAGCAA-1","T cells",0.992815042946504
"CTCGTCACAATGTTGC-1","Mono",1
"CTCGTCACACGAAAGC-1","T cells",0.986195739261836
"CTCGTCACACGTGAGA-1","Mono",1
"CTCGTCACAGGACCCT-1","Mono",1
"CTCGTCACATCTCGCT-1","T cells",0.907372062560012
"CTCGTCAGTACCATCA-1","NK",0.944837777730706
"CTCGTCAGTCAAACTC-1","B cells",1
"CTCGTCAGTCATCCCT-1","T cells",1
"CTCGTCAGTCTTTCAT-1","B cells",1
"CTCGTCATCCAAACTG-1","T cells",1
"CTCGTCATCCATGAAC-1","T cells",0.833407613996759
"CTCGTCATCCCTGACT-1","B cells",1
"CTCGTCATCCTAGAAC-1","T cells",0.900987029631222
"CTCGTCATCGGATGTT-1","Mono",1
"CTCGTCATCGGTCCGA-1","T cells",1
"CTCGTCATCTGTCCGT-1","T cells",1
"CTCTAATAGACCTTTG-1","T cells",0.991480173873327
"CTCTAATAGTGGAGAA-1","B cells",1
"CTCTAATCACACGCTG-1","B cells",1
"CTCTAATCACCCATGG-1","Mono",1
"CTCTAATCACGCTTTC-1","T cells",1
"CTCTAATCAGCTGTGC-1","Mono",1
"CTCTAATCAGGATCGA-1","Mono",1
"CTCTAATCATCGGAAG-1","B cells",1
"CTCTAATCATGACGGA-1","Mono",1
"CTCTAATGTACCTACA-1","Mono",1
"CTCTAATGTAGCGTCC-1","Mono",1
"CTCTAATGTATTAGCC-1","T cells",0.837315937671912
"CTCTAATGTCAATGTC-1","B cells",1
"CTCTAATGTCAGTGGA-1","T cells",1
"CTCTAATGTGCTTCTC-1","T cells",1
"CTCTAATGTGTAATGA-1","T cells",1
"CTCTAATGTGTGAAAT-1","Mono",1
"CTCTAATGTTGAGTTC-1","T cells",0.657095017933409
"CTCTAATGTTTGTTGG-1","B cells",1
"CTCTAATTCATCGCTC-1","T cells",1
"CTCTAATTCTCTGAGA-1","T cells",0.938613984485445
"CTCTACGAGGTGTGGT-1","Mono",1
"CTCTACGCAAGCTGAG-1","T cells",0.816831584188629
"CTCTACGCACAAGCCC-1","Mono",1
"CTCTACGCAGTGACAG-1","B cells",0.978879038695272
"CTCTACGGTCAGAGGT-1","T cells",0.991142117425297
"CTCTACGGTGGTAACG-1","B cells",1
"CTCTACGGTTTAGCTG-1","NK",0.926954153898467
"CTCTACGTCAGGATCT-1","T cells",1
"CTCTACGTCGGTTAAC-1","T cells",1
"CTCTACGTCGTCGTTC-1","T cells",0.97070062710745
"CTCTACGTCTGCGGCA-1","T cells",0.96576557562555
"CTCTGGTAGCTCCTTC-1","B cells",1
"CTCTGGTAGTTTGCGT-1","NK",0.89219696885452
"CTCTGGTCACAAGCCC-1","T cells",1
"CTCTGGTCACCTTGTC-1","T cells",1
"CTCTGGTCATGGTCAT-1","B cells",1
"CTCTGGTGTAAGTAGT-1","B cells",1
"CTCTGGTGTCATGCAT-1","T cells",1
"CTCTGGTTCCACGACG-1","B cells",1
"CTCTGGTTCTCTAGGA-1","T cells",0.846943561451386
"CTCTGGTTCTGGTGTA-1","T cells",1
"CTCTGGTTCTTGTTTG-1","T cells",0.852369133334441
"CTGAAACAGAACAATC-1","T cells",1
"CTGAAACAGAGGACGG-1","T cells",0.955271668786773
"CTGAAACAGATGTTAG-1","T cells",0.806564529375386
"CTGAAACAGCCACTAT-1","T cells",1
"CTGAAACCAAACAACA-1","B cells",1
"CTGAAACCAACTGGCC-1","T cells",1
"CTGAAACCACACTGCG-1","Mono",1
"CTGAAACCACATTAGC-1","T cells",1
"CTGAAACCATTAGGCT-1","T cells",1
"CTGAAACCATTTCACT-1","Mono",1
"CTGAAACGTATAGGTA-1","T cells",0.917088433869146
"CTGAAACGTCTCACCT-1","T cells",1
"CTGAAACGTGGTGTAG-1","T cells",1
"CTGAAACGTTCCGGCA-1","NK",0.954637570558526
"CTGAAACTCAGCGACC-1","T cells",0.930044344407098
"CTGAAACTCCCTTGCA-1","B cells",1
"CTGAAACTCTTGAGGT-1","T cells",1
"CTGAAGTAGCAGCCTC-1","T cells",0.993684691804511
"CTGAAGTAGGCGCTCT-1","Mono",1
"CTGAAGTAGGCTACGA-1","T cells",1
"CTGAAGTCAACTGGCC-1","T cells",1
"CTGAAGTCAATAGAGT-1","T cells",1
"CTGAAGTCATCATCCC-1","T cells",0.797648979471857
"CTGAAGTCATGGAATA-1","T cells",1
"CTGAAGTCATGTTCCC-1","Mono",1
"CTGAAGTGTAAAGGAG-1","T cells",0.914414589262473
"CTGAAGTGTAGCTAAA-1","NK",0.87646515526171
"CTGAAGTTCATGCTCC-1","Mono",1
"CTGAAGTTCCCATTTA-1","T cells",0.868129000632047
"CTGATAGAGATCCCGC-1","Mono",1
"CTGATAGAGCGCCTCA-1","B cells",1
"CTGATAGAGGACCACA-1","T cells",0.954147100041571
"CTGATAGAGTGATCGG-1","T cells",1
"CTGATAGCAAGAGTCG-1","T cells",1
"CTGATAGCATGGGACA-1","T cells",0.989418152207435
"CTGATAGGTACAGCAG-1","T cells",1
"CTGATAGGTAGCCTAT-1","Mono",1
"CTGATAGGTATCACCA-1","T cells",0.757356193468342
"CTGATAGGTCATGCAT-1","B cells",1
"CTGATAGGTTGAGGTG-1","Mono",1
"CTGATAGTCAAACCAC-1","T cells",1
"CTGATAGTCACAGGCC-1","Mono",1
"CTGATAGTCACCCGAG-1","Mono",1
"CTGATAGTCAGCACAT-1","Mono",1
"CTGATAGTCCGTCAAA-1","T cells",0.9985764337349
"CTGATCCAGAAGGCCT-1","T cells",1
"CTGATCCAGACGCTTT-1","Mono",1
"CTGATCCAGATAGCAT-1","Mono",1
"CTGATCCAGCGTTGCC-1","T cells",1
"CTGATCCAGGACATTA-1","T cells",0.700006988318309
"CTGATCCAGGCCCGTT-1","T cells",0.99638659774312
"CTGATCCCACATCTTT-1","T cells",1
"CTGATCCCACGAAAGC-1","T cells",1
"CTGATCCCACTTCTGC-1","Mono",0.64419742753292
"CTGATCCCAGACAGGT-1","T cells",1
"CTGATCCCAGACTCGC-1","T cells",1
"CTGATCCGTACCCAAT-1","Mono",1
"CTGATCCGTGAGCGAT-1","B cells",1
"CTGATCCGTTTCCACC-1","B cells",1
"CTGATCCGTTTCGCTC-1","T cells",1
"CTGATCCGTTTGTTGG-1","T cells",0.91395813266347
"CTGATCCTCAAACGGG-1","B cells",1
"CTGATCCTCCTCATTA-1","T cells",0.940240475236234
"CTGCCTAAGAAACGCC-1","Mono",1
"CTGCCTAAGAGGGCTT-1","Mono",1
"CTGCCTAAGCGGATCA-1","T cells",1
"CTGCCTAAGCTAGGCA-1","Mono",0.857041427667277
"CTGCCTAAGCTGAAAT-1","T cells",0.847502250495518
"CTGCCTAAGGACAGCT-1","T cells",1
"CTGCCTAAGGCTAGAC-1","T cells",1
"CTGCCTAAGGGCTTCC-1","T cells",0.970460864805102
"CTGCCTACAAAGGAAG-1","NK",0.926958162927946
"CTGCCTACAAAGGCGT-1","B cells",1
"CTGCCTACAACACCTA-1","NK",0.984792952890816
"CTGCCTACACTCGACG-1","T cells",0.919996641399856
"CTGCCTACACTGTCGG-1","T cells",1
"CTGCCTACATGGAATA-1","T cells",1
"CTGCCTACATTAGCCA-1","Mono",1
"CTGCCTAGTAGCACGA-1","B cells",1
"CTGCCTAGTCGGGTCT-1","Mono",1
"CTGCCTATCCGTTGCT-1","T cells",1
"CTGCCTATCCTGCAGG-1","NK",0.925894118571886
"CTGCCTATCCTTGGTC-1","B cells",1
"CTGCCTATCTGTTTGT-1","T cells",1
"CTGCCTATCTTTAGTC-1","T cells",0.907892332993385
"CTGCGGAAGAGTGACC-1","T cells",0.917870777535888
"CTGCGGAAGATATGCA-1","Mono",1
"CTGCGGAAGCGATCCC-1","T cells",1
"CTGCGGAAGCTAAACA-1","T cells",1
"CTGCGGAAGGACTGGT-1","Mono",1
"CTGCGGAAGGGTTTCT-1","Mono",1
"CTGCGGAAGTGGACGT-1","T cells",0.893642847083941
"CTGCGGAAGTGTACTC-1","Mono",1
"CTGCGGACAAACCCAT-1","T cells",1
"CTGCGGACAGATAATG-1","NK",0.640425576629392
"CTGCGGACAGGGTATG-1","Mono",1
"CTGCGGACATCCCACT-1","Mono",1
"CTGCGGACATGCGCAC-1","B cells",1
"CTGCGGAGTACTCAAC-1","Mono",1
"CTGCGGAGTCGCTTCT-1","T cells",1
"CTGCGGAGTCGCTTTC-1","Mono",1
"CTGCGGAGTCTCTTAT-1","T cells",0.940135731491899
"CTGCGGAGTTATCGGT-1","T cells",0.848305133365903
"CTGCGGAGTTCGCGAC-1","T cells",0.768473126921514
"CTGCGGATCAATCACG-1","T cells",1
"CTGCGGATCAGTTGAC-1","T cells",1
"CTGCGGATCCACTGGG-1","Mono",1
"CTGCGGATCCGCTGTT-1","T cells",0.983368017305083
"CTGCGGATCGTTTATC-1","NK",0.591079915900037
"CTGCGGATCTAACGGT-1","T cells",0.860531567129066
"CTGCTGTAGATAGGAG-1","T cells",0.678866925287591
"CTGCTGTAGATTACCC-1","T cells",0.738700599603605
"CTGCTGTAGGCCCGTT-1","NK",0.928691698101146
"CTGCTGTAGGGATACC-1","T cells",0.977356051811054
"CTGCTGTAGTCCATAC-1","T cells",1
"CTGCTGTCAAAGCGGT-1","T cells",0.990397379515988
"CTGCTGTCAATCCAAC-1","T cells",0.982632211723294
"CTGCTGTCACAACGCC-1","T cells",1
"CTGCTGTCACCAGATT-1","Mono",1
"CTGCTGTCACGAAACG-1","T cells",1
"CTGCTGTCACGGTTTA-1","Mono",1
"CTGCTGTCACTAGTAC-1","B cells",1
"CTGCTGTCAGATCGGA-1","B cells",1
"CTGCTGTGTCAACATC-1","Mono",1
"CTGCTGTGTCGGCACT-1","Mono",1
"CTGCTGTGTCTGGAGA-1","T cells",1
"CTGCTGTGTGATGTCT-1","T cells",1
"CTGCTGTTCCAAGCCG-1","T cells",0.960672480249727
"CTGCTGTTCTTTACGT-1","NK",0.925183491911793
"CTGGTCTAGAGAGCTC-1","T cells",0.810608201163178
"CTGGTCTAGCTAAGAT-1","T cells",0.940912332596659
"CTGGTCTAGGAGCGAG-1","T cells",0.720567655488193
"CTGGTCTAGGCTCTTA-1","Mono",1
"CTGGTCTAGGGATCTG-1","T cells",0.767639852789903
"CTGGTCTAGGTGGGTT-1","B cells",1
"CTGGTCTAGTCCCACG-1","T cells",0.976447662566829
"CTGGTCTAGTGGGCTA-1","B cells",1
"CTGGTCTCAAACCCAT-1","Mono",1
"CTGGTCTCAAAGCAAT-1","T cells",0.989721185600036
"CTGGTCTCACGGCTAC-1","T cells",1
"CTGGTCTCATTCCTGC-1","T cells",0.803319552453025
"CTGGTCTCATTCTCAT-1","T cells",0.901951226029245
"CTGGTCTGTGCAACTT-1","Mono",1
"CTGGTCTGTGCCTTGG-1","Mono",1
"CTGGTCTGTGCGGTAA-1","T cells",1
"CTGGTCTGTTCCAACA-1","B cells",0.987556383986921
"CTGGTCTGTTGTCTTT-1","T cells",1
"CTGGTCTTCAGAGCTT-1","T cells",1
"CTGGTCTTCAGCCTAA-1","Mono",1
"CTGGTCTTCCAAGTAC-1","T cells",0.760498214177518
"CTGGTCTTCTGCGACG-1","T cells",1
"CTGGTCTTCTTTACAC-1","T cells",1
"CTGTGCTAGAGTGAGA-1","Mono",1
"CTGTGCTAGATCCCAT-1","T cells",0.828120716076996
"CTGTGCTAGATCGATA-1","Mono",1
"CTGTGCTAGCCCAGCT-1","Mono",1
"CTGTGCTAGCCGTCGT-1","T cells",1
"CTGTGCTAGCGTCTAT-1","Mono",1
"CTGTGCTAGGACACCA-1","T cells",0.976795604230417
"CTGTGCTCAAGAGTCG-1","T cells",1
"CTGTGCTCACGCATCG-1","T cells",0.900297414877116
"CTGTGCTCAGTGAGTG-1","T cells",0.650168570063233
"CTGTGCTCATCATCCC-1","T cells",1
"CTGTGCTGTATGGTTC-1","Mono",1
"CTGTGCTGTGTTTGGT-1","T cells",1
"CTGTGCTGTTACAGAA-1","T cells",0.881718797341274
"CTGTGCTGTTCAGGCC-1","T cells",1
"CTGTGCTTCAGCTTAG-1","T cells",0.834513893987423
"CTGTGCTTCGTCGTTC-1","T cells",0.894131900116207
"CTGTTTAAGGGTCGAT-1","B cells",1
"CTGTTTAAGGTAGCCA-1","T cells",1
"CTGTTTAAGTCACGCC-1","B cells",1
"CTGTTTAAGTGGGATC-1","T cells",0.974314933065681
"CTGTTTACAAGTCATC-1","Mono",1
"CTGTTTACATCGTCGG-1","T cells",0.813231815478682
"CTGTTTACATTAACCG-1","T cells",1
"CTGTTTAGTCAAAGCG-1","B cells",1
"CTGTTTAGTCCCGACA-1","T cells",0.90875716524901
"CTGTTTAGTCGCATCG-1","T cells",1
"CTGTTTAGTCGCGAAA-1","T cells",1
"CTGTTTAGTCGGGTCT-1","Mono",1
"CTGTTTAGTCTAGAGG-1","T cells",1
"CTGTTTAGTGATGATA-1","Mono",1
"CTGTTTAGTTATCACG-1","B cells",1
"CTGTTTATCAACGGCC-1","T cells",1
"CTGTTTATCGGAAATA-1","Mono",1
"CTGTTTATCTGCTTGC-1","T cells",1
"CTTAACTAGACACGAC-1","T cells",1
"CTTAACTAGCGATATA-1","Mono",1
"CTTAACTAGCTGCAAG-1","T cells",1
"CTTAACTAGTGTTTGC-1","T cells",1
"CTTAACTCAAGGTGTG-1","T cells",1
"CTTAACTCACGCCAGT-1","Mono",1
"CTTAACTCACGGTGTC-1","T cells",1
"CTTAACTCAGTGGGAT-1","T cells",1
"CTTAACTGTAAGTGTA-1","T cells",0.775750662269133
"CTTAACTGTCGACTGC-1","B cells",1
"CTTAACTTCACGCGGT-1","B cells",1
"CTTAACTTCAGCTCTC-1","T cells",1
"CTTAACTTCCAGTATG-1","B cells",1
"CTTAACTTCGACGGAA-1","T cells",0.865066562732777
"CTTAACTTCGCTTGTC-1","T cells",1
"CTTAACTTCGTGGGAA-1","T cells",0.602992377546572
"CTTAACTTCTGCGGCA-1","T cells",0.883231819852878
"CTTACCGAGAAGGTTT-1","T cells",0.718677204705923
"CTTACCGAGCGTAGTG-1","B cells",1
"CTTACCGAGGAGTTTA-1","T cells",0.913401112047037
"CTTACCGCAGCCTATA-1","Mono",1
"CTTACCGCAGGACCCT-1","T cells",1
"CTTACCGCATTACCTT-1","T cells",1
"CTTACCGGTAAACACA-1","T cells",1
"CTTACCGGTACCGGCT-1","T cells",1
"CTTACCGGTCGTTGTA-1","T cells",1
"CTTACCGTCACGACTA-1","T cells",1
"CTTACCGTCAGCATGT-1","T cells",1
"CTTACCGTCAGCTCGG-1","T cells",0.858064433719795
"CTTACCGTCATAGCAC-1","T cells",1
"CTTACCGTCCACGAAT-1","T cells",1
"CTTACCGTCCTTTCTC-1","B cells",1
"CTTACCGTCGACCAGC-1","Mono",1
"CTTACCGTCGCCAAAT-1","Mono",1
"CTTAGGAAGAAGCCCA-1","T cells",1
"CTTAGGAAGCGATATA-1","T cells",1
"CTTAGGAAGCTACCTA-1","Mono",1
"CTTAGGACACTAAGTC-1","Mono",1
"CTTAGGATCAGCTCGG-1","Mono",1
"CTTAGGATCCACTCCA-1","T cells",1
"CTTAGGATCGCGGATC-1","Mono",1
"CTTAGGATCGGAAACG-1","T cells",0.954568730119747
"CTTAGGATCGTTTGCC-1","T cells",1
"CTTAGGATCTACCTGC-1","Mono",1
"CTTAGGATCTAGAGTC-1","T cells",1
"CTTAGGATCTCCCTGA-1","B cells",1
"CTTCTCTAGAGGTAGA-1","Mono",1
"CTTCTCTAGGCATTGG-1","B cells",1
"CTTCTCTAGGCTCAGA-1","Mono",1
"CTTCTCTCAGATGGCA-1","B cells",1
"CTTCTCTCATCAGTCA-1","T cells",1
"CTTCTCTGTAAACGCG-1","Mono",1
"CTTCTCTGTACCGTTA-1","B cells",1
"CTTCTCTGTCAGATAA-1","B cells",1
"CTTCTCTGTTCCATGA-1","Mono",1
"CTTCTCTTCCAAATGC-1","B cells",1
"CTTCTCTTCGGAGGTA-1","Mono",1
"CTTGGCTAGATAGTCA-1","NK",0.922693835460489
"CTTGGCTAGATATGCA-1","Mono",1
"CTTGGCTAGGGTGTGT-1","T cells",1
"CTTGGCTAGGTTCCTA-1","T cells",0.981009521758204
"CTTGGCTCAACTGCTA-1","T cells",1
"CTTGGCTCACAGACAG-1","T cells",0.722763702314543
"CTTGGCTCACGAAACG-1","T cells",1
"CTTGGCTCACGGATAG-1","Mono",1
"CTTGGCTCACTAAGTC-1","T cells",0.749329835177866
"CTTGGCTCAGGCTCAC-1","B cells",1
"CTTGGCTGTGGCCCTA-1","B cells",1
"CTTGGCTGTGTTTGGT-1","T cells",1
"CTTGGCTGTTAAGTAG-1","T cells",1
"CTTGGCTGTTCCACTC-1","T cells",1
"CTTGGCTTCAGAGCTT-1","B cells",0.999999999999999
"CTTGGCTTCATTTGGG-1","B cells",1
"CTTGGCTTCCCAGGTG-1","T cells",0.869315677868249
"CTTTGCGAGAAGGCCT-1","Mono",1
"CTTTGCGAGAGTACCG-1","Mono",1
"CTTTGCGAGCATCATC-1","T cells",0.832323668163849
"CTTTGCGAGCCCAATT-1","B cells",1
"CTTTGCGAGCCTATGT-1","B cells",1
"CTTTGCGAGGCATGGT-1","T cells",0.985113047987421
"CTTTGCGAGTGTGAAT-1","B cells",1
"CTTTGCGCAGCGATCC-1","Mono",1
"CTTTGCGCAGTCAGAG-1","T cells",0.867397944175584
"CTTTGCGGTACATCCA-1","T cells",0.59786306562118
"CTTTGCGGTAGCTAAA-1","T cells",0.781729637580347
"CTTTGCGGTCCAACTA-1","Mono",1
"CTTTGCGGTGTTTGTG-1","Mono",1
"CTTTGCGGTTACAGAA-1","T cells",1
"CTTTGCGTCACTCTTA-1","B cells",1
"CTTTGCGTCACTTCAT-1","T cells",1
"CTTTGCGTCATCTGCC-1","B cells",1
"CTTTGCGTCATGTCTT-1","Mono",1
"CTTTGCGTCCGTCAAA-1","B cells",1
"CTTTGCGTCGTTTAGG-1","Mono",0.999999999999999
"CTTTGCGTCTGACCTC-1","T cells",0.705440441680768
"GAAACTCAGTATTGGA-1","T cells",1
"GAAACTCAGTTGCAGG-1","Mono",1
"GAAACTCCAACGATCT-1","T cells",1
"GAAACTCCAAGACACG-1","T cells",1
"GAAACTCCACACGCTG-1","T cells",1
"GAAACTCCAGATCTGT-1","T cells",1
"GAAACTCCATCGTCGG-1","Mono",1
"GAAACTCCATTGGGCC-1","T cells",1
"GAAACTCGTCATATCG-1","T cells",0.983678914005628
"GAAACTCGTGAGCGAT-1","NK",0.913789965116267
"GAAACTCGTGCGGTAA-1","Mono",1
"GAAACTCGTTACGGAG-1","T cells",1
"GAAACTCGTTGATTGC-1","T cells",1
"GAAACTCGTTGTCTTT-1","B cells",1
"GAAACTCTCAAACAAG-1","Mono",1
"GAAACTCTCAAACGGG-1","T cells",1
"GAAACTCTCACTATTC-1","B cells",1
"GAAACTCTCCAGATCA-1","T cells",0.907414060179384
"GAAACTCTCGGAATCT-1","T cells",1
"GAAACTCTCTATCCCG-1","Mono",1
"GAAACTCTCTTATCTG-1","B cells",1
"GAAATGAAGATCCGAG-1","Mono",1
"GAAATGAAGGCATGGT-1","Mono",1
"GAAATGAAGTAGCGGT-1","T cells",1
"GAAATGACAAACGCGA-1","T cells",0.87276154427154
"GAAATGACACGAAAGC-1","T cells",1
"GAAATGACACTGAAGG-1","B cells",1
"GAAATGACAGTCGATT-1","Mono",1
"GAAATGACATCACGTA-1","T cells",1
"GAAATGACATGGGACA-1","T cells",0.907434787121325
"GAAATGACATGTAGTC-1","T cells",0.836165079911129
"GAAATGAGTAGGGACT-1","T cells",0.941884707637404
"GAAATGAGTATAATGG-1","B cells",1
"GAAATGAGTATAGTAG-1","T cells",0.888734278848064
"GAAATGAGTCAGATAA-1","Mono",1
"GAAATGATCAAACGGG-1","T cells",1
"GAAATGATCACGATGT-1","NK",0.885711530900567
"GAAATGATCATTATCC-1","T cells",1
"GAAATGATCTCCAACC-1","T cells",0.758861751535805
"GAACATCAGATGTTAG-1","NK",0.924815241197233
"GAACATCAGCAATCTC-1","T cells",0.923221934787264
"GAACATCAGCGTGTCC-1","Mono",1
"GAACATCCAACTGCGC-1","B cells",1
"GAACATCCAGTTCATG-1","Mono",1
"GAACATCGTAATCACC-1","T cells",1
"GAACATCGTAGCAAAT-1","B cells",1
"GAACATCGTAGCGATG-1","B cells",1
"GAACATCGTATGCTTG-1","T cells",0.971508166693431
"GAACATCGTGGCGAAT-1","B cells",1
"GAACATCGTGTGACGA-1","T cells",0.684311953252209
"GAACATCGTTAGAACA-1","T cells",0.96240557151572
"GAACATCGTTAGGGTG-1","T cells",0.86376634473444
"GAACATCTCTAACGGT-1","T cells",0.840849273129335
"GAACATCTCTGCAAGT-1","Mono",1
"GAACCTAAGATCTGAA-1","Mono",1
"GAACCTAAGCCAACAG-1","Mono",1
"GAACCTAAGCTAAGAT-1","T cells",1
"GAACCTAAGGACCACA-1","T cells",0.816909923574845
"GAACCTAAGGCAAAGA-1","Mono",1
"GAACCTAAGTTTCCTT-1","T cells",1
"GAACCTACAAACAACA-1","T cells",1
"GAACCTACAAGCTGAG-1","T cells",1
"GAACCTACAATCAGAA-1","T cells",0.819690558406374
"GAACCTACAGCCTGTG-1","T cells",1
"GAACCTACATGCAATC-1","T cells",1
"GAACCTACATTACCTT-1","Mono",1
"GAACCTAGTAGCGCAA-1","T cells",1
"GAACCTAGTATAGGTA-1","NK",0.896731950803185
"GAACCTAGTATGGTTC-1","Mono",1
"GAACCTAGTCTTGATG-1","Mono",1
"GAACCTAGTGTTCTTT-1","T cells",1
"GAACCTAGTTGTTTGG-1","Mono",1
"GAACCTAGTTTAAGCC-1","Mono",1
"GAACCTATCAACTCTT-1","T cells",1
"GAACCTATCAGTGCAT-1","T cells",0.819127545367241
"GAACCTATCATGTCTT-1","Mono",1
"GAACCTATCCAAATGC-1","T cells",0.998474951297405
"GAACCTATCCCAACGG-1","T cells",1
"GAACCTATCGCCTGTT-1","T cells",1
"GAACCTATCGGAATCT-1","T cells",1
"GAACCTATCGGAGGTA-1","T cells",1
"GAACGGAAGAGCAATT-1","T cells",1
"GAACGGAAGGATGTAT-1","T cells",0.809225337964747
"GAACGGAAGGCTCAGA-1","Mono",1
"GAACGGAAGGGCTTGA-1","T cells",1
"GAACGGACAATGGATA-1","NK",0.97952757579428
"GAACGGACACAACTGT-1","T cells",0.906733515058894
"GAACGGACAGCCAATT-1","Mono",1
"GAACGGACAGTAAGAT-1","Mono",1
"GAACGGACATAAGACA-1","T cells",1
"GAACGGAGTAGAAAGG-1","NK",0.831430643215385
"GAACGGAGTCGCGTGT-1","Mono",1
"GAACGGAGTTAGATGA-1","B cells",1
"GAACGGAGTTCCCGAG-1","T cells",0.790000531938341
"GAACGGATCATAACCG-1","T cells",0.895232105025494
"GAACGGATCGAATCCA-1","Mono",1
"GAACGGATCTAACTCT-1","Mono",1
"GAACGGATCTGAGTGT-1","Mono",1
"GAACGGATCTGTCAAG-1","T cells",1
"GAAGCAGAGAACTGTA-1","Mono",1
"GAAGCAGAGACGCAAC-1","Mono",1
"GAAGCAGAGAGAGCTC-1","T cells",0.882420954398614
"GAAGCAGAGAGCAATT-1","Mono",1
"GAAGCAGAGGGCTTGA-1","T cells",1
"GAAGCAGAGGTGCACA-1","T cells",1
"GAAGCAGAGTCATGCT-1","Mono",1
"GAAGCAGGTAGAGTGC-1","Platelet",0.753761550924893
"GAAGCAGGTCAATACC-1","T cells",1
"GAAGCAGTCAGCTCTC-1","T cells",1
"GAAGCAGTCATCTGCC-1","T cells",0.788996469564877
"GAAGCAGTCGCCAAAT-1","Mono",1
"GAAGCAGTCTCTTGAT-1","Mono",1
"GAAGCAGTCTTGTATC-1","T cells",0.981797108605793
"GAATAAGAGCTATGCT-1","Mono",1
"GAATAAGAGGCATTGG-1","B cells",1
"GAATAAGAGGGCTTCC-1","Mono",1
"GAATAAGAGTCCATAC-1","B cells",1
"GAATAAGAGTGCGATG-1","T cells",1
"GAATAAGCAATAGCAA-1","T cells",0.717404916081901
"GAATAAGCACGTGAGA-1","B cells",1
"GAATAAGCACTACAGT-1","Mono",1
"GAATAAGCATTGGGCC-1","Mono",1
"GAATAAGGTCAGCTAT-1","T cells",0.987443298658981
"GAATAAGGTCGAAAGC-1","Mono",1
"GAATAAGGTCGCGTGT-1","T cells",1
"GAATAAGGTGAAATCA-1","NK",0.893324351522201
"GAATAAGGTGAAGGCT-1","B cells",1
"GAATAAGGTGACGCCT-1","T cells",0.7100662581182
"GAATAAGGTGCAACTT-1","T cells",0.993038229693051
"GAATAAGGTTAGAACA-1","Mono",1
"GAATAAGGTTCCACTC-1","Mono",1
"GAATAAGTCACAAACC-1","T cells",1
"GAATAAGTCATGTCCC-1","B cells",1
"GAATAAGTCCGCATCT-1","T cells",1
"GAATAAGTCTATCCCG-1","T cells",1
"GAATAAGTCTGGAGCC-1","T cells",1
"GAATGAAAGAAACGCC-1","T cells",0.990415099285094
"GAATGAACAAATCCGT-1","Mono",1
"GAATGAACAACAACCT-1","Mono",1
"GAATGAACAACACGCC-1","T cells",0.770867562478263
"GAATGAACACACCGAC-1","B cells",1
"GAATGAACACACTGCG-1","B cells",1
"GAATGAACACCTGGTG-1","T cells",1
"GAATGAACAGGGCATA-1","NK",0.945011467493421
"GAATGAACAGGGTACA-1","B cells",1
"GAATGAACAGTTCCCT-1","Mono",1
"GAATGAACATATGGTC-1","Mono",1
"GAATGAACATGCTAGT-1","T cells",1
"GAATGAAGTATATGAG-1","T cells",0.828217137113292
"GAATGAAGTATTACCG-1","Mono",1
"GAATGAAGTTGCGCAC-1","B cells",0.597989842367257
"GAATGAATCAACACGT-1","T cells",1
"GAATGAATCAGCATGT-1","B cells",1
"GAATGAATCCAAGCCG-1","T cells",1
"GAATGAATCCAAGTAC-1","T cells",0.876978596373605
"GAATGAATCCACGACG-1","T cells",0.675902465742509
"GAATGAATCGTACCGG-1","T cells",1
"GAATGAATCGTCACGG-1","T cells",1
"GAATGAATCTCCAGGG-1","T cells",1
"GAATGAATCTGCGACG-1","B cells",1
"GAATGAATCTGTCTCG-1","B cells",1
"GAATGAATCTTGAGAC-1","T cells",0.816236869463995
"GACACGCAGAGTTGGC-1","Mono",1
"GACACGCAGATTACCC-1","T cells",0.710104458048385
"GACACGCAGCTATGCT-1","Mono",1
"GACACGCAGGCATTGG-1","T cells",0.869585591127207
"GACACGCAGTACTTGC-1","B cells",1
"GACACGCCAGCCTTGG-1","T cells",0.990350995089102
"GACACGCGTAATCACC-1","Mono",1
"GACACGCGTAGAGCTG-1","Mono",1
"GACACGCGTCACACGC-1","T cells",1
"GACACGCGTGACAAAT-1","T cells",1
"GACACGCGTTACTGAC-1","T cells",0.973092241735552
"GACACGCGTTATTCTC-1","Mono",1
"GACACGCGTTTGCATG-1","T cells",0.700229704410907
"GACACGCTCGTTTATC-1","T cells",0.653907483035729
"GACACGCTCTGAGGGA-1","Mono",1
"GACAGAGAGAAACCTA-1","Mono",1
"GACAGAGAGACGCAAC-1","T cells",1
"GACAGAGAGCGATATA-1","T cells",1
"GACAGAGAGTCGTACT-1","Mono",1
"GACAGAGCAATGGTCT-1","Mono",1
"GACAGAGCACGCGAAA-1","Mono",1
"GACAGAGCAGATCTGT-1","T cells",1
"GACAGAGCAGCCTGTG-1","B cells",1
"GACAGAGGTACATCCA-1","T cells",1
"GACAGAGGTAGCTAAA-1","T cells",1
"GACAGAGGTCTAAAGA-1","B cells",1
"GACAGAGGTCTGCGGT-1","T cells",0.952331427315663
"GACAGAGGTTCGGGCT-1","Mono",1
"GACAGAGGTTGGTGGA-1","T cells",1
"GACAGAGTCCACTGGG-1","Mono",1
"GACAGAGTCTGATACG-1","Mono",1
"GACCAATAGCCTCGTG-1","T cells",1
"GACCAATAGTACGTTC-1","B cells",1
"GACCAATCACCGTTGG-1","Mono",0.571125996127492
"GACCAATCACTTAACG-1","T cells",1
"GACCAATCAGGGTACA-1","Mono",1
"GACCAATCATCGGGTC-1","B cells",1
"GACCAATGTCCGTGAC-1","T cells",0.828894594590385
"GACCAATGTCTTGTCC-1","Mono",1
"GACCAATGTGGTCCGT-1","Mono",0.948629762914598
"GACCAATGTGGTCTCG-1","Mono",1
"GACCAATGTTTGTTGG-1","T cells",1
"GACCAATTCCTATGTT-1","T cells",1
"GACCAATTCTCTGTCG-1","B cells",1
"GACCAATTCTGCAAGT-1","T cells",1
"GACCTGGAGAAACGAG-1","T cells",1
"GACCTGGAGACGCAAC-1","T cells",1
"GACCTGGAGACTCGGA-1","Mono",1
"GACCTGGAGATCGGGT-1","Mono",1
"GACCTGGAGCTAACAA-1","T cells",0.781613183953295
"GACCTGGCACTTAACG-1","T cells",0.852522719733388
"GACCTGGCAGGGAGAG-1","B cells",1
"GACCTGGCAGTCAGAG-1","Mono",1
"GACCTGGCATCCTTGC-1","T cells",1
"GACCTGGGTACCGTTA-1","T cells",0.986273721666301
"GACCTGGGTCTTTCAT-1","T cells",1
"GACCTGGGTGGTGTAG-1","T cells",0.966717712216108
"GACCTGGTCGGTTCGG-1","T cells",0.755670332339275
"GACCTGGTCTTCATGT-1","Mono",1
"GACGCGTAGCGATGAC-1","T cells",1
"GACGCGTAGTTAACGA-1","NK",0.929747558887401
"GACGCGTCAAGGTGTG-1","Mono",1
"GACGCGTCAATCCGAT-1","Mono",1
"GACGCGTCACAACTGT-1","B cells",1
"GACGCGTCACGCATCG-1","T cells",1
"GACGCGTCAGGGTACA-1","Mono",1
"GACGCGTGTAGAGTGC-1","T cells",0.882193671852538
"GACGCGTGTAGCGATG-1","B cells",1
"GACGCGTGTGAGTGAC-1","Mono",1
"GACGCGTGTGCACTTA-1","T cells",0.877154140217278
"GACGCGTGTTGAGTTC-1","T cells",0.976162022444566
"GACGCGTTCATGTAGC-1","T cells",1
"GACGCGTTCCAAAGTC-1","Mono",1
"GACGCGTTCGTTTAGG-1","T cells",1
"GACGCGTTCTTGTACT-1","T cells",1
"GACGGCTAGAGATGAG-1","T cells",0.919069229612226
"GACGGCTAGCCTATGT-1","T cells",0.988721544778948
"GACGGCTAGTCACGCC-1","T cells",1
"GACGGCTCACAACGCC-1","T cells",1
"GACGGCTCATCACGAT-1","T cells",0.89798633248717
"GACGGCTCATCACGTA-1","Mono",1
"GACGGCTCATCTCCCA-1","Mono",1
"GACGGCTCATGTCTCC-1","Mono",1
"GACGGCTCATTAGCCA-1","T cells",0.970746576413615
"GACGGCTCATTGGTAC-1","B cells",1
"GACGGCTGTCTACCTC-1","T cells",1
"GACGGCTGTGCGGTAA-1","Mono",1
"GACGGCTGTGGACGAT-1","B cells",1
"GACGGCTGTTCGTTGA-1","Mono",1
"GACGGCTGTTGAGTTC-1","T cells",1
"GACGGCTTCAGCTCGG-1","T cells",1
"GACGGCTTCAGGTTCA-1","T cells",1
"GACGGCTTCCATTCTA-1","T cells",1
"GACGTGCAGCGCCTTG-1","T cells",1
"GACGTGCAGCGTTCCG-1","T cells",1
"GACGTGCAGGATATAC-1","Mono",1
"GACGTGCAGTGGGTTG-1","T cells",1
"GACGTGCCAAATCCGT-1","Mono",1
"GACGTGCCAGGATTGG-1","B cells",0.999999999999999
"GACGTGCCATCGATTG-1","NK",0.962718023540408
"GACGTGCGTACCAGTT-1","NK",0.955073314703252
"GACGTGCGTCGAACAG-1","Mono",1
"GACGTGCGTGCGGTAA-1","T cells",0.984399083104513
"GACGTGCGTTACCGAT-1","T cells",1
"GACGTGCGTTCTGTTT-1","Mono",1
"GACGTGCTCAGAGACG-1","T cells",1
"GACGTGCTCGTACCGG-1","T cells",1
"GACGTGCTCGTTTGCC-1","Mono",1
"GACGTTAAGAATCTCC-1","Mono",1
"GACGTTAAGACACTAA-1","T cells",1
"GACGTTAAGCGCTTAT-1","T cells",0.733116529170505
"GACGTTAAGGTGATAT-1","Mono",1
"GACGTTAAGTCATGCT-1","B cells",1
"GACGTTACATGCGCAC-1","Mono",1
"GACGTTAGTACCGGCT-1","B cells",1
"GACGTTAGTCACACGC-1","T cells",1
"GACGTTAGTCCTGCTT-1","B cells",1
"GACGTTAGTCGTGGCT-1","T cells",1
"GACGTTAGTCTTCAAG-1","Mono",1
"GACGTTAGTTGCCTCT-1","T cells",0.955379981762585
"GACGTTATCACTCTTA-1","T cells",1
"GACGTTATCTTCATGT-1","Platelet",0.79314905368576
"GACTAACAGGCCGAAT-1","T cells",1
"GACTAACAGGGCATGT-1","Mono",1
"GACTAACCAATCTGCA-1","B cells",1
"GACTAACCACCAGGCT-1","T cells",0.883904085670554
"GACTAACCAGTCCTTC-1","NK",0.928759814981721
"GACTAACCAGTGACAG-1","T cells",1
"GACTAACCATGGTCTA-1","T cells",0.707391410499088
"GACTAACGTCCCGACA-1","T cells",1
"GACTAACGTCGGCATC-1","NK",0.937704406031055
"GACTAACGTCTAAAGA-1","B cells",0.999999999999999
"GACTAACGTCTAACGT-1","Mono",1
"GACTAACGTCTGCAAT-1","T cells",1
"GACTAACGTTCCACGG-1","NK",0.980611490522366
"GACTAACGTTGTGGCC-1","T cells",0.801337427522693
"GACTAACTCCTGTACC-1","T cells",1
"GACTAACTCTAACGGT-1","B cells",1
"GACTAACTCTGCGTAA-1","Mono",1
"GACTACAAGATGGGTC-1","T cells",1
"GACTACAAGATGTGTA-1","T cells",1
"GACTACAAGGCTAGAC-1","Mono",1
"GACTACAAGTACGCGA-1","T cells",1
"GACTACACAAGCGCTC-1","T cells",1
"GACTACACAATGGTCT-1","T cells",0.977044107998381
"GACTACACACCATCCT-1","Mono",1
"GACTACACAGCCAGAA-1","Mono",1
"GACTACAGTCTCTTAT-1","NK",0.989049107544641
"GACTACAGTGTGCGTC-1","Mono",1
"GACTACATCGAATGGG-1","T cells",1
"GACTACATCGCGATCG-1","Mono",1
"GACTACATCTCTAGGA-1","NK",0.893041823791722
"GACTGCGAGACTAAGT-1","B cells",1
"GACTGCGAGATCCCGC-1","T cells",1
"GACTGCGAGCGTTCCG-1","Mono",1
"GACTGCGAGCTAACTC-1","B cells",1
"GACTGCGAGGTAAACT-1","NK",0.931992253177389
"GACTGCGAGTTGCAGG-1","B cells",1
"GACTGCGCAAGTCTAC-1","T cells",1
"GACTGCGCAAGTTCTG-1","T cells",1
"GACTGCGCAATGGAGC-1","B cells",1
"GACTGCGCATAGTAAG-1","Mono",1
"GACTGCGCATTGAGCT-1","Mono",1
"GACTGCGGTCCGACGT-1","Mono",1
"GACTGCGGTCGCCATG-1","Mono",1
"GACTGCGGTTCCCTTG-1","T cells",0.980321846844535
"GACTGCGGTTTAAGCC-1","T cells",0.897850233532083
"GACTGCGTCACGCGGT-1","T cells",1
"GACTGCGTCAGGCAAG-1","T cells",0.689372734143298
"GACTGCGTCATCACCC-1","Mono",1
"GACTGCGTCTTCTGGC-1","T cells",0.803298929560267
"GAGCAGAAGAAACGCC-1","T cells",1
"GAGCAGAAGAGCCCAA-1","B cells",1
"GAGCAGAAGAGCTGCA-1","NK",0.901617547399364
"GAGCAGAAGAGTAATC-1","Mono",1
"GAGCAGAAGCAAATCA-1","Mono",1
"GAGCAGAAGCAGCCTC-1","T cells",0.795131238244135
"GAGCAGAAGCCACCTG-1","T cells",0.985874813372827
"GAGCAGAAGTCGTTTG-1","T cells",1
"GAGCAGAAGTTTAGGA-1","T cells",0.794758870019139
"GAGCAGACACACCGCA-1","T cells",1
"GAGCAGACAGACTCGC-1","T cells",0.985713510440943
"GAGCAGACATAAAGGT-1","T cells",1
"GAGCAGACATTCCTCG-1","T cells",1
"GAGCAGAGTACAGACG-1","Mono",1
"GAGCAGAGTAGAGTGC-1","Mono",1
"GAGCAGAGTATAATGG-1","B cells",1
"GAGCAGAGTCCGAAGA-1","B cells",1
"GAGCAGAGTCTGATTG-1","T cells",1
"GAGCAGAGTTGATTCG-1","T cells",0.80516287853161
"GAGCAGATCAAGGCTT-1","T cells",1
"GAGGTGAAGATACACA-1","T cells",0.981702241319563
"GAGGTGAAGATCACGG-1","T cells",1
"GAGGTGAAGGACAGCT-1","Mono",1
"GAGGTGAAGTACGTAA-1","Mono",1
"GAGGTGACAAGCCGTC-1","T cells",1
"GAGGTGACAAGGACTG-1","B cells",1
"GAGGTGACAAGTCTGT-1","T cells",0.954916285279507
"GAGGTGACACAGACTT-1","T cells",0.873942561656887
"GAGGTGACAGTAAGAT-1","T cells",1
"GAGGTGACAGTGAGTG-1","Mono",1
"GAGGTGACAGTGGGAT-1","Platelet",0.733050923465133
"GAGGTGACAGTTTACG-1","Mono",1
"GAGGTGAGTACCGAGA-1","B cells",1
"GAGGTGAGTATCACCA-1","T cells",1
"GAGGTGAGTCAACTGT-1","T cells",0.957682299956021
"GAGGTGAGTCATGCAT-1","T cells",1
"GAGGTGAGTGGCAAAC-1","T cells",1
"GAGGTGAGTTCAGGCC-1","Mono",1
"GAGGTGATCAGCACAT-1","T cells",0.991302469085143
"GAGGTGATCCTGTAGA-1","B cells",1
"GAGGTGATCGCATGGC-1","T cells",0.978483128588237
"GAGGTGATCTAACTGG-1","T cells",1
"GAGGTGATCTGCCCTA-1","NK",0.863916483321481
"GAGTCCGAGAGCAATT-1","T cells",0.912906536216951
"GAGTCCGAGAGCCCAA-1","Mono",1
"GAGTCCGAGCGCTTAT-1","T cells",1
"GAGTCCGAGGAGTTGC-1","T cells",1
"GAGTCCGAGTGCAAGC-1","Mono",1
"GAGTCCGCAACTTGAC-1","T cells",1
"GAGTCCGCACACATGT-1","T cells",0.913510240674389
"GAGTCCGCAGCAGTTT-1","T cells",0.718505696565784
"GAGTCCGCAGCATACT-1","T cells",1
"GAGTCCGCAGCCACCA-1","T cells",0.710677327648487
"GAGTCCGCATAAAGGT-1","T cells",0.84355781014357
"GAGTCCGCATGAGCGA-1","T cells",1
"GAGTCCGCATTAGCCA-1","B cells",1
"GAGTCCGCATTCGACA-1","Mono",1
"GAGTCCGGTAACGCGA-1","T cells",1
"GAGTCCGGTATATCCG-1","Mono",1
"GAGTCCGGTATCACCA-1","NK",0.948755591062114
"GAGTCCGGTCCGCTGA-1","T cells",1
"GAGTCCGGTCTGCCAG-1","T cells",0.844464787165413
"GAGTCCGGTTTGTGTG-1","T cells",1
"GAGTCCGTCACTGGGC-1","Mono",1
"GAGTCCGTCATGCATG-1","B cells",1
"GAGTCCGTCCGATATG-1","Mono",1
"GAGTCCGTCGTCGTTC-1","T cells",0.639485811665122
"GATCAGTAGCAGGTCA-1","NK",0.925383763566186
"GATCAGTAGCCCGAAA-1","T cells",1
"GATCAGTCAAGGTTTC-1","B cells",1
"GATCAGTCACCACCAG-1","Mono",1
"GATCAGTCAGCCACCA-1","T cells",1
"GATCAGTCAGCGATCC-1","T cells",1
"GATCAGTCAGGCTCAC-1","T cells",1
"GATCAGTCAGTAGAGC-1","T cells",1
"GATCAGTCAGTCCTTC-1","Mono",1
"GATCAGTCATGCCTTC-1","T cells",1
"GATCAGTCATTCTCAT-1","B cells",1
"GATCAGTGTACCTACA-1","T cells",0.825126890814756
"GATCAGTGTCCAGTAT-1","T cells",1
"GATCAGTGTCCAGTTA-1","T cells",1
"GATCAGTGTGTAATGA-1","T cells",0.992541214806377
"GATCAGTTCCGGCACA-1","Mono",1
"GATCAGTTCCTAAGTG-1","T cells",1
"GATCAGTTCGCTTAGA-1","T cells",1
"GATCGATAGAAACGCC-1","T cells",1
"GATCGATAGAGTGACC-1","T cells",0.798824136267633
"GATCGATAGATCACGG-1","T cells",1
"GATCGATAGCCACGCT-1","T cells",1
"GATCGATAGCTAACAA-1","T cells",0.885805447057393
"GATCGATAGTGGGATC-1","Mono",1
"GATCGATCAACTGGCC-1","B cells",1
"GATCGATCACAACGCC-1","Mono",1
"GATCGATCACAGAGGT-1","B cells",1
"GATCGATCACTTACGA-1","Mono",1
"GATCGATCATTACGAC-1","T cells",0.519815055821947
"GATCGATGTCTGCCAG-1","Mono",0.681040105963843
"GATCGATGTCTTTCAT-1","T cells",0.932660220875001
"GATCGATGTGCACGAA-1","Mono",1
"GATCGATGTTCCACTC-1","Mono",1
"GATCGATTCACCGTAA-1","T cells",1
"GATCGATTCCAGTATG-1","T cells",1
"GATCGATTCTGTGCAA-1","Mono",1
"GATCGCGAGACCGGAT-1","B cells",1
"GATCGCGAGCGGCTTC-1","Mono",1
"GATCGCGAGGTAAACT-1","B cells",1
"GATCGCGAGTCTTGCA-1","Mono",1
"GATCGCGAGTTTAGGA-1","T cells",1
"GATCGCGCAAGCTGGA-1","NK",0.944038389942395
"GATCGCGCACTTGGAT-1","Mono",1
"GATCGCGCAGTATCTG-1","T cells",1
"GATCGCGCATTACGAC-1","T cells",0.772233142943465
"GATCGCGGTAGGGACT-1","NK",0.926439842187435
"GATCGCGGTCGAAAGC-1","T cells",0.934187728902451
"GATCGCGGTGAAAGAG-1","B cells",1
"GATCGCGTCCGGGTGT-1","B cells",1
"GATCGCGTCCTGCTTG-1","Mono",1
"GATCGTAAGGCCCTTG-1","Mono",1
"GATCGTAAGGTAAACT-1","T cells",1
"GATCGTACAAAGGTGC-1","T cells",1
"GATCGTACAAGCTGAG-1","NK",0.914533192174125
"GATCGTACACATCCAA-1","T cells",1
"GATCGTACACCGAAAG-1","B cells",1
"GATCGTACAGAGCCAA-1","Mono",1
"GATCGTAGTCACAAGG-1","T cells",1
"GATCGTAGTCTAACGT-1","B cells",1
"GATCGTATCAATAAGG-1","Mono",1
"GATCTAGAGAATGTGT-1","T cells",1
"GATCTAGAGCAAATCA-1","B cells",1
"GATCTAGAGCCCAACC-1","Mono",1
"GATCTAGAGCTACCTA-1","T cells",0.928257557006189
"GATCTAGAGTGATCGG-1","Mono",1
"GATCTAGCAAGCCGCT-1","B cells",1
"GATCTAGCAAGGTGTG-1","Mono",1
"GATCTAGCACCGCTAG-1","T cells",1
"GATCTAGCATACGCCG-1","Mono",1
"GATCTAGCATCCGTGG-1","T cells",0.912254716458596
"GATCTAGCATTGGCGC-1","B cells",1
"GATCTAGGTAAGTTCC-1","B cells",1
"GATCTAGGTGCAACTT-1","T cells",1
"GATCTAGGTGTAACGG-1","Mono",1
"GATCTAGTCAGCATGT-1","Mono",1
"GATCTAGTCAGTCCCT-1","T cells",1
"GATCTAGTCCTTGACC-1","T cells",0.935182066639009
"GATCTAGTCTATCGCC-1","Mono",1
"GATGAAAAGACAATAC-1","T cells",0.961058664080881
"GATGAAAAGATAGGAG-1","T cells",1
"GATGAAAAGGAATCGC-1","T cells",1
"GATGAAACACCCAGTG-1","Mono",1
"GATGAAACAGACGCTC-1","NK",0.842282660377728
"GATGAAACAGATGGCA-1","Mono",1
"GATGAAAGTAATCGTC-1","Mono",1
"GATGAAAGTGGAAAGA-1","Mono",1
"GATGAAAGTGTCTGAT-1","Mono",1
"GATGAAAGTTGACGTT-1","T cells",0.965855450138326
"GATGAAATCCCTTGTG-1","Mono",1
"GATGAGGAGACAAGCC-1","T cells",0.76797802275606
"GATGAGGAGACAGACC-1","T cells",1
"GATGAGGAGCAATCTC-1","T cells",1
"GATGAGGAGCAGCGTA-1","Mono",1
"GATGAGGAGCTTCGCG-1","T cells",0.934691262925479
"GATGAGGAGTACGTAA-1","Mono",1
"GATGAGGAGTCCGGTC-1","Mono",1
"GATGAGGAGTTGTAGA-1","Mono",1
"GATGAGGCAATAGCGG-1","Mono",1
"GATGAGGGTAGCGCTC-1","Mono",1
"GATGAGGGTCCGTTAA-1","Mono",1
"GATGAGGGTTAAGAAC-1","T cells",1
"GATGAGGTCCACGCAG-1","Mono",1
"GATGAGGTCCGCAAGC-1","T cells",1
"GATGAGGTCGCACTCT-1","NK",0.851273228503887
"GATGAGGTCTCTGAGA-1","T cells",1
"GATGCTAAGAAGGACA-1","Mono",1
"GATGCTAAGGCTATCT-1","B cells",1
"GATGCTAAGTCGCCGT-1","B cells",1
"GATGCTAAGTGGGCTA-1","T cells",0.999999999999999
"GATGCTACAACCGCCA-1","B cells",1
"GATGCTACAGAGCCAA-1","T cells",0.975389664909326
"GATGCTACATTGGTAC-1","T cells",0.929364363019757
"GATGCTAGTCGCATCG-1","T cells",1
"GATGCTAGTCTTCAAG-1","Mono",1
"GATGCTAGTGTGACGA-1","T cells",0.897913953303308
"GATGCTAGTTCAGGCC-1","T cells",1
"GATGCTAGTTGCTCCT-1","T cells",1
"GATGCTATCAACACTG-1","T cells",0.939170326431814
"GATGCTATCATACGGT-1","T cells",1
"GATGCTATCCTCCTAG-1","T cells",1
"GATGCTATCCTTTCTC-1","T cells",1
"GATGCTATCGAGAACG-1","T cells",0.797702465336241
"GATGCTATCGGAAACG-1","Mono",1
"GATTCAGAGCACCGCT-1","Mono",1
"GATTCAGAGTTGCAGG-1","T cells",0.637668095272391
"GATTCAGCAAGCCGTC-1","Mono",1
"GATTCAGCAATGGTCT-1","T cells",0.981510016009709
"GATTCAGCACAGGCCT-1","B cells",1
"GATTCAGCAGTAAGAT-1","Mono",1
"GATTCAGCATGCCTAA-1","Mono",1
"GATTCAGCATTCCTCG-1","T cells",1
"GATTCAGGTAGCTCCG-1","T cells",1
"GATTCAGGTATAGGGC-1","T cells",0.961432811065722
"GATTCAGGTCTCACCT-1","B cells",1
"GATTCAGGTCTTCTCG-1","B cells",1
"GATTCAGGTGACTACT-1","T cells",1
"GATTCAGTCAGTGCAT-1","B cells",1
"GATTCAGTCCCAAGTA-1","B cells",1
"GATTCAGTCGATCCCT-1","T cells",0.900285463590982
"GATTCAGTCTGTCCGT-1","T cells",1
"GATTCAGTCTGTTGAG-1","T cells",1
"GCAAACTAGAAAGTGG-1","T cells",0.851280354444717
"GCAAACTAGCCACCTG-1","T cells",0.91891861588442
"GCAAACTAGCCCAGCT-1","Mono",1
"GCAAACTCAAAGGTGC-1","T cells",1
"GCAAACTCAAGAGGCT-1","T cells",0.959091185019165
"GCAAACTCAAGGCTCC-1","T cells",0.582541003709692
"GCAAACTCAATCTACG-1","T cells",0.958272295373462
"GCAAACTCAATGGAAT-1","T cells",0.791450558939375
"GCAAACTCACATGTGT-1","B cells",1
"GCAAACTCACGGACAA-1","Mono",1
"GCAAACTCAGGTCCAC-1","Mono",1
"GCAAACTGTAAAGTCA-1","B cells",1
"GCAAACTGTAAGGGCT-1","T cells",1
"GCAAACTGTAGCTGCC-1","T cells",1
"GCAAACTGTCACTGGC-1","T cells",1
"GCAAACTGTCCTCCAT-1","T cells",1
"GCAAACTGTCGAAAGC-1","Mono",1
"GCAAACTGTGCATCTA-1","T cells",1
"GCAAACTGTTCCACAA-1","NK",0.899971434039154
"GCAAACTTCGATGAGG-1","B cells",1
"GCAAACTTCTAGAGTC-1","T cells",0.94684077403771
"GCAATCAAGATCCCAT-1","T cells",1
"GCAATCAAGGCCATAG-1","B cells",1
"GCAATCACAATCTGCA-1","T cells",0.951895518517675
"GCAATCACAATGTTGC-1","T cells",1
"GCAATCACACCACCAG-1","Mono",1
"GCAATCACATGGATGG-1","T cells",0.954984688925235
"GCAATCAGTACCGTTA-1","Mono",1
"GCAATCAGTATTACCG-1","B cells",1
"GCAATCAGTCACTGGC-1","B cells",1
"GCAATCAGTCTAACGT-1","B cells",1
"GCAATCAGTTCTGGTA-1","T cells",0.903396100878468
"GCAATCATCAGAGACG-1","T cells",1
"GCAATCATCCAGTATG-1","Mono",1
"GCAATCATCCGCGCAA-1","B cells",1
"GCAATCATCCTTTACA-1","T cells",1
"GCAATCATCGTAGATC-1","B cells",1
"GCAATCATCGTCACGG-1","T cells",1
"GCAATCATCTTGGGTA-1","Mono",1
"GCACATAAGCGATCCC-1","Mono",1
"GCACATACATCCCATC-1","T cells",1
"GCACATACATTAACCG-1","Mono",1
"GCACATACATTACGAC-1","T cells",0.962116562395494
"GCACATAGTACTTAGC-1","T cells",1
"GCACATAGTCATGCAT-1","Mono",1
"GCACATAGTTTGTTTC-1","T cells",1
"GCACATATCAACCATG-1","T cells",1
"GCACATATCAACGGCC-1","T cells",0.923347835623161
"GCACATATCCAGGGCT-1","T cells",0.99404539618659
"GCACATATCGTTTGCC-1","T cells",0.816377152996323
"GCACATATCTTACCTA-1","T cells",0.94703705358489
"GCACTCTAGCTAAGAT-1","T cells",1
"GCACTCTAGGACAGCT-1","T cells",1
"GCACTCTCAAAGGCGT-1","T cells",1
"GCACTCTCACACCGAC-1","T cells",0.981569950835724
"GCACTCTCATATGAGA-1","Mono",1
"GCACTCTCATCACGTA-1","T cells",1
"GCACTCTGTACTTGAC-1","Mono",1
"GCACTCTGTATTCTCT-1","T cells",1
"GCACTCTGTCAAAGAT-1","T cells",1
"GCACTCTGTCCAAGTT-1","Mono",1
"GCACTCTGTCGTCTTC-1","T cells",0.986159026848938
"GCACTCTGTTCAGGCC-1","T cells",1
"GCACTCTGTTGAACTC-1","T cells",1
"GCACTCTGTTGAGGTG-1","Mono",1
"GCACTCTTCCTGCTTG-1","B cells",1
"GCACTCTTCGGAAACG-1","T cells",0.777090272908621
"GCACTCTTCTGTCCGT-1","T cells",1
"GCACTCTTCTTAGCCC-1","Mono",1
"GCAGCCAAGAAGCCCA-1","T cells",0.810568115982006
"GCAGCCAAGATATACG-1","T cells",0.995496583898174
"GCAGCCAAGATCTGCT-1","T cells",1
"GCAGCCAAGTCCGTAT-1","Mono",1
"GCAGCCAAGTTAAGTG-1","Mono",1
"GCAGCCAAGTTACCCA-1","T cells",1
"GCAGCCACAAAGAATC-1","B cells",1
"GCAGCCACAACACGCC-1","Mono",1
"GCAGCCACAAGCCGCT-1","T cells",0.90840601466149
"GCAGCCACAAGGACAC-1","T cells",0.929761370091612
"GCAGCCACATCCGCGA-1","T cells",0.83911733281388
"GCAGCCACATTAGGCT-1","T cells",0.835424126389307
"GCAGCCAGTAAATACG-1","T cells",1
"GCAGCCAGTAGTGAAT-1","T cells",1
"GCAGCCAGTCTCCCTA-1","T cells",1
"GCAGCCAGTGCATCTA-1","Mono",1
"GCAGCCAGTGTTAAGA-1","T cells",0.982942821759608
"GCAGCCAGTTGAACTC-1","Mono",1
"GCAGCCATCATAAAGG-1","Mono",1
"GCAGCCATCCAATGGT-1","Mono",1
"GCAGCCATCGCGCCAA-1","NK",0.917782912277702
"GCAGTTAAGAGACTAT-1","Mono",1
"GCAGTTAAGAGAGCTC-1","T cells",0.81526162058061
"GCAGTTAAGCAACGGT-1","T cells",1
"GCAGTTAAGGAATTAC-1","Mono",1
"GCAGTTAAGTGTCCAT-1","T cells",0.631360756127567
"GCAGTTACAAGAGTCG-1","B cells",1
"GCAGTTAGTAGGGTAC-1","T cells",1
"GCAGTTAGTATTACCG-1","Mono",1
"GCAGTTAGTTCCATGA-1","Mono",1
"GCAGTTATCAACCATG-1","B cells",1
"GCAGTTATCACAGGCC-1","T cells",0.911472000296562
"GCAGTTATCAGCACAT-1","T cells",0.649198312507873
"GCAGTTATCATGTCCC-1","T cells",1
"GCAGTTATCCCGACTT-1","Mono",1
"GCAGTTATCCGCATCT-1","T cells",1
"GCAGTTATCGAACGGA-1","T cells",1
"GCAGTTATCTAACGGT-1","Mono",1
"GCATACAAGAGGGCTT-1","T cells",1
"GCATACAAGAGTGAGA-1","T cells",1
"GCATACAAGCGATGAC-1","Mono",1
"GCATACAAGTGAACGC-1","Mono",1
"GCATACAAGTTACCCA-1","T cells",1
"GCATACAAGTTGAGAT-1","T cells",0.926537893149908
"GCATACACAAGAGGCT-1","T cells",1
"GCATACACAAGCCATT-1","T cells",1
"GCATACACAAGCGATG-1","T cells",0.998045365149053
"GCATACACAATGGATA-1","Mono",1
"GCATACACACGCATCG-1","Mono",1
"GCATACACACTACAGT-1","T cells",1
"GCATACACAGATGAGC-1","T cells",0.811920308601418
"GCATACACATATACCG-1","T cells",0.724287958650938
"GCATACACATTATCTC-1","Mono",1
"GCATACAGTCTAAAGA-1","T cells",1
"GCATACATCCGGCACA-1","B cells",1
"GCATACATCGCAAGCC-1","T cells",1
"GCATGATAGACTGGGT-1","Mono",1
"GCATGATAGCGATAGC-1","T cells",0.94896236158242
"GCATGATAGCTAAACA-1","T cells",1
"GCATGATAGTTGTCGT-1","B cells",1
"GCATGATCAAGTTAAG-1","T cells",0.925772753696612
"GCATGATCACTACAGT-1","Mono",1
"GCATGATCAGGTCCAC-1","B cells",1
"GCATGATCAGTGGGAT-1","T cells",0.993187237509436
"GCATGATCATCACAAC-1","T cells",1
"GCATGATGTAAGTGGC-1","T cells",0.986089790687896
"GCATGATGTCTACCTC-1","NK",0.625686273881664
"GCATGATTCATCGCTC-1","T cells",0.814645548845095
"GCATGATTCGAGCCCA-1","B cells",1
"GCATGATTCGGCTTGG-1","Mono",1
"GCATGATTCTGCGTAA-1","T cells",0.984971167598209
"GCATGCGAGAGTGACC-1","T cells",1
"GCATGCGAGCTCAACT-1","T cells",0.990042443169959
"GCATGCGAGGATGCGT-1","B cells",1
"GCATGCGAGGGTCTCC-1","Mono",1
"GCATGCGCAAGCGATG-1","NK",0.976109020082182
"GCATGCGCACCATCCT-1","T cells",1
"GCATGCGCATCAGTCA-1","Mono",1
"GCATGCGCATGTCTCC-1","B cells",1
"GCATGCGGTACCATCA-1","T cells",1
"GCATGCGGTGTGTGCC-1","T cells",1
"GCATGCGGTTAGTGGG-1","T cells",0.818214273014862
"GCATGCGGTTATGCGT-1","B cells",1
"GCATGCGTCAAAGACA-1","T cells",1
"GCATGCGTCAATACCG-1","T cells",0.898614295376255
"GCATGCGTCCACGTGG-1","B cells",1
"GCATGCGTCCCATTTA-1","Mono",1
"GCATGCGTCTTAACCT-1","B cells",1
"GCATGCGTCTTCGAGA-1","Mono",1
"GCATGCGTCTTTACGT-1","B cells",1
"GCATGTAAGAGCTGGT-1","Mono",1
"GCATGTAAGATTACCC-1","T cells",1
"GCATGTAAGGCTAGAC-1","T cells",0.994314982979122
"GCATGTACACCCTATC-1","T cells",0.865515719181924
"GCATGTACAGATCCAT-1","NK",0.886920873459943
"GCATGTACAGGCTGAA-1","NK",0.937665197701911
"GCATGTACATGCCTTC-1","T cells",1
"GCATGTAGTTAAGATG-1","Mono",1
"GCATGTATCACCGGGT-1","T cells",0.891320976321725
"GCATGTATCAGTCCCT-1","Mono",1
"GCATGTATCATAACCG-1","Mono",1
"GCATGTATCCACTGGG-1","T cells",1
"GCATGTATCCGTTGCT-1","T cells",1
"GCATGTATCTCGATGA-1","Mono",1
"GCCAAATAGATAGTCA-1","T cells",1
"GCCAAATAGTCAAGCG-1","T cells",0.785435591342354
"GCCAAATCAAGTTAAG-1","B cells",1
"GCCAAATCAATCGAAA-1","T cells",0.874712117267263
"GCCAAATCACGAAGCA-1","T cells",1
"GCCAAATCATATACCG-1","NK",0.935582622350656
"GCCAAATCATGCCTTC-1","T cells",1
"GCCAAATGTACAGTGG-1","Mono",1
"GCCAAATGTACTCTCC-1","T cells",0.802119921093932
"GCCAAATGTTACGGAG-1","T cells",0.834375229854597
"GCCTCTAAGAAGAAGC-1","Mono",1
"GCCTCTAAGAATTCCC-1","T cells",1
"GCCTCTAAGACACGAC-1","T cells",0.876109814647231
"GCCTCTAAGCCTATGT-1","T cells",1
"GCCTCTAAGCGTGAAC-1","Mono",1
"GCCTCTAAGCTAGTTC-1","B cells",1
"GCCTCTAAGTGGGATC-1","B cells",1
"GCCTCTACAACGATGG-1","T cells",1
"GCCTCTACAATGCCAT-1","T cells",1
"GCCTCTACAATGGACG-1","T cells",0.818452940845329
"GCCTCTACATCTCCCA-1","B cells",1
"GCCTCTACATGCTAGT-1","T cells",1
"GCCTCTAGTCAATGTC-1","Mono",1
"GCCTCTAGTCATACTG-1","T cells",0.933800854219321
"GCCTCTAGTGCATCTA-1","NK",0.795966986317601
"GCCTCTAGTGGTAACG-1","T cells",1
"GCCTCTAGTTCTGTTT-1","T cells",0.899357893623477
"GCCTCTATCAACACAC-1","T cells",1
"GCCTCTATCATGTCCC-1","T cells",1
"GCCTCTATCCATTCTA-1","T cells",1
"GCCTCTATCCCTGACT-1","B cells",1
"GCCTCTATCGGTTAAC-1","NK",0.889404894011374
"GCGACCAAGCCAGTAG-1","Mono",1
"GCGACCAAGCTCCCAG-1","T cells",0.971375353779016
"GCGACCACACCCATTC-1","Mono",1
"GCGACCACAGGCAGTA-1","T cells",0.869213866100859
"GCGACCACATCGGTTA-1","T cells",1
"GCGACCAGTAGCCTAT-1","T cells",1
"GCGACCAGTAGCCTCG-1","Mono",1
"GCGACCAGTAGGCTGA-1","T cells",1
"GCGACCAGTCCGAACC-1","B cells",1
"GCGACCAGTGCCTGCA-1","T cells",1
"GCGACCAGTGCGATAG-1","T cells",1
"GCGACCAGTTCAGTAC-1","T cells",0.954007515405282
"GCGACCATCACCCGAG-1","T cells",1
"GCGACCATCCGAGCCA-1","T cells",0.980850729258354
"GCGAGAAAGACTAAGT-1","T cells",0.704717672079789
"GCGAGAAAGCCACGCT-1","T cells",0.635325303863941
"GCGAGAAAGCCTTGAT-1","T cells",0.90140528419951
"GCGAGAAAGTTAGCGG-1","T cells",1
"GCGAGAACAAACGTGG-1","T cells",1
"GCGAGAACAATAGAGT-1","T cells",0.978802654555633
"GCGAGAACACCTCGGA-1","B cells",1
"GCGAGAACAGGGTATG-1","Mono",1
"GCGAGAACATAGAAAC-1","Mono",1
"GCGAGAACATGTAAGA-1","Mono",1
"GCGAGAAGTAAACGCG-1","T cells",0.889295982618642
"GCGAGAAGTACGCACC-1","Mono",1
"GCGAGAAGTAGCTAAA-1","T cells",1
"GCGAGAAGTCCGACGT-1","T cells",0.7208626205954
"GCGAGAATCCTCAATT-1","T cells",1
"GCGAGAATCGCTTGTC-1","T cells",1
"GCGAGAATCGTTTATC-1","B cells",1
"GCGCAACAGAAGGTGA-1","T cells",1
"GCGCAACAGACGCAAC-1","T cells",1
"GCGCAACAGTGAAGAG-1","Mono",1
"GCGCAACCAAGGACAC-1","T cells",1
"GCGCAACCACGTCTCT-1","T cells",1
"GCGCAACCAGCCTTGG-1","T cells",1
"GCGCAACCATCCGGGT-1","B cells",1
"GCGCAACCATCGACGC-1","T cells",1
"GCGCAACCATGACGGA-1","T cells",0.605251838690527
"GCGCAACCATTGGTAC-1","T cells",0.982511522481007
"GCGCAACGTAAACACA-1","T cells",1
"GCGCAACGTCCAGTAT-1","T cells",0.853847096556418
"GCGCAACGTCGCGGTT-1","B cells",1
"GCGCAACGTCTCTTTA-1","T cells",0.889319212054275
"GCGCAACGTGCCTGCA-1","Mono",1
"GCGCAACTCTGGGCCA-1","T cells",1
"GCGCAGTAGACCACGA-1","T cells",1
"GCGCAGTAGACCGGAT-1","T cells",0.755377269029513
"GCGCAGTAGACCTAGG-1","T cells",1
"GCGCAGTAGGCCGAAT-1","T cells",1
"GCGCAGTAGTAGGCCA-1","T cells",0.853754048262315
"GCGCAGTAGTCCGGTC-1","B cells",1
"GCGCAGTAGTCGTTTG-1","T cells",1
"GCGCAGTAGTGATCGG-1","T cells",0.784143685393215
"GCGCAGTCAATCGGTT-1","B cells",1
"GCGCAGTCACTTGGAT-1","B cells",1
"GCGCAGTCAGTTCCCT-1","T cells",0.550835350770723
"GCGCAGTCATTTGCTT-1","B cells",1
"GCGCAGTGTAAGAGAG-1","T cells",0.758131755316654
"GCGCAGTGTAATCGTC-1","B cells",1
"GCGCAGTGTAGAAGGA-1","T cells",0.81847626742178
"GCGCAGTGTCCATCCT-1","T cells",1
"GCGCAGTGTCCGTTAA-1","B cells",1
"GCGCAGTGTCTCCATC-1","Mono",1
"GCGCAGTGTCTGCGGT-1","T cells",0.820599193940617
"GCGCAGTGTGAAAGAG-1","T cells",0.869152431294986
"GCGCAGTGTGCGCTTG-1","Mono",1
"GCGCAGTGTTACGTCA-1","T cells",1
"GCGCAGTTCCATTCTA-1","T cells",1
"GCGCAGTTCGAGGTAG-1","B cells",1
"GCGCAGTTCTCGTTTA-1","T cells",0.826003953825325
"GCGCCAAAGAGGTAGA-1","T cells",0.828237523479685
"GCGCCAAAGCTACCGC-1","Mono",1
"GCGCCAAAGCTGCGAA-1","T cells",0.915596570634891
"GCGCCAAAGCTTTGGT-1","Mono",1
"GCGCCAAAGTACGTTC-1","T cells",1
"GCGCCAAAGTGTCCAT-1","B cells",1
"GCGCCAACAACTTGAC-1","B cells",1
"GCGCCAACAAGTTCTG-1","T cells",0.852052801871012
"GCGCCAACACAGGCCT-1","T cells",0.895934487843885
"GCGCCAACACCAGTTA-1","B cells",1
"GCGCCAACACGTTGGC-1","Mono",1
"GCGCCAACATAGACTC-1","B cells",1
"GCGCCAACATCTACGA-1","B cells",1
"GCGCCAACATCTGGTA-1","T cells",1
"GCGCCAAGTTCGCTAA-1","T cells",0.916934217920227
"GCGCCAAGTTTCCACC-1","T cells",1
"GCGCCAATCATTGCGA-1","T cells",0.849566014569457
"GCGCCAATCTACCAGA-1","Mono",1
"GCGCGATAGACACGAC-1","T cells",1
"GCGCGATAGATCCGAG-1","T cells",1
"GCGCGATAGATCGATA-1","T cells",1
"GCGCGATAGGACACCA-1","Mono",1
"GCGCGATAGGATCGCA-1","T cells",0.991226791616771
"GCGCGATCAATCTACG-1","T cells",0.9171698572377
"GCGCGATCAATGGAGC-1","T cells",0.987026744983604
"GCGCGATCACATCTTT-1","T cells",0.873497930381288
"GCGCGATCAGCTGCAC-1","T cells",0.826614997349961
"GCGCGATGTACAGTTC-1","Mono",1
"GCGCGATGTAGTGAAT-1","Mono",1
"GCGCGATGTCAAAGAT-1","Mono",1
"GCGCGATGTCTGGTCG-1","T cells",1
"GCGCGATGTGCACTTA-1","T cells",1
"GCGCGATGTTGAACTC-1","T cells",1
"GCGCGATGTTTCGCTC-1","T cells",1
"GCGCGATTCCCACTTG-1","Mono",1
"GCGCGATTCGCAAACT-1","T cells",1
"GCGCGATTCGTTACAG-1","T cells",1
"GCGCGATTCTTTCCTC-1","Mono",1
"GCGGGTTAGAGTCGGT-1","T cells",1
"GCGGGTTAGGATATAC-1","Mono",1
"GCGGGTTAGTACCGGA-1","Mono",1
"GCGGGTTCACTCAGGC-1","Mono",1
"GCGGGTTCAGTGACAG-1","T cells",1
"GCGGGTTCATTCACTT-1","T cells",0.985932380059818
"GCGGGTTCATTCCTCG-1","T cells",0.845950163111773
"GCGGGTTGTACTCTCC-1","NK",0.829398950370616
"GCGGGTTGTCATGCCG-1","Mono",1
"GCGGGTTGTCCCTTGT-1","Mono",1
"GCGGGTTGTCTCTCGT-1","Mono",0.633597516509062
"GCGGGTTGTGTCAATC-1","B cells",1
"GCGGGTTTCATGCAAC-1","T cells",0.799320920450917
"GCGGGTTTCCGCATAA-1","T cells",0.790792264212654
"GCGGGTTTCCTGTACC-1","T cells",1
"GCGGGTTTCTGATACG-1","Mono",1
"GCTCCTAAGACACGAC-1","T cells",1
"GCTCCTAAGCCACGCT-1","Mono",1
"GCTCCTAAGCTGTCTA-1","B cells",1
"GCTCCTAAGGAACTGC-1","Mono",1
"GCTCCTAAGGACAGAA-1","B cells",1
"GCTCCTAAGTCGTTTG-1","T cells",0.847167614252596
"GCTCCTACAGCCTGTG-1","Mono",1
"GCTCCTACAGCGTAAG-1","Mono",1
"GCTCCTACAGGAATGC-1","Mono",1
"GCTCCTACAGGTCTCG-1","Mono",1
"GCTCCTAGTCACTGGC-1","T cells",0.835861938452678
"GCTCCTAGTGACAAAT-1","Mono",1
"GCTCCTAGTTCGGCAC-1","Mono",1
"GCTCCTATCACCAGGC-1","Mono",1
"GCTCCTATCATCGATG-1","T cells",1
"GCTCCTATCCAAGTAC-1","T cells",1
"GCTCCTATCCTATGTT-1","T cells",1
"GCTCCTATCCTTAATC-1","T cells",0.825889315314285
"GCTCCTATCTTCCTTC-1","T cells",0.828792486656715
"GCTCTGTAGAAGGGTA-1","B cells",1
"GCTCTGTAGATATGCA-1","Mono",1
"GCTCTGTAGATGTAAC-1","T cells",1
"GCTCTGTAGGTGCAAC-1","T cells",1
"GCTCTGTAGTAGTGCG-1","T cells",1
"GCTCTGTCAAGAGGCT-1","T cells",1
"GCTCTGTCAAGAGTCG-1","Mono",1
"GCTCTGTCAATCCAAC-1","T cells",1
"GCTCTGTCAATGGAAT-1","Mono",0.999999999999999
"GCTCTGTCACAACTGT-1","NK",0.95543939416334
"GCTCTGTCATTTCAGG-1","B cells",1
"GCTCTGTGTACCAGTT-1","Mono",1
"GCTCTGTGTCGCGGTT-1","T cells",1
"GCTCTGTGTGTGACGA-1","T cells",1
"GCTCTGTTCAGTTAGC-1","B cells",1
"GCTCTGTTCATAACCG-1","Mono",1
"GCTCTGTTCATCGGAT-1","T cells",1
"GCTCTGTTCCGAGCCA-1","B cells",1
"GCTCTGTTCCTTGCCA-1","Mono",1
"GCTCTGTTCGTAGGTT-1","T cells",1
"GCTGCAGAGCCAGGAT-1","B cells",1
"GCTGCAGAGCCGGTAA-1","T cells",1
"GCTGCAGAGCTAAACA-1","Mono",1
"GCTGCAGAGTACACCT-1","B cells",1
"GCTGCAGCAAAGTCAA-1","B cells",1
"GCTGCAGCACACATGT-1","T cells",1
"GCTGCAGCACGGATAG-1","T cells",1
"GCTGCAGCACTCTGTC-1","NK",0.951985522885138
"GCTGCAGCAGAGCCAA-1","T cells",1
"GCTGCAGCATACTACG-1","Mono",1
"GCTGCAGCATATACGC-1","B cells",1
"GCTGCAGGTACAGCAG-1","T cells",0.712116704182735
"GCTGCAGGTATCGCAT-1","T cells",1
"GCTGCAGTCAGCGACC-1","T cells",0.653599436851966
"GCTGCAGTCGAGCCCA-1","Mono",1
"GCTGCAGTCGGAGGTA-1","Mono",1
"GCTGCAGTCTGCTTGC-1","T cells",0.966502423795051
"GCTGCGAAGACGACGT-1","Mono",1
"GCTGCGAAGAGACGAA-1","T cells",0.995987496770982
"GCTGCGAAGCAGGCTA-1","T cells",1
"GCTGCGAAGTAGATGT-1","T cells",1
"GCTGCGAAGTGTTTGC-1","T cells",1
"GCTGCGACAGCGAACA-1","T cells",0.984630075254966
"GCTGCGACAGGCTCAC-1","Mono",1
"GCTGCGACAGTCTTCC-1","Mono",0.999999999999999
"GCTGCGAGTACTCTCC-1","NK",0.887398668714078
"GCTGCGAGTCGAGTTT-1","NK",0.880920101438138
"GCTGCGATCCAGGGCT-1","B cells",1
"GCTGCGATCCGCAAGC-1","T cells",1
"GCTGCGATCTAAGCCA-1","Mono",1
"GCTGCTTAGGATCGCA-1","Mono",1
"GCTGCTTAGGCTAGGT-1","T cells",0.97845200094148
"GCTGCTTAGGTCATCT-1","T cells",1
"GCTGCTTAGTCCTCCT-1","NK",0.929188497517646
"GCTGCTTCAAGTCATC-1","B cells",1
"GCTGCTTCACAGTCGC-1","T cells",0.822057161831355
"GCTGCTTCACCGATAT-1","T cells",0.793050077663508
"GCTGCTTCACCGTTGG-1","T cells",1
"GCTGCTTCAGTACACT-1","T cells",1
"GCTGCTTGTACAGACG-1","B cells",1
"GCTGCTTGTTCGCGAC-1","NK",0.839753468713299
"GCTGCTTTCCCTAATT-1","Mono",1
"GCTGCTTTCCTATTCA-1","T cells",1
"GCTGCTTTCCTTGGTC-1","T cells",0.921732695450531
"GCTGCTTTCGTGGACC-1","T cells",1
"GCTGGGTAGAATCTCC-1","T cells",1
"GCTGGGTAGATATGGT-1","T cells",1
"GCTGGGTAGCCAGTAG-1","Mono",1
"GCTGGGTAGCGATTCT-1","Mono",1
"GCTGGGTAGCTAGTCT-1","B cells",1
"GCTGGGTAGTCGTACT-1","T cells",0.978949426233093
"GCTGGGTCAATGTTGC-1","B cells",1
"GCTGGGTCACGTCAGC-1","Mono",1
"GCTGGGTCACTTAAGC-1","Mono",1
"GCTGGGTCATTGTGCA-1","B cells",1
"GCTGGGTGTCATATCG-1","T cells",1
"GCTGGGTGTCGGCATC-1","B cells",1
"GCTGGGTGTGACGGTA-1","Mono",1
"GCTGGGTGTGTTCTTT-1","T cells",0.944795378454482
"GCTGGGTGTTCCGTCT-1","T cells",1
"GCTGGGTTCATAAAGG-1","T cells",0.81620205354441
"GCTGGGTTCCTTGGTC-1","B cells",1
"GCTGGGTTCTCACATT-1","B cells",1
"GCTTCCAAGAATAGGG-1","B cells",1
"GCTTCCAAGAGTACCG-1","Mono",1
"GCTTCCAAGGGCACTA-1","NK",0.984732429285974
"GCTTCCAAGTGACTCT-1","B cells",1
"GCTTCCACAAATCCGT-1","Mono",1
"GCTTCCACAAGCCGCT-1","B cells",1
"GCTTCCACAGATCTGT-1","Mono",1
"GCTTCCAGTAAAGTCA-1","T cells",0.981920290705296
"GCTTCCAGTAAGAGAG-1","T cells",1
"GCTTCCAGTCGCATCG-1","T cells",0.845337896853557
"GCTTCCAGTGACAAAT-1","B cells",1
"GCTTCCATCCATTCTA-1","Mono",1
"GCTTCCATCCCAGGTG-1","Mono",1
"GCTTCCATCCTACAGA-1","Mono",1
"GCTTCCATCTATCCCG-1","T cells",1
"GCTTCCATCTGTGCAA-1","T cells",1
"GCTTGAAAGACGCACA-1","T cells",0.975219782467412
"GCTTGAAAGAGTCGGT-1","T cells",1
"GCTTGAAAGCGTAATA-1","T cells",0.851144799703492
"GCTTGAAAGCGTTGCC-1","B cells",1
"GCTTGAAAGGTGATTA-1","B cells",1
"GCTTGAAAGTGAACAT-1","T cells",1
"GCTTGAAAGTTACCCA-1","NK",0.885808260365064
"GCTTGAACAAGGACTG-1","Mono",1
"GCTTGAACAATAGAGT-1","Mono",1
"GCTTGAACACAGACAG-1","T cells",1
"GCTTGAACACATTTCT-1","T cells",0.737527398818472
"GCTTGAACACCGCTAG-1","Mono",1
"GCTTGAACACTATCTT-1","T cells",1
"GCTTGAACACTTGGAT-1","B cells",1
"GCTTGAACAGCGTAAG-1","Mono",1
"GCTTGAACAGCTTCGG-1","Mono",1
"GCTTGAACATACGCTA-1","B cells",1
"GCTTGAACATTAACCG-1","T cells",1
"GCTTGAAGTACCGTTA-1","Mono",1
"GCTTGAAGTAGCTTGT-1","T cells",0.708156258591601
"GCTTGAAGTCCATCCT-1","T cells",1
"GCTTGAAGTCTTGTCC-1","T cells",1
"GCTTGAAGTGGTAACG-1","B cells",1
"GCTTGAAGTTTAAGCC-1","B cells",1
"GCTTGAATCACCTTAT-1","Mono",1
"GGAAAGCAGCCGTCGT-1","B cells",1
"GGAAAGCAGCTATGCT-1","T cells",1
"GGAAAGCAGTTGAGAT-1","Mono",1
"GGAAAGCCACTGTTAG-1","T cells",1
"GGAAAGCGTCTAGCCG-1","B cells",1
"GGAAAGCTCACTGGGC-1","T cells",1
"GGAAAGCTCATGTGGT-1","T cells",1
"GGAAAGCTCGGTCTAA-1","T cells",0.777773566546515
"GGAACTTAGCTAGTCT-1","T cells",0.982489886889391
"GGAACTTAGTACACCT-1","Mono",1
"GGAACTTAGTTGCAGG-1","T cells",0.817651941363075
"GGAACTTCAACGATCT-1","Mono",1
"GGAACTTCACTCGACG-1","T cells",0.987068678400721
"GGAACTTCATGACATC-1","T cells",1
"GGAACTTCATGCCTTC-1","T cells",1
"GGAACTTCATTTGCTT-1","T cells",1
"GGAACTTGTACACCGC-1","T cells",1
"GGAACTTGTACAGCAG-1","B cells",1
"GGAACTTGTACTCAAC-1","T cells",1
"GGAACTTGTCGTGGCT-1","T cells",0.984349057940738
"GGAACTTGTGCACGAA-1","T cells",1
"GGAACTTTCAATCTCT-1","B cells",1
"GGAACTTTCAGCCTAA-1","T cells",1
"GGAACTTTCAGCTCGG-1","T cells",0.989749860888301
"GGAACTTTCATGTGGT-1","T cells",1
"GGAACTTTCCTAAGTG-1","T cells",1
"GGAACTTTCGCCATAA-1","T cells",0.765139553348506
"GGAACTTTCGTTTAGG-1","Mono",1
"GGAACTTTCTGTCTCG-1","T cells",0.842729462153234
"GGAATAAAGGACATTA-1","Mono",1
"GGAATAAAGGACTGGT-1","T cells",0.977546656009306
"GGAATAAAGGCTATCT-1","NK",0.884786567622036
"GGAATAAAGTAACCCT-1","T cells",1
"GGAATAAAGTGGTAAT-1","Mono",1
"GGAATAAAGTTCGATC-1","T cells",0.855124965145137
"GGAATAACACTCAGGC-1","B cells",1
"GGAATAACAGCATACT-1","B cells",1
"GGAATAACAGCCACCA-1","Mono",1
"GGAATAACATGGTCAT-1","T cells",0.994967903891173
"GGAATAAGTACGCTGC-1","B cells",1
"GGAATAAGTAGTACCT-1","B cells",1
"GGAATAAGTATGAATG-1","T cells",0.976221411296618
"GGAATAAGTGACAAAT-1","T cells",1
"GGAATAAGTGGCCCTA-1","T cells",1
"GGAATAAGTGGTACAG-1","T cells",0.809250160011198
"GGAATAATCAACGAAA-1","B cells",1
"GGAATAATCATATCGG-1","T cells",1
"GGAATAATCATCGGAT-1","Mono",1
"GGAATAATCATGCTCC-1","Mono",1
"GGAATAATCCCATTTA-1","T cells",1
"GGACAAGAGAGAACAG-1","Mono",1
"GGACAAGAGCATGGCA-1","Mono",1
"GGACAAGAGTCTCGGC-1","T cells",0.983902693839411
"GGACAAGCAAAGTGCG-1","T cells",1
"GGACAAGCAAATCCGT-1","T cells",1
"GGACAAGCAATTGCTG-1","T cells",1
"GGACAAGCACAACTGT-1","T cells",1
"GGACAAGCACGTTGGC-1","B cells",1
"GGACAAGCACTAGTAC-1","T cells",0.743100619042734
"GGACAAGCATGCAACT-1","Mono",1
"GGACAAGGTCTTGCGG-1","T cells",1
"GGACAAGGTGCATCTA-1","T cells",0.99519895155377
"GGACAAGGTGCTGTAT-1","T cells",1
"GGACAAGGTGTTTGGT-1","T cells",0.825940931622062
"GGACAAGGTTATCCGA-1","Mono",1
"GGACAAGGTTATGTGC-1","T cells",0.869257677431924
"GGACAAGGTTCGCTAA-1","B cells",1
"GGACAAGTCAAACGGG-1","T cells",1
"GGACAAGTCCCACTTG-1","Mono",1
"GGACAGAAGACAAGCC-1","Mono",1
"GGACAGAAGACAGACC-1","B cells",1
"GGACAGAAGACCTAGG-1","T cells",1
"GGACAGAAGAGCCCAA-1","T cells",0.919031745720658
"GGACAGAAGCTGAAAT-1","T cells",1
"GGACAGAAGGCGCTCT-1","T cells",1
"GGACAGAAGGTAGCCA-1","B cells",1
"GGACAGAAGTCGTACT-1","T cells",0.829882482268418
"GGACAGAAGTCTTGCA-1","Mono",1
"GGACAGACACGGCGTT-1","T cells",0.94012248168469
"GGACAGACAGCCAATT-1","T cells",1
"GGACAGACATTGAGCT-1","Mono",1
"GGACAGAGTTGAGGTG-1","Mono",1
"GGACAGATCCAAAGTC-1","B cells",1
"GGACAGATCGTCCAGG-1","T cells",1
"GGACAGATCTTGTATC-1","T cells",1
"GGACATTAGTTGTAGA-1","B cells",1
"GGACATTCACAGCCCA-1","T cells",1
"GGACATTCACCATCCT-1","B cells",1
"GGACATTCAGACACTT-1","T cells",1
"GGACATTCAGGGTACA-1","T cells",1
"GGACATTCATCGATTG-1","T cells",0.812343395588139
"GGACATTCATCGGAAG-1","Mono",1
"GGACATTCATGGATGG-1","B cells",1
"GGACATTGTAACGCGA-1","T cells",0.976268978485488
"GGACATTGTCTCAACA-1","B cells",1
"GGACATTGTGACCAAG-1","T cells",1
"GGACATTGTTTCGCTC-1","NK",0.879167874549021
"GGACATTTCAACACTG-1","Mono",1
"GGACATTTCAATACCG-1","T cells",1
"GGACATTTCACCATAG-1","Mono",1
"GGACATTTCATTCACT-1","B cells",1
"GGACATTTCGAATGCT-1","Mono",1
"GGACATTTCTAACCGA-1","T cells",1
"GGACGTCAGCATGGCA-1","T cells",0.958875049903133
"GGACGTCCAAGGACTG-1","B cells",1
"GGACGTCCACAGACAG-1","B cells",1
"GGACGTCCAGCGAACA-1","B cells",1
"GGACGTCCAGTTAACC-1","T cells",0.939968667959539
"GGACGTCGTACAGACG-1","Mono",1
"GGACGTCGTAGAAAGG-1","T cells",0.767938474948123
"GGACGTCGTAGCGCTC-1","Mono",1
"GGACGTCGTCCGAATT-1","T cells",1
"GGACGTCGTCTTGCGG-1","T cells",1
"GGACGTCGTGACCAAG-1","T cells",1
"GGACGTCGTGAGCGAT-1","T cells",0.867049716811981
"GGACGTCGTGATAAGT-1","NK",0.864233867846283
"GGACGTCGTTAAGGGC-1","T cells",0.971118212623876
"GGACGTCGTTCCACGG-1","B cells",1
"GGACGTCTCAAACGGG-1","T cells",1
"GGACGTCTCCGCGTTT-1","Mono",1
"GGACGTCTCGACCAGC-1","T cells",0.737299993872636
"GGACGTCTCGGCGGTT-1","T cells",0.878275428588081
"GGACGTCTCTTGTACT-1","Platelet",1
"GGAGCAAAGACCGGAT-1","T cells",0.96855539511985
"GGAGCAAAGCGAAGGG-1","T cells",1
"GGAGCAAAGCGCTTAT-1","T cells",1
"GGAGCAAAGCTATGCT-1","B cells",1
"GGAGCAAAGTCGATAA-1","T cells",0.826415259635944
"GGAGCAACAAGCCCAC-1","T cells",0.614463499207534
"GGAGCAACAAGTAGTA-1","T cells",0.933959356775367
"GGAGCAACACATGGGA-1","T cells",0.967517791875677
"GGAGCAACAGGCAGTA-1","Mono",1
"GGAGCAAGTCGCTTCT-1","Mono",1
"GGAGCAAGTTTCCACC-1","Mono",1
"GGAGCAATCAACGCTA-1","Mono",1
"GGAGCAATCACTCTTA-1","Mono",1
"GGAGCAATCACTTACT-1","T cells",1
"GGAGCAATCAGTGTTG-1","T cells",0.978510354940932
"GGAGCAATCGGTGTTA-1","T cells",0.889675071999075
"GGATGTTAGAGGTACC-1","T cells",0.883432869091694
"GGATGTTAGCGTTGCC-1","T cells",1
"GGATGTTAGGGAGTAA-1","T cells",1
"GGATGTTAGTTTCCTT-1","T cells",1
"GGATGTTCAAGAAGAG-1","T cells",0.941145328915267
"GGATGTTCAATCGGTT-1","T cells",1
"GGATGTTCACACATGT-1","T cells",1
"GGATGTTCACACTGCG-1","T cells",1
"GGATGTTCACATGTGT-1","T cells",1
"GGATGTTCACGGCTAC-1","Mono",1
"GGATGTTCAGGACCCT-1","Mono",1
"GGATGTTCATGAACCT-1","NK",0.944996804810897
"GGATGTTGTAAGTGTA-1","Mono",1
"GGATGTTGTAGCGATG-1","T cells",1
"GGATGTTGTATCACCA-1","T cells",1
"GGATGTTGTTCACCTC-1","Mono",1
"GGATGTTTCAACGGGA-1","T cells",0.833226889425415
"GGATGTTTCACATGCA-1","NK",0.916630771975661
"GGATGTTTCACCATAG-1","Mono",1
"GGATGTTTCCAGGGCT-1","Mono",1
"GGATGTTTCCATGAAC-1","B cells",1
"GGATTACAGAGCTGCA-1","NK",0.913422203891368
"GGATTACAGCAATCTC-1","Mono",1
"GGATTACAGCCAACAG-1","B cells",1
"GGATTACAGCCAGTAG-1","T cells",1
"GGATTACAGTGTTGAA-1","T cells",1
"GGATTACCAACAACCT-1","T cells",0.819790364614401
"GGATTACCAATCTGCA-1","T cells",0.740720840116198
"GGATTACCAGAGCCAA-1","T cells",0.823532989889548
"GGATTACCAGTATGCT-1","T cells",1
"GGATTACGTCAGGACA-1","T cells",1
"GGATTACGTCCGTTAA-1","T cells",0.925497569118701
"GGATTACTCACCCGAG-1","T cells",1
"GGATTACTCATGCAAC-1","T cells",1
"GGATTACTCCATGCTC-1","B cells",1
"GGATTACTCCCTAACC-1","T cells",1
"GGATTACTCCGTACAA-1","Mono",1
"GGATTACTCTTTACGT-1","Mono",1
"GGCAATTAGAGAGCTC-1","Mono",1
"GGCAATTAGGCTATCT-1","Mono",1
"GGCAATTAGTAATCCC-1","Mono",1
"GGCAATTAGTGAATTG-1","T cells",0.961424406207409
"GGCAATTCAAAGTGCG-1","T cells",1
"GGCAATTCAACTGCGC-1","T cells",0.622854584657235
"GGCAATTCACGCGAAA-1","Mono",1
"GGCAATTCACGGCGTT-1","B cells",1
"GGCAATTCACGGTGTC-1","T cells",0.895464579919763
"GGCAATTCACTGAAGG-1","T cells",1
"GGCAATTGTCGTCTTC-1","B cells",1
"GGCAATTTCACCCGAG-1","B cells",1
"GGCAATTTCAGTGTTG-1","Mono",1
"GGCAATTTCGTTGCCT-1","B cells",1
"GGCAATTTCTCGATGA-1","B cells",1
"GGCAATTTCTGTTGAG-1","T cells",0.778243899749228
"GGCCGATAGCAATATG-1","B cells",1
"GGCCGATAGCGTAGTG-1","T cells",1
"GGCCGATAGCTCCTCT-1","T cells",0.790483281778385
"GGCCGATAGGCTAGGT-1","NK",0.820380359545856
"GGCCGATAGTACGACG-1","T cells",0.976194459245636
"GGCCGATAGTGCGATG-1","T cells",0.962750700471868
"GGCCGATCACACTGCG-1","T cells",0.770765333975984
"GGCCGATCACCACCAG-1","T cells",0.679485355410905
"GGCCGATCAGCTTCGG-1","Mono",1
"GGCCGATCAGTGGGAT-1","B cells",1
"GGCCGATCATGAAGTA-1","T cells",1
"GGCCGATCATTGGCGC-1","T cells",0.673574589335915
"GGCCGATGTAACGCGA-1","T cells",0.749600869359884
"GGCCGATGTAAGGGAA-1","T cells",0.948753535999092
"GGCCGATGTGATGTGG-1","Mono",1
"GGCCGATGTTATTCTC-1","B cells",1
"GGCCGATGTTGAACTC-1","NK",0.879592620569247
"GGCCGATGTTGCGCAC-1","T cells",0.971753537263786
"GGCCGATGTTGCTCCT-1","T cells",0.950250719177456
"GGCCGATTCCGTAGTA-1","T cells",1
"GGCCGATTCCTTGGTC-1","B cells",1
"GGCCGATTCGGCTACG-1","Mono",1
"GGCGACTAGCGTTCCG-1","T cells",1
"GGCGACTAGGGCATGT-1","T cells",1
"GGCGACTAGGTAAACT-1","T cells",1
"GGCGACTAGTCATCCA-1","Mono",1
"GGCGACTCAATCACAC-1","Mono",1
"GGCGACTCACTCAGGC-1","T cells",1
"GGCGACTCACTGTCGG-1","T cells",0.795909004042583
"GGCGACTCAGAGCCAA-1","T cells",0.959740023561965
"GGCGACTCAGTATGCT-1","NK",0.89873114115527
"GGCGACTCATCGGTTA-1","T cells",0.636351063151002
"GGCGACTCATGGATGG-1","T cells",1
"GGCGACTGTACGCACC-1","B cells",1
"GGCGACTGTAGCGTAG-1","T cells",1
"GGCGACTGTCCGAAGA-1","B cells",1
"GGCGACTGTGAGTATA-1","Mono",1
"GGCGACTTCACGGTTA-1","T cells",0.938158175876317
"GGCGACTTCAGCTCTC-1","B cells",1
"GGCGACTTCCTCAATT-1","T cells",1
"GGCGACTTCGCGGATC-1","B cells",1
"GGCGACTTCGTCCAGG-1","T cells",1
"GGCGACTTCTTTACGT-1","Mono",1
"GGCGTGTAGCCAACAG-1","T cells",1
"GGCGTGTAGCCTCGTG-1","T cells",0.957754124448059
"GGCGTGTAGCGCTTAT-1","T cells",0.849799124346006
"GGCGTGTAGGTGTTAA-1","NK",0.91062149921683
"GGCGTGTCACCATGTA-1","T cells",0.991248342735774
"GGCGTGTCACGACGAA-1","B cells",1
"GGCGTGTCACGGCCAT-1","T cells",0.872453886342377
"GGCGTGTCAGACTCGC-1","T cells",0.902467906054209
"GGCGTGTCATCCGTGG-1","T cells",1
"GGCGTGTCATGCTGGC-1","T cells",1
"GGCGTGTCATTGGCGC-1","B cells",1
"GGCGTGTGTAAACGCG-1","B cells",1
"GGCGTGTGTCAATACC-1","Mono",1
"GGCGTGTGTCGGCTCA-1","T cells",1
"GGCGTGTGTGCAGTAG-1","Mono",1
"GGCGTGTGTTAGATGA-1","B cells",1
"GGCGTGTGTTCTGAAC-1","T cells",0.966080917097783
"GGCGTGTTCACTATTC-1","T cells",1
"GGCGTGTTCGACGGAA-1","T cells",1
"GGCGTGTTCGTACCGG-1","Mono",1
"GGCGTGTTCTCGGACG-1","B cells",1
"GGCTCGAAGAGGACGG-1","Mono",1
"GGCTCGAAGAGGTAGA-1","Mono",1
"GGCTCGAAGATGCCAG-1","Mono",1
"GGCTCGAAGGCATGGT-1","Mono",1
"GGCTCGAAGGTCGGAT-1","T cells",1
"GGCTCGAAGTCGAGTG-1","Mono",1
"GGCTCGAAGTTATCGC-1","B cells",1
"GGCTCGACAACTGGCC-1","NK",0.922909587822511
"GGCTCGACACATTCGA-1","B cells",1
"GGCTCGACACCACCAG-1","Mono",1
"GGCTCGACAGCTGTAT-1","T cells",0.966950247830985
"GGCTCGACAGGATTGG-1","T cells",0.987570649436365
"GGCTCGACAGTCGATT-1","B cells",1
"GGCTCGACATGAGCGA-1","Mono",1
"GGCTCGACATTAGGCT-1","T cells",1
"GGCTCGAGTACAAGTA-1","B cells",1
"GGCTCGAGTCGCGAAA-1","T cells",0.991284947339611
"GGCTCGAGTCTACCTC-1","B cells",1
"GGCTCGAGTCTTCTCG-1","B cells",0.575441177423473
"GGCTCGAGTGCGATAG-1","Mono",1
"GGCTCGAGTGCGGTAA-1","Mono",1
"GGCTCGATCGGATGTT-1","Mono",1
"GGCTCGATCTCTGCTG-1","B cells",1
"GGCTGGTAGAAACGCC-1","Mono",1
"GGCTGGTAGACAGACC-1","T cells",0.633484399924474
"GGCTGGTAGGGATCTG-1","Mono",1
"GGCTGGTAGTGTTAGA-1","Mono",1
"GGCTGGTCAACGATGG-1","T cells",0.964442996909785
"GGCTGGTCACCGTTGG-1","T cells",0.863574505527187
"GGCTGGTCAGCTTCGG-1","T cells",0.844037616919163
"GGCTGGTCAGTTCCCT-1","Mono",1
"GGCTGGTCATCGGAAG-1","Mono",1
"GGCTGGTCATTCCTCG-1","Mono",1
"GGCTGGTGTACAAGTA-1","B cells",1
"GGCTGGTGTATAGGTA-1","T cells",0.745079094533637
"GGCTGGTGTCCTCCAT-1","T cells",1
"GGCTGGTGTGCGAAAC-1","T cells",0.797070228475207
"GGCTGGTGTTTCGCTC-1","T cells",0.87978437556427
"GGCTGGTTCAGCAACT-1","T cells",1
"GGCTGGTTCGCCTGTT-1","T cells",0.769651585955476
"GGCTGGTTCGCTTAGA-1","Mono",1
"GGCTGGTTCGTTGCCT-1","Mono",1
"GGCTGGTTCTATGTGG-1","Mono",1
"GGCTGGTTCTGCAGTA-1","T cells",1
"GGCTGGTTCTTGCATT-1","Mono",1
"GGGAATGAGAAGGCCT-1","T cells",1
"GGGAATGAGATGGCGT-1","T cells",0.886597179779337
"GGGAATGAGCCTATGT-1","B cells",1
"GGGAATGCAAGCTGTT-1","Mono",1
"GGGAATGCACCAGGCT-1","NK",0.865179361985405
"GGGAATGCATAGTAAG-1","T cells",1
"GGGAATGCATGCAACT-1","T cells",0.72526092129237
"GGGAATGGTAAAGGAG-1","Mono",1
"GGGAATGGTTCGTCTC-1","T cells",1
"GGGAATGTCACTTACT-1","T cells",0.964352543146764
"GGGAATGTCCTTGGTC-1","T cells",1
"GGGAATGTCGGTGTCG-1","T cells",1
"GGGAATGTCTGATTCT-1","Mono",1
"GGGACCTAGGACGAAA-1","Mono",1
"GGGACCTAGTCAATAG-1","T cells",1
"GGGACCTCAAACTGTC-1","Mono",1
"GGGACCTCAAGACACG-1","T cells",0.824445122320352
"GGGACCTCAAGCCGCT-1","T cells",0.991125872946657
"GGGACCTCATGATCCA-1","T cells",1
"GGGACCTCATTTGCTT-1","T cells",0.989682420507854
"GGGACCTGTCAATACC-1","Mono",1
"GGGACCTGTCACACGC-1","T cells",0.726823788234282
"GGGACCTGTCTAGCGC-1","B cells",1
"GGGACCTGTCTCCATC-1","B cells",1
"GGGACCTGTTCCTCCA-1","T cells",1
"GGGACCTGTTGGTTTG-1","T cells",1
"GGGACCTTCCCGACTT-1","Mono",1
"GGGACCTTCGATCCCT-1","T cells",1
"GGGACCTTCGCAGGCT-1","T cells",0.991096821393112
"GGGACCTTCTCAAGTG-1","T cells",1
"GGGACCTTCTCTAGGA-1","Mono",1
"GGGAGATAGAATTCCC-1","Mono",0.999999999999999
"GGGAGATAGAGGACGG-1","T cells",1
"GGGAGATAGCATGGCA-1","T cells",1
"GGGAGATAGTGGGATC-1","T cells",0.663513586242009
"GGGAGATAGTGGTCCC-1","B cells",1
"GGGAGATCAAATTGCC-1","T cells",0.919046360882379
"GGGAGATCACATCCGG-1","T cells",1
"GGGAGATCACCTCGTT-1","Mono",0.629275686491515
"GGGAGATCAGTGACAG-1","T cells",1
"GGGAGATCATTATCTC-1","T cells",1
"GGGAGATTCCAGGGCT-1","T cells",1
"GGGAGATTCGCGGATC-1","B cells",1
"GGGATGAAGTGGTCCC-1","T cells",1
"GGGATGACATGAAGTA-1","Mono",1
"GGGATGACATGCTAGT-1","Mono",1
"GGGATGAGTAGCGATG-1","T cells",1
"GGGATGAGTAGGGACT-1","B cells",1
"GGGATGAGTGGCTCCA-1","T cells",1
"GGGATGAGTTCACGGC-1","T cells",1
"GGGATGATCACAATGC-1","T cells",1
"GGGATGATCAGAAATG-1","T cells",1
"GGGATGATCAGAGGTG-1","T cells",0.990562358234571
"GGGATGATCGCACTCT-1","T cells",0.938629789166425
"GGGATGATCGCTAGCG-1","B cells",1
"GGGATGATCGGTCTAA-1","T cells",1
"GGGATGATCGTCACGG-1","T cells",1
"GGGATGATCTGGTGTA-1","T cells",0.933030271079922
"GGGATGATCTTAGCCC-1","T cells",0.80689692489568
"GGGCACTAGCTGATAA-1","Mono",1
"GGGCACTAGTACGACG-1","T cells",1
"GGGCACTAGTCTCCTC-1","T cells",0.816387947551859
"GGGCACTAGTTTAGGA-1","T cells",1
"GGGCACTCACCACGTG-1","T cells",1
"GGGCACTCAGGCAGTA-1","T cells",1
"GGGCACTCAGTCACTA-1","T cells",1
"GGGCACTCATGCAACT-1","B cells",1
"GGGCACTCATGCTGGC-1","B cells",1
"GGGCACTGTAAGAGGA-1","T cells",1
"GGGCACTGTACGCTGC-1","T cells",1
"GGGCACTGTGACCAAG-1","B cells",1
"GGGCACTGTGCAGTAG-1","B cells",1
"GGGCACTGTGGAAAGA-1","B cells",1
"GGGCACTTCAGAAATG-1","Mono",1
"GGGCACTTCCAGTAGT-1","NK",0.915460540656526
"GGGCACTTCCCGACTT-1","Mono",1
"GGGCACTTCCTTGACC-1","B cells",1
"GGGCACTTCTAGCACA-1","T cells",1
"GGGCACTTCTCGTATT-1","NK",0.915184490703991
"GGGCACTTCTGATTCT-1","Mono",1
"GGGCATCAGATGAGAG-1","T cells",0.987888135322645
"GGGCATCAGGGAACGG-1","T cells",1
"GGGCATCAGGTGACCA-1","B cells",1
"GGGCATCCAATGTAAG-1","T cells",1
"GGGCATCCACACGCTG-1","T cells",1
"GGGCATCCACCAGGTC-1","T cells",1
"GGGCATCCACGGATAG-1","T cells",0.932984920954891
"GGGCATCCATAAAGGT-1","T cells",1
"GGGCATCGTCGCATAT-1","T cells",1
"GGGCATCGTCGCTTCT-1","T cells",1
"GGGCATCGTCTCACCT-1","B cells",1
"GGGCATCGTCTTGTCC-1","T cells",1
"GGGCATCGTGGTACAG-1","T cells",1
"GGGCATCGTTCAGGCC-1","B cells",1
"GGGCATCTCCCGACTT-1","T cells",0.890780378151606
"GGGCATCTCGAACTGT-1","Mono",1
"GGGCATCTCTCTAAGG-1","T cells",1
"GGGCATCTCTGCCAGG-1","T cells",1
"GGGTCTGAGCCCAGCT-1","Mono",1
"GGGTCTGAGCTGAACG-1","T cells",1
"GGGTCTGAGGAGTTTA-1","T cells",1
"GGGTCTGAGGATCGCA-1","T cells",1
"GGGTCTGAGGGAGTAA-1","T cells",0.986790486936678
"GGGTCTGAGGTGCAAC-1","T cells",1
"GGGTCTGAGTCGAGTG-1","Mono",1
"GGGTCTGAGTGACTCT-1","T cells",0.878111304351777
"GGGTCTGCAAGAGGCT-1","B cells",1
"GGGTCTGCACAAGACG-1","Mono",1
"GGGTCTGCACATGGGA-1","T cells",1
"GGGTCTGCACTGAAGG-1","Mono",1
"GGGTCTGCAGACACTT-1","T cells",1
"GGGTCTGCAGCTATTG-1","T cells",1
"GGGTCTGCAGGTCTCG-1","Mono",1
"GGGTCTGGTAGCGCAA-1","B cells",1
"GGGTCTGGTAGGCATG-1","T cells",1
"GGGTCTGGTCTGATCA-1","B cells",1
"GGGTCTGGTCTGATTG-1","T cells",1
"GGGTCTGGTGATAAAC-1","B cells",1
"GGGTCTGGTTAAGACA-1","T cells",0.984783201041995
"GGGTCTGGTTACGCGC-1","B cells",1
"GGGTCTGTCAAACCAC-1","Mono",1
"GGGTCTGTCACCATAG-1","Mono",1
"GGGTCTGTCACCTTAT-1","T cells",1
"GGGTCTGTCCCAAGAT-1","B cells",1
"GGGTCTGTCGAATGGG-1","B cells",1
"GGGTCTGTCGAGAACG-1","B cells",1
"GGGTCTGTCGTTACAG-1","Mono",1
"GGGTCTGTCTGGCGTG-1","Mono",1
"GGGTCTGTCTTACCTA-1","B cells",1
"GGGTTGCAGAGCCTAG-1","T cells",1
"GGGTTGCAGTTCGATC-1","T cells",0.985713060952621
"GGGTTGCCAAAGTGCG-1","T cells",1
"GGGTTGCGTACCGTAT-1","T cells",1
"GGGTTGCGTAGAAAGG-1","B cells",1
"GGGTTGCGTCATATGC-1","T cells",0.957600261762897
"GGGTTGCGTTCGGCAC-1","T cells",1
"GGGTTGCTCACCGGGT-1","B cells",1
"GGGTTGCTCACGCATA-1","Mono",1
"GGGTTGCTCACTCTTA-1","Mono",1
"GGGTTGCTCAGCATGT-1","T cells",0.67758897271356
"GGGTTGCTCAGGTAAA-1","T cells",0.785320847986907
"GGGTTGCTCATGTGGT-1","T cells",1
"GGGTTGCTCCAAAGTC-1","T cells",1
"GGGTTGCTCCAGAAGG-1","NK",1
"GGGTTGCTCCATGCTC-1","T cells",1
"GGGTTGCTCTATCCTA-1","T cells",1
"GGGTTGCTCTTGCAAG-1","Mono",1
"GGTATTGAGAAACCAT-1","T cells",1
"GGTATTGAGACCGGAT-1","Mono",1
"GGTATTGAGAGTACAT-1","T cells",1
"GGTATTGAGCTCCCAG-1","Mono",0.999999999999999
"GGTATTGAGGTACTCT-1","B cells",1
"GGTATTGAGGTGACCA-1","T cells",1
"GGTATTGAGTGGGTTG-1","B cells",1
"GGTATTGCAACACCTA-1","T cells",0.975543722374169
"GGTATTGCAAGAAGAG-1","T cells",1
"GGTATTGCAATGGAAT-1","T cells",1
"GGTATTGCATCGGACC-1","Mono",1
"GGTATTGGTACTCTCC-1","T cells",0.954497401805835
"GGTATTGGTAGGCTGA-1","Mono",1
"GGTATTGGTCGCGTGT-1","T cells",1
"GGTATTGGTGGTCTCG-1","B cells",1
"GGTATTGGTGTTTGGT-1","T cells",1
"GGTATTGGTTGGTGGA-1","T cells",1
"GGTATTGTCGGTTCGG-1","Mono",1
"GGTGAAGAGACTCGGA-1","T cells",0.725893473901091
"GGTGAAGAGCCAGAAC-1","T cells",1
"GGTGAAGAGCGAAGGG-1","T cells",1
"GGTGAAGAGTCTCGGC-1","T cells",0.93657504377369
"GGTGAAGAGTGGGTTG-1","T cells",0.968853630861791
"GGTGAAGAGTTACCCA-1","B cells",1
"GGTGAAGCAAGCGCTC-1","T cells",0.98815705210874
"GGTGAAGCAGCCAGAA-1","T cells",1
"GGTGAAGCAGTTAACC-1","T cells",1
"GGTGAAGGTAAAGGAG-1","T cells",0.960744909559417
"GGTGAAGGTAACGTTC-1","Mono",1
"GGTGAAGGTAAGTAGT-1","T cells",1
"GGTGAAGGTCGAAAGC-1","Mono",1
"GGTGAAGGTGGTACAG-1","Mono",1
"GGTGAAGTCAACCATG-1","Mono",1
"GGTGAAGTCACCCTCA-1","Mono",1
"GGTGAAGTCACGCGGT-1","T cells",0.625540981188663
"GGTGAAGTCCACTCCA-1","B cells",1
"GGTGAAGTCCGTCATC-1","B cells",1
"GGTGAAGTCGGCGGTT-1","T cells",0.80628352259082
"GGTGAAGTCTGCTGCT-1","T cells",1
"GGTGCGTAGCTACCTA-1","T cells",1
"GGTGCGTAGCTGATAA-1","T cells",1
"GGTGCGTAGTGAAGAG-1","T cells",1
"GGTGCGTCACATAACC-1","Mono",1
"GGTGCGTCACTCGACG-1","B cells",1
"GGTGCGTCAGAGTGTG-1","T cells",0.87827656949493
"GGTGCGTCAGTAAGAT-1","T cells",0.834963824137228
"GGTGCGTGTACCGAGA-1","T cells",0.837017480819595
"GGTGCGTGTCATATGC-1","Mono",1
"GGTGCGTGTCTCAACA-1","B cells",1
"GGTGCGTGTCTCTCTG-1","Mono",1
"GGTGCGTGTGAGGCTA-1","T cells",0.817876867894799
"GGTGCGTGTTACCGAT-1","Mono",1
"GGTGCGTTCAAACCGT-1","Mono",1
"GGTGCGTTCACATGCA-1","B cells",1
"GGTGCGTTCACCATAG-1","NK",0.974010129799982
"GGTGCGTTCCAAACAC-1","Mono",1
"GGTGCGTTCCACGAAT-1","T cells",1
"GGTGTTAAGCCACGTC-1","B cells",1
"GGTGTTAAGGACATTA-1","T cells",1
"GGTGTTAAGTATTGGA-1","T cells",1
"GGTGTTAAGTGAAGTT-1","Mono",1
"GGTGTTACAAGAAAGG-1","Mono",1
"GGTGTTAGTACAGACG-1","B cells",1
"GGTGTTAGTCGGGTCT-1","Mono",1
"GGTGTTATCAATAAGG-1","T cells",1
"GGTGTTATCACATAGC-1","Mono",1
"GGTGTTATCCAAAGTC-1","T cells",1
"GGTGTTATCGAGCCCA-1","Mono",1
"GGTGTTATCGGAAATA-1","Mono",1
"GGTGTTATCGGCCGAT-1","T cells",1
"GTAACGTAGATCGATA-1","T cells",0.731825765143207
"GTAACGTCAAGTAGTA-1","T cells",1
"GTAACGTCACGGATAG-1","T cells",1
"GTAACGTCAGACAAGC-1","NK",0.92080272064016
"GTAACGTCAGCTGTGC-1","T cells",1
"GTAACGTGTAGCTAAA-1","Mono",1
"GTAACGTGTCTTGATG-1","B cells",1
"GTAACGTGTGTGACGA-1","B cells",1
"GTAACGTGTTACTGAC-1","Mono",1
"GTAACGTTCGTTACAG-1","T cells",1
"GTAACGTTCTGCCAGG-1","T cells",1
"GTAACTGAGAAGGTGA-1","T cells",0.823634927734318
"GTAACTGAGAGCTATA-1","B cells",1
"GTAACTGAGATGTCGG-1","T cells",0.799517520762799
"GTAACTGAGTCACGCC-1","T cells",1
"GTAACTGCAAGGTTTC-1","B cells",1
"GTAACTGCACCAGCAC-1","Mono",1
"GTAACTGCACCAGGCT-1","B cells",1
"GTAACTGCACTCGACG-1","Mono",1
"GTAACTGCAGCTGCAC-1","T cells",1
"GTAACTGCATAAGACA-1","T cells",1
"GTAACTGCATTCCTCG-1","B cells",1
"GTAACTGGTACCTACA-1","T cells",1
"GTAACTGGTGGACGAT-1","T cells",1
"GTAACTGTCAACTCTT-1","Mono",1
"GTAACTGTCCAAGCCG-1","Mono",1
"GTAACTGTCTAACGGT-1","Mono",1
"GTACGTAAGAGACGAA-1","T cells",0.725346661408458
"GTACGTACAAGACGTG-1","T cells",1
"GTACGTACAAGCCATT-1","T cells",0.73084720443937
"GTACGTACAATCCGAT-1","T cells",0.657720942324054
"GTACGTACACTTCGAA-1","Mono",1
"GTACGTAGTCAACTGT-1","T cells",1
"GTACGTAGTCTTTCAT-1","T cells",1
"GTACGTAGTGACTACT-1","T cells",0.924341151465518
"GTACGTAGTTGGTGGA-1","B cells",1
"GTACGTATCAAAGTAG-1","Mono",1
"GTACGTATCCTCCTAG-1","Mono",1
"GTACGTATCTTAGCCC-1","T cells",1
"GTACTCCAGAAGGTGA-1","Mono",1
"GTACTCCAGAGCCCAA-1","T cells",1
"GTACTCCAGAGGACGG-1","T cells",0.848908870884119
"GTACTCCAGATAGTCA-1","T cells",1
"GTACTCCCACCGCTAG-1","T cells",0.89078751881753
"GTACTCCCATCAGTAC-1","B cells",1
"GTACTCCGTAAATGTG-1","T cells",0.61083257905796
"GTACTCCGTCGCTTCT-1","Mono",1
"GTACTCCGTTATCCGA-1","T cells",0.950482504641672
"GTACTCCGTTGCTCCT-1","T cells",1
"GTACTCCGTTTAAGCC-1","T cells",0.887369690964272
"GTACTCCTCAGGATCT-1","T cells",1
"GTACTCCTCAGGCAAG-1","T cells",1
"GTACTCCTCCACTGGG-1","Mono",1
"GTACTCCTCCTAGAAC-1","T cells",1
"GTACTCCTCTGAGGGA-1","B cells",1
"GTACTCCTCTTAACCT-1","T cells",0.79330182715298
"GTACTCCTCTTGCATT-1","T cells",1
"GTACTTTAGATGTAAC-1","T cells",0.773441226209328
"GTACTTTAGCACCGCT-1","T cells",0.875244151089517
"GTACTTTAGCGCCTCA-1","B cells",1
"GTACTTTAGCGCTTAT-1","B cells",1
"GTACTTTAGCTAAGAT-1","T cells",0.505781279722745
"GTACTTTAGTACGCGA-1","T cells",1
"GTACTTTCACCGAAAG-1","NK",0.933804166522892
"GTACTTTCAGATTGCT-1","Mono",1
"GTACTTTCAGCCTGTG-1","T cells",1
"GTACTTTCATACTACG-1","Mono",1
"GTACTTTGTAGCACGA-1","Mono",1
"GTACTTTGTCTGGTCG-1","Mono",1
"GTACTTTGTCTTGCGG-1","T cells",1
"GTACTTTGTGGCCCTA-1","T cells",1
"GTACTTTGTTTGGCGC-1","T cells",1
"GTACTTTTCAACCAAC-1","Mono",1
"GTACTTTTCAATACCG-1","Mono",1
"GTACTTTTCCGCAAGC-1","T cells",0.984133286723767
"GTACTTTTCGCTGATA-1","Mono",1
"GTACTTTTCGGCTACG-1","Mono",1
"GTACTTTTCTGCAGTA-1","T cells",1
"GTAGGCCAGCGTGTCC-1","T cells",1
"GTAGGCCAGCTTCGCG-1","T cells",1
"GTAGGCCAGTCCGTAT-1","T cells",0.960692903273494
"GTAGGCCCAATGACCT-1","Mono",1
"GTAGGCCCAATGCCAT-1","T cells",1
"GTAGGCCCACGGTAAG-1","T cells",1
"GTAGGCCCACTTAACG-1","T cells",1
"GTAGGCCCAGGACCCT-1","Mono",1
"GTAGGCCGTAACGTTC-1","Mono",1
"GTAGGCCGTAGCTTGT-1","T cells",0.9068630762717
"GTAGGCCGTATAGGGC-1","B cells",1
"GTAGGCCGTCGCCATG-1","T cells",0.999999999999999
"GTAGGCCGTTCACCTC-1","B cells",1
"GTAGGCCGTTGCTCCT-1","NK",0.910549413730759
"GTAGGCCTCCTAGGGC-1","T cells",1
"GTAGGCCTCTATCCTA-1","B cells",1
"GTAGTCAAGAGGTTGC-1","T cells",1
"GTAGTCAAGATAGTCA-1","Mono",1
"GTAGTCAAGATTACCC-1","T cells",0.962177576515145
"GTAGTCAAGCTGAAAT-1","T cells",0.942767010963735
"GTAGTCAAGGACGAAA-1","Mono",1
"GTAGTCAAGGAGTACC-1","Mono",1
"GTAGTCAAGGGCACTA-1","NK",0.897585670932347
"GTAGTCAAGGGCATGT-1","B cells",1
"GTAGTCAAGGTCGGAT-1","T cells",0.887096523144135
"GTAGTCAAGTCATCCA-1","T cells",1
"GTAGTCAAGTTCCACA-1","Mono",1
"GTAGTCACACCACCAG-1","T cells",1
"GTAGTCACAGCCTATA-1","Mono",1
"GTAGTCACAGCCTTTC-1","NK",0.862736205885966
"GTAGTCACATCCCATC-1","T cells",0.900442193473164
"GTAGTCAGTAAAGTCA-1","B cells",1
"GTAGTCAGTACGACCC-1","B cells",1
"GTAGTCAGTACGCACC-1","T cells",1
"GTAGTCAGTATGAAAC-1","Mono",1
"GTAGTCAGTCCATCCT-1","T cells",1
"GTAGTCAGTCTCGTTC-1","T cells",0.982998968924159
"GTAGTCAGTTAAGTAG-1","Mono",1
"GTAGTCAGTTTGTTTC-1","T cells",0.809240197262485
"GTAGTCATCCATTCTA-1","Mono",1
"GTAGTCATCGACCAGC-1","T cells",0.825912660790893
"GTAGTCATCGTCGTTC-1","T cells",1
"GTAGTCATCTGGGCCA-1","T cells",0.876657273233531
"GTAGTCATCTTGCAAG-1","B cells",1
"GTATCTTAGAAGATTC-1","T cells",0.986988117159539
"GTATCTTAGCCAGTAG-1","Mono",1
"GTATCTTAGTATCTCG-1","B cells",1
"GTATCTTAGTGAATTG-1","T cells",0.965826523613581
"GTATCTTAGTGCGTGA-1","T cells",0.698526061683912
"GTATCTTAGTGTTTGC-1","Mono",0.999999999999999
"GTATCTTCAATCCGAT-1","Mono",1
"GTATCTTCACAACGTT-1","T cells",0.969761015707871
"GTATCTTCACTGTCGG-1","T cells",0.994608173602434
"GTATCTTCAGTACACT-1","T cells",0.966159583995085
"GTATCTTCAGTGACAG-1","B cells",1
"GTATCTTGTCACTGGC-1","B cells",1
"GTATCTTGTCGTGGCT-1","Mono",1
"GTATCTTGTCTCTTTA-1","Mono",1
"GTATCTTGTGAACCTT-1","B cells",1
"GTATCTTGTTTGCATG-1","T cells",1
"GTATCTTTCAAAGTAG-1","T cells",1
"GTATCTTTCAGGATCT-1","Mono",1
"GTATCTTTCAGTGCAT-1","Mono",1
"GTATTCTAGACAAAGG-1","T cells",1
"GTATTCTAGATATACG-1","T cells",1
"GTATTCTAGCGTCAAG-1","Mono",1
"GTATTCTAGCGTTGCC-1","T cells",1
"GTATTCTAGGACGAAA-1","T cells",1
"GTATTCTAGGGTTTCT-1","T cells",0.875885047245407
"GTATTCTAGTCATCCA-1","T cells",0.870781803032539
"GTATTCTAGTTGTCGT-1","T cells",0.988431946760439
"GTATTCTCAACTGCTA-1","Mono",0.691337432673287
"GTATTCTCAAGTTCTG-1","Mono",1
"GTATTCTCACGGCGTT-1","T cells",1
"GTATTCTCAGCTATTG-1","T cells",0.56222693984501
"GTATTCTGTCCGAATT-1","Mono",1
"GTATTCTGTCTAGCGC-1","T cells",1
"GTATTCTGTGCGGTAA-1","T cells",0.646090844342404
"GTATTCTGTTGATTGC-1","T cells",1
"GTATTCTTCAGCTCGG-1","T cells",1
"GTATTCTTCAGTGCAT-1","B cells",1
"GTATTCTTCGGAAATA-1","T cells",1
"GTATTCTTCGTTGCCT-1","T cells",1
"GTATTCTTCTGAGTGT-1","Mono",1
"GTATTCTTCTTCGAGA-1","T cells",1
"GTCAAGTAGCAATATG-1","Mono",1
"GTCAAGTAGCCACGCT-1","Mono",1
"GTCAAGTAGGAGTCTG-1","T cells",1
"GTCAAGTAGGCAATTA-1","B cells",1
"GTCAAGTAGGGCTCTC-1","B cells",1
"GTCAAGTAGGTGCACA-1","Mono",1
"GTCAAGTCAAGCGCTC-1","T cells",1
"GTCAAGTCACAGGTTT-1","T cells",1
"GTCAAGTCACGCATCG-1","T cells",1
"GTCAAGTCACTCGACG-1","T cells",1
"GTCAAGTGTACAGTGG-1","NK",0.900872879502328
"GTCAAGTGTATGCTTG-1","T cells",0.960810917048112
"GTCAAGTTCATAGCAC-1","T cells",0.907674600310533
"GTCAAGTTCATCGGAT-1","T cells",0.913972370461714
"GTCAAGTTCTCGGACG-1","Platelet",0.906674478048424
"GTCAAGTTCTTCGAGA-1","B cells",1
"GTCACAAAGACCCACC-1","T cells",1
"GTCACAAAGGGTCTCC-1","Mono",1
"GTCACAAAGTACCGGA-1","Mono",1
"GTCACAACAACGATGG-1","T cells",0.753923034000626
"GTCACAACACAGGCCT-1","Mono",1
"GTCACAACAGTCGTGC-1","T cells",0.977505605173282
"GTCACAACATACTCTT-1","T cells",0.902419732155203
"GTCACAACATGCCCGA-1","T cells",1
"GTCACAAGTACTCAAC-1","Mono",1
"GTCACAAGTAGATTAG-1","B cells",1
"GTCACAAGTGCAGGTA-1","T cells",0.991584035969129
"GTCACAAGTGCAGTAG-1","Mono",1
"GTCACAAGTGTCGCTG-1","Mono",1
"GTCACAAGTGTTGAGG-1","B cells",1
"GTCACAAGTTGAACTC-1","B cells",1
"GTCACAAGTTGTCGCG-1","Mono",1
"GTCACAATCTCTTGAT-1","T cells",1
"GTCACAATCTTTCCTC-1","T cells",0.959725235320963
"GTCACGGAGGTTACCT-1","T cells",0.969433180160096
"GTCACGGAGTACGACG-1","B cells",1
"GTCACGGCAAATTGCC-1","T cells",1
"GTCACGGCAAGAAGAG-1","T cells",1
"GTCACGGCAAGTCTAC-1","T cells",1
"GTCACGGGTATGAAAC-1","Mono",1
"GTCACGGGTCCATCCT-1","T cells",1
"GTCACGGGTCGCTTTC-1","T cells",1
"GTCACGGGTCTAAAGA-1","T cells",1
"GTCACGGGTGCGGTAA-1","B cells",1
"GTCACGGGTTGTTTGG-1","T cells",1
"GTCACGGTCAACACAC-1","T cells",0.729542446679212
"GTCACGGTCAGGCAAG-1","Mono",1
"GTCACGGTCAGTTGAC-1","T cells",1
"GTCACGGTCGGACAAG-1","T cells",1
"GTCATTTAGAAACGAG-1","Mono",1
"GTCATTTAGGATTCGG-1","T cells",1
"GTCATTTAGTCTCGGC-1","T cells",1
"GTCATTTAGTTTGCGT-1","T cells",0.974206792690402
"GTCATTTCAAGCCATT-1","T cells",1
"GTCATTTGTAATTGGA-1","T cells",0.951911962654338
"GTCATTTGTACACCGC-1","T cells",0.736813822871997
"GTCATTTGTCAATACC-1","NK",0.963096646422757
"GTCATTTGTCCAGTTA-1","T cells",1
"GTCATTTTCAGCGACC-1","T cells",0.786983059816558
"GTCATTTTCAGTACGT-1","T cells",1
"GTCATTTTCCACGTGG-1","B cells",1
"GTCATTTTCCCATTAT-1","Mono",1
"GTCCTCAAGAATTGTG-1","T cells",1
"GTCCTCAAGACGACGT-1","B cells",1
"GTCCTCAAGATATGCA-1","Mono",1
"GTCCTCAAGCTAGGCA-1","B cells",1
"GTCCTCAAGTACGATA-1","T cells",0.983819638725751
"GTCCTCAAGTGGTAAT-1","Mono",1
"GTCCTCACAATGTAAG-1","T cells",1
"GTCCTCACACAGGCCT-1","B cells",1
"GTCCTCACAGCTGGCT-1","Mono",1
"GTCCTCACAGGTCCAC-1","B cells",1
"GTCCTCACAGTCAGAG-1","T cells",0.825371356375103
"GTCCTCACAGTCAGCC-1","T cells",1
"GTCCTCAGTCTCAACA-1","B cells",1
"GTCCTCAGTCTTGTCC-1","T cells",0.983415938342799
"GTCCTCAGTGGAAAGA-1","T cells",1
"GTCCTCATCAACACCA-1","Mono",0.651653953416916
"GTCCTCATCAAGCCTA-1","T cells",0.79604717935968
"GTCCTCATCAAGGCTT-1","T cells",0.920285055707498
"GTCCTCATCAGTTGAC-1","B cells",1
"GTCCTCATCATGCAAC-1","T cells",1
"GTCCTCATCCATGCTC-1","T cells",1
"GTCCTCATCGAACTGT-1","T cells",1
"GTCCTCATCGGCTACG-1","T cells",0.927625869618081
"GTCCTCATCGTAGGAG-1","Mono",1
"GTCGGGTAGACAAAGG-1","NK",0.95321516751579
"GTCGGGTAGAGTCGGT-1","T cells",1
"GTCGGGTAGATGTCGG-1","T cells",1
"GTCGGGTCAAACAACA-1","B cells",1
"GTCGGGTCAATGGAGC-1","T cells",1
"GTCGGGTCACCCTATC-1","NK",0.96908887288612
"GTCGGGTCAGAGTGTG-1","T cells",1
"GTCGGGTCATATACCG-1","B cells",1
"GTCGGGTCATCCGGGT-1","T cells",1
"GTCGGGTCATGGATGG-1","Mono",1
"GTCGGGTGTAATAGCA-1","Mono",1
"GTCGGGTGTCGGGTCT-1","Mono",1
"GTCGGGTGTCTCGTTC-1","T cells",0.980445289104942
"GTCGGGTGTGGTAACG-1","T cells",1
"GTCGGGTGTGGTACAG-1","T cells",0.879946903250017
"GTCGGGTGTTATCACG-1","Mono",1
"GTCGGGTGTTCAGGCC-1","T cells",1
"GTCGGGTGTTGAGTTC-1","B cells",1
"GTCGGGTTCAAGGCTT-1","Mono",1
"GTCGGGTTCACCTCGT-1","Mono",1
"GTCGGGTTCCAAACTG-1","T cells",1
"GTCGGGTTCCAATGGT-1","Mono",1
"GTCGGGTTCGCTAGCG-1","B cells",1
"GTCGGGTTCTGCGGCA-1","T cells",1
"GTCGTAAAGACAAGCC-1","Mono",1
"GTCGTAAAGACAGGCT-1","Mono",1
"GTCGTAAAGCCACCTG-1","B cells",1
"GTCGTAAAGCGTTGCC-1","T cells",0.964483644548017
"GTCGTAAAGGGAAACA-1","T cells",1
"GTCGTAACAACTGCGC-1","T cells",1
"GTCGTAACAACTTGAC-1","T cells",0.989965279012619
"GTCGTAACAAGAAAGG-1","Mono",1
"GTCGTAACAAGCTGTT-1","B cells",1
"GTCGTAACAGTCAGAG-1","T cells",1
"GTCGTAACATAAGACA-1","Mono",1
"GTCGTAACATACTACG-1","B cells",1
"GTCGTAAGTCTCCCTA-1","Mono",0.775997735444632
"GTCGTAAGTGCACTTA-1","Mono",1
"GTCGTAAGTGCCTGTG-1","T cells",1
"GTCGTAAGTTGATTCG-1","T cells",1
"GTCGTAATCACAACGT-1","T cells",1
"GTCGTAATCACCCTCA-1","T cells",0.848012758942028
"GTCGTAATCGTGTAGT-1","T cells",0.975231808367482
"GTCTCGTAGAAACCGC-1","Mono",1
"GTCTCGTAGAATGTGT-1","T cells",0.98014756567928
"GTCTCGTAGACCTTTG-1","T cells",0.994839407638684
"GTCTCGTAGTACGCCC-1","T cells",0.926897764273112
"GTCTCGTAGTGGGTTG-1","B cells",1
"GTCTCGTAGTTACCCA-1","Mono",1
"GTCTCGTCAAGCGAGT-1","T cells",1
"GTCTCGTCAGGCAGTA-1","Mono",1
"GTCTCGTCATGAGCGA-1","T cells",0.905659735365799
"GTCTCGTGTATTACCG-1","T cells",0.944112744472782
"GTCTCGTGTCTCGTTC-1","B cells",1
"GTCTCGTGTCTCTTTA-1","Mono",1
"GTCTCGTGTCTGATTG-1","B cells",1
"GTCTCGTGTGGCTCCA-1","Mono",1
"GTCTCGTTCCTTGACC-1","T cells",0.995913702967241
"GTCTCGTTCGGAGGTA-1","T cells",1
"GTCTCGTTCTGCGACG-1","T cells",1
"GTCTCGTTCTGTTTGT-1","B cells",1
"GTCTCGTTCTTGCCGT-1","T cells",0.809958408440985
"GTCTTCGAGATACACA-1","T cells",0.979991545475701
"GTCTTCGAGATGCCAG-1","T cells",1
"GTCTTCGAGCAGCCTC-1","B cells",1
"GTCTTCGAGGAACTGC-1","Mono",1
"GTCTTCGAGGTACTCT-1","T cells",1
"GTCTTCGAGTTTCCTT-1","T cells",1
"GTCTTCGCAACACGCC-1","Mono",1
"GTCTTCGGTAGAGCTG-1","B cells",1
"GTCTTCGGTAGCACGA-1","NK",0.965736951852682
"GTCTTCGGTAGCGTCC-1","T cells",1
"GTCTTCGGTCTCTTAT-1","T cells",1
"GTCTTCGGTGCACTTA-1","NK",0.973308927594644
"GTCTTCGTCAGTACGT-1","B cells",1
"GTCTTCGTCGTAGGTT-1","T cells",1
"GTCTTCGTCTACCAGA-1","Mono",1
"GTCTTCGTCTGTCTAT-1","T cells",1
"GTCTTCGTCTTGAGAC-1","Mono",1
"GTGAAGGAGAAGGCCT-1","T cells",1
"GTGAAGGAGAATCTCC-1","Mono",1
"GTGAAGGAGAATTCCC-1","Mono",1
"GTGAAGGAGAGCAATT-1","Mono",1
"GTGAAGGAGCCCAACC-1","B cells",1
"GTGAAGGAGTACATGA-1","Mono",1
"GTGAAGGCACACAGAG-1","T cells",0.701534696167029
"GTGAAGGCAGGCAGTA-1","T cells",1
"GTGAAGGCATTGTGCA-1","B cells",1
"GTGAAGGGTATATGAG-1","T cells",1
"GTGAAGGGTCCCGACA-1","T cells",1
"GTGAAGGGTCTAGAGG-1","Mono",1
"GTGAAGGGTTATTCTC-1","T cells",0.981680752301663
"GTGAAGGTCATCATTC-1","T cells",1
"GTGAAGGTCCCTTGCA-1","Mono",1
"GTGAAGGTCTGCGGCA-1","T cells",1
"GTGAAGGTCTGTCTCG-1","B cells",1
"GTGCAGCAGACTGTAA-1","T cells",0.992154760063286
"GTGCAGCAGCGATCCC-1","B cells",1
"GTGCAGCAGCTGCAAG-1","Mono",1
"GTGCAGCAGTAACCCT-1","T cells",1
"GTGCAGCCAAACCTAC-1","Mono",1
"GTGCAGCCAAAGCGGT-1","T cells",1
"GTGCAGCCAATGACCT-1","Mono",1
"GTGCAGCCACTTACGA-1","T cells",1
"GTGCAGCCATCTGGTA-1","T cells",0.793461989394099
"GTGCAGCGTCTTTCAT-1","T cells",0.91436139851284
"GTGCAGCGTGACCAAG-1","T cells",1
"GTGCAGCGTGTGAATA-1","T cells",0.846462503112613
"GTGCAGCGTGTGCGTC-1","T cells",1
"GTGCAGCGTGTTCTTT-1","T cells",1
"GTGCAGCGTTAGGGTG-1","T cells",1
"GTGCAGCTCAGAAATG-1","T cells",1
"GTGCAGCTCTGGCGAC-1","T cells",1
"GTGCATAAGAGTAATC-1","T cells",0.810243046616241
"GTGCATAAGCCACGTC-1","Mono",0.999999999999999
"GTGCATAAGGAATCGC-1","B cells",1
"GTGCATAAGGGAACGG-1","Mono",1
"GTGCATAAGTAGTGCG-1","T cells",0.909916348297701
"GTGCATACAAAGAATC-1","T cells",1
"GTGCATACAAATACAG-1","T cells",0.767003122739166
"GTGCATACAATCTGCA-1","Mono",1
"GTGCATACAGCCTTTC-1","Mono",1
"GTGCATACATGGATGG-1","T cells",0.865028855047931
"GTGCATAGTAGTACCT-1","T cells",0.802183892292964
"GTGCATAGTCTCCCTA-1","Mono",1
"GTGCATAGTTAAAGAC-1","T cells",1
"GTGCATAGTTCCGGCA-1","T cells",0.746513459287828
"GTGCATATCAAGCCTA-1","T cells",1
"GTGCATATCACGAAGG-1","T cells",0.946982537576254
"GTGCATATCAGTTCGA-1","Mono",1
"GTGCATATCCAACCAA-1","T cells",1
"GTGCATATCCTTTACA-1","T cells",0.85267372967398
"GTGCATATCGTATCAG-1","B cells",1
"GTGCATATCGTTACAG-1","T cells",1
"GTGCATATCTCGATGA-1","T cells",1
"GTGCGGTAGAAGGCCT-1","Mono",1
"GTGCGGTAGAGACGAA-1","Mono",1
"GTGCGGTAGGCCCGTT-1","T cells",0.96530895283433
"GTGCGGTCAATAGCGG-1","NK",1
"GTGCGGTCACACGCTG-1","T cells",1
"GTGCGGTCACGCCAGT-1","T cells",1
"GTGCGGTCAGTCGATT-1","Mono",1
"GTGCGGTCATATACCG-1","Mono",1
"GTGCGGTGTATTAGCC-1","T cells",0.989085903283443
"GTGCGGTGTCCGTGAC-1","T cells",0.667978159850425
"GTGCGGTGTGATGTCT-1","Mono",1
"GTGCGGTGTTAAGAAC-1","Mono",1
"GTGCGGTGTTCCACGG-1","T cells",1
"GTGCGGTGTTTGCATG-1","T cells",0.98803712038113
"GTGCGGTTCAGCCTAA-1","Mono",1
"GTGCGGTTCCTATTCA-1","Mono",1
"GTGCGGTTCGAGGTAG-1","T cells",1
"GTGCGGTTCGTGGACC-1","T cells",1
"GTGCTTCAGGCATGTG-1","T cells",1
"GTGCTTCAGGCCGAAT-1","Mono",1
"GTGCTTCAGTCATGCT-1","Mono",1
"GTGCTTCAGTCCGTAT-1","T cells",0.860816290189387
"GTGCTTCCACGACGAA-1","T cells",1
"GTGCTTCCAGGTCCAC-1","Mono",1
"GTGCTTCCAGTCTTCC-1","T cells",1
"GTGCTTCCATAGTAAG-1","T cells",1
"GTGCTTCGTGATGTCT-1","T cells",1
"GTGCTTCGTGTTTGGT-1","B cells",1
"GTGCTTCGTGTTTGTG-1","T cells",0.711557208732407
"GTGCTTCTCAAGCCTA-1","B cells",1
"GTGCTTCTCCCTCTTT-1","T cells",1
"GTGCTTCTCGTTGACA-1","T cells",0.988035598098278
"GTGCTTCTCTGGTGTA-1","T cells",0.904594882445168
"GTGCTTCTCTTGACGA-1","T cells",0.984900195671557
"GTGGGTCAGAAGATTC-1","Mono",1
"GTGGGTCAGCTAGTCT-1","T cells",1
"GTGGGTCAGGAGTCTG-1","T cells",0.924821569582587
"GTGGGTCAGGCGTACA-1","B cells",1
"GTGGGTCCAAGTAGTA-1","T cells",1
"GTGGGTCCAATCCAAC-1","T cells",0.872953524171305
"GTGGGTCCAGTATAAG-1","Mono",1
"GTGGGTCCATCACGTA-1","T cells",1
"GTGGGTCGTCAAGCGA-1","T cells",0.93869004889243
"GTGGGTCGTCACCTAA-1","T cells",1
"GTGGGTCGTCCAACTA-1","Mono",1
"GTGGGTCGTCCGAGTC-1","NK",0.979543174757484
"GTGGGTCGTGTGGTTT-1","Mono",1
"GTGGGTCGTGTGTGCC-1","T cells",1
"GTGGGTCGTTTCGCTC-1","T cells",0.994729641559385
"GTGGGTCTCATAGCAC-1","T cells",0.953340056472496
"GTGGGTCTCATATCGG-1","B cells",1
"GTGGGTCTCTACTTAC-1","T cells",0.922205711957675
"GTGGGTCTCTTTACAC-1","T cells",0.816638637631387
"GTGTGCGAGACACTAA-1","T cells",1
"GTGTGCGAGCGACGTA-1","Mono",1
"GTGTGCGAGCGTGAAC-1","Mono",1
"GTGTGCGAGCTAAGAT-1","T cells",1
"GTGTGCGAGGACACCA-1","Mono",1
"GTGTGCGAGTCGAGTG-1","Mono",1
"GTGTGCGAGTCTCCTC-1","B cells",1
"GTGTGCGAGTTTCCTT-1","B cells",1
"GTGTGCGCACGAAATA-1","T cells",1
"GTGTGCGCAGGATTGG-1","T cells",0.815722520263135
"GTGTGCGCATCTATGG-1","NK",0.982231962223109
"GTGTGCGCATGCCACG-1","Mono",1
"GTGTGCGGTACCGCTG-1","B cells",1
"GTGTGCGGTCAGATAA-1","T cells",0.876633530594247
"GTGTGCGGTCTCCACT-1","B cells",1
"GTGTGCGGTTTGTTGG-1","Mono",1
"GTGTGCGTCGAGGTAG-1","T cells",1
"GTGTGCGTCGCGATCG-1","T cells",0.867731246744828
"GTGTGCGTCGTTGCCT-1","T cells",0.858976080655835
"GTGTGCGTCTGGTTCC-1","T cells",0.721295392761708
"GTGTTAGAGAATGTGT-1","Mono",1
"GTGTTAGAGACAGACC-1","Mono",1
"GTGTTAGAGAGCTGGT-1","Mono",1
"GTGTTAGAGATAGGAG-1","Mono",1
"GTGTTAGAGCGGATCA-1","T cells",1
"GTGTTAGAGGCTCATT-1","T cells",0.700007624808229
"GTGTTAGCAAATCCGT-1","Mono",1
"GTGTTAGCAAGGCTCC-1","T cells",1
"GTGTTAGCAAGGGTCA-1","Mono",1
"GTGTTAGCACAGATTC-1","T cells",1
"GTGTTAGCAGGGCATA-1","Mono",1
"GTGTTAGCATGCAATC-1","T cells",0.998669761351614
"GTGTTAGGTACGACCC-1","T cells",1
"GTGTTAGGTAGAAAGG-1","T cells",0.857197756564971
"GTGTTAGGTAGCACGA-1","T cells",1
"GTGTTAGGTCCTCCAT-1","NK",0.853082173211888
"GTGTTAGGTGTCAATC-1","T cells",1
"GTGTTAGGTTGATTGC-1","Mono",1
"GTGTTAGTCAAACCAC-1","T cells",0.679218474063816
"GTGTTAGTCGTTGCCT-1","T cells",0.856100484813949
"GTGTTAGTCTTGAGAC-1","B cells",1
"GTTAAGCAGATGCCTT-1","T cells",1
"GTTAAGCAGCCAGAAC-1","NK",0.501667884104558
"GTTAAGCAGCCCTAAT-1","Mono",1
"GTTAAGCCAATAGCGG-1","T cells",0.982183521135062
"GTTAAGCCACATGGGA-1","T cells",0.652998449944837
"GTTAAGCCAGCTTCGG-1","T cells",0.984530230193257
"GTTAAGCCATGGGACA-1","T cells",1
"GTTAAGCCATTGGTAC-1","T cells",1
"GTTAAGCGTACCTACA-1","Mono",1
"GTTAAGCGTAGATTAG-1","Mono",1
"GTTAAGCGTATATGAG-1","B cells",1
"GTTAAGCGTCCATGAT-1","T cells",0.806207351148984
"GTTAAGCGTTCCATGA-1","Mono",1
"GTTAAGCTCATGGTCA-1","T cells",0.839290896547971
"GTTAAGCTCCTTAATC-1","T cells",1
"GTTAAGCTCGTTTAGG-1","Mono",1
"GTTACAGAGAAACCAT-1","Mono",1
"GTTACAGAGCAATATG-1","B cells",1
"GTTACAGAGCCCAGCT-1","Mono",1
"GTTACAGAGGCGCTCT-1","T cells",1
"GTTACAGAGTGAAGAG-1","T cells",0.784648824221676
"GTTACAGCAACCGCCA-1","T cells",0.956422607782551
"GTTACAGCAAGCCTAT-1","T cells",0.887736997705046
"GTTACAGCAGGATTGG-1","Mono",1
"GTTACAGCATACTACG-1","T cells",0.851153497809379
"GTTACAGGTAAACACA-1","T cells",1
"GTTACAGGTAACGACG-1","B cells",1
"GTTACAGGTAGGCTGA-1","T cells",0.962542858752359
"GTTACAGGTCCAAGTT-1","B cells",1
"GTTACAGGTCCTCTTG-1","T cells",0.963925373180218
"GTTACAGGTCTCTTTA-1","T cells",1
"GTTACAGGTCTTCTCG-1","T cells",0.982351871804764
"GTTACAGGTGTTGAGG-1","T cells",1
"GTTACAGGTGTTTGTG-1","Mono",1
"GTTACAGTCCAGGGCT-1","T cells",1
"GTTACAGTCCGAAGAG-1","Mono",1
"GTTACAGTCGCATGAT-1","T cells",1
"GTTACAGTCGTCGTTC-1","Mono",0.998227039061503
"GTTACAGTCTATCCTA-1","T cells",0.895000494115864
"GTTACAGTCTCACATT-1","Mono",1
"GTTACAGTCTCCCTGA-1","Mono",1
"GTTCATTAGCTGATAA-1","T cells",1
"GTTCATTAGGCTATCT-1","Mono",1
"GTTCATTAGGGAAACA-1","B cells",1
"GTTCATTCATCGTCGG-1","T cells",1
"GTTCATTGTACGAAAT-1","T cells",1
"GTTCATTGTCAATACC-1","Mono",1
"GTTCATTGTCCAGTTA-1","T cells",0.676230042023488
"GTTCATTGTCCGAATT-1","T cells",1
"GTTCATTGTCTTCAAG-1","B cells",1
"GTTCATTGTTCTGAAC-1","T cells",1
"GTTCATTTCACAAACC-1","Mono",1
"GTTCATTTCAGCATGT-1","T cells",0.827602952349009
"GTTCATTTCCAGTAGT-1","T cells",0.975171629092942
"GTTCATTTCCCTAACC-1","T cells",1
"GTTCATTTCTTAACCT-1","Mono",1
"GTTCGGGAGCAGCGTA-1","T cells",0.992467834427485
"GTTCGGGAGCCATCGC-1","Mono",1
"GTTCGGGAGCGGATCA-1","T cells",1
"GTTCGGGAGGAGTTGC-1","B cells",1
"GTTCGGGAGTAAGTAC-1","B cells",1
"GTTCGGGCAAGGACAC-1","T cells",1
"GTTCGGGCACCAGCAC-1","T cells",0.718610103892859
"GTTCGGGCACCTCGTT-1","T cells",1
"GTTCGGGCACGAGGTA-1","Mono",1
"GTTCGGGCAGATTGCT-1","Mono",1
"GTTCGGGCATAACCTG-1","Mono",1
"GTTCGGGGTAGCGTGA-1","T cells",0.800917539819328
"GTTCGGGGTCTTCGTC-1","Mono",1
"GTTCGGGGTGAGGCTA-1","Mono",1
"GTTCGGGTCAGTTAGC-1","B cells",1
"GTTCTCGAGCGTAATA-1","T cells",0.988211051608612
"GTTCTCGAGCTTCGCG-1","T cells",0.892555806264285
"GTTCTCGAGGACCACA-1","T cells",1
"GTTCTCGAGGGTTTCT-1","Mono",1
"GTTCTCGAGTCTCAAC-1","NK",0.932569427791257
"GTTCTCGAGTGAATTG-1","Mono",1
"GTTCTCGCACAGATTC-1","T cells",1
"GTTCTCGCACCGTTGG-1","T cells",1
"GTTCTCGCAGCCACCA-1","T cells",1
"GTTCTCGCAGGGTTAG-1","T cells",1
"GTTCTCGGTGAACCTT-1","B cells",1
"GTTCTCGGTGATAAAC-1","T cells",0.970150646644527
"GTTCTCGGTGCAACTT-1","Mono",1
"GTTCTCGGTTAGAACA-1","T cells",1
"GTTCTCGTCAGCCTAA-1","T cells",0.926014843266595
"GTTCTCGTCCGAGCCA-1","T cells",0.988089620483267
"GTTCTCGTCGAACTGT-1","B cells",1
"GTTCTCGTCTGCCCTA-1","T cells",0.832938203225073
"GTTCTCGTCTTAGCCC-1","T cells",0.977448838624955
"GTTTCTAAGAGACTTA-1","T cells",0.913538894384994
"GTTTCTAAGGAGTCTG-1","Mono",1
"GTTTCTAAGGATATAC-1","T cells",0.783424369110034
"GTTTCTAAGGTGATTA-1","Mono",1
"GTTTCTAAGTCCTCCT-1","T cells",1
"GTTTCTAAGTGTCCCG-1","T cells",0.96972398045677
"GTTTCTACACCAGGTC-1","T cells",1
"GTTTCTACACGAGGTA-1","T cells",0.910060175872544
"GTTTCTACAGCTATTG-1","T cells",0.979974483023445
"GTTTCTAGTAACGACG-1","T cells",0.945715862070882
"GTTTCTAGTCTTGTCC-1","Mono",1
"GTTTCTAGTTCGGCAC-1","Mono",1
"GTTTCTATCCACTCCA-1","T cells",1
"GTTTCTATCCTTTCTC-1","B cells",1
"GTTTCTATCGATGAGG-1","Mono",0.686979669971361
"GTTTCTATCGTAGATC-1","B cells",1
"GTTTCTATCTCAAACG-1","Mono",1
"GTTTCTATCTGGAGCC-1","T cells",1
"GTTTCTATCTTAGCCC-1","T cells",1
"TAAACCGAGAAACCTA-1","T cells",1
"TAAACCGAGAGGACGG-1","Mono",1
"TAAACCGAGCGTGAGT-1","T cells",0.97155870933118
"TAAACCGCAAGTAGTA-1","T cells",1
"TAAACCGCAGCTCGAC-1","T cells",0.957881380766523
"TAAACCGCATGTCTCC-1","T cells",0.698732392352363
"TAAACCGGTCGTGGCT-1","Mono",1
"TAAACCGGTCTAGCCG-1","T cells",1
"TAAACCGGTGTGCGTC-1","NK",0.759827732630787
"TAAACCGGTGTTAAGA-1","T cells",1
"TAAACCGGTTCCACGG-1","NK",0.885450024045929
"TAAACCGGTTGGTAAA-1","T cells",0.984409001772475
"TAAACCGTCAGAGGTG-1","T cells",1
"TAAACCGTCATCGGAT-1","T cells",0.952189229518642
"TAAACCGTCCTCTAGC-1","B cells",1
"TAAGAGAAGACCGGAT-1","Mono",1
"TAAGAGAAGCTGAACG-1","T cells",0.869293397943013
"TAAGAGAAGGCGATAC-1","T cells",0.873073929495319
"TAAGAGACAAGAGGCT-1","T cells",1
"TAAGAGACAATCGGTT-1","T cells",1
"TAAGAGACACCACGTG-1","T cells",1
"TAAGAGACACGTTGGC-1","B cells",1
"TAAGAGACAGGCGATA-1","T cells",1
"TAAGAGACAGGGCATA-1","Mono",1
"TAAGAGACAGGTTTCA-1","T cells",1
"TAAGAGACATCATCCC-1","T cells",1
"TAAGAGACATGACGGA-1","T cells",0.732728319600425
"TAAGAGAGTCTTCGTC-1","T cells",1
"TAAGAGATCAAAGTAG-1","Mono",1
"TAAGAGATCATAGCAC-1","Mono",1
"TAAGAGATCGCGCCAA-1","NK",0.916638519734047
"TAAGAGATCTGCGGCA-1","NK",0.858955465828782
"TAAGAGATCTTGCATT-1","Mono",1
"TAAGAGATCTTTACGT-1","B cells",1
"TAAGCGTAGATAGCAT-1","Platelet",0.910389640948334
"TAAGCGTAGGAGTTTA-1","B cells",1
"TAAGCGTAGGATGGTC-1","NK",0.849338155912607
"TAAGCGTCAACTTGAC-1","B cells",1
"TAAGCGTCAGATTGCT-1","NK",0.924973850273826
"TAAGCGTCAGCTGCAC-1","Mono",1
"TAAGCGTCATCGATGT-1","Mono",1
"TAAGCGTCATGGGAAC-1","Mono",1
"TAAGCGTGTACGACCC-1","Mono",1
"TAAGCGTGTCAGCTAT-1","Mono",1
"TAAGCGTGTGAGGGTT-1","Mono",1
"TAAGCGTGTGCCTGGT-1","T cells",1
"TAAGCGTTCACTCCTG-1","T cells",1
"TAAGCGTTCAGCATGT-1","Mono",1
"TAAGCGTTCGTCACGG-1","T cells",1
"TAAGTGCAGACACTAA-1","T cells",0.987723384534081
"TAAGTGCAGCGTTTAC-1","Mono",1
"TAAGTGCAGGACGAAA-1","T cells",1
"TAAGTGCCAACTGGCC-1","B cells",1
"TAAGTGCCAATGACCT-1","T cells",1
"TAAGTGCCACGGTAAG-1","Mono",1
"TAAGTGCCATGACGGA-1","B cells",1
"TAAGTGCGTCGAGATG-1","T cells",1
"TAAGTGCGTCTGGTCG-1","T cells",1
"TAAGTGCGTGCGGTAA-1","Mono",1
"TAAGTGCTCACCCGAG-1","T cells",1
"TAAGTGCTCAGTTTGG-1","B cells",1
"TAAGTGCTCCCTTGCA-1","Mono",1
"TAAGTGCTCGTACCGG-1","T cells",0.97422208026985
"TAAGTGCTCTACTCAT-1","T cells",1
"TACACGAAGACACGAC-1","B cells",1
"TACACGAAGCAGACTG-1","T cells",1
"TACACGAAGCCGGTAA-1","NK",0.839055957599226
"TACACGAAGCTAGTCT-1","Mono",1
"TACACGACAAGTAATG-1","Mono",1
"TACACGACATCACGTA-1","B cells",1
"TACACGACATGTTCCC-1","T cells",1
"TACACGAGTAAGAGGA-1","Mono",1
"TACACGAGTCTCACCT-1","Mono",1
"TACACGAGTGATGATA-1","T cells",0.995445358650635
"TACACGAGTGTCGCTG-1","T cells",1
"TACACGATCAAACAAG-1","Mono",1
"TACACGATCATCTGCC-1","T cells",0.982087442705242
"TACACGATCTAACCGA-1","T cells",1
"TACAGTGAGCCAGAAC-1","B cells",1
"TACAGTGAGGACGAAA-1","T cells",1
"TACAGTGAGGGAAACA-1","T cells",0.859553874384761
"TACAGTGCACACCGAC-1","T cells",0.764831603561189
"TACAGTGCACGTGAGA-1","T cells",1
"TACAGTGCATCCGCGA-1","T cells",1
"TACAGTGTCACATGCA-1","Mono",1
"TACAGTGTCATATCGG-1","B cells",1
"TACAGTGTCATCGGAT-1","Mono",1
"TACAGTGTCCAACCAA-1","T cells",1
"TACAGTGTCTTTAGGG-1","Mono",1
"TACCTATAGAAGGCCT-1","T cells",0.950263830084884
"TACCTATAGAGGGCTT-1","T cells",1
"TACCTATAGCTTATCG-1","T cells",1
"TACCTATCAATGGAGC-1","T cells",1
"TACCTATCATGGTCTA-1","T cells",1
"TACCTATGTAAGTAGT-1","T cells",0.881319064620836
"TACCTATGTATCAGTC-1","Mono",1
"TACCTATGTCCGAGTC-1","Mono",1
"TACCTATGTGCAGACA-1","Mono",1
"TACCTATGTTCAGCGC-1","Mono",1
"TACCTATGTTGCTCCT-1","Mono",1
"TACCTATTCTTCATGT-1","T cells",1
"TACCTATTCTTGAGGT-1","Mono",1
"TACCTTAAGAAGAAGC-1","T cells",1
"TACCTTAAGACAGGCT-1","T cells",1
"TACCTTAAGACCACGA-1","Mono",1
"TACCTTAAGATGCCTT-1","T cells",0.590046720047321
"TACCTTAAGCAGACTG-1","T cells",0.983707806475136
"TACCTTAAGCGCCTTG-1","T cells",1
"TACCTTAAGGTGCAAC-1","T cells",0.990631342995375
"TACCTTACAAGGCTCC-1","B cells",1
"TACCTTACACAGATTC-1","T cells",0.736263208781597
"TACCTTACATACAGCT-1","Mono",1
"TACCTTACATCACAAC-1","B cells",1
"TACCTTAGTACGACCC-1","B cells",1
"TACCTTAGTCTCACCT-1","B cells",0.999999999999999
"TACCTTAGTGTCCTCT-1","T cells",0.955986651045495
"TACCTTAGTTCGCTAA-1","B cells",1
"TACCTTATCAACACAC-1","Mono",1
"TACCTTATCACCGGGT-1","B cells",1
"TACCTTATCACTTCAT-1","Mono",1
"TACCTTATCCAAAGTC-1","Mono",1
"TACCTTATCCAATGGT-1","B cells",1
"TACCTTATCGAATCCA-1","Mono",1
"TACCTTATCGAGAACG-1","T cells",0.760061410681909
"TACCTTATCGCCATAA-1","T cells",0.874794687747625
"TACCTTATCTAACGGT-1","T cells",0.765673563308426
"TACGGATAGCCCAACC-1","Mono",1
"TACGGATAGGCTCAGA-1","Mono",1
"TACGGATAGTAACCCT-1","Mono",1
"TACGGATAGTCTCAAC-1","Mono",1
"TACGGATAGTGCCATT-1","Mono",1
"TACGGATCAAGTTGTC-1","T cells",0.741655872493742
"TACGGATCAATCAGAA-1","T cells",0.572987747621321
"TACGGATCACGGCCAT-1","NK",0.885636796415683
"TACGGATCATGTAGTC-1","Mono",1
"TACGGATGTAAGTAGT-1","T cells",1
"TACGGATGTGCTCTTC-1","T cells",1
"TACGGATGTTCTGAAC-1","T cells",0.627854052090972
"TACGGATGTTTGGCGC-1","T cells",0.791450118176063
"TACGGATTCACAAACC-1","T cells",0.84036079944159
"TACGGATTCACTTACT-1","T cells",1
"TACGGATTCCGCGGTA-1","Mono",1
"TACGGATTCCGTCATC-1","Mono",1
"TACGGGCAGCACACAG-1","Mono",1
"TACGGGCCAATCACAC-1","T cells",1
"TACGGGCCACGTCAGC-1","Mono",1
"TACGGGCCAGATAATG-1","B cells",1
"TACGGGCCAGCGTTCG-1","Mono",1
"TACGGGCCATAGTAAG-1","T cells",1
"TACGGGCGTAGAGTGC-1","Mono",1
"TACGGGCGTCTCACCT-1","NK",0.947872001990154
"TACGGGCGTCTGGAGA-1","Mono",0.999999999999999
"TACGGGCGTGATAAAC-1","Mono",0.93686191628093
"TACGGGCGTTATCCGA-1","NK",0.943625226304407
"TACGGTAAGAAACCTA-1","Mono",1
"TACGGTAAGAGTACCG-1","T cells",0.973703393693484
"TACGGTAAGCCCTAAT-1","B cells",1
"TACGGTAAGGCATGGT-1","NK",0.896440464687689
"TACGGTAAGGCATGTG-1","NK",0.784365593920009
"TACGGTAAGTGGGTTG-1","T cells",0.778890806957578
"TACGGTACACATGGGA-1","T cells",0.991254936266177
"TACGGTACAGCGATCC-1","T cells",0.708874864927382
"TACGGTACATACTCTT-1","B cells",1
"TACGGTAGTCGGCACT-1","T cells",1
"TACGGTAGTGTGGCTC-1","T cells",1
"TACGGTAGTTCACGGC-1","B cells",1
"TACGGTATCAGCAACT-1","T cells",1
"TACTCATAGAATTGTG-1","Mono",1
"TACTCATAGTACGACG-1","T cells",1
"TACTCATCAAACCTAC-1","B cells",1
"TACTCATCAATGTTGC-1","Mono",1
"TACTCATCAGGTCTCG-1","B cells",1
"TACTCATCATATACGC-1","B cells",1
"TACTCATCATGTCTCC-1","T cells",1
"TACTCATCATTTGCCC-1","NK",0.828061831383641
"TACTCATGTAGGCTGA-1","T cells",1
"TACTCATGTCAGCTAT-1","T cells",0.726903000981203
"TACTCATGTCATGCAT-1","T cells",0.839412471979956
"TACTCATGTGAAGGCT-1","Mono",1
"TACTCATGTTATGCGT-1","T cells",0.767357961075798
"TACTCATTCAACGGCC-1","T cells",1
"TACTCATTCAGGTTCA-1","T cells",0.765384372083513
"TACTCATTCATTTGGG-1","T cells",0.924491854716822
"TACTCATTCCACGAAT-1","B cells",1
"TACTCATTCCGTCAAA-1","Mono",1
"TACTCATTCGCCATAA-1","Mono",0.772603667421489
"TACTCATTCGGTTCGG-1","Mono",1
"TACTCATTCTCCCTGA-1","Mono",1
"TACTCGCAGAATTCCC-1","T cells",1
"TACTCGCAGCTCCCAG-1","T cells",1
"TACTCGCAGGCCCTTG-1","NK",0.982788548984987
"TACTCGCAGTGTTTGC-1","Mono",1
"TACTCGCCAAGGTTTC-1","T cells",0.717858333721688
"TACTCGCCAAGTTAAG-1","T cells",1
"TACTCGCCACTATCTT-1","T cells",1
"TACTCGCCAGGCAGTA-1","B cells",1
"TACTCGCGTACCTACA-1","T cells",1
"TACTCGCGTAGCACGA-1","Mono",1
"TACTCGCGTCATTAGC-1","T cells",1
"TACTCGCGTGTAAGTA-1","Mono",1
"TACTCGCGTGTCTGAT-1","T cells",1
"TACTCGCGTGTTAAGA-1","Mono",1
"TACTCGCGTTGAGGTG-1","Mono",1
"TACTCGCTCCACGTGG-1","B cells",1
"TACTCGCTCGTTACAG-1","Mono",1
"TACTCGCTCTCGGACG-1","T cells",1
"TACTTACAGAAACGAG-1","T cells",0.954096961836273
"TACTTACAGAAGGTGA-1","T cells",0.983353554042407
"TACTTACAGCTACCTA-1","Mono",1
"TACTTACAGGGATCTG-1","T cells",1
"TACTTACAGGTACTCT-1","T cells",1
"TACTTACAGGTCGGAT-1","T cells",1
"TACTTACAGTAGTGCG-1","B cells",1
"TACTTACCAATGGTCT-1","T cells",1
"TACTTACCACAAGACG-1","Mono",1
"TACTTACCACCACCAG-1","B cells",1
"TACTTACCACCCATTC-1","NK",0.89211324959166
"TACTTACCAGCTGCAC-1","Mono",1
"TACTTACCATGGGAAC-1","Mono",1
"TACTTACCATTGGGCC-1","Mono",1
"TACTTACGTATGAAAC-1","B cells",1
"TACTTACGTTCGGGCT-1","B cells",1
"TACTTACGTTGGAGGT-1","T cells",1
"TACTTACTCCCTGACT-1","T cells",1
"TACTTACTCGATAGAA-1","Mono",0.997967754218605
"TACTTGTAGTCTTGCA-1","T cells",0.815125278125285
"TACTTGTCACTTCTGC-1","Mono",1
"TACTTGTCAGTAGAGC-1","Mono",1
"TACTTGTCATACAGCT-1","T cells",1
"TACTTGTCATCAGTCA-1","Mono",1
"TACTTGTCATCCGGGT-1","B cells",1
"TACTTGTGTATTCTCT-1","T cells",0.89088217329117
"TACTTGTGTCGAAAGC-1","T cells",1
"TACTTGTGTCGCGGTT-1","T cells",1
"TACTTGTGTGACGCCT-1","T cells",1
"TACTTGTGTGATGATA-1","T cells",1
"TACTTGTGTGTGGCTC-1","Mono",1
"TACTTGTGTTAAGATG-1","Mono",1
"TACTTGTGTTAAGGGC-1","Mono",1
"TACTTGTGTTCCACGG-1","T cells",0.957103588188707
"TACTTGTGTTCTGAAC-1","Mono",1
"TACTTGTTCACGCGGT-1","B cells",1
"TACTTGTTCCGAAGAG-1","T cells",1
"TACTTGTTCCTAGAAC-1","B cells",1
"TACTTGTTCCTCCTAG-1","NK",0.969246486718644
"TACTTGTTCCTTGGTC-1","Mono",1
"TACTTGTTCGAGAGCA-1","T cells",0.710515062384599
"TACTTGTTCTCGTATT-1","T cells",0.994158903560918
"TACTTGTTCTGCCAGG-1","T cells",0.920086125486186
"TAGACCAAGCAAATCA-1","T cells",1
"TAGACCAAGCCCTAAT-1","T cells",1
"TAGACCAAGGGCACTA-1","T cells",1
"TAGACCAAGGTGCACA-1","Mono",1
"TAGACCAAGTACGCGA-1","Mono",1
"TAGACCACACGGTGTC-1","NK",0.988345985375435
"TAGACCAGTAAGCACG-1","T cells",1
"TAGACCAGTACAGTGG-1","Mono",1
"TAGACCAGTACCGCTG-1","Mono",1
"TAGACCAGTCAACATC-1","T cells",0.931560918773166
"TAGACCAGTCCGAACC-1","T cells",0.985498400412077
"TAGACCAGTCGCATAT-1","NK",0.662176491188307
"TAGACCAGTCGGGTCT-1","Mono",1
"TAGACCAGTCTCTTAT-1","Mono",1
"TAGACCAGTCTGATTG-1","Mono",1
"TAGACCAGTGCAGGTA-1","Mono",1
"TAGACCAGTGGCAAAC-1","T cells",0.656416593986532
"TAGACCATCATGTGGT-1","Mono",1
"TAGACCATCCCGACTT-1","Mono",1
"TAGAGCTAGAATTGTG-1","Mono",1
"TAGAGCTAGAGCCTAG-1","Mono",1
"TAGAGCTAGCACACAG-1","B cells",1
"TAGAGCTAGCCACGCT-1","T cells",1
"TAGAGCTAGCCACGTC-1","B cells",1
"TAGAGCTAGCTACCGC-1","Mono",1
"TAGAGCTAGTGTCCAT-1","Mono",1
"TAGAGCTCAAGTCTGT-1","Mono",1
"TAGAGCTCACTTAACG-1","T cells",1
"TAGAGCTCAGCGTAAG-1","Mono",1
"TAGAGCTCATGGTAGG-1","T cells",0.783145296785381
"TAGAGCTGTAAGGATT-1","T cells",1
"TAGAGCTGTCGTCTTC-1","T cells",0.926799334916131
"TAGAGCTGTCTCTTTA-1","Mono",1
"TAGCCGGAGAAACCTA-1","T cells",1
"TAGCCGGAGCTGATAA-1","T cells",0.957265997910469
"TAGCCGGAGTAATCCC-1","T cells",0.801690557456648
"TAGCCGGCAAGACACG-1","T cells",0.663500256256375
"TAGCCGGCACCACCAG-1","T cells",1
"TAGCCGGGTAGAGTGC-1","B cells",1
"TAGCCGGGTGAGGCTA-1","Mono",1
"TAGCCGGGTGTGAAAT-1","T cells",0.742529387414009
"TAGCCGGTCAACACGT-1","Mono",1
"TAGCCGGTCTGTACGA-1","B cells",1
"TAGGCATAGCACACAG-1","NK",0.86972684948206
"TAGGCATAGCCCGAAA-1","B cells",1
"TAGGCATAGGTGCACA-1","Mono",1
"TAGGCATAGTCAAGGC-1","T cells",0.596675119537472
"TAGGCATAGTGTCTCA-1","T cells",0.800585272072548
"TAGGCATCAAAGGCGT-1","T cells",0.8964073123609
"TAGGCATCACATCCAA-1","T cells",1
"TAGGCATCACATGACT-1","Mono",1
"TAGGCATCATCAGTCA-1","T cells",1
"TAGGCATGTACATCCA-1","B cells",0.999999999999999
"TAGGCATGTCATGCAT-1","T cells",0.885361111233058
"TAGGCATGTCGGCACT-1","B cells",1
"TAGGCATGTGACAAAT-1","T cells",1
"TAGGCATTCAAAGACA-1","Mono",1
"TAGGCATTCACGACTA-1","Mono",1
"TAGGCATTCACTCCTG-1","Mono",1
"TAGGCATTCCGAAGAG-1","Mono",1
"TAGGCATTCCGCAGTG-1","T cells",1
"TAGGCATTCCTTGACC-1","Platelet",0.972800627801119
"TAGGCATTCGATGAGG-1","T cells",0.969390826689653
"TAGGCATTCTGTCTCG-1","Platelet",0.658863617528375
"TAGTGGTAGAGTACAT-1","T cells",1
"TAGTGGTAGCAGACTG-1","T cells",0.856365614609943
"TAGTGGTAGTGGAGTC-1","T cells",1
"TAGTGGTAGTTACGGG-1","T cells",1
"TAGTGGTCACGCCAGT-1","Mono",1
"TAGTGGTCAGCGATCC-1","Mono",1
"TAGTGGTCAGCTGCTG-1","T cells",1
"TAGTGGTCATGTAGTC-1","Mono",1
"TAGTGGTGTCATATGC-1","Mono",1
"TAGTGGTGTCCAACTA-1","T cells",1
"TAGTGGTGTGCATCTA-1","T cells",1
"TAGTGGTTCACATAGC-1","T cells",0.988226453771318
"TAGTGGTTCCGCGTTT-1","T cells",0.989698516734198
"TAGTGGTTCCGTACAA-1","T cells",0.966321335309188
"TAGTGGTTCTCGGACG-1","Mono",1
"TAGTTGGAGAAACCTA-1","B cells",1
"TAGTTGGAGACTGGGT-1","B cells",1
"TAGTTGGAGAGCCTAG-1","T cells",0.988142639915563
"TAGTTGGAGATCACGG-1","B cells",1
"TAGTTGGAGATGTCGG-1","T cells",0.88003599457567
"TAGTTGGAGTGAATTG-1","T cells",0.899613523026065
"TAGTTGGCACATAACC-1","T cells",0.745849851772221
"TAGTTGGCACGAAAGC-1","T cells",0.840453849686902
"TAGTTGGCAGCAGTTT-1","B cells",1
"TAGTTGGCATCTCGCT-1","T cells",1
"TAGTTGGGTACAGCAG-1","B cells",1
"TAGTTGGGTATCAGTC-1","NK",0.867810467365645
"TAGTTGGGTCTCCCTA-1","Mono",1
"TAGTTGGGTTACGTCA-1","T cells",0.717037194530828
"TAGTTGGGTTCAGACT-1","Mono",1
"TAGTTGGGTTGGTGGA-1","T cells",0.987173109621335
"TAGTTGGTCCAGATCA-1","T cells",1
"TAGTTGGTCTCAACTT-1","T cells",0.651867025918087
"TAGTTGGTCTGACCTC-1","Mono",1
"TATCAGGAGAAAGTGG-1","T cells",1
"TATCAGGAGATCTGAA-1","Mono",1
"TATCAGGCAACTTGAC-1","T cells",1
"TATCAGGCAAGGTTTC-1","B cells",1
"TATCAGGCAGGATCGA-1","T cells",1
"TATCAGGCATCCGCGA-1","T cells",1
"TATCAGGGTAATCGTC-1","Mono",1
"TATCAGGGTATATGAG-1","T cells",0.949760725097966
"TATCAGGGTCCGTTAA-1","Mono",1
"TATCAGGGTCTCAACA-1","B cells",1
"TATCAGGGTTCAACCA-1","T cells",0.971833647319539
"TATCAGGTCCCGGATG-1","Mono",1
"TATCAGGTCGAGAGCA-1","Mono",1
"TATCAGGTCGGCATCG-1","T cells",0.878169334036252
"TATCTCAAGCAGCCTC-1","T cells",0.870925729145475
"TATCTCAAGCGTCTAT-1","B cells",1
"TATCTCACAGATGGGT-1","T cells",1
"TATCTCACATCGGAAG-1","Mono",1
"TATCTCACATGCGCAC-1","Mono",1
"TATCTCACATGCTAGT-1","B cells",1
"TATCTCAGTAAGGGAA-1","T cells",0.963524127340813
"TATCTCAGTAGAGCTG-1","T cells",0.777394990667635
"TATCTCAGTCGCATAT-1","T cells",1
"TATCTCATCCACTGGG-1","Mono",1
"TATCTCATCCCTCAGT-1","B cells",1
"TATCTCATCCTATTCA-1","T cells",0.754190306157163
"TATGCCCAGACACGAC-1","T cells",0.900768524224045
"TATGCCCAGACGCAAC-1","T cells",0.987355831580943
"TATGCCCAGATGTAAC-1","T cells",1
"TATGCCCAGTATGACA-1","B cells",1
"TATGCCCCACGGCTAC-1","NK",0.885945399509243
"TATGCCCCATGTAGTC-1","Mono",1
"TATGCCCTCAACACCA-1","Mono",1
"TATGCCCTCAGGATCT-1","T cells",0.726119067817826
"TATGCCCTCTCATTCA-1","Mono",1
"TATTACCAGCCAGAAC-1","T cells",0.870328769059516
"TATTACCAGCCCAACC-1","T cells",1
"TATTACCAGGATTCGG-1","T cells",1
"TATTACCAGGCAGTCA-1","T cells",1
"TATTACCAGGTGTTAA-1","NK",0.557755726706173
"TATTACCAGTCAAGGC-1","T cells",0.948268340740759
"TATTACCCAAGCTGAG-1","T cells",1
"TATTACCCAATAGCGG-1","T cells",1
"TATTACCCACAAGTAA-1","T cells",0.851272134051628
"TATTACCCACGAGAGT-1","Mono",1
"TATTACCCAGCGAACA-1","NK",0.844787516907269
"TATTACCCATATACGC-1","T cells",0.951478607489938
"TATTACCCATGTAGTC-1","T cells",0.831854121152822
"TATTACCCATGTCCTC-1","T cells",1
"TATTACCGTACTCAAC-1","Mono",1
"TATTACCGTTAGGGTG-1","T cells",0.789692218041284
"TATTACCGTTGTTTGG-1","Mono",1
"TATTACCTCACTTCAT-1","T cells",1
"TATTACCTCGGAATCT-1","Mono",1
"TCAACGAAGAACAATC-1","T cells",0.929608392710484
"TCAACGAAGCGGCTTC-1","B cells",1
"TCAACGAAGCTCTCGG-1","Mono",1
"TCAACGAAGGTTACCT-1","T cells",0.743327676244459
"TCAACGAAGTCAAGGC-1","Mono",1
"TCAACGACAGTGACAG-1","Mono",1
"TCAACGAGTAGAGCTG-1","Mono",1
"TCAACGAGTCATATGC-1","Mono",1
"TCAACGAGTGCAGACA-1","B cells",1
"TCAACGAGTGCCTTGG-1","T cells",0.998166068462075
"TCAACGAGTGCTAGCC-1","Mono",1
"TCAACGAGTGTTCGAT-1","Mono",1
"TCAACGAGTTCTGGTA-1","Mono",1
"TCAACGAGTTGGACCC-1","Mono",1
"TCAACGATCAGTGTTG-1","T cells",1
"TCAACGATCATGTCCC-1","T cells",1
"TCAACGATCTGGAGCC-1","Mono",1
"TCAACGATCTGGTATG-1","T cells",0.695932672441547
"TCAATCTAGAAGAAGC-1","Mono",1
"TCAATCTAGATAGTCA-1","T cells",0.994641252514531
"TCAATCTAGCACCGTC-1","Mono",1
"TCAATCTAGCCTTGAT-1","T cells",1
"TCAATCTCAACGCACC-1","Mono",1
"TCAATCTCAAGCGATG-1","B cells",1
"TCAATCTCAATCAGAA-1","B cells",1
"TCAATCTCAGACAAGC-1","B cells",1
"TCAATCTCAGCTGCAC-1","Mono",1
"TCAATCTCATCCTAGA-1","T cells",0.986592058809971
"TCAATCTGTAAACGCG-1","T cells",0.980757220292973
"TCAATCTGTCATCGGC-1","B cells",1
"TCAATCTGTGAAGGCT-1","T cells",1
"TCAATCTGTTCCGTCT-1","T cells",1
"TCAATCTGTTGAGTTC-1","Mono",1
"TCAATCTTCAACGGGA-1","T cells",0.989436568716718
"TCAATCTTCACCACCT-1","Mono",1
"TCAATCTTCAGCTTAG-1","Platelet",1
"TCAATCTTCCGAAGAG-1","Mono",1
"TCAATCTTCTCACATT-1","T cells",1
"TCACAAGAGAAAGTGG-1","Mono",1
"TCACAAGAGTCGCCGT-1","T cells",0.661139156281366
"TCACAAGCAATTCCTT-1","Mono",1
"TCACAAGCACAACGTT-1","T cells",1
"TCACAAGCACGAAAGC-1","Mono",1
"TCACAAGCAGCGTAAG-1","T cells",0.987358869391515
"TCACAAGCAGTATGCT-1","T cells",0.793575725043377
"TCACAAGCATGGATGG-1","Mono",1
"TCACAAGCATTAGGCT-1","Mono",1
"TCACAAGGTATAGGTA-1","B cells",1
"TCACAAGGTCGCATCG-1","T cells",0.9291630422552
"TCACAAGGTGACTCAT-1","Mono",1
"TCACAAGGTGCTAGCC-1","T cells",1
"TCACAAGGTTACAGAA-1","T cells",1
"TCACAAGGTTGACGTT-1","T cells",0.771662472757802
"TCACAAGTCAAGAAGT-1","Mono",1
"TCACAAGTCAAGATCC-1","T cells",0.904247793146029
"TCACAAGTCAATACCG-1","T cells",1
"TCACAAGTCACATAGC-1","T cells",0.90141975022263
"TCACAAGTCCTCATTA-1","Mono",1
"TCACAAGTCGGAAACG-1","B cells",1
"TCACGAAAGATCACGG-1","Mono",1
"TCACGAAAGATCTGCT-1","T cells",1
"TCACGAAAGCACCGCT-1","T cells",0.693051849921735
"TCACGAAAGCGTCTAT-1","T cells",1
"TCACGAAAGCTATGCT-1","T cells",0.913215609453743
"TCACGAAAGGCTCTTA-1","T cells",0.844564859136083
"TCACGAAAGGTCGGAT-1","B cells",1
"TCACGAACAAGTCATC-1","T cells",1
"TCACGAACATGGTCTA-1","T cells",0.842737985420431
"TCACGAACATGTAAGA-1","T cells",1
"TCACGAAGTCGAATCT-1","T cells",0.895636286931634
"TCACGAAGTTCCCTTG-1","B cells",1
"TCACGAATCAAGGTAA-1","T cells",1
"TCACGAATCGAATCCA-1","B cells",1
"TCACGAATCTAGAGTC-1","B cells",1
"TCAGATGAGCCGATTT-1","Mono",1
"TCAGATGAGGAACTGC-1","T cells",1
"TCAGATGAGGCATTGG-1","T cells",0.983503397140491
"TCAGATGAGTGAAGAG-1","Mono",1
"TCAGATGCACGCGAAA-1","Mono",1
"TCAGATGCACTCAGGC-1","B cells",1
"TCAGATGCAGATTGCT-1","T cells",1
"TCAGATGCAGGCTGAA-1","T cells",0.959214805287748
"TCAGATGGTAGCGTCC-1","T cells",0.923929251239936
"TCAGATGGTATATGAG-1","Platelet",0.772665470124009
"TCAGATGGTCATATGC-1","T cells",0.65155769248159
"TCAGATGGTTAGTGGG-1","T cells",1
"TCAGATGGTTCCCGAG-1","Mono",1
"TCAGATGTCTATCGCC-1","B cells",1
"TCAGCAAAGAGCCTAG-1","B cells",1
"TCAGCAAAGCCCAGCT-1","T cells",1
"TCAGCAAAGGGAGTAA-1","T cells",1
"TCAGCAAAGTGGGCTA-1","Mono",1
"TCAGCAAAGTGGTAAT-1","Mono",1
"TCAGCAACACTAAGTC-1","Mono",1
"TCAGCAACAGCATACT-1","T cells",1
"TCAGCAACAGCTGTAT-1","B cells",1
"TCAGCAAGTACGCTGC-1","B cells",1
"TCAGCAAGTCTAGAGG-1","T cells",1
"TCAGCAAGTGGGTCAA-1","Mono",1
"TCAGCAAGTTACGACT-1","T cells",1
"TCAGCAATCAGGATCT-1","Mono",1
"TCAGCAATCATAAAGG-1","Mono",1
"TCAGCTCAGACCCACC-1","T cells",0.973309389240998
"TCAGCTCAGCGATGAC-1","T cells",1
"TCAGCTCAGGCCCGTT-1","T cells",0.955119402294351
"TCAGCTCCACAAGCCC-1","T cells",1
"TCAGCTCCAGACAAAT-1","T cells",0.889887062293396
"TCAGCTCCAGTAACGG-1","B cells",1
"TCAGCTCCATCGGGTC-1","Mono",1
"TCAGCTCCATGCATGT-1","T cells",1
"TCAGCTCCATTCCTGC-1","T cells",1
"TCAGCTCGTACAGTTC-1","NK",0.926049197969341
"TCAGCTCGTACGACCC-1","T cells",0.971035745623597
"TCAGCTCGTACGCTGC-1","T cells",1
"TCAGCTCGTCAGATAA-1","NK",0.95086977624354
"TCAGCTCGTCTCCATC-1","T cells",1
"TCAGCTCGTTCAGGCC-1","T cells",1
"TCAGCTCGTTCGGCAC-1","Mono",1
"TCAGCTCGTTGCCTCT-1","NK",0.969765176545805
"TCAGCTCGTTTGACTG-1","T cells",1
"TCAGCTCTCACCGGGT-1","B cells",1
"TCAGCTCTCAGAAATG-1","T cells",0.696354944603182
"TCAGCTCTCAGTTCGA-1","T cells",1
"TCAGCTCTCCGTAGTA-1","Mono",1
"TCAGCTCTCCTGCAGG-1","Mono",1
"TCAGCTCTCGTTACGA-1","T cells",0.954534608954674
"TCAGCTCTCTGAAAGA-1","T cells",1
"TCAGGATAGAGTTGGC-1","T cells",0.829155721989058
"TCAGGATAGATCTGAA-1","T cells",0.956966221386462
"TCAGGATAGCAGGCTA-1","NK",0.98191184046319
"TCAGGATAGCTAGCCC-1","B cells",1
"TCAGGATAGGACCACA-1","Mono",1
"TCAGGATAGGATGTAT-1","B cells",1
"TCAGGATAGGTGGGTT-1","T cells",1
"TCAGGATAGTCCTCCT-1","Mono",1
"TCAGGATAGTGGGATC-1","B cells",1
"TCAGGATCAAGCGATG-1","T cells",1
"TCAGGATCAAGGTTTC-1","Mono",1
"TCAGGATCAGTCTTCC-1","B cells",1
"TCAGGATCATCATCCC-1","T cells",0.893009894285075
"TCAGGATCATGGTTGT-1","Mono",1
"TCAGGATGTACCTACA-1","B cells",1
"TCAGGATGTCTCTTTA-1","Mono",1
"TCAGGATGTCTTGTCC-1","T cells",0.957756408313043
"TCAGGATTCAGTGTTG-1","NK",0.961164582684915
"TCAGGATTCTCCAACC-1","T cells",0.769413778572043
"TCAGGTAAGCACACAG-1","Mono",1
"TCAGGTAAGCGCTTAT-1","T cells",1
"TCAGGTACAAGCCGTC-1","Mono",1
"TCAGGTACAAGCGATG-1","T cells",0.987111192779936
"TCAGGTACACATGGGA-1","B cells",1
"TCAGGTAGTAATCGTC-1","T cells",0.884765751945901
"TCAGGTAGTCGAACAG-1","T cells",0.797817992565878
"TCAGGTAGTCTTGTCC-1","T cells",0.676417656048096
"TCAGGTAGTTCGTGAT-1","T cells",1
"TCAGGTAGTTGTTTGG-1","T cells",1
"TCAGGTATCAAGGTAA-1","T cells",1
"TCAGGTATCAGCTCGG-1","B cells",1
"TCAGGTATCATCTGTT-1","T cells",1
"TCAGGTATCCTCGCAT-1","Mono",1
"TCAGGTATCGGCGCAT-1","B cells",1
"TCAGGTATCTACCTGC-1","T cells",1
"TCAGGTATCTCTTGAT-1","T cells",0.996334529337992
"TCAGGTATCTGTGCAA-1","T cells",0.947639768669917
"TCAGGTATCTTGACGA-1","Mono",1
"TCAGGTATCTTTACGT-1","T cells",1
"TCATTACAGTGTGGCA-1","B cells",1
"TCATTACAGTTACGGG-1","Mono",1
"TCATTACCAGTATGCT-1","Mono",1
"TCATTACCATGTAAGA-1","Mono",1
"TCATTACGTAAAGTCA-1","B cells",1
"TCATTACGTACACCGC-1","Platelet",1
"TCATTACGTCGACTGC-1","T cells",0.799407998547538
"TCATTACGTCGTCTTC-1","Mono",1
"TCATTACGTTACGTCA-1","T cells",1
"TCATTACGTTATCCGA-1","T cells",0.756400757541718
"TCATTACTCACTTATC-1","Mono",1
"TCATTACTCATTGCCC-1","T cells",0.875297444944523
"TCATTACTCCCTTGTG-1","T cells",0.975263188048713
"TCATTACTCGACAGCC-1","B cells",1
"TCATTACTCGTTGCCT-1","T cells",0.62403088065484
"TCATTTGAGATGAGAG-1","Mono",1
"TCATTTGAGCTCCTCT-1","Mono",1
"TCATTTGAGGATGTAT-1","Mono",1
"TCATTTGAGTGTACTC-1","T cells",1
"TCATTTGCACGCTTTC-1","B cells",1
"TCATTTGCACTGTCGG-1","B cells",1
"TCATTTGCAGAGCCAA-1","T cells",1
"TCATTTGCATCCCACT-1","T cells",0.86073541208464
"TCATTTGCATTTGCCC-1","T cells",1
"TCATTTGGTAAGTAGT-1","T cells",1
"TCATTTGGTCCCTTGT-1","T cells",0.900745701943704
"TCATTTGGTCTAGCCG-1","T cells",1
"TCATTTGGTGAACCTT-1","T cells",1
"TCATTTGGTGAGGCTA-1","B cells",1
"TCATTTGGTGATAAAC-1","T cells",1
"TCATTTGTCGTTGACA-1","B cells",1
"TCATTTGTCTACTATC-1","B cells",1
"TCATTTGTCTTTACGT-1","T cells",1
"TCCACACAGCGATAGC-1","Mono",1
"TCCACACAGCTAGTTC-1","Mono",1
"TCCACACAGCTTATCG-1","T cells",0.840977091004001
"TCCACACAGGAATCGC-1","Mono",1
"TCCACACCAATAAGCA-1","T cells",0.967765956812922
"TCCACACCAATGCCAT-1","T cells",1
"TCCACACCACGGCTAC-1","Mono",1
"TCCACACCACTATCTT-1","T cells",1
"TCCACACCAGGAATGC-1","Mono",1
"TCCACACCATAAGACA-1","T cells",1
"TCCACACCATCCGTGG-1","T cells",0.991912872591884
"TCCACACCATGTTGAC-1","B cells",1
"TCCACACCATTGAGCT-1","T cells",0.969864051833361
"TCCACACGTGGGTCAA-1","T cells",0.883528145657815
"TCCACACGTGGTACAG-1","B cells",1
"TCCACACGTTATTCTC-1","B cells",1
"TCCACACTCCTGCTTG-1","Mono",1
"TCCACACTCCTTTACA-1","T cells",1
"TCCCGATAGCTGATAA-1","T cells",0.813233007357319
"TCCCGATAGTTACGGG-1","T cells",1
"TCCCGATCAAGGGTCA-1","B cells",1
"TCCCGATCACCAGTTA-1","T cells",1
"TCCCGATCACTGTGTA-1","B cells",1
"TCCCGATCAGGACGTA-1","B cells",1
"TCCCGATGTATGGTTC-1","Mono",1
"TCCCGATGTGATGCCC-1","T cells",0.708727034493924
"TCCCGATGTTAAGATG-1","Mono",1
"TCCCGATGTTTAGGAA-1","T cells",1
"TCCCGATTCATGCTCC-1","Mono",1
"TCCCGATTCCAAACTG-1","Mono",1
"TCCCGATTCCGAACGC-1","T cells",1
"TCGAGGCAGCATCATC-1","T cells",1
"TCGAGGCAGTGAACGC-1","T cells",1
"TCGAGGCAGTGGTAGC-1","B cells",1
"TCGAGGCAGTTTCCTT-1","T cells",1
"TCGAGGCCAAAGGTGC-1","Mono",1
"TCGAGGCCAAGGACTG-1","Mono",1
"TCGAGGCCACGAAATA-1","Mono",1
"TCGAGGCCAGGCGATA-1","T cells",1
"TCGAGGCCAGGTCTCG-1","Mono",1
"TCGAGGCGTATCACCA-1","Mono",1
"TCGAGGCGTCGCATCG-1","Mono",1
"TCGAGGCGTCTCTTAT-1","T cells",1
"TCGAGGCGTGCACCAC-1","Mono",1
"TCGAGGCGTGTAAGTA-1","T cells",0.952861660499556
"TCGAGGCTCACAGGCC-1","Mono",1
"TCGAGGCTCAGAGCTT-1","T cells",1
"TCGAGGCTCAGCTCTC-1","T cells",1
"TCGAGGCTCATGCATG-1","Mono",1
"TCGAGGCTCATGTCCC-1","T cells",1
"TCGAGGCTCCGTACAA-1","B cells",1
"TCGAGGCTCCTACAGA-1","T cells",1
"TCGAGGCTCCTAGAAC-1","T cells",1
"TCGAGGCTCGGCATCG-1","B cells",1
"TCGAGGCTCGGTCTAA-1","T cells",0.856273220536121
"TCGAGGCTCTGGTATG-1","T cells",1
"TCGCGAGAGAAGCCCA-1","Mono",0.886917627129629
"TCGCGAGAGCTAAGAT-1","NK",0.894029483436455
"TCGCGAGAGTGTACCT-1","T cells",1
"TCGCGAGCACAGCGTC-1","Mono",1
"TCGCGAGCACATCCAA-1","Mono",1
"TCGCGAGCACCGAATT-1","B cells",1
"TCGCGAGCACTTGGAT-1","Mono",1
"TCGCGAGCAGTATGCT-1","T cells",1
"TCGCGAGCAGTTTACG-1","Mono",1
"TCGCGAGGTGATGCCC-1","T cells",0.747169258239172
"TCGCGAGGTGCGATAG-1","B cells",1
"TCGCGAGGTGGTGTAG-1","T cells",0.888405982548948
"TCGCGAGGTGTAATGA-1","T cells",1
"TCGCGAGTCAGTTGAC-1","T cells",0.906092076845864
"TCGCGAGTCGGACAAG-1","Mono",1
"TCGCGAGTCTGAGGGA-1","T cells",0.856600789930946
"TCGCGTTAGATATGCA-1","T cells",1
"TCGCGTTAGGACTGGT-1","T cells",0.860868773829104
"TCGCGTTCAAGCGAGT-1","T cells",1
"TCGCGTTCACACGCTG-1","T cells",1
"TCGCGTTCACTTCGAA-1","T cells",0.940441669172426
"TCGCGTTCAGTAAGCG-1","Mono",1
"TCGCGTTCAGTTCCCT-1","B cells",1
"TCGCGTTCATGTTCCC-1","Mono",1
"TCGCGTTGTACATGTC-1","T cells",1
"TCGCGTTGTCTCAACA-1","Mono",1
"TCGCGTTGTGCACGAA-1","T cells",1
"TCGCGTTTCAGCACAT-1","T cells",0.891327233561963
"TCGCGTTTCATCTGCC-1","T cells",1
"TCGCGTTTCGCTAGCG-1","Mono",1
"TCGCGTTTCGCTGATA-1","T cells",1
"TCGCGTTTCGGAATCT-1","T cells",1
"TCGGGACAGCGATGAC-1","T cells",1
"TCGGGACAGCTAACTC-1","T cells",0.796476790485194
"TCGGGACAGCTCAACT-1","T cells",0.995550482066174
"TCGGGACAGCTCTCGG-1","T cells",0.967306755971555
"TCGGGACAGGCATTGG-1","T cells",0.957908168710873
"TCGGGACAGGTGCAAC-1","T cells",1
"TCGGGACAGTCTCGGC-1","Mono",1
"TCGGGACAGTGTCTCA-1","Mono",1
"TCGGGACCAAGAAAGG-1","T cells",1
"TCGGGACCAAGCGTAG-1","B cells",1
"TCGGGACCAATGCCAT-1","B cells",1
"TCGGGACCATCTACGA-1","T cells",1
"TCGGGACCATGATCCA-1","NK",0.908561919397654
"TCGGGACCATTCGACA-1","T cells",0.905633098263378
"TCGGGACGTGCAACGA-1","Mono",1
"TCGGGACGTGCACGAA-1","T cells",1
"TCGGGACGTGTTCGAT-1","T cells",1
"TCGGGACGTTAGATGA-1","T cells",0.773442428226836
"TCGGGACGTTCCGTCT-1","B cells",1
"TCGGGACGTTGGTTTG-1","T cells",1
"TCGGGACTCTGCCCTA-1","B cells",1
"TCGGGACTCTGTACGA-1","T cells",1
"TCGGTAAAGCACGCCT-1","T cells",0.988862382953672
"TCGGTAAAGGAGTTGC-1","B cells",1
"TCGGTAAAGGTCATCT-1","T cells",0.667581423697796
"TCGGTAACAACAACCT-1","T cells",0.84881469748302
"TCGGTAACACTAGTAC-1","Mono",1
"TCGGTAACATCGGAAG-1","T cells",1
"TCGGTAACATGATCCA-1","T cells",1
"TCGGTAACATTGCGGC-1","B cells",1
"TCGGTAAGTAGCGTCC-1","T cells",0.876976501938675
"TCGGTAAGTCAGCTAT-1","T cells",1
"TCGGTAAGTCTGCCAG-1","Mono",1
"TCGGTAAGTGAGGGTT-1","Mono",1
"TCGGTAAGTGCCTGTG-1","Mono",1
"TCGGTAAGTGTAAGTA-1","T cells",0.950787951867228
"TCGGTAAGTTCTGTTT-1","Mono",1
"TCGGTAATCACAGTAC-1","T cells",1
"TCGTACCAGAAACCAT-1","T cells",1
"TCGTACCAGACCTAGG-1","NK",0.955816733025116
"TCGTACCAGATAGGAG-1","T cells",0.984545734052099
"TCGTACCAGGACTGGT-1","Mono",1
"TCGTACCAGGCTACGA-1","T cells",1
"TCGTACCCACCGGAAA-1","T cells",1
"TCGTACCCACTGTTAG-1","T cells",0.988617608307989
"TCGTACCCAGCTGCAC-1","B cells",1
"TCGTACCCAGTAAGAT-1","T cells",1
"TCGTACCCATGCAATC-1","NK",0.799102504123736
"TCGTACCGTAAACCTC-1","T cells",1
"TCGTACCGTCAAGCGA-1","T cells",0.810627799590252
"TCGTACCGTTGAACTC-1","T cells",1
"TCGTACCGTTTCCACC-1","T cells",1
"TCGTACCTCAACACAC-1","B cells",1
"TCGTACCTCATGGTCA-1","T cells",0.984676566146928
"TCGTACCTCGACAGCC-1","T cells",1
"TCGTAGAAGGACATTA-1","Mono",1
"TCGTAGAAGTATGACA-1","T cells",0.670070981827503
"TCGTAGAAGTGGACGT-1","Mono",1
"TCGTAGACAAGGACTG-1","B cells",1
"TCGTAGACAGGTTTCA-1","T cells",0.840746342292494
"TCGTAGAGTCAACTGT-1","Mono",1
"TCGTAGAGTCAGGACA-1","T cells",0.83463093513275
"TCGTAGAGTCTGGTCG-1","Mono",1
"TCGTAGAGTTCGTCTC-1","Mono",1
"TCGTAGAGTTCTGTTT-1","T cells",1
"TCGTAGATCATGCAAC-1","T cells",0.991924532535732
"TCGTAGATCCCTTGCA-1","Mono",1
"TCGTAGATCGGTGTTA-1","T cells",1
"TCGTAGATCTTTAGTC-1","T cells",1
"TCTATTGAGAAACGCC-1","Mono",1
"TCTATTGAGAGTGAGA-1","Mono",1
"TCTATTGAGCATCATC-1","T cells",0.992781988681314
"TCTATTGAGCCTCGTG-1","T cells",1
"TCTATTGAGTACGCGA-1","T cells",0.844778536631952
"TCTATTGAGTTGAGTA-1","T cells",0.896610010459643
"TCTATTGCAATCACAC-1","T cells",1
"TCTATTGCACAACGCC-1","Mono",1
"TCTATTGCACAGGTTT-1","T cells",1
"TCTATTGCACTTGGAT-1","Mono",1
"TCTATTGCATCCGTGG-1","T cells",0.813892625123211
"TCTATTGGTAAGGGAA-1","B cells",1
"TCTATTGGTAAGTGGC-1","T cells",0.853645590503703
"TCTATTGGTACCAGTT-1","T cells",1
"TCTATTGGTATCGCAT-1","B cells",1
"TCTATTGGTGGGTATG-1","T cells",1
"TCTATTGGTTATGTGC-1","T cells",0.969334358279642
"TCTATTGGTTCCTCCA-1","T cells",1
"TCTATTGTCAATAAGG-1","T cells",0.85384732021737
"TCTATTGTCAGAGGTG-1","Mono",1
"TCTATTGTCGATGAGG-1","Mono",1
"TCTATTGTCGGTCTAA-1","T cells",0.680291431822036
"TCTCATAAGTCGCCGT-1","Mono",1
"TCTCATACAGAAGCAC-1","T cells",1
"TCTCATACAGCTGCAC-1","T cells",1
"TCTCATACAGTATGCT-1","T cells",1
"TCTCATACATAAGACA-1","T cells",0.967939696205387
"TCTCATACATTGAGCT-1","T cells",0.879207052746931
"TCTCATAGTCAACATC-1","T cells",1
"TCTCATAGTGCATCTA-1","T cells",0.908033700528763
"TCTCATAGTGGCGAAT-1","Mono",1
"TCTCATAGTTAGATGA-1","Mono",1
"TCTCATATCACAACGT-1","Mono",1
"TCTCATATCACAGTAC-1","Mono",1
"TCTCATATCATCTGCC-1","Mono",1
"TCTCATATCCGATATG-1","T cells",1
"TCTCATATCGGAATCT-1","T cells",1
"TCTCATATCTTGACGA-1","T cells",1
"TCTCATATCTTTACAC-1","Mono",1
"TCTCTAACAAGCGTAG-1","T cells",1
"TCTCTAACACCATGTA-1","T cells",0.890340739999238
"TCTCTAACACGCCAGT-1","T cells",0.894663320509034
"TCTCTAACAGCTTCGG-1","T cells",0.834429508382204
"TCTCTAACAGGCTCAC-1","B cells",1
"TCTCTAACAGTAGAGC-1","Mono",1
"TCTCTAACATCGATGT-1","T cells",0.931129919553572
"TCTCTAACATCGGAAG-1","Mono",1
"TCTCTAAGTAACGACG-1","B cells",1
"TCTCTAAGTAGCAAAT-1","NK",0.808157258223526
"TCTCTAAGTATCGCAT-1","B cells",1
"TCTCTAAGTCGCTTCT-1","T cells",1
"TCTCTAAGTGCTGTAT-1","Mono",1
"TCTCTAAGTTCGGCAC-1","T cells",1
"TCTCTAATCAACTCTT-1","T cells",1
"TCTCTAATCCTTCAAT-1","B cells",1
"TCTCTAATCGAGGTAG-1","T cells",0.983293647289006
"TCTCTAATCGTACGGC-1","T cells",0.913673068629832
"TCTCTAATCTTCCTTC-1","NK",0.982265264637353
"TCTGAGAAGCAGCCTC-1","Mono",1
"TCTGAGAAGCTAGGCA-1","T cells",1
"TCTGAGAAGCTGATAA-1","T cells",0.995859469640423
"TCTGAGAAGTAGATGT-1","Mono",1
"TCTGAGACACACATGT-1","T cells",0.984289947706988
"TCTGAGACACGACTCG-1","T cells",0.729984925923806
"TCTGAGACAGAGTGTG-1","T cells",0.969973103037617
"TCTGAGACATCCAACA-1","Mono",1
"TCTGAGACATTACGAC-1","B cells",1
"TCTGAGAGTACGCACC-1","T cells",1
"TCTGAGAGTCAATACC-1","Mono",1
"TCTGAGAGTGTGTGCC-1","Mono",1
"TCTGAGAGTTAAGACA-1","Mono",1
"TCTGAGATCATCTGTT-1","Mono",1
"TCTGAGATCCGTCAAA-1","Mono",1
"TCTGAGATCTTATCTG-1","Mono",1
"TCTGAGATCTTTACAC-1","T cells",1
"TCTGGAAAGAATCTCC-1","T cells",1
"TCTGGAAAGAGTGACC-1","Mono",1
"TCTGGAAAGCGATTCT-1","T cells",0.920122839659018
"TCTGGAACAGACGCCT-1","T cells",0.845234751215039
"TCTGGAACAGCATGAG-1","B cells",1
"TCTGGAACATAAGACA-1","Mono",1
"TCTGGAAGTCAAGCGA-1","Mono",1
"TCTGGAAGTCGAGTTT-1","T cells",0.987838045810646
"TCTGGAAGTCTCATCC-1","Mono",1
"TCTGGAAGTGACTCAT-1","T cells",1
"TCTGGAAGTGTAATGA-1","B cells",1
"TCTGGAAGTTAGAACA-1","T cells",1
"TCTGGAAGTTCAGTAC-1","Mono",1
"TCTGGAAGTTGGACCC-1","Mono",1
"TCTGGAATCAACCATG-1","Mono",1
"TCTGGAATCATGTCCC-1","T cells",0.934069207235973
"TCTGGAATCCAGTAGT-1","Mono",1
"TCTGGAATCGAACGGA-1","T cells",0.66761313705928
"TCTGGAATCTTGAGGT-1","T cells",1
"TCTTCGGAGACATAAC-1","T cells",1
"TCTTCGGAGACGCACA-1","T cells",0.76362016844087
"TCTTCGGAGCCCTAAT-1","Mono",1
"TCTTCGGAGCGTTTAC-1","B cells",1
"TCTTCGGAGCTCCTTC-1","NK",0.948591301567321
"TCTTCGGAGGACATTA-1","Mono",1
"TCTTCGGAGTGAAGTT-1","T cells",0.884549665004792
"TCTTCGGAGTGGTAAT-1","Mono",1
"TCTTCGGAGTTTCCTT-1","NK",0.895105206878056
"TCTTCGGCAAATACAG-1","Mono",1
"TCTTCGGCAAGGTTCT-1","Mono",1
"TCTTCGGCACCGTTGG-1","Mono",1
"TCTTCGGCACGAGGTA-1","Mono",1
"TCTTCGGCAGGTCTCG-1","Mono",1
"TCTTCGGGTATCGCAT-1","Mono",0.945717475209877
"TCTTCGGGTCTCCATC-1","T cells",1
"TCTTCGGGTCTTGTCC-1","T cells",0.994545095467559
"TCTTCGGGTTTGTGTG-1","Mono",1
"TCTTCGGTCAAGAAGT-1","T cells",1
"TCTTCGGTCATTCACT-1","Mono",1
"TCTTCGGTCCATGCTC-1","B cells",0.977051417261158
"TCTTTCCAGAGACGAA-1","Mono",1
"TCTTTCCAGAGCCTAG-1","Mono",1
"TCTTTCCAGCACAGGT-1","T cells",0.991593084493173
"TCTTTCCAGCTAAACA-1","T cells",1
"TCTTTCCAGGACTGGT-1","B cells",1
"TCTTTCCAGGCGTACA-1","T cells",1
"TCTTTCCAGTAGGTGC-1","Mono",1
"TCTTTCCAGTCTTGCA-1","T cells",0.809761371020812
"TCTTTCCCAAACGCGA-1","B cells",1
"TCTTTCCCAAGGCTCC-1","T cells",0.986430303155256
"TCTTTCCCAATGAATG-1","B cells",1
"TCTTTCCCACCGTTGG-1","T cells",0.989002046422085
"TCTTTCCCACGACGAA-1","B cells",1
"TCTTTCCCAGTGACAG-1","T cells",1
"TCTTTCCCATCCGCGA-1","T cells",1
"TCTTTCCCATGATCCA-1","B cells",1
"TCTTTCCGTAGCGATG-1","Mono",1
"TCTTTCCGTCACCCAG-1","Mono",1
"TCTTTCCGTCCGCTGA-1","B cells",1
"TCTTTCCGTGATAAAC-1","Mono",1
"TCTTTCCGTGCAACTT-1","T cells",1
"TCTTTCCGTTCAGCGC-1","NK",0.90234009396641
"TCTTTCCGTTTCGCTC-1","T cells",0.693893884182832
"TCTTTCCTCGACGGAA-1","T cells",1
"TCTTTCCTCGTTACGA-1","T cells",0.736695474755963
"TCTTTCCTCTAACTCT-1","Mono",1
"TGAAAGAAGACTCGGA-1","Mono",1
"TGAAAGAAGAGCCCAA-1","T cells",1
"TGAAAGACAACTGCTA-1","T cells",0.779083639683967
"TGAAAGACAATTCCTT-1","T cells",0.981799888126179
"TGAAAGACACCAGTTA-1","T cells",0.988284168430085
"TGAAAGACACGAAATA-1","T cells",1
"TGAAAGACAGACAGGT-1","B cells",1
"TGAAAGACAGATGGCA-1","T cells",1
"TGAAAGACATCAGTAC-1","T cells",1
"TGAAAGAGTAAACGCG-1","T cells",0.851574835533476
"TGAAAGAGTAGGGTAC-1","T cells",0.688735220441697
"TGAAAGAGTCCCTACT-1","Mono",1
"TGAAAGAGTCCGAAGA-1","Mono",1
"TGAAAGAGTGACGGTA-1","Mono",1
"TGAAAGAGTGTATGGG-1","T cells",0.966457176992365
"TGAAAGAGTTGGTAAA-1","T cells",1
"TGAAAGATCAGCAACT-1","Mono",1
"TGAAAGATCGATAGAA-1","Mono",1
"TGAAAGATCGGAAATA-1","NK",0.889393198769005
"TGAAAGATCTATCGCC-1","T cells",1
"TGACAACAGGAATCGC-1","T cells",0.897043019381549
"TGACAACAGGAGTAGA-1","T cells",1
"TGACAACAGGGATGGG-1","T cells",1
"TGACAACCAACTGCGC-1","T cells",1
"TGACAACCACAGGTTT-1","B cells",1
"TGACAACCAGCCTATA-1","T cells",0.646989763783393
"TGACAACCATCGATGT-1","T cells",1
"TGACAACGTAGGGACT-1","T cells",0.991913147125749
"TGACAACGTTCTGGTA-1","Mono",1
"TGACAACTCAGCTCGG-1","T cells",0.866359593338844
"TGACAACTCAGCTTAG-1","Mono",0.999999999999999
"TGACAACTCCGGGTGT-1","Mono",1
"TGACAACTCGCAAACT-1","T cells",0.767605106176519
"TGACAACTCTAACTGG-1","B cells",0.944325865616722
"TGACAACTCTACTCAT-1","T cells",1
"TGACGGCAGATGGCGT-1","Mono",1
"TGACGGCAGCTCTCGG-1","B cells",1
"TGACGGCAGGTGTTAA-1","NK",0.963749564661878
"TGACGGCCAAACGTGG-1","T cells",0.856403184040742
"TGACGGCCACCGAAAG-1","NK",0.796667997951012
"TGACGGCCATAAGACA-1","B cells",0.61587985509008
"TGACGGCGTAAGAGAG-1","T cells",0.976788808993097
"TGACGGCGTAAGTGTA-1","B cells",1
"TGACGGCGTAATAGCA-1","B cells",1
"TGACGGCGTACCGAGA-1","Mono",0.576522073750847
"TGACGGCGTCTGATCA-1","Mono",1
"TGACGGCGTGGCGAAT-1","B cells",1
"TGACGGCGTGGTCCGT-1","T cells",1
"TGACGGCGTTCAGTAC-1","T cells",1
"TGACGGCGTTGGACCC-1","Mono",1
"TGACGGCTCCTCAATT-1","Mono",1
"TGACGGCTCTCCCTGA-1","T cells",0.983836370934972
"TGACTAGAGCAGATCG-1","T cells",1
"TGACTAGAGCAGCGTA-1","T cells",1
"TGACTAGAGCCACGTC-1","Mono",1
"TGACTAGAGGTGATTA-1","Mono",1
"TGACTAGAGTAGCCGA-1","B cells",1
"TGACTAGCAAGCGAGT-1","Mono",1
"TGACTAGCAGACGCTC-1","T cells",1
"TGACTAGCAGCTATTG-1","T cells",0.868694463944453
"TGACTAGGTAGGACAC-1","T cells",0.988273347558936
"TGACTAGGTCGCTTTC-1","T cells",1
"TGACTAGGTCTCCATC-1","Mono",1
"TGACTAGGTTGAGGTG-1","T cells",1
"TGACTAGTCAAGGCTT-1","Mono",1
"TGACTAGTCCCACTTG-1","T cells",0.86103138092516
"TGACTAGTCCGAGCCA-1","T cells",1
"TGACTAGTCCGCATAA-1","T cells",1
"TGACTAGTCCTAGTGA-1","T cells",0.858686304157532
"TGACTAGTCCTCAATT-1","T cells",1
"TGACTTTAGCACAGGT-1","B cells",1
"TGACTTTAGGAGTACC-1","T cells",0.944385574051523
"TGACTTTAGGTCATCT-1","T cells",1
"TGACTTTCAAACTGTC-1","Mono",1
"TGACTTTCACGAAACG-1","Mono",1
"TGACTTTCATGTAAGA-1","T cells",0.986091673996749
"TGACTTTGTGATAAAC-1","B cells",1
"TGACTTTGTGCAGGTA-1","Mono",1
"TGACTTTGTTTAGCTG-1","NK",0.944137753000321
"TGACTTTTCAACGCTA-1","T cells",0.849444932904959
"TGACTTTTCACCAGGC-1","T cells",0.991181826771017
"TGACTTTTCCGCATCT-1","Mono",1
"TGACTTTTCCTTGGTC-1","T cells",0.830548815988394
"TGACTTTTCTTCAACT-1","T cells",0.753810061693753
"TGAGAGGAGAAGCCCA-1","Platelet",0.554032086352041
"TGAGAGGAGAATCTCC-1","T cells",1
"TGAGAGGAGACTGGGT-1","NK",0.948369568272982
"TGAGAGGAGATGTAAC-1","T cells",0.793422611854166
"TGAGAGGAGCGAAGGG-1","T cells",0.993641974034402
"TGAGAGGAGGTGCACA-1","T cells",1
"TGAGAGGAGGTGTGGT-1","T cells",0.774591960019221
"TGAGAGGCACGGTAAG-1","T cells",1
"TGAGAGGGTACTCGCG-1","T cells",0.894363126550776
"TGAGAGGGTAGCACGA-1","T cells",0.80950138449251
"TGAGAGGGTCCAGTGC-1","T cells",0.793319139688095
"TGAGAGGGTCTTGTCC-1","Mono",1
"TGAGAGGGTGACGGTA-1","B cells",1
"TGAGAGGGTGATGCCC-1","B cells",1
"TGAGAGGGTGCACCAC-1","T cells",1
"TGAGAGGGTGTAATGA-1","Mono",1
"TGAGAGGTCTGACCTC-1","T cells",1
"TGAGCATCACCGGAAA-1","T cells",1
"TGAGCATCAGGCTGAA-1","T cells",0.924577617063616
"TGAGCATCATCCGTGG-1","Mono",1
"TGAGCATGTAGCTCCG-1","B cells",1
"TGAGCATGTCAGATAA-1","T cells",0.985114920720678
"TGAGCATGTCCGACGT-1","Mono",1
"TGAGCATGTCTAGAGG-1","T cells",1
"TGAGCATGTGCACCAC-1","Mono",1
"TGAGCATGTTAGAACA-1","T cells",0.899158519265022
"TGAGCATGTTCGCGAC-1","T cells",1
"TGAGCATGTTCGTGAT-1","Mono",1
"TGAGCATTCAAACAAG-1","Mono",1
"TGAGCATTCACGACTA-1","T cells",0.992626093675469
"TGAGCATTCAGCATGT-1","T cells",0.94487302770433
"TGAGCATTCCCATTAT-1","T cells",0.795299627338228
"TGAGCATTCCGCATAA-1","T cells",1
"TGAGCATTCGACCAGC-1","T cells",1
"TGAGCATTCGTTTGCC-1","B cells",1
"TGAGCATTCTAACCGA-1","T cells",0.658106072061097
"TGAGCATTCTAGAGTC-1","T cells",0.990512992532319
"TGAGCATTCTGAAAGA-1","B cells",1
"TGAGCATTCTGTTTGT-1","Mono",1
"TGAGCCGAGAAACCAT-1","T cells",0.968015390128572
"TGAGCCGAGCCGCCTA-1","T cells",0.833496628676132
"TGAGCCGAGTACGACG-1","Mono",1
"TGAGCCGAGTAGGTGC-1","T cells",1
"TGAGCCGCAAACCTAC-1","T cells",0.989980212816044
"TGAGCCGCAAAGGCGT-1","T cells",1
"TGAGCCGCACAACTGT-1","Mono",1
"TGAGCCGGTCAATACC-1","T cells",1
"TGAGCCGGTTTAGCTG-1","Mono",1
"TGAGCCGTCACAAACC-1","T cells",1
"TGAGCCGTCTAGCACA-1","T cells",1
"TGAGCCGTCTGGTGTA-1","T cells",1
"TGAGCCGTCTTTACGT-1","Mono",1
"TGAGGGAAGCAATCTC-1","T cells",0.936359883125565
"TGAGGGAAGCCTTGAT-1","T cells",1
"TGAGGGAAGCGATTCT-1","T cells",0.989635409912888
"TGAGGGAAGGTCATCT-1","T cells",0.564054492604317
"TGAGGGAAGTGTTAGA-1","Mono",1
"TGAGGGAAGTTTGCGT-1","Mono",1
"TGAGGGACAACGCACC-1","Mono",1
"TGAGGGACACCAACCG-1","Mono",1
"TGAGGGACACCGCTAG-1","T cells",1
"TGAGGGACATCCAACA-1","Mono",1
"TGAGGGACATGCTAGT-1","T cells",1
"TGAGGGAGTCTGCCAG-1","T cells",1
"TGAGGGAGTGATGTGG-1","T cells",0.96831692736417
"TGAGGGAGTTCACGGC-1","T cells",1
"TGAGGGAGTTCAGACT-1","T cells",1
"TGAGGGATCTACGAGT-1","T cells",1
"TGAGGGATCTGACCTC-1","T cells",1
"TGATTTCAGAAACCGC-1","Mono",1
"TGATTTCAGCAATATG-1","Mono",1
"TGATTTCAGCACAGGT-1","B cells",1
"TGATTTCAGGACACCA-1","Mono",1
"TGATTTCAGTGATCGG-1","Mono",1
"TGATTTCCAAGGTGTG-1","Mono",1
"TGATTTCCAATCTACG-1","Mono",1
"TGATTTCCACAACTGT-1","Mono",1
"TGATTTCCACCTCGTT-1","Mono",1
"TGATTTCCATACGCTA-1","T cells",1
"TGATTTCCATCGGTTA-1","T cells",1
"TGATTTCGTCCGACGT-1","B cells",1
"TGATTTCGTGAAGGCT-1","Mono",0.764565032621369
"TGATTTCGTGCGCTTG-1","T cells",0.714443884343477
"TGATTTCGTGGTCTCG-1","Mono",1
"TGATTTCGTGTTAAGA-1","T cells",1
"TGATTTCTCACTCCTG-1","Mono",1
"TGATTTCTCTGATTCT-1","T cells",1
"TGATTTCTCTTGTATC-1","B cells",1
"TGCACCTAGACTGGGT-1","B cells",1
"TGCACCTAGATACACA-1","T cells",0.985855430916471
"TGCACCTAGATCCCAT-1","T cells",0.911778196626654
"TGCACCTAGATCTGAA-1","T cells",0.999999999999999
"TGCACCTAGCTCCCAG-1","T cells",0.748035382651496
"TGCACCTAGCTTCGCG-1","T cells",1
"TGCACCTAGGCTATCT-1","T cells",1
"TGCACCTAGGTCGGAT-1","NK",0.951130923426696
"TGCACCTAGGTGTGGT-1","B cells",1
"TGCACCTAGTACGCGA-1","Mono",1
"TGCACCTAGTGGGATC-1","B cells",1
"TGCACCTAGTTATCGC-1","Mono",1
"TGCACCTCAATCGGTT-1","Mono",1
"TGCACCTCATCATCCC-1","Mono",1
"TGCACCTGTATCAGTC-1","Mono",1
"TGCACCTGTGCACCAC-1","Mono",1
"TGCACCTTCAGCTGGC-1","T cells",1
"TGCACCTTCCACGTGG-1","T cells",0.873492887638007
"TGCACCTTCGGAATCT-1","T cells",0.988587434150202
"TGCACCTTCGTACCGG-1","Mono",1
"TGCACCTTCTGGTGTA-1","T cells",1
"TGCCAAAAGGAGTTTA-1","T cells",0.990389043426896
"TGCCAAAAGGCATTGG-1","Mono",1
"TGCCAAAAGTCCCACG-1","Mono",1
"TGCCAAACAAGCCGTC-1","Mono",1
"TGCCAAACACGCGAAA-1","T cells",1
"TGCCAAACAGCGTAAG-1","T cells",1
"TGCCAAACAGGACGTA-1","T cells",0.985581293735568
"TGCCAAACAGTTTACG-1","Mono",1
"TGCCAAACATACTACG-1","Mono",1
"TGCCAAAGTACACCGC-1","Mono",1
"TGCCAAAGTACGCACC-1","B cells",1
"TGCCAAAGTCAGCTAT-1","B cells",1
"TGCCAAAGTCGAACAG-1","T cells",1
"TGCCAAAGTCTTGTCC-1","B cells",1
"TGCCAAAGTGCAGACA-1","T cells",1
"TGCCAAAGTGTCAATC-1","T cells",1
"TGCCAAAGTGTGCCTG-1","T cells",1
"TGCCAAATCATCGGAT-1","T cells",0.979322916723203
"TGCCAAATCCAACCAA-1","Mono",1
"TGCCAAATCCAGTAGT-1","Mono",1
"TGCCAAATCGAATGCT-1","T cells",1
"TGCCAAATCTTGCATT-1","T cells",1
"TGCCCATAGCGTGTCC-1","Mono",1
"TGCCCATAGGGAAACA-1","Mono",1
"TGCCCATAGGGATACC-1","B cells",1
"TGCCCATAGTTGAGTA-1","Mono",1
"TGCCCATCAAGGTTTC-1","T cells",1
"TGCCCATCACGCATCG-1","Mono",1
"TGCCCATCAGGGATTG-1","T cells",0.837136512106085
"TGCCCATCATCTCGCT-1","T cells",0.630588635364727
"TGCCCATCATGGAATA-1","T cells",1
"TGCCCATGTATATGAG-1","Mono",1
"TGCCCATGTCAATGTC-1","T cells",1
"TGCCCATGTCCATCCT-1","Mono",1
"TGCCCATGTCTCATCC-1","B cells",1
"TGCCCATGTGTTTGTG-1","T cells",1
"TGCCCATTCAACCATG-1","T cells",0.980572968360973
"TGCCCATTCAAGGTAA-1","Mono",1
"TGCCCATTCACTCTTA-1","Mono",1
"TGCCCATTCATCGATG-1","B cells",1
"TGCCCATTCCGAGCCA-1","Mono",1
"TGCCCATTCGCCAGCA-1","T cells",1
"TGCCCATTCTCCCTGA-1","T cells",0.993986675032537
"TGCCCTAAGAATGTTG-1","T cells",0.638373844780405
"TGCCCTAAGACACGAC-1","T cells",0.983674949770136
"TGCCCTAAGACTGGGT-1","T cells",0.985134881988014
"TGCCCTAAGAGGTTGC-1","Mono",1
"TGCCCTAAGATGTAAC-1","Mono",1
"TGCCCTAAGTACATGA-1","T cells",0.652555140273178
"TGCCCTAAGTTAGCGG-1","T cells",1
"TGCCCTAAGTTATCGC-1","T cells",1
"TGCCCTACAAAGGCGT-1","Mono",1
"TGCCCTACAAATCCGT-1","B cells",1
"TGCCCTACAATAGCGG-1","Mono",1
"TGCCCTACACCATGTA-1","Mono",1
"TGCCCTACAGACGCCT-1","Mono",1
"TGCCCTACATAAAGGT-1","Mono",1
"TGCCCTAGTATAAACG-1","Mono",1
"TGCCCTAGTATTCGTG-1","T cells",0.730473489722445
"TGCCCTAGTGCACTTA-1","T cells",1
"TGCCCTAGTTATGTGC-1","Mono",1
"TGCCCTATCACATGCA-1","T cells",1
"TGCCCTATCCAAGCCG-1","T cells",1
"TGCCCTATCGCAAACT-1","NK",0.988145321007693
"TGCCCTATCGTCCAGG-1","B cells",1
"TGCCCTATCTTCAACT-1","T cells",0.794690243670491
"TGCGCAGAGAATTGTG-1","T cells",1
"TGCGCAGAGCGCCTTG-1","Mono",1
"TGCGCAGAGGGTGTTG-1","B cells",1
"TGCGCAGAGGTGCAAC-1","T cells",1
"TGCGCAGAGGTGCTAG-1","Mono",1
"TGCGCAGAGGTGGGTT-1","T cells",0.993581737115319
"TGCGCAGCAATAAGCA-1","T cells",0.854226739903698
"TGCGCAGCACGTTGGC-1","Mono",1
"TGCGCAGCAGATGGGT-1","B cells",1
"TGCGCAGCATCCTTGC-1","Mono",1
"TGCGCAGCATCGACGC-1","T cells",0.998683913052507
"TGCGCAGCATTTGCCC-1","T cells",1
"TGCGCAGGTAGCGATG-1","Mono",1
"TGCGCAGGTGCCTTGG-1","T cells",0.989189801614444
"TGCGCAGGTTCGGGCT-1","T cells",1
"TGCGCAGGTTTGTTGG-1","Mono",1
"TGCGCAGTCCAGGGCT-1","Mono",1
"TGCGCAGTCCGCGCAA-1","Mono",1
"TGCGCAGTCGGCTTGG-1","T cells",1
"TGCGGGTAGACAGAGA-1","Mono",1
"TGCGGGTAGACTTGAA-1","NK",0.939091675267
"TGCGGGTAGCCAACAG-1","T cells",0.873207291515816
"TGCGGGTAGGGCACTA-1","T cells",1
"TGCGGGTAGTTGTCGT-1","T cells",1
"TGCGGGTCAAAGGAAG-1","Mono",1
"TGCGGGTCACCATCCT-1","T cells",1
"TGCGGGTCACGGATAG-1","B cells",1
"TGCGGGTCAGCAGTTT-1","Mono",1
"TGCGGGTCAGGGAGAG-1","Mono",1
"TGCGGGTCATATGAGA-1","B cells",1
"TGCGGGTCATCGATGT-1","T cells",1
"TGCGGGTGTACCAGTT-1","Mono",1
"TGCGGGTGTTAAGGGC-1","B cells",1
"TGCGGGTGTTAAGTAG-1","NK",0.969365400053226
"TGCGGGTGTTAGGGTG-1","Mono",1
"TGCGGGTGTTTGTTTC-1","Mono",1
"TGCGGGTTCACCAGGC-1","T cells",1
"TGCGGGTTCCTCATTA-1","Mono",1
"TGCGGGTTCTTATCTG-1","T cells",0.982854258901148
"TGCGTGGAGTAGATGT-1","Mono",1
"TGCGTGGAGTTAACGA-1","B cells",1
"TGCGTGGCAGTGGAGT-1","T cells",1
"TGCGTGGCATTTGCTT-1","T cells",1
"TGCGTGGGTAGGAGTC-1","T cells",1
"TGCGTGGGTGACCAAG-1","Mono",1
"TGCGTGGTCAACTCTT-1","T cells",1
"TGCGTGGTCCGTACAA-1","NK",0.934363234013273
"TGCGTGGTCGCGCCAA-1","T cells",0.979434599339254
"TGCTACCAGATGGCGT-1","T cells",1
"TGCTACCAGCACCGTC-1","Mono",1
"TGCTACCAGCTACCTA-1","T cells",0.884811689968511
"TGCTACCAGGGTTTCT-1","Mono",1
"TGCTACCCAAGGCTCC-1","T cells",1
"TGCTACCCAATCTGCA-1","T cells",1
"TGCTACCCACAAGTAA-1","B cells",1
"TGCTACCCAGCCTTGG-1","T cells",1
"TGCTACCCAGCTCGAC-1","T cells",0.821898399121462
"TGCTACCCAGTGAGTG-1","B cells",1
"TGCTACCCATTAGGCT-1","T cells",1
"TGCTACCGTCATCGGC-1","Mono",1
"TGCTACCGTCCGACGT-1","Mono",1
"TGCTACCGTCTAGTGT-1","B cells",1
"TGCTACCGTCTGATCA-1","T cells",1
"TGCTACCGTGCAGGTA-1","T cells",1
"TGCTACCGTGTTCGAT-1","T cells",0.955505447642666
"TGCTACCTCCACGAAT-1","Mono",1
"TGCTACCTCCTAGAAC-1","Mono",1
"TGCTACCTCGGGAGTA-1","B cells",1
"TGCTACCTCTGTACGA-1","T cells",0.985864936295263
"TGCTGCTAGATGCCTT-1","T cells",1
"TGCTGCTAGCCCAGCT-1","B cells",1
"TGCTGCTAGGATATAC-1","B cells",1
"TGCTGCTAGTCATGCT-1","Mono",1
"TGCTGCTCAAGTCATC-1","Mono",1
"TGCTGCTCAAGTTGTC-1","T cells",1
"TGCTGCTCACCGAAAG-1","T cells",0.944110929264695
"TGCTGCTCACGAAAGC-1","T cells",1
"TGCTGCTCACTGAAGG-1","T cells",1
"TGCTGCTCAGAGCCAA-1","Mono",1
"TGCTGCTCAGCGAACA-1","T cells",0.721297845534432
"TGCTGCTCATCTGGTA-1","T cells",1
"TGCTGCTCATGACATC-1","T cells",1
"TGCTGCTGTAGCAAAT-1","B cells",1
"TGCTGCTGTAGCGTCC-1","Mono",1
"TGCTGCTGTCAAACTC-1","T cells",0.908028268478173
"TGCTGCTGTCAGAGGT-1","B cells",1
"TGCTGCTGTCAGATAA-1","T cells",1
"TGCTGCTGTCAGCTAT-1","Mono",1
"TGCTGCTGTTACAGAA-1","B cells",1
"TGCTGCTGTTGGAGGT-1","T cells",1
"TGCTGCTGTTGGTAAA-1","T cells",0.670032915820054
"TGCTGCTTCACAGTAC-1","Mono",1
"TGCTGCTTCGGCATCG-1","T cells",1
"TGCTGCTTCGGCCGAT-1","T cells",0.797137203874869
"TGGACGCAGCTGCAAG-1","Mono",1
"TGGACGCAGGTGATTA-1","T cells",1
"TGGACGCCATCGGAAG-1","Mono",1
"TGGACGCGTCGCATCG-1","T cells",0.992013619594587
"TGGACGCGTGAAAGAG-1","T cells",1
"TGGACGCGTGTCCTCT-1","T cells",1
"TGGACGCTCCAAAGTC-1","T cells",1
"TGGACGCTCGCATGAT-1","T cells",0.990092082084453
"TGGACGCTCGCATGGC-1","T cells",0.753645854036087
"TGGCCAGAGAGCTGGT-1","T cells",0.808686210647578
"TGGCCAGAGATATGGT-1","T cells",1
"TGGCCAGAGCTACCTA-1","Mono",1
"TGGCCAGAGGCAATTA-1","Mono",0.620455259712128
"TGGCCAGAGGTAGCCA-1","T cells",1
"TGGCCAGAGTCATCCA-1","T cells",0.827924303804698
"TGGCCAGCAATGAATG-1","Mono",1
"TGGCCAGCATTACGAC-1","T cells",0.5523402182812
"TGGCCAGGTAGCTGCC-1","T cells",1
"TGGCCAGGTATATGAG-1","T cells",1
"TGGCCAGGTCCCTACT-1","T cells",0.978359862535579
"TGGCCAGGTCGAGTTT-1","Mono",1
"TGGCCAGTCCAAACAC-1","T cells",0.993735528022286
"TGGCCAGTCCGTTGTC-1","T cells",1
"TGGCCAGTCGGACAAG-1","T cells",1
"TGGCCAGTCGGCTTGG-1","Mono",1
"TGGCGCAAGAAGGTGA-1","T cells",1
"TGGCGCAAGCTAGCCC-1","Mono",1
"TGGCGCAAGGGATCTG-1","Mono",1
"TGGCGCAAGTACCGGA-1","B cells",1
"TGGCGCACACCCTATC-1","T cells",0.843810240304695
"TGGCGCACAGCTGCAC-1","Mono",1
"TGGCGCAGTATTACCG-1","T cells",1
"TGGCGCAGTCAAACTC-1","T cells",1
"TGGCGCAGTCACCCAG-1","T cells",1
"TGGCGCAGTGCGCTTG-1","B cells",1
"TGGCGCAGTGTAAGTA-1","B cells",1
"TGGCGCAGTGTCCTCT-1","T cells",0.680941005236667
"TGGCGCAGTTACGGAG-1","T cells",1
"TGGCGCAGTTTAGGAA-1","T cells",0.994832911355377
"TGGCGCATCAAGAAGT-1","T cells",1
"TGGCGCATCACCAGGC-1","B cells",1
"TGGCGCATCAGTTTGG-1","T cells",1
"TGGCGCATCGTCGTTC-1","T cells",0.95245109858195
"TGGCTGGAGAGGACGG-1","B cells",1
"TGGCTGGAGCTAAACA-1","T cells",0.767716229001594
"TGGCTGGAGCTGTCTA-1","T cells",1
"TGGCTGGAGTCATGCT-1","Mono",1
"TGGCTGGAGTTAGCGG-1","T cells",1
"TGGCTGGCAAAGGCGT-1","T cells",0.74744966931918
"TGGCTGGCACAACTGT-1","T cells",1
"TGGCTGGCACGAGGTA-1","T cells",0.895645142208515
"TGGCTGGCACTTCGAA-1","T cells",1
"TGGCTGGCAGCTCCGA-1","T cells",0.67311253536188
"TGGCTGGCAGTCCTTC-1","B cells",1
"TGGCTGGCATGAAGTA-1","T cells",1
"TGGCTGGGTCGTTGTA-1","T cells",0.79589714649924
"TGGCTGGGTCTAGTCA-1","B cells",1
"TGGCTGGGTTGTCTTT-1","NK",0.888158278386036
"TGGCTGGTCAGTCAGT-1","T cells",0.982393528769417
"TGGCTGGTCCATGAGT-1","T cells",0.944557570225098
"TGGCTGGTCCTAGAAC-1","T cells",1
"TGGCTGGTCGCTAGCG-1","T cells",0.79292386735182
"TGGCTGGTCGGTGTTA-1","B cells",1
"TGGCTGGTCGGTTCGG-1","T cells",1
"TGGCTGGTCGTCCAGG-1","T cells",0.943932890288359
"TGGGAAGAGATCACGG-1","B cells",1
"TGGGAAGAGTGTACCT-1","NK",0.592544922741096
"TGGGAAGCAGATCGGA-1","B cells",1
"TGGGAAGCATGTTGAC-1","B cells",1
"TGGGAAGGTATCTGCA-1","B cells",1
"TGGGAAGGTCGAACAG-1","Mono",1
"TGGGAAGGTCTAAACC-1","Mono",1
"TGGGAAGGTTCCCGAG-1","Mono",1
"TGGGAAGGTTTGGGCC-1","T cells",1
"TGGGAAGTCAAACAAG-1","T cells",1
"TGGGAAGTCACCGGGT-1","T cells",1
"TGGGAAGTCAGTCAGT-1","B cells",1
"TGGGAAGTCATCGGAT-1","Mono",1
"TGGGAAGTCCCTAATT-1","Mono",1
"TGGGAAGTCCTTTCTC-1","T cells",0.989084916387762
"TGGGAAGTCTGATACG-1","Mono",1
"TGGGCGTAGACAGACC-1","T cells",0.78113573306124
"TGGGCGTAGAGTTGGC-1","T cells",0.786745779520824
"TGGGCGTAGATCTGAA-1","T cells",1
"TGGGCGTAGCGATGAC-1","Mono",1
"TGGGCGTAGGAGTACC-1","Mono",1
"TGGGCGTAGGGCACTA-1","T cells",0.945619087536216
"TGGGCGTAGTTGTCGT-1","T cells",1
"TGGGCGTCAAGTCTGT-1","T cells",0.693053722162807
"TGGGCGTCACTTCTGC-1","T cells",0.953336270723727
"TGGGCGTCAGCTGTTA-1","T cells",0.93645164554687
"TGGGCGTCATGGTTGT-1","T cells",0.935993264033659
"TGGGCGTGTAGAGTGC-1","T cells",1
"TGGGCGTGTCCAAGTT-1","T cells",1
"TGGGCGTGTCTTCGTC-1","NK",0.970527735038392
"TGGGCGTGTTATTCTC-1","Mono",1
"TGGGCGTGTTCAACCA-1","Mono",1
"TGGGCGTTCAGCACAT-1","Mono",1
"TGGGCGTTCCGTCATC-1","Mono",1
"TGGGCGTTCCTAGTGA-1","T cells",0.785078518983421
"TGGTTAGAGATGTGGC-1","T cells",1
"TGGTTAGAGGGTGTTG-1","B cells",1
"TGGTTAGCACCAGCAC-1","Mono",1
"TGGTTAGCACGGTAGA-1","T cells",0.894024854873857
"TGGTTAGCACTAAGTC-1","T cells",1
"TGGTTAGCACTGCCAG-1","Mono",1
"TGGTTAGCATCACGAT-1","Mono",1
"TGGTTAGGTAAACCTC-1","Mono",1
"TGGTTAGGTAACGACG-1","T cells",1
"TGGTTAGGTAGCGTCC-1","Mono",1
"TGGTTAGGTGAGGCTA-1","T cells",1
"TGGTTAGGTGGAAAGA-1","T cells",0.636620809275126
"TGGTTAGGTTTCCACC-1","T cells",1
"TGGTTAGTCAAAGACA-1","T cells",1
"TGGTTAGTCCTCCTAG-1","T cells",1
"TGGTTAGTCTCGCATC-1","T cells",1
"TGGTTCCAGAGTGAGA-1","T cells",1
"TGGTTCCAGATGTCGG-1","Mono",1
"TGGTTCCAGCACGCCT-1","T cells",0.861711636506269
"TGGTTCCAGTAGCCGA-1","Mono",1
"TGGTTCCAGTCGAGTG-1","T cells",1
"TGGTTCCCAGTTCATG-1","T cells",0.939603622508983
"TGGTTCCGTCGAACAG-1","T cells",0.902421298670657
"TGGTTCCGTGCCTGCA-1","Mono",1
"TGGTTCCTCAGAAATG-1","B cells",1
"TGGTTCCTCCAAAGTC-1","T cells",0.96512902822405
"TGGTTCCTCCCTCAGT-1","B cells",1
"TGGTTCCTCCGCAAGC-1","T cells",1
"TGTATTCAGAATGTGT-1","Mono",1
"TGTATTCAGCCATCGC-1","Mono",1
"TGTATTCAGTCCTCCT-1","Mono",1
"TGTATTCCAATGAATG-1","T cells",0.867777896500795
"TGTATTCCACTCTGTC-1","T cells",1
"TGTATTCCATCCCATC-1","T cells",1
"TGTATTCGTAAACCTC-1","B cells",1
"TGTATTCGTAGCCTAT-1","T cells",1
"TGTATTCGTCATTAGC-1","Mono",1
"TGTATTCGTCGGCACT-1","T cells",0.960467645933126
"TGTATTCGTGCAACTT-1","B cells",1
"TGTATTCTCCTATGTT-1","T cells",0.979392213131515
"TGTATTCTCGAACTGT-1","T cells",0.983199430201055
"TGTATTCTCGTCACGG-1","T cells",1
"TGTATTCTCTATCCTA-1","T cells",0.948170150605007
"TGTATTCTCTTGCCGT-1","Mono",1
"TGTCCCAAGGTAAACT-1","T cells",0.727804716551963
"TGTCCCAAGTAGCGGT-1","Mono",1
"TGTCCCACAACTGCTA-1","Mono",1
"TGTCCCACAAGGTGTG-1","T cells",0.968134556631092
"TGTCCCAGTAAGTGGC-1","T cells",1
"TGTCCCAGTAAGTGTA-1","Mono",1
"TGTCCCAGTGCACCAC-1","B cells",1
"TGTCCCAGTGTGACCC-1","T cells",0.979303129642251
"TGTCCCATCAGTGTTG-1","T cells",1
"TGTCCCATCGCCAGCA-1","T cells",0.975203441422444
"TGTCCCATCTTAGCCC-1","B cells",1
"TGTCCCATCTTTACGT-1","T cells",1
"TGTGGTAAGAAACCTA-1","T cells",1
"TGTGGTAAGATGCGAC-1","T cells",0.706559861062156
"TGTGGTAAGCGCTCCA-1","B cells",1
"TGTGGTAAGTCCATAC-1","Mono",0.999999999999999
"TGTGGTACAAGTTCTG-1","B cells",1
"TGTGGTACACCACCAG-1","Mono",1
"TGTGGTACACCTCGGA-1","T cells",0.874484794952821
"TGTGGTAGTTACCGAT-1","T cells",0.840506611571782
"TGTGGTAGTTGGTTTG-1","B cells",1
"TGTGGTAGTTGTCGCG-1","T cells",0.994867547941914
"TGTGGTATCACCCTCA-1","T cells",1
"TGTGGTATCAGCACAT-1","T cells",1
"TGTGGTATCTGATTCT-1","T cells",0.575143133889892
"TGTGGTATCTGTGCAA-1","T cells",1
"TGTGTTTAGGCATTGG-1","Mono",1
"TGTGTTTAGGCCCTCA-1","T cells",0.867227440374988
"TGTGTTTCACTCGACG-1","T cells",1
"TGTGTTTCAGGATCGA-1","Mono",1
"TGTGTTTCATATACGC-1","Mono",1
"TGTGTTTCATGGTAGG-1","B cells",1
"TGTGTTTGTATGAAAC-1","T cells",0.96909667338054
"TGTGTTTGTGGTTTCA-1","T cells",0.735836256929762
"TGTGTTTGTGTTCGAT-1","T cells",1
"TGTGTTTTCCCTTGTG-1","Mono",1
"TGTGTTTTCTACTCAT-1","Mono",1
"TGTGTTTTCTGTGCAA-1","T cells",0.85188916213873
"TGTGTTTTCTTGTTTG-1","Mono",1
"TGTTCCGAGCTAGCCC-1","T cells",0.867193743657264
"TGTTCCGAGTATCTCG-1","T cells",0.971513283038218
"TGTTCCGCAATCTACG-1","Platelet",0.831831232117946
"TGTTCCGCACCCATTC-1","Mono",1
"TGTTCCGCACGTCAGC-1","B cells",1
"TGTTCCGCAGCCTTGG-1","T cells",1
"TGTTCCGCAGCGAACA-1","T cells",0.957719066832565
"TGTTCCGCAGCGTTCG-1","T cells",0.848690582399936
"TGTTCCGGTAAACACA-1","T cells",1
"TGTTCCGGTTTGGCGC-1","B cells",1
"TGTTCCGTCACAATGC-1","T cells",1
"TGTTCCGTCGAATGGG-1","Mono",1
"TGTTCCGTCTTTACAC-1","T cells",0.986877953937905
"TTAACTCAGAATTGTG-1","T cells",1
"TTAACTCAGCTACCGC-1","T cells",1
"TTAACTCAGCTTCGCG-1","B cells",1
"TTAACTCAGTCAATAG-1","Mono",1
"TTAACTCAGTGTACCT-1","Mono",1
"TTAACTCAGTTGTAGA-1","T cells",1
"TTAACTCCAAAGAATC-1","T cells",0.905335920317164
"TTAACTCCAAGGTTCT-1","T cells",1
"TTAACTCCACTAAGTC-1","NK",0.967229525783296
"TTAACTCCATCCGTGG-1","T cells",1
"TTAACTCCATGACGGA-1","T cells",1
"TTAACTCCATTTCAGG-1","T cells",1
"TTAACTCGTAGAAGGA-1","T cells",1
"TTAACTCGTCGCGTGT-1","T cells",1
"TTAACTCGTCTACCTC-1","Mono",1
"TTAACTCGTTCCGTCT-1","B cells",1
"TTAACTCTCAGTGCAT-1","B cells",1
"TTAACTCTCCACTCCA-1","Mono",1
"TTAACTCTCCTAGGGC-1","NK",0.892369650421843
"TTAACTCTCTCCGGTT-1","Mono",1
"TTAGGACAGAAGGCCT-1","Mono",1
"TTAGGACAGAGGTAGA-1","B cells",1
"TTAGGACAGATGTGTA-1","Mono",1
"TTAGGACAGCAGGTCA-1","T cells",1
"TTAGGACAGTGTTTGC-1","T cells",1
"TTAGGACCAAATCCGT-1","B cells",1
"TTAGGACCAACTTGAC-1","T cells",1
"TTAGGACCAGCTGCAC-1","B cells",1
"TTAGGACCAGGGCATA-1","T cells",1
"TTAGGACCAGGGTATG-1","T cells",1
"TTAGGACCATCTCGCT-1","T cells",1
"TTAGGACGTAACGCGA-1","T cells",1
"TTAGGACGTACCGCTG-1","Mono",1
"TTAGGACGTCACCCAG-1","T cells",1
"TTAGGACGTCAGAAGC-1","T cells",0.967542932550849
"TTAGGACGTCAGAGGT-1","T cells",1
"TTAGGACGTCATACTG-1","Mono",1
"TTAGGACGTCGCCATG-1","T cells",0.988604549139227
"TTAGGACTCCGTCATC-1","T cells",1
"TTAGGACTCCTGCTTG-1","T cells",1
"TTAGGCAAGAAGAAGC-1","Mono",1
"TTAGGCAAGAAGGGTA-1","T cells",0.760480589745581
"TTAGGCACAAACCTAC-1","Mono",1
"TTAGGCACAATGGAGC-1","Mono",1
"TTAGGCACACGGTAAG-1","Mono",1
"TTAGGCAGTCGGGTCT-1","Mono",1
"TTAGGCAGTCTCATCC-1","T cells",1
"TTAGGCAGTCTGGTCG-1","B cells",0.999999999999999
"TTAGGCAGTTAAGACA-1","B cells",1
"TTAGGCAGTTATGTGC-1","Mono",1
"TTAGGCAGTTTGGGCC-1","Mono",0.603822436626171
"TTAGGCATCAGCTCGG-1","B cells",1
"TTAGGCATCAGTTAGC-1","T cells",0.956780520350858
"TTAGGCATCATCTGCC-1","Mono",1
"TTAGGCATCATGCAAC-1","T cells",0.965211005437958
"TTAGGCATCCAAACAC-1","NK",0.977674990825673
"TTAGGCATCCCAAGTA-1","T cells",0.73731216714514
"TTAGGCATCTATCCTA-1","T cells",1
"TTAGTTCAGAGTTGGC-1","T cells",0.853206035742388
"TTAGTTCAGCAGGTCA-1","B cells",1
"TTAGTTCAGGCAGGTT-1","T cells",0.974505984716084
"TTAGTTCCAAGGACAC-1","Mono",1
"TTAGTTCCACAGATTC-1","T cells",0.958243979380421
"TTAGTTCCACTACAGT-1","T cells",0.94909375947331
"TTAGTTCCAGGTCTCG-1","Mono",1
"TTAGTTCGTACATGTC-1","Mono",1
"TTAGTTCGTATGAATG-1","Mono",1
"TTAGTTCGTTGACGTT-1","T cells",0.814204644157065
"TTAGTTCGTTGGGACA-1","T cells",0.985042304433748
"TTAGTTCTCAACACGT-1","Mono",1
"TTAGTTCTCAACACTG-1","Mono",1
"TTAGTTCTCAGTCCCT-1","B cells",1
"TTAGTTCTCTGACCTC-1","T cells",0.904556408853396
"TTAGTTCTCTGTTGAG-1","NK",0.985397283648286
"TTATGCTAGAAACCGC-1","B cells",1
"TTATGCTAGACATAAC-1","T cells",0.696911566024717
"TTATGCTAGCATCATC-1","B cells",1
"TTATGCTAGGCACATG-1","Mono",1
"TTATGCTAGTCTCAAC-1","B cells",1
"TTATGCTAGTGTTAGA-1","Mono",1
"TTATGCTCAAGAAAGG-1","T cells",0.849166409513091
"TTATGCTCAAGGACTG-1","B cells",1
"TTATGCTCAGCCTGTG-1","NK",0.948952278345569
"TTATGCTCAGCTTAAC-1","T cells",1
"TTATGCTCATAAGACA-1","T cells",0.96902650789626
"TTATGCTCATGCAATC-1","B cells",1
"TTATGCTGTCCGTGAC-1","Mono",1
"TTATGCTGTGTTTGGT-1","Mono",1
"TTATGCTTCAGCTTAG-1","NK",0.926244071235549
"TTATGCTTCCGTCAAA-1","T cells",1
"TTATGCTTCGCCAAAT-1","Mono",0.607779651138123
"TTATGCTTCGGATGGA-1","Mono",1
"TTATGCTTCTAACGGT-1","T cells",1
"TTATGCTTCTGGTGTA-1","B cells",1
"TTCCCAGAGGCGTACA-1","T cells",0.846423477112778
"TTCCCAGAGGCTATCT-1","T cells",0.948454175828008
"TTCCCAGAGTACGACG-1","Mono",1
"TTCCCAGCAAGCTGGA-1","T cells",1
"TTCCCAGCAATGGTCT-1","Mono",1
"TTCCCAGCACGAGGTA-1","T cells",0.998521802686445
"TTCCCAGCATCACGTA-1","T cells",0.832617241987041
"TTCCCAGGTAAATACG-1","T cells",1
"TTCCCAGGTAAGTGTA-1","Mono",1
"TTCCCAGGTACGCTGC-1","T cells",0.794672562235256
"TTCCCAGGTAGCTAAA-1","T cells",0.879823129151558
"TTCCCAGGTCCAACTA-1","Mono",1
"TTCCCAGGTCTCAACA-1","T cells",0.988343787186177
"TTCCCAGGTGAAATCA-1","T cells",1
"TTCCCAGTCAACTCTT-1","B cells",1
"TTCCCAGTCAGGTAAA-1","T cells",1
"TTCCCAGTCGCACTCT-1","T cells",1
"TTCCCAGTCTACCTGC-1","T cells",0.955366005394288
"TTCGAAGAGCTACCGC-1","T cells",0.559328485860981
"TTCGAAGAGCTGCGAA-1","T cells",1
"TTCGAAGAGGAGTCTG-1","T cells",0.869038135447762
"TTCGAAGAGGCCCTTG-1","T cells",1
"TTCGAAGCACGCCAGT-1","T cells",1
"TTCGAAGCACGGATAG-1","T cells",1
"TTCGAAGCAGCATGAG-1","T cells",1
"TTCGAAGGTAGCGATG-1","Mono",1
"TTCGAAGGTATAATGG-1","T cells",0.775566654214103
"TTCGAAGGTCGGGTCT-1","T cells",1
"TTCGAAGGTCTCAACA-1","T cells",1
"TTCGAAGGTGACTCAT-1","T cells",0.79345975043943
"TTCGAAGGTGCTAGCC-1","T cells",0.706889378202546
"TTCGAAGGTGTCCTCT-1","T cells",1
"TTCGAAGTCCTAGTGA-1","T cells",1
"TTCGAAGTCCTCCTAG-1","B cells",1
"TTCGAAGTCCTGCTTG-1","T cells",0.96793312129165
"TTCGAAGTCGGGAGTA-1","B cells",1
"TTCGAAGTCTAGCACA-1","Mono",1
"TTCGAAGTCTGGTTCC-1","T cells",0.999999999999999
"TTCGGTCAGAAGGCCT-1","T cells",1
"TTCGGTCAGAGACGAA-1","Mono",1
"TTCGGTCAGATGCCAG-1","T cells",1
"TTCGGTCAGCATCATC-1","T cells",1
"TTCGGTCAGGTGACCA-1","B cells",1
"TTCGGTCCACTAGTAC-1","Mono",0.602335780898397
"TTCGGTCCAGAGTGTG-1","T cells",1
"TTCGGTCCAGCCAATT-1","T cells",1
"TTCGGTCCAGCTATTG-1","T cells",1
"TTCGGTCCAGCTGTGC-1","T cells",0.991590690026982
"TTCGGTCCAGTGGGAT-1","B cells",1
"TTCGGTCGTAAGAGAG-1","T cells",0.97701680806845
"TTCGGTCGTATTCTCT-1","T cells",0.895005063287228
"TTCGGTCGTCATATGC-1","B cells",1
"TTCGGTCGTCCTCTTG-1","T cells",0.911435217406258
"TTCGGTCTCAACCAAC-1","Mono",1
"TTCGGTCTCACCACCT-1","Mono",1
"TTCGGTCTCAGTCCCT-1","B cells",1
"TTCGGTCTCCTTGACC-1","T cells",1
"TTCGGTCTCGCGATCG-1","B cells",1
"TTCGGTCTCGTCTGAA-1","T cells",1
"TTCGGTCTCTCAACTT-1","T cells",0.974798747740395
"TTCTACAAGACCTAGG-1","T cells",1
"TTCTACAAGCTAACTC-1","T cells",0.539170498284446
"TTCTACAAGCTGTTCA-1","T cells",0.979103570037034
"TTCTACAAGTCAATAG-1","T cells",0.987517107107056
"TTCTACAAGTGTTAGA-1","T cells",0.942533703566163
"TTCTACAAGTGTTGAA-1","T cells",1
"TTCTACACAACTGGCC-1","T cells",1
"TTCTACACACGGATAG-1","T cells",1
"TTCTACACACGTAAGG-1","Mono",1
"TTCTACACAGACGCTC-1","B cells",1
"TTCTACACAGTAAGAT-1","Mono",1
"TTCTACAGTATGAAAC-1","Mono",1
"TTCTACAGTGTATGGG-1","NK",0.942880622797687
"TTCTACAGTGTGCGTC-1","T cells",0.934132711618203
"TTCTACAGTTATTCTC-1","T cells",0.640408638218819
"TTCTACATCACTTATC-1","T cells",1
"TTCTACATCAGGCCCA-1","NK",0.916311437219136
"TTCTACATCTCCAACC-1","T cells",1
"TTCTCAAAGCACGCCT-1","Mono",1
"TTCTCAACACTGTTAG-1","T cells",1
"TTCTCAACAGCTCGCA-1","T cells",1
"TTCTCAACAGGCAGTA-1","T cells",0.884403016859455
"TTCTCAACAGTGACAG-1","T cells",0.966909949267175
"TTCTCAACATTTCAGG-1","B cells",1
"TTCTCAAGTACAGTGG-1","T cells",0.800334698497551
"TTCTCAAGTACATGTC-1","T cells",1
"TTCTCAAGTACTTCTT-1","Mono",1
"TTCTCAAGTGACCAAG-1","T cells",0.57967105868326
"TTCTCAAGTGCTGTAT-1","NK",0.94149934478772
"TTCTCAAGTTAGGGTG-1","Mono",1
"TTCTCAATCATCGGAT-1","B cells",1
"TTCTCAATCATTTGGG-1","NK",0.860350584323864
"TTCTCAATCTATCCCG-1","T cells",1
"TTCTCCTAGACGACGT-1","Mono",1
"TTCTCCTAGTCAATAG-1","Mono",1
"TTCTCCTCAAACGTGG-1","B cells",1
"TTCTCCTCAATACGCT-1","B cells",1
"TTCTCCTCACATGGGA-1","T cells",0.979171944061277
"TTCTCCTCAGATGGGT-1","Mono",1
"TTCTCCTGTATATGAG-1","T cells",1
"TTCTCCTGTGGAAAGA-1","T cells",0.783511727264562
"TTCTCCTGTTACAGAA-1","NK",0.757068807634143
"TTCTCCTGTTCCACAA-1","T cells",0.996389213131804
"TTCTCCTGTTTGACTG-1","Mono",1
"TTCTCCTTCCGCGCAA-1","B cells",1
"TTCTCCTTCGATCCCT-1","Mono",1
"TTCTCCTTCTGAGGGA-1","T cells",1
"TTCTTAGAGCCAACAG-1","T cells",0.853174278668687
"TTCTTAGAGCGTGAAC-1","T cells",1
"TTCTTAGCAGATCGGA-1","T cells",0.983350439039119
"TTCTTAGCAGCCAGAA-1","T cells",0.932489332157111
"TTCTTAGGTCACCCAG-1","T cells",0.96330035800056
"TTCTTAGGTCGAACAG-1","T cells",0.769706147361075
"TTCTTAGGTGACTACT-1","T cells",1
"TTCTTAGGTGCGATAG-1","T cells",1
"TTCTTAGGTTAAGGGC-1","Mono",1
"TTCTTAGGTTACGGAG-1","Mono",1
"TTCTTAGTCAAACCAC-1","T cells",1
"TTCTTAGTCACTGGGC-1","T cells",1
"TTCTTAGTCCACTCCA-1","T cells",0.865795287887481
"TTCTTAGTCCGCATAA-1","T cells",1
"TTCTTAGTCGCTTGTC-1","Mono",1
"TTGAACGAGCCACGCT-1","Mono",1
"TTGAACGCAAAGTCAA-1","B cells",1
"TTGAACGCATCCCATC-1","Mono",1
"TTGAACGCATGAAGTA-1","Mono",1
"TTGAACGGTCGACTAT-1","T cells",0.988192088999154
"TTGAACGGTCTAGGTT-1","T cells",1
"TTGAACGGTGAACCTT-1","T cells",0.985728205898726
"TTGAACGGTGATAAAC-1","B cells",1
"TTGAACGTCGCATGAT-1","Mono",1
"TTGACTTAGATATGCA-1","T cells",1
"TTGACTTAGCACGCCT-1","Mono",0.69401418953546
"TTGACTTAGGTGCACA-1","T cells",1
"TTGACTTAGTCAAGGC-1","T cells",0.892885672388297
"TTGACTTCACGGCTAC-1","T cells",0.922452888719007
"TTGACTTCACTGTCGG-1","T cells",0.907046356338897
"TTGACTTCAGACACTT-1","T cells",1
"TTGACTTCAGCCTATA-1","B cells",1
"TTGACTTCAGCGAACA-1","T cells",1
"TTGACTTGTAAACACA-1","B cells",1
"TTGACTTGTACCAGTT-1","T cells",0.913169549755085
"TTGACTTGTCGATTGT-1","T cells",1
"TTGACTTGTCTGCGGT-1","T cells",0.989587319516914
"TTGACTTGTTCAGTAC-1","T cells",0.908019990058542
"TTGACTTGTTGTCTTT-1","T cells",0.993656485362926
"TTGACTTGTTGTTTGG-1","T cells",1
"TTGACTTGTTTCCACC-1","Mono",1
"TTGACTTGTTTGTTGG-1","Mono",1
"TTGACTTTCAACCAAC-1","Mono",1
"TTGACTTTCACATGCA-1","B cells",1
"TTGACTTTCCAGATCA-1","T cells",0.892097613699184
"TTGACTTTCGGAATCT-1","T cells",0.80994264054636
"TTGACTTTCGTGGACC-1","T cells",0.799345384356927
"TTGACTTTCTTTACAC-1","T cells",1
"TTGCCGTAGGACAGAA-1","T cells",1
"TTGCCGTAGTCTCGGC-1","T cells",0.698757676864266
"TTGCCGTCAAGTAGTA-1","T cells",1
"TTGCCGTCACATTAGC-1","B cells",1
"TTGCCGTCATACTCTT-1","B cells",1
"TTGCCGTCATGCAACT-1","B cells",1
"TTGCCGTCATTCTTAC-1","T cells",1
"TTGCCGTGTAGATTAG-1","T cells",1
"TTGCCGTGTCGCATAT-1","T cells",1
"TTGCCGTGTCTCTTTA-1","Mono",1
"TTGCCGTGTGGCAAAC-1","T cells",1
"TTGCCGTGTGTGCGTC-1","T cells",1
"TTGCCGTTCCAGAAGG-1","Mono",1
"TTGCCGTTCCCAGGTG-1","T cells",0.789083390116102
"TTGCGTCAGGGTCGAT-1","B cells",1
"TTGCGTCCAACACGCC-1","B cells",1
"TTGCGTCCAAGACACG-1","T cells",0.626685201127682
"TTGCGTCCAATCCAAC-1","T cells",1
"TTGCGTCCAATGAAAC-1","Mono",1
"TTGCGTCCACATGGGA-1","T cells",1
"TTGCGTCCAGACAGGT-1","T cells",0.802241945466396
"TTGCGTCCAGCCACCA-1","T cells",0.951402070790314
"TTGCGTCCAGGGTACA-1","T cells",1
"TTGCGTCCAGTGACAG-1","Mono",1
"TTGCGTCGTCCGAACC-1","Mono",1
"TTGCGTCGTCCTCCAT-1","T cells",1
"TTGCGTCGTGATGCCC-1","NK",0.908849818088045
"TTGCGTCGTTACGCGC-1","T cells",1
"TTGCGTCGTTAGAACA-1","T cells",1
"TTGCGTCTCAAACCGT-1","Mono",1
"TTGCGTCTCCACGTTC-1","B cells",1
"TTGCGTCTCGAATCCA-1","Mono",1
"TTGCGTCTCGGCGGTT-1","Mono",1
"TTGGAACAGACTTTCG-1","Mono",1
"TTGGAACAGAGGGCTT-1","T cells",1
"TTGGAACAGAGTACCG-1","T cells",1
"TTGGAACAGCTGGAAC-1","T cells",0.792457913051458
"TTGGAACCAAGCCCAC-1","T cells",0.917536308161987
"TTGGAACCACACCGCA-1","Mono",1
"TTGGAACCACGGACAA-1","B cells",1
"TTGGAACCACTTAAGC-1","NK",0.980840738750929
"TTGGAACCATGTCGAT-1","B cells",1
"TTGGAACCATTGTGCA-1","NK",0.89253394142231
"TTGGAACGTCATGCCG-1","T cells",1
"TTGGAACGTCCCTTGT-1","B cells",1
"TTGGAACGTCGTCTTC-1","T cells",1
"TTGGAACGTGACAAAT-1","B cells",1
"TTGGAACGTGTTTGGT-1","T cells",1
"TTGGAACTCTACTATC-1","T cells",1
"TTGGAACTCTGTACGA-1","T cells",0.837916141443068
"TTGGCAAAGCCGCCTA-1","T cells",0.822897866296165
"TTGGCAAAGCTAACAA-1","B cells",1
"TTGGCAAAGTACATGA-1","T cells",1
"TTGGCAACAAGCGATG-1","T cells",0.758924528060687
"TTGGCAACAATTCCTT-1","Mono",1
"TTGGCAAGTGAACCTT-1","T cells",1
"TTGGCAAGTGTTAAGA-1","B cells",1
"TTGGCAAGTTCGGCAC-1","B cells",1
"TTGGCAAGTTCGTCTC-1","T cells",0.872693423328312
"TTGGCAATCACTGGGC-1","Mono",1
"TTGGCAATCTCCTATA-1","T cells",1
"TTGGCAATCTTACCTA-1","T cells",1
"TTGGCAATCTTCCTTC-1","Mono",1
"TTGGCAATCTTCGAGA-1","NK",0.800804757481612
"TTGTAGGAGATTACCC-1","Mono",1
"TTGTAGGAGCCAGAAC-1","T cells",0.97941769572045
"TTGTAGGAGGTGATAT-1","B cells",1
"TTGTAGGAGTGTACGG-1","T cells",1
"TTGTAGGCACAGAGGT-1","Mono",1
"TTGTAGGCACCAGATT-1","T cells",1
"TTGTAGGCACCGTTGG-1","B cells",1
"TTGTAGGCAGTCTTCC-1","T cells",1
"TTGTAGGCATCCAACA-1","B cells",1
"TTGTAGGGTGTTGGGA-1","Mono",1
"TTGTAGGGTTCAGACT-1","T cells",1
"TTGTAGGGTTCGTCTC-1","T cells",1
"TTGTAGGTCACCACCT-1","B cells",1
"TTGTAGGTCATTGCGA-1","T cells",0.990783048683629
"TTGTAGGTCCGAACGC-1","NK",0.965171365480247
"TTGTAGGTCCTAAGTG-1","T cells",1
"TTGTAGGTCCTCCTAG-1","Mono",1
"TTGTAGGTCGCACTCT-1","T cells",0.971313938719477
"TTGTAGGTCTACCAGA-1","T cells",0.887905701910908
"TTTACTGAGAATTCCC-1","T cells",1
"TTTACTGAGAGAGCTC-1","T cells",1
"TTTACTGAGCGATCCC-1","T cells",0.924942537153532
"TTTACTGAGGACGAAA-1","T cells",0.984404999249717
"TTTACTGAGGCCATAG-1","Mono",1
"TTTACTGAGGGTGTGT-1","B cells",1
"TTTACTGAGTGGGATC-1","T cells",0.82109319097402
"TTTACTGAGTTGCAGG-1","B cells",1
"TTTACTGCACGAAAGC-1","Mono",1
"TTTACTGGTACCGTAT-1","T cells",1
"TTTACTGGTTCCAACA-1","Mono",0.999999999999999
"TTTACTGGTTCCCTTG-1","Mono",1
"TTTACTGGTTGTGGAG-1","T cells",1
"TTTACTGTCAGTCCCT-1","B cells",1
"TTTACTGTCCGCATCT-1","Mono",1
"TTTACTGTCCTTTACA-1","T cells",1
"TTTACTGTCGTGGGAA-1","T cells",1
"TTTACTGTCGTGGTCG-1","T cells",1
"TTTACTGTCTGATTCT-1","B cells",1
"TTTACTGTCTGCAAGT-1","B cells",1
"TTTATGCAGAAGGTTT-1","T cells",0.93623112036
"TTTATGCAGAGTGACC-1","T cells",1
"TTTATGCAGATGGGTC-1","Mono",1
"TTTATGCAGCGATGAC-1","T cells",1
"TTTATGCAGGACATTA-1","Mono",1
"TTTATGCAGGCATGTG-1","Mono",1
"TTTATGCCAAGCCCAC-1","T cells",1
"TTTATGCCAAGGACTG-1","B cells",1
"TTTATGCCAGCCTTTC-1","T cells",0.855242385277014
"TTTATGCCATGACATC-1","T cells",1
"TTTATGCGTACTTAGC-1","Mono",1
"TTTATGCGTAGTAGTA-1","T cells",0.995080055724205
"TTTATGCGTCTAGCCG-1","T cells",1
"TTTATGCGTTGGGACA-1","T cells",1
"TTTATGCTCTCATTCA-1","Mono",1
"TTTCCTCAGACAGAGA-1","Mono",1
"TTTCCTCAGCGTTGCC-1","B cells",1
"TTTCCTCAGTGCGATG-1","Mono",1
"TTTCCTCAGTGGGATC-1","T cells",0.984013484155933
"TTTCCTCCAGGGCATA-1","B cells",1
"TTTCCTCGTAGGACAC-1","T cells",1
"TTTCCTCGTCCTCCAT-1","T cells",1
"TTTCCTCGTGTAATGA-1","T cells",0.848754176789781
"TTTCCTCGTTACCGAT-1","T cells",1
"TTTCCTCTCAACTCTT-1","T cells",1
"TTTCCTCTCACGCATA-1","T cells",1
"TTTCCTCTCCACGTGG-1","T cells",1
"TTTGCGCAGACTGTAA-1","Mono",1
"TTTGCGCAGAGTGACC-1","T cells",0.93128284789444
"TTTGCGCAGCAGGCTA-1","Mono",1
"TTTGCGCAGCCACGCT-1","B cells",1
"TTTGCGCAGCTGAACG-1","T cells",0.846416098793894
"TTTGCGCAGGGTATCG-1","Mono",1
"TTTGCGCAGGTGGGTT-1","T cells",1
"TTTGCGCCAAGCGTAG-1","T cells",0.685500135315084
"TTTGCGCCAAGGGTCA-1","Mono",1
"TTTGCGCCACCATCCT-1","T cells",0.86525390189874
"TTTGCGCCACTGTTAG-1","B cells",1
"TTTGCGCGTAAACGCG-1","B cells",1
"TTTGCGCGTAAATGAC-1","B cells",1
"TTTGCGCGTACCGAGA-1","Mono",1
"TTTGCGCGTAGCTGCC-1","B cells",1
"TTTGCGCGTATAAACG-1","T cells",1
"TTTGCGCGTCAAAGAT-1","T cells",1
"TTTGCGCGTGACGGTA-1","T cells",1
"TTTGCGCGTTCCGTCT-1","Mono",1
"TTTGCGCTCGCTTAGA-1","T cells",0.787086478499713
"TTTGCGCTCGGAAATA-1","T cells",1
"TTTGCGCTCGTTTGCC-1","Mono",1
"TTTGCGCTCTCTTATG-1","T cells",0.768683727323314
"TTTGGTTAGCTATGCT-1","B cells",1
"TTTGGTTAGGTTACCT-1","Mono",1
"TTTGGTTCACCTCGTT-1","Mono",1
"TTTGGTTCACTACAGT-1","Mono",1
"TTTGGTTCAGATCCAT-1","Mono",1
"TTTGGTTCAGGGCATA-1","T cells",0.895050043406183
"TTTGGTTCAGTAGAGC-1","T cells",0.918922648579138
"TTTGGTTGTAACGACG-1","Mono",1
"TTTGGTTGTCAAGCGA-1","T cells",1
"TTTGGTTGTCCAACTA-1","T cells",1
"TTTGGTTGTGTAATGA-1","Mono",1
"TTTGGTTGTTTAAGCC-1","T cells",0.891661103850907
"TTTGGTTTCAACACCA-1","T cells",1
"TTTGGTTTCAGCGATT-1","Mono",1
"TTTGGTTTCCAAGCCG-1","Mono",1
"TTTGGTTTCCAGATCA-1","T cells",1
"TTTGGTTTCCTCCTAG-1","Mono",1
"TTTGGTTTCGTGGGAA-1","T cells",1
"TTTGGTTTCTCATTCA-1","T cells",0.985738670032898
"TTTGGTTTCTTCAACT-1","T cells",1
"TTTGTCAAGACGCACA-1","T cells",1
"TTTGTCAAGACTTTCG-1","Mono",1
"TTTGTCAAGCACCGTC-1","B cells",1
"TTTGTCAAGCGGCTTC-1","T cells",1
"TTTGTCAAGCTGATAA-1","Mono",0.999999999999999
"TTTGTCACAGACTCGC-1","T cells",1
"TTTGTCACAGCTCCGA-1","T cells",0.992131010780093
"TTTGTCACAGGGATTG-1","T cells",0.863797510999484
"TTTGTCAGTAGCAAAT-1","T cells",0.79073523407909
"TTTGTCAGTCAGATAA-1","T cells",0.780288585838582
"TTTGTCAGTCGCGTGT-1","Mono",1
"TTTGTCAGTTACCGAT-1","T cells",1
"TTTGTCATCATGTCCC-1","T cells",1
"TTTGTCATCCGATATG-1","T cells",1
"TTTGTCATCGTCTGAA-1","Mono",1
"TTTGTCATCTCGAGTA-1","T cells",0.882533348447406
"TTTGTCATCTGCTTGC-1","T cells",1
