round,train_loss,val_loss,elapsed_seconds,val_macro_f1,val_acc
1,2.5073803611632606,2.508421859560259,6.486491835407749,0.7509338045532811,0.8163052543786489
2,2.3967913962286618,2.398179396079718,12.972983670815498,,
3,2.2967249606101507,2.29874959933549,19.459475506223246,,
4,2.2079800833050727,2.2102199853013413,25.945967341630997,,
5,2.1273689400826323,2.1300171212517687,32.432459177038744,,
6,2.0563965171153655,2.059938929645691,38.91895101244649,,
7,1.989605609818408,1.9933020239625998,45.40544284785424,,
8,1.927775838836285,1.9318546201657811,51.891934683261994,,
9,1.8704986332720164,1.8754028245694843,58.37842651866974,,
10,1.8154739353500498,1.8206547480558135,64.86491835407749,,
11,1.7647448587272876,1.7706323306296048,71.35141018948524,0.7534063967414417,0.8311092577147623
12,1.7174698127818304,1.724048781509296,77.83790202489298,,
13,1.6721356555597517,1.6793940911897527,84.32439386030073,,
14,1.6290712322898997,1.6366932457740153,90.81088569570848,,
15,1.5890229194103127,1.5968011753871303,97.29737753111624,,
16,1.5503784090315749,1.558745568597983,103.78386936652399,,
17,1.5122938682807558,1.5212265976624653,110.27036120193173,,
18,1.478175682425071,1.4877457929164595,116.75685303733948,,
19,1.4459688966277189,1.4559849325918575,123.24334487274723,,
20,1.4152242733918992,1.4253579923841135,129.72983670815498,,
21,1.3842440448786484,1.3946669614493996,136.21632854356272,0.7679259649377028,0.8392410341951626
22,1.354165494879758,1.3652580324886638,142.70282037897047,,
23,1.3256308030508768,1.3372901795405563,149.18931221437822,,
24,1.2973224366551679,1.3093112609826891,155.67580404978597,,
25,1.2702396783643461,1.2826496266742067,162.1622958851937,,
26,1.2444082843893052,1.2570612120618414,168.64878772060146,,
27,1.220382983340509,1.233439104123549,175.1352795560092,,
28,1.196964707348555,1.21023413822291,181.62177139141696,,
29,1.1749462671815287,1.1883878852920398,188.10826322682473,,
30,1.1522313774078108,1.1658075489383424,194.59475506223248,,
31,1.1306484873410667,1.144601011271274,201.08124689764023,0.7676437781428278,0.8421601334445371
32,1.1102014173143575,1.1245333372403226,207.56773873304797,,
33,1.0912307769122969,1.1058995591987661,214.05423056845572,,
34,1.0731424161839929,1.0880872835036215,220.54072240386347,,
35,1.0544998378506854,1.0698634302173682,227.02721423927122,,
36,1.0365455474154959,1.0520352976609508,233.51370607467896,,
37,1.0187779346579835,1.0346382614271754,240.0001979100867,,
38,1.0028061626413822,1.0189478160367598,246.48668974549446,,
39,0.9866033435069482,1.002954628769063,252.9731815809022,,
40,0.971386887077019,0.987945617239509,259.45967341630995,,
41,0.9565882030382084,0.9732590524092926,265.94616525171773,0.7725909481369183,0.8479983319432861
42,0.9411998204007399,0.9582214504915342,272.43265708712545,,
43,0.9264786937604073,0.9438707056743488,278.9191489225332,,
44,0.9123501504946041,0.9300790706197355,285.40564075794094,,
45,0.8981401557513427,0.9161179443018153,291.8921325933487,,
46,0.8842926479720508,0.9024983048874006,298.37862442875644,,
47,0.8714320170265102,0.8901197385785479,304.8651162641642,,
48,0.8585041806052429,0.877711633781128,311.35160809957193,,
49,0.8461737853819362,0.8656924950569446,317.8380999349797,,
50,0.8344857389896363,0.8540809016062678,324.3245917703874,,
51,0.8219155115064944,0.8417432056778764,330.8110836057952,0.7882628743973132,0.8559216013344454
52,0.8106991342786084,0.8306340572235483,337.2975754412029,,
53,0.7991445787786645,0.8194859172648644,343.7840672766107,,
54,0.7878359457727065,0.8083995251393596,350.2705591120184,,
55,0.7771091677208948,0.7978105949699332,356.7570509474262,,
56,0.7667609899500756,0.7877616680245085,363.2435427828339,,
57,0.7568810614185966,0.7780629102081632,369.7300346182417,,
58,0.7470210406951955,0.7683246685463851,376.21652645364946,,
59,0.7369666517751685,0.7584770369507354,382.7030182890572,,
60,0.7276713125538371,0.7494134416895374,389.18951012446496,,
61,0.718356801643379,0.7405294328990134,395.6760019598727,0.7901374094253499,0.8619683069224353
62,0.7093242409983379,0.731771999878422,402.16249379528045,,
63,0.7001114915777177,0.7229105570633975,408.6489856306882,,
64,0.6914675416660631,0.7144330306641999,415.13547746609595,,
65,0.6832605789779708,0.7062504714210397,421.62196930150367,,
66,0.6747013873217328,0.6978861447843141,428.10846113691144,,
67,0.6666666124827288,0.6901970053646245,434.59495297231916,,
68,0.6583689779653592,0.6820449608908632,441.08144480772694,,
69,0.6509096896050303,0.6749501425378317,447.56793664313466,,
70,0.6433326197674922,0.6674466807242977,454.05442847854243,,
71,0.6358284736991009,0.6601174674101727,460.54092031395015,0.7992297564801439,0.8663469557964971
72,0.6284777541303488,0.6530876735674281,467.02741214935793,,
73,0.6213657479010025,0.6462100742165748,473.51390398476565,,
74,0.6140860268213794,0.6391717129828932,480.0003958201734,,
75,0.606829646371571,0.6322578544090747,486.48688765558114,,
76,0.5998423805248914,0.6254322555435012,492.9733794909889,,
77,0.59310274732462,0.6188131931973458,499.4598713263967,,
78,0.5869953756139226,0.6130510431848734,505.9463631618044,,
79,0.5805731096404707,0.6067952603984118,512.4328549972122,,
80,0.5739209656483554,0.6002730473664724,518.9193468326199,,
81,0.5673788047494753,0.5938968611562669,525.4058386680276,0.8116518306751873,0.8713511259382819
82,0.5618641005172966,0.5887067110042358,531.8923305034355,,
83,0.5558433815079437,0.5829910808914746,538.3788223388432,,
84,0.5502207118541659,0.577638014986353,544.8653141742509,,
85,0.5445831908026028,0.5722908081301955,551.3518060096586,,
86,0.5390907479021354,0.5670535248984662,557.8382978450664,,
87,0.5340619770654346,0.5623989358677951,564.3247896804742,,
88,0.5285436799477203,0.5571329965037888,570.8112815158819,,
89,0.5230392290847242,0.5518044260430699,577.2977733512896,,
90,0.5182339999479431,0.5472147083880878,583.7842651866974,,
91,0.513315302656159,0.5425207504802216,590.2707570221052,0.8184564454540586,0.8803169307756463
92,0.5086115045304542,0.538122734185417,596.7572488575129,,
93,0.5037011707353983,0.5334044969186273,603.2437406929206,,
94,0.4989629316836708,0.5289188278753549,609.7302325283284,,
95,0.4941141292943407,0.5243280997765472,616.2167243637361,,
96,0.48929367390136974,0.5197799621729353,622.7032161991439,,
97,0.48498184944808487,0.5155666512114814,629.1897080345517,,
98,0.4809092947618663,0.5116347113113114,635.6761998699594,,
99,0.4766997835404879,0.5076674800210813,642.1626917053671,,
100,0.4726793743097396,0.5038216213141883,648.6491835407749,,
101,0.4686192665114032,0.4999786073635577,655.1356753761827,0.8230304973830476,0.8834445371142619
102,0.4647108083008478,0.4964180052438883,661.6221672115904,,
103,0.46054311851488133,0.4925044902831043,668.1086590469981,,
104,0.45668618543245854,0.4890186919320415,674.5951508824058,,
105,0.45275704311946413,0.4854109772885711,681.0816427178137,,
106,0.44908770736219644,0.481946667536683,687.5681345532214,,
107,0.44511266561244345,0.47819059430229305,694.0546263886291,,
108,0.44126589037982894,0.4745811577886343,700.5411182240368,,
109,0.437455751162029,0.47096552744855774,707.0276100594447,,
110,0.4340059617691151,0.4677586018995656,713.5141018948524,,
111,0.4306019930482858,0.4645786938429177,720.0005937302601,0.8306784485819235,0.8886572143452878
112,0.4271998740511712,0.4614410538154905,726.4870855656678,,
113,0.42382040007642746,0.45833171618243274,732.9735774010757,,
114,0.42043706576324646,0.45521457172740715,739.4600692364834,,
115,0.4172720723767313,0.45240233508051314,745.9465610718911,,
116,0.413896605717157,0.4492167433991009,752.4330529072989,,
117,0.4107412928343993,0.4462375638096145,758.9195447427066,,
118,0.40768618658216077,0.4434229383676983,765.4060365781144,,
119,0.4045629270579506,0.44056841450043527,771.8925284135221,,
120,0.4013997042533382,0.437695412963374,778.3790202489299,,
121,0.3983474624988632,0.4348450400575287,784.8655120843376,0.8329557339592668,0.890742285237698
122,0.39549419898024935,0.43208626262902644,791.3520039197454,,
123,0.39261559510391175,0.42932522340714185,797.8384957551531,,
124,0.3897537215115696,0.42667334588295824,804.3249875905609,,
125,0.3867844453975287,0.42387061609767746,810.8114794259686,,
126,0.38421940750476474,0.4214402845555029,817.2979712613763,,
127,0.38163251416672556,0.41910977454916626,823.7844630967841,,
128,0.3788618879087934,0.41654554600233185,830.2709549321919,,
129,0.3761590022033316,0.4140075569113311,836.7574467675996,,
130,0.37361002087251977,0.4115812701163029,843.2439386030073,,
131,0.3709798264444632,0.40908959574742654,849.730430438415,0.8392596501301706,0.8928273561301084
132,0.3686623801060693,0.40708854430905844,856.2169222738229,,
133,0.36622170408995763,0.4048755898865078,862.7034141092306,,
134,0.3638496680354326,0.4027057507823379,869.1899059446383,,
135,0.3614089959320367,0.4004736084318576,875.6763977800462,,
136,0.35908814636673536,0.39825559141591277,882.1628896154539,,
137,0.3567248678590914,0.39604493277729974,888.6493814508616,,
138,0.3544693609893333,0.3940144350738253,895.1358732862693,,
139,0.3520104536618239,0.3918217565931125,901.6223651216771,,
140,0.34959788102240497,0.38955362431675483,908.1088569570849,,
141,0.34744059764458485,0.3876268051706839,914.5953487924926,0.8430614583513157,0.8953294412010009
142,0.3452921245702505,0.3857618335629033,921.0818406279003,,
143,0.343027642962308,0.383714796590764,927.5683324633081,,
144,0.34093967869083147,0.3820088080785317,934.0548242987159,,
145,0.3390154114096579,0.38030275484132237,940.5413161341236,,
146,0.33685135341626093,0.3782575077562126,947.0278079695313,,
147,0.334894093244944,0.37638588710956034,953.5142998049391,,
148,0.332916872224915,0.3745466972587846,960.0007916403468,,
149,0.3308514740525812,0.37272499570020284,966.4872834757546,,
150,0.32880194202100943,0.3708856206339123,972.9737753111623,,
151,0.32700846466408634,0.3692438563190593,979.4602671465701,0.8445494885511725,0.896580483736447
152,0.3250286852800143,0.3674875847304751,985.9467589819778,,
153,0.32309823482253364,0.3657758433047101,992.4332508173856,,
154,0.321204288429103,0.36410122721598137,998.9197426527934,,
155,0.3194397701066938,0.3625826733951939,1005.4062344882011,,
156,0.3176865637662015,0.3610036148362676,1011.8927263236088,,
157,0.31590226847957725,0.3594978906756408,1018.3792181590165,,
158,0.3142183505715328,0.3580638366989058,1024.8657099944244,,
159,0.3126433461737988,0.3567044045989735,1031.352201829832,,
160,0.3108975977966001,0.35514964808005406,1037.8386936652398,,
161,0.3091765637750226,0.35374174320377455,1044.3251855006476,0.8477238675707771,0.8976230191826522
162,0.30742227268883404,0.3521081100061095,1050.8116773360553,,
163,0.3058115883357335,0.3506998735001533,1057.298169171463,,
164,0.30416318815236393,0.3491992162578616,1063.784661006871,,
165,0.3026058200369119,0.3477854563390915,1070.2711528422785,,
166,0.30103475357268195,0.34632326253776047,1076.7576446776864,,
167,0.2993813168590594,0.34478335161293366,1083.244136513094,,
168,0.297737964044422,0.3432865462173087,1089.7306283485018,,
169,0.2960661063220198,0.3419340309584816,1096.2171201839096,,
170,0.29456782172581647,0.3405746733107596,1102.7036120193172,,
171,0.29306869095282895,0.3392986541792977,1109.190103854725,0.8516970705654973,0.8999165971643036
172,0.29169492671274266,0.3380379188367732,1115.676595690133,,
173,0.29027333743903055,0.33690528287548416,1122.1630875255405,,
174,0.2888793912509386,0.33567891347985573,1128.6495793609483,,
175,0.28747203425123397,0.33456068873243117,1135.1360711963562,,
176,0.2859686889776922,0.3332833003645391,1141.6225630317638,,
177,0.2846340060206062,0.3320964371499678,1148.1090548671716,,
178,0.28326369065322743,0.33086217820739144,1154.5955467025792,,
179,0.2818660215793133,0.32967457181682425,1161.082038537987,,
180,0.2805644185659687,0.3285067352369968,1167.5685303733949,,
181,0.2792471808209986,0.3274144619525417,1174.0550222088025,0.8523443148651323,0.9007506255212677
182,0.27788369643866023,0.3262529721410962,1180.5415140442103,,
183,0.2765645354686841,0.3251576616888628,1187.0280058796181,,
184,0.2752620846433625,0.3241032969027531,1193.5144977150258,,
185,0.27403121717561046,0.32309420870518385,1200.0009895504336,,
186,0.27277904272592635,0.3220611729461457,1206.4874813858412,,
187,0.27146146657557385,0.3208765048316965,1212.973973221249,,
188,0.27023200137157344,0.3198208549142263,1219.4604650566569,,
189,0.26897606582059685,0.3188175924329726,1225.9469568920645,,
190,0.26781522774909117,0.31788299427549505,1232.4334487274723,,
191,0.2666731230336392,0.3169691084475925,1238.9199405628801,0.855981815604053,0.9028356964136781
192,0.26558080062880646,0.31602373294857755,1245.4064323982877,,
193,0.26450730537947276,0.31507227046580655,1251.8929242336956,,
194,0.2633103997498297,0.3141149293335762,1258.3794160691034,,
195,0.26221272329190926,0.31322540427376366,1264.865907904511,,
196,0.26120027162992626,0.3124479045266141,1271.3523997399188,,
197,0.26006974721100556,0.31148449002277323,1277.8388915753264,,
198,0.2590532609998586,0.3106315790441973,1284.3253834107343,,
199,0.2580073518654897,0.30973651394777363,1290.811875246142,,
200,0.2569705271939651,0.30888951807646,1297.2983670815497,,
201,0.25594696163001907,0.30803135380425023,1303.7848589169575,0.858331451820651,0.9049207673060884
202,0.2549022921010583,0.3071863018794784,1310.2713507523654,,
203,0.25381803089828187,0.3062751534789314,1316.757842587773,,
204,0.2527216551487063,0.305394236202483,1323.2443344231808,,
205,0.2516911105586105,0.3045393742290438,1329.7308262585884,,
206,0.250649431629107,0.3036587449441003,1336.2173180939963,,
207,0.24950730618470415,0.30274463737928375,1342.703809929404,,
208,0.24849307803035312,0.30189402306703284,1349.1903017648117,,
209,0.2475722152261328,0.30117101310486294,1355.6767936002195,,
210,0.2466232492394853,0.3004322482933802,1362.1632854356274,,
211,0.2455941325350797,0.29956760434833846,1368.649777271035,0.8605594338830171,0.9061718098415346
212,0.2446775792009299,0.2988806729678964,1375.1362691064428,,
213,0.24380992468745585,0.2981206299946818,1381.6227609418506,,
214,0.24294707533486082,0.29748620004057214,1388.1092527772582,,
215,0.2420706469121881,0.2967948403280909,1394.595744612666,,
216,0.24118351711790198,0.29609287460227796,1401.0822364480737,,
217,0.24031153695346114,0.2953506024134733,1407.5687282834815,,
218,0.23938523717395171,0.2945803540458381,1414.0552201188893,,
219,0.23845519754962036,0.29375112696715455,1420.541711954297,,
220,0.23757935801213093,0.2930656566121091,1427.0282037897048,,
221,0.23665470542534175,0.29236865618531815,1433.5146956251126,0.8623581689064169,0.9078398665554629
222,0.23572247435044755,0.29165633990148937,1440.0011874605202,,
223,0.23483971941304535,0.29092126312633404,1446.487679295928,,
224,0.2339252808325651,0.29021448110388726,1452.9741711313357,,
225,0.23307863346760996,0.2895453993855953,1459.4606629667435,,
226,0.2322892713169438,0.28891963202229004,1465.9471548021513,,
227,0.23152417176538745,0.28834926340838907,1472.433646637559,,
228,0.23065217273241834,0.2876572783039634,1478.9201384729668,,
229,0.2299283964259061,0.28711423149147536,1485.4066303083746,,
230,0.22917643175739616,0.28660441101862705,1491.8931221437822,,
231,0.2283691405093674,0.28597061900455767,1498.37961397919,0.8647964108828534,0.9092994161801501
232,0.22754620935100744,0.2852205838472136,1504.8661058145979,,
233,0.2268248631714766,0.2847330031180141,1511.3525976500055,,
234,0.2260618035578015,0.28406801950615646,1517.8390894854133,,
235,0.2251983929138503,0.28339360118998963,1524.325581320821,,
236,0.22443676697831597,0.28274035321443136,1530.8120731562287,,
237,0.22366444557264906,0.2821243221263651,1537.2985649916366,,
238,0.22296150828894043,0.2816217936394527,1543.7850568270442,,
239,0.22221453606448885,0.28099782649404154,1550.271548662452,,
240,0.22149846880880913,0.28037535245848777,1556.7580404978598,,
241,0.2207119285687187,0.2798780486991806,1563.2445323332674,0.8655117195557741,0.9095079232693911
242,0.21993146812492262,0.2791844790834321,1569.7310241686753,,
243,0.21921021394074347,0.2786357698108056,1576.2175160040829,,
244,0.21845647112996466,0.2780627897309273,1582.7040078394907,,
245,0.21775518850737752,0.2775012529274531,1589.1904996748985,,
246,0.2170376337760978,0.276901558034242,1595.6769915103062,,
247,0.21625611698663844,0.27629787629142827,1602.163483345714,,
248,0.21553035344761026,0.27577028606180953,1608.6499751811218,,
249,0.21481239294463733,0.2751663056976749,1615.1364670165294,,
250,0.21409047573862586,0.27460181527888344,1621.6229588519373,,
251,0.21335716554087544,0.27407291732561284,1628.109450687345,0.8668597969755406,0.9109674728940784
252,0.2127308241897203,0.27365206774167666,1634.5959425227527,,
253,0.21203543660531243,0.2732093174030808,1641.0824343581605,,
254,0.21133723292659057,0.27268044265660746,1647.5689261935681,,
255,0.2106459357268819,0.2721215330284311,1654.055418028976,,
256,0.2100153283983649,0.2716762997714233,1660.5419098643838,,
257,0.20939905440970602,0.2712115527895179,1667.0284016997914,,
258,0.2087061853872121,0.27071913459842745,1673.5148935351992,,
259,0.20809632843335252,0.27023120725246225,1680.001385370607,,
260,0.20745999425668707,0.2697401439450744,1686.4878772060147,,
261,0.20687835858460268,0.2693101624010874,1692.9743690414225,0.866530141491012,0.9120100083402836
262,0.2062553509700423,0.268861652393035,1699.46086087683,,
263,0.20557261939012103,0.2683339022090068,1705.947352712238,,
264,0.20500380940610965,0.2679135612642441,1712.4338445476458,,
265,0.2043826155923375,0.26740485283967924,1718.9203363830534,,
266,0.20372373702129368,0.26700092593506614,1725.4068282184612,,
267,0.20315820033220774,0.2665499702528635,1731.893320053869,,
268,0.20256221898255805,0.2660852373218214,1738.3798118892767,,
269,0.20198995882899284,0.26559791809085403,1744.8663037246845,,
270,0.2013759023216768,0.26518853517644203,1751.3527955600923,,
271,0.20081668658421561,0.26480371639860895,1757.8392873955,0.8691983480000448,0.9132610508757297
272,0.20015692383417946,0.2643217991488373,1764.3257792309078,,
273,0.1995986063238351,0.2639352007774825,1770.8122710663154,,
274,0.1990235314179418,0.2635048397082835,1777.2987629017232,,
275,0.19847861281227142,0.2630793962404722,1783.785254737131,,
276,0.19790330007670906,0.2626823975431146,1790.2717465725386,,
277,0.1973531033751265,0.26225525692633095,1796.7582384079465,,
278,0.19681678654471071,0.26186378954579526,1803.2447302433543,,
279,0.19625714101093594,0.26142423341157645,1809.731222078762,,
280,0.19567377620956536,0.2609814192200504,1816.2177139141697,,
281,0.19507568721450855,0.260552594382779,1822.7042057495773,0.8698348539087316,0.9134695579649708
282,0.19453808437406359,0.2601612256696658,1829.1906975849852,,
283,0.19404661041844642,0.25976112448223254,1835.677189420393,,
284,0.19352612551999626,0.2593824094415971,1842.1636812558006,,
285,0.19298644299478837,0.25896894550341276,1848.6501730912084,,
286,0.1924808593550762,0.2585826339225626,1855.1366649266163,,
287,0.1919475022504499,0.2581542614715423,1861.6231567620239,,
288,0.19144585963120606,0.25774349016098586,1868.1096485974317,,
289,0.19093789089118135,0.2573868887292845,1874.5961404328395,,
290,0.19040652675378722,0.25699823152983065,1881.0826322682472,,
291,0.18982064543558877,0.25659495228054846,1887.569124103655,0.8708932275418914,0.914512093411176
292,0.18933117899211835,0.2562721342368456,1894.0556159390626,,
293,0.18884941117392615,0.25590523568586326,1900.5421077744704,,
294,0.1883502141976001,0.25561342507018125,1907.0285996098783,,
295,0.18788681359350512,0.25529215291881446,1913.5150914452859,,
296,0.18737984783640713,0.2549884412476758,1920.0015832806937,,
297,0.18687120237071136,0.2545737202475496,1926.4880751161015,,
298,0.1864006343613822,0.2542612104287998,1932.9745669515091,,
299,0.18597263958974541,0.2540166818429918,1939.461058786917,,
300,0.18548485339223594,0.2537434794083931,1945.9475506223246,,
301,0.18500361016080824,0.25335887321547235,1952.4340424577324,0.8733594448652928,0.9155546288573811
302,0.18456385299255362,0.2530687386735115,1958.9205342931402,,
303,0.18406977258310528,0.2527315302307415,1965.4070261285478,,
304,0.1836000199007954,0.25250994940909277,1971.8935179639557,,
305,0.183116232888397,0.25218480574143326,1978.3800097993635,,
306,0.1826809205554372,0.2519091184600936,1984.866501634771,,
307,0.182271070975063,0.25166206158535653,1991.352993470179,,
308,0.18183337995756527,0.25131103026578605,1997.8394853055868,,
309,0.1813582390455128,0.25098305659085507,2004.3259771409944,,
310,0.18088332611160446,0.25063418870440024,2010.8124689764022,,
311,0.18039228759804884,0.250380923138737,2017.2989608118098,0.8733313225221347,0.9163886572143453
312,0.17997555591871794,0.25010622656108283,2023.7854526472177,,
313,0.17954850707419537,0.24980041763977642,2030.2719444826255,,
314,0.1790827386559271,0.24950224503059823,2036.758436318033,,
315,0.1786465869574133,0.24923108828921708,2043.244928153441,,
316,0.17820670139706749,0.24893425162150498,2049.7314199888488,,
317,0.17777093795545573,0.2486388056283133,2056.2179118242566,,
318,0.17731577723233194,0.24837900287397385,2062.704403659664,,
319,0.17690418121544668,0.24812851025136912,2069.190895495072,,
320,0.1764775495920606,0.24790980560010895,2075.6773873304796,,
321,0.17604930371468658,0.24767045739866447,2082.1638791658875,0.87394157406907,0.9165971643035863
322,0.1756394521660213,0.247424290591616,2088.6503710012953,,
323,0.17523672272034493,0.24715856761738889,2095.136862836703,,
324,0.17481178258448118,0.2468998764736832,2101.6233546721105,,
325,0.1743908302610317,0.24657923563318856,2108.1098465075183,,
326,0.17398244371247215,0.24634721723813194,2114.596338342926,,
327,0.1735706684461059,0.2460830335820036,2121.082830178334,,
328,0.17315943776568868,0.24580791507928632,2127.569322013742,,
329,0.17275691627494227,0.24552581347287483,2134.055813849149,,
330,0.17237257647904825,0.24530565240935726,2140.542305684557,,
331,0.1719327221070606,0.24498903200167618,2147.028797519965,0.8766763639621828,0.9174311926605505
332,0.17156095951290978,0.24469185584040332,2153.5152893553727,,
333,0.17116709285489784,0.2444992393316257,2160.0017811907805,,
334,0.1707724314168735,0.24418008971757738,2166.488273026188,,
335,0.17039259911847332,0.24396483424353937,2172.9747648615958,,
336,0.1699898928360495,0.24366970431451176,2179.4612566970036,,
337,0.16961070036902542,0.24337675475963852,2185.9477485324114,,
338,0.16920609031146885,0.2431096073233585,2192.4342403678193,,
339,0.16882196189837245,0.24289226228767355,2198.920732203227,,
340,0.1684311231064841,0.2426630200735433,2205.4072240386345,,
341,0.16805708712658543,0.24242769795311872,2211.8937158740423,0.8750037805739995,0.9170141784820683
342,0.16769073634461368,0.2421510946998123,2218.38020770945,,
343,0.16730442396987277,0.24188292696184593,2224.866699544858,,
344,0.16692683541189055,0.24165583985944175,2231.353191380266,,
345,0.16658108405521665,0.24148826001942533,2237.839683215673,,
346,0.16621608868707022,0.24123904586483602,2244.326175051081,,
347,0.1658554076653097,0.24098047845726706,2250.812666886489,,
348,0.16550626120114892,0.24074124994832308,2257.2991587218967,,
349,0.16510725565005754,0.24048566340429597,2263.7856505573045,,
350,0.16474481428632495,0.24024725723896118,2270.2721423927123,,
351,0.1643931090314187,0.24000197626308856,2276.7586342281197,0.8755860697186969,0.9174311926605505
352,0.1640605818874779,0.23978662728199937,2283.2451260635276,,
353,0.16373509561552313,0.23956619110448735,2289.7316178989354,,
354,0.16336943357869071,0.23933515485276696,2296.218109734343,,
355,0.1629863721671439,0.23912178897800604,2302.704601569751,,
356,0.1626369076407099,0.23888314543503347,2309.1910934051584,,
357,0.1622452316914419,0.23860780212360092,2315.6775852405663,,
358,0.1619081651041835,0.2384248051027989,2322.164077075974,,
359,0.16155427272465878,0.23821619430841767,2328.650568911382,,
360,0.1611895059543302,0.23797986121177842,2335.1370607467898,,
361,0.16084828187300368,0.23774413900798122,2341.6235525821976,0.8769673828283402,0.9180567139282736
362,0.16049226169884867,0.2375004315649217,2348.110044417605,,
363,0.1601190570230356,0.23728889705811035,2354.596536253013,,
364,0.159791777175826,0.23705987478078336,2361.0830280884206,,
365,0.15941899558906755,0.2368407128953604,2367.5695199238285,,
366,0.15910471542496354,0.23667479275605482,2374.0560117592363,,
367,0.15879713428720785,0.23649733428721054,2380.5425035946437,,
368,0.1584709581039292,0.23622597213928948,2387.0289954300515,,
369,0.1581363594795684,0.2359648673384506,2393.5154872654593,,
370,0.15782599675140258,0.23575577409393766,2400.001979100867,,
371,0.1574734321592578,0.23555922295469264,2406.488470936275,0.8773277996455063,0.9180567139282736
372,0.15714239543667596,0.23540718917324893,2412.9749627716824,,
373,0.15681602316923543,0.23518012583677422,2419.46145460709,,
374,0.15648482810764766,0.23501189612148304,2425.947946442498,,
375,0.15614943559420194,0.2347673637273818,2432.434438277906,,
376,0.15585529852287167,0.2345873132076247,2438.9209301133137,,
377,0.1555400825908926,0.2343822220253642,2445.4074219487215,,
378,0.15521513300547166,0.23410709766960328,2451.893913784129,,
379,0.154933945640816,0.23388006470656203,2458.3804056195368,,
380,0.1546165869679133,0.23365603291449702,2464.8668974549446,,
381,0.154322098293801,0.23342034579379572,2471.3533892903524,0.8766955565499577,0.9182652210175146
382,0.15396540976407602,0.23318729686577594,2477.8398811257603,,
383,0.1536777616781637,0.23295206969454105,2484.3263729611676,,
384,0.15338633209214406,0.23277540875488004,2490.8128647965755,,
385,0.1530870138436162,0.23260696699336442,2497.2993566319833,,
386,0.15281057973600823,0.23247631776689198,2503.785848467391,,
387,0.1525228802082684,0.23230824072709738,2510.272340302799,,
388,0.1522157951346093,0.23213145294206874,2516.758832138207,,
389,0.15191647800972627,0.23196082826248976,2523.245323973614,,
390,0.15164821907222817,0.23179959736978303,2529.731815809022,,
391,0.15138846603246883,0.2316540488525476,2536.21830764443,0.8768648297707559,0.9188907422852377
392,0.1511067074658003,0.23145887237467824,2542.7047994798377,,
393,0.15082309817263292,0.23131211537796809,2549.1912913152455,,
394,0.15052418417689473,0.23114395042734104,2555.677783150653,,
395,0.1502071279845753,0.23093464832916522,2562.1642749860607,,
396,0.14994140905120976,0.23080577252936402,2568.6507668214686,,
397,0.14965384917988378,0.23066723570520845,2575.1372586568764,,
398,0.1493666865868752,0.23050580438434315,2581.623750492284,,
399,0.1491049614133966,0.2302781349708668,2588.110242327692,,
400,0.14880831284580667,0.23013661177902578,2594.5967341630994,,
401,0.14852296021582137,0.22998713584429706,2601.0832259985073,0.8768442223402181,0.9186822351959967
402,0.1482397531190916,0.2298064216361358,2607.569717833915,,
403,0.1479494959223201,0.2296412308136681,2614.056209669323,,
404,0.14767800491159278,0.22949692578961164,2620.5427015047308,,
405,0.14741377157106136,0.22932763199611605,2627.029193340138,,
406,0.14711846928999459,0.22911693199576022,2633.515685175546,,
407,0.14685817691051753,0.22894884100630428,2640.002177010954,,
408,0.1465863605269212,0.2287311688366046,2646.4886688463616,,
409,0.14631299430912195,0.22854307177661062,2652.9751606817695,,
410,0.146018017235696,0.22837507213364092,2659.461652517177,,
411,0.14575733221420456,0.22820821597876198,2665.9481443525847,0.8767167798771341,0.9184737281067556
412,0.1454861242950568,0.22806712283097574,2672.4346361879925,,
413,0.14519985927253978,0.22794364397014974,2678.9211280234003,,
414,0.144892042303765,0.22779999595459186,2685.407619858808,,
415,0.14460766011107323,0.22758362752746045,2691.894111694216,,
416,0.14436283432078445,0.2274568165324872,2698.3806035296234,,
417,0.14407722855586982,0.22731182298765049,2704.867095365031,,
418,0.14384647645443183,0.22722702831350616,2711.353587200439,,
419,0.14361012634491566,0.22706016050626304,2717.840079035847,,
420,0.14335931472474134,0.2269259696313854,2724.3265708712547,,
421,0.14311392915291665,0.22679440188700123,2730.813062706662,0.8772815181245663,0.9190992493744787
422,0.14285096462106364,0.2266842518998947,2737.29955454207,,
423,0.14261618633667492,0.22660691938025676,2743.7860463774778,,
424,0.14237234413701896,0.2264267469241217,2750.2725382128856,,
425,0.14210901260053316,0.22632102722996444,2756.7590300482934,,
426,0.14184097836375337,0.22609832949862757,2763.2455218837013,,
427,0.1415751826463669,0.22591092573414723,2769.7320137191086,,
428,0.14129801728215174,0.22581208210579434,2776.2185055545165,,
429,0.14100322505283658,0.2256212601483629,2782.7049973899243,,
430,0.1407773014979033,0.22549914314769345,2789.191489225332,,
431,0.1405246446800751,0.22537077091360846,2795.67798106074,0.8775116292943492,0.9190992493744787
432,0.14026286761979181,0.2252120744824007,2802.1644728961473,,
433,0.14000698348844648,0.2251423431798131,2808.650964731555,,
434,0.1397613734758348,0.22499612974401176,2815.137456566963,,
435,0.13950207316148747,0.2248115636038566,2821.623948402371,,
436,0.13923414142536059,0.2246359463864977,2828.1104402377787,,
437,0.13902014510017574,0.22451539644843993,2834.5969320731865,,
438,0.13878301894518613,0.2243999193329171,2841.083423908594,,
439,0.13855355869530728,0.2242309913605919,2847.5699157440017,,
440,0.13830844846905654,0.2241048593368623,2854.0564075794096,,
441,0.13803772652712354,0.2239328255737709,2860.5428994148174,0.87782904097008,0.9190992493744787
442,0.13782028825576215,0.2238456116880886,2867.029391250225,,
443,0.13756749833951343,0.2236959492587906,2873.5158830856326,,
444,0.13734666061111753,0.22361711096625267,2880.0023749210404,,
445,0.1371138322740722,0.22346736707343684,2886.4888667564483,,
446,0.13683908363123354,0.22331386997123828,2892.975358591856,,
447,0.13661262836079302,0.22317653433481296,2899.461850427264,,
448,0.13638563420816308,0.22301741731022742,2905.9483422626713,,
449,0.136128847349059,0.22282604424360608,2912.434834098079,,
450,0.13590371932380074,0.22270291587312546,2918.921325933487,,
451,0.13566395008432752,0.2225566235454841,2925.407817768895,0.8787495489670917,0.9201417848206839
452,0.13542846765742708,0.2224334093026468,2931.8943096043026,,
453,0.1352228464943123,0.2223080717489699,2938.3808014397105,,
454,0.13499493915819447,0.2222159976619902,2944.867293275118,,
455,0.13476705120840188,0.22207767487609373,2951.3537851105257,,
456,0.13452116805376313,0.22194831535128745,2957.8402769459335,,
457,0.13432225023718164,0.221839537775362,2964.3267687813413,,
458,0.13408950271340167,0.2217320477701999,2970.813260616749,,
459,0.1338838187959855,0.2215994281656827,2977.2997524521566,,
460,0.13364587149279505,0.22151087510807593,2983.7862442875644,,
461,0.13341921214434604,0.22138788606512613,2990.272736122972,0.8786508731003598,0.9201417848206839
462,0.13317007305745696,0.22127145571268483,2996.75922795838,,
463,0.13297720572545407,0.22110662113478305,3003.245719793788,,
464,0.1327211791724454,0.22090775726033346,3009.7322116291957,,
465,0.13249725118368327,0.2207378545597527,3016.218703464603,,
466,0.13226408561435535,0.22059103390706086,3022.705195300011,,
467,0.1320260326447043,0.22047921762837583,3029.1916871354188,,
468,0.13178359181118546,0.22041020096788438,3035.6781789708266,,
469,0.1315381338701094,0.22026483027260446,3042.1646708062344,,
470,0.13128344041247858,0.2201292706268123,3048.651162641642,,
471,0.13108046032895426,0.2200096670512008,3055.1376544770496,0.8785554923111863,0.9201417848206839
472,0.13086873161386164,0.21991857250043126,3061.6241463124575,,
473,0.13066564242559067,0.2197591199323532,3068.1106381478653,,
474,0.13042870624917427,0.2196176700748677,3074.597129983273,,
475,0.13021636200505146,0.2195268703666423,3081.083621818681,,
476,0.13002695595053093,0.2193913465046135,3087.5701136540883,,
477,0.12981635479814835,0.2192518501701014,3094.056605489496,,
478,0.1295906029313147,0.21917211932687997,3100.543097324904,,
479,0.12937453186640036,0.21904901714529249,3107.029589160312,,
480,0.12918930257169586,0.218947796948615,3113.5160809957197,,
481,0.12895430476430597,0.21884646960981757,3120.002572831127,0.8785303800532549,0.9201417848206839
482,0.12875275527753513,0.2187539454637099,3126.489064666535,,
483,0.12854530582203438,0.21864347888776325,3132.9755565019427,,
484,0.12829967902479994,0.21852018753017943,3139.4620483373506,,
485,0.1281077014168396,0.21842179361149916,3145.9485401727584,,
486,0.127888658930142,0.21830108479333102,3152.4350320081658,,
487,0.1277207801301196,0.21819075697840087,3158.9215238435736,,
488,0.12751971138134224,0.2180908991709252,3165.4080156789814,,
489,0.12729609114045656,0.2179681865477615,3171.8945075143893,,
490,0.12709067593943338,0.21786309710499474,3178.380999349797,,
491,0.1268682189456879,0.21773441678228903,3184.867491185205,0.8794511576551588,0.9203502919099249
492,0.12668000628159834,0.21762882722449725,3191.3539830206123,,
493,0.1264969991839057,0.21752198552709462,3197.84047485602,,
494,0.12630363535564365,0.21737934843038267,3204.326966691428,,
495,0.12610680810766958,0.2172253578829214,3210.813458526836,,
496,0.1259095544550707,0.21715576371261447,3217.2999503622436,,
497,0.12570761349558562,0.21706696882289547,3223.786442197651,,
498,0.12553947143980454,0.2169924836927401,3230.272934033059,,
499,0.12529804123490643,0.21687130269082405,3236.7594258684667,,
500,0.12510114352711757,0.21675451535900733,3243.2459177038745,,
501,0.12491150682409946,0.21661741417851624,3249.7324095392823,0.8784882450514434,0.9201417848206839
502,0.12472383033451691,0.21655319385647942,3256.21890137469,,
503,0.12454672966314029,0.21643947268457425,3262.7053932100976,,
504,0.12433181498809422,0.2163280650973569,3269.1918850455054,,
505,0.12413575760478994,0.21621905980558573,3275.678376880913,,
506,0.12395652391751005,0.2161390127264415,3282.164868716321,,
507,0.12375145198475974,0.21607594913851588,3288.651360551729,,
508,0.12355939629876653,0.2160105418444726,3295.1378523871363,,
509,0.12335112164509601,0.21597550679554123,3301.624344222544,,
510,0.12315311864257636,0.21586571472177848,3308.110836057952,,
511,0.12297139858921144,0.2157406848650464,3314.5973278933598,0.8791721621725043,0.920767306088407
512,0.12276372295754659,0.2156562294409989,3321.0838197287676,,
513,0.12257251074385754,0.21557995459213958,3327.5703115641754,,
514,0.12237908611262228,0.21551740842579445,3334.056803399583,,
515,0.12220768230687669,0.21538480619911615,3340.5432952349906,,
516,0.12199370324790287,0.21531375129978503,3347.0297870703985,,
517,0.12180759850909732,0.21523389973234414,3353.5162789058063,,
518,0.1216131526529735,0.2152026592873447,3360.002770741214,,
519,0.12144647826623568,0.21508205034864677,3366.4892625766215,,
520,0.12125173322206256,0.2149281887193181,3372.9757544120293,,
521,0.12105971358979933,0.21481338690202295,3379.462246247437,0.880842195721732,0.9216013344453712
522,0.12086305092297543,0.21472225887583007,3385.948738082845,,
523,0.12068800611190211,0.21465995156933204,3392.435229918253,,
524,0.12049828159812866,0.21455015976280448,3398.92172175366,,
525,0.12031825041076129,0.21439611222163243,3405.408213589068,,
526,0.12012395210949625,0.2143113877972336,3411.894705424476,,
527,0.11994482631386537,0.21424483560625204,3418.3811972598837,,
528,0.11974740858786934,0.2141171518706324,3424.8676890952916,,
529,0.1195471752360266,0.2140374589980805,3431.3541809306994,,
530,0.119341358287922,0.21395639573767056,3437.8406727661068,,
531,0.11916035156779449,0.2138277315253383,3444.3271646015146,0.880066578500552,0.9211843202668891
532,0.11896865732996627,0.21372336750135004,3450.8136564369224,,
533,0.11879648749685708,0.21362554757540478,3457.3001482723303,,
534,0.1185971541372824,0.2135289149391398,3463.786640107738,,
535,0.11841047573816496,0.21348460322726284,3470.2731319431455,,
536,0.11824108714327052,0.21336134378948407,3476.7596237785533,,
537,0.1180443614401166,0.21323145264918014,3483.246115613961,,
538,0.11787079771139941,0.2130819664967586,3489.732607449369,,
539,0.1176908068293713,0.21300469188766125,3496.219099284777,,
540,0.1174823433479087,0.21293650529870464,3502.7055911201846,,
541,0.1173387186963006,0.21284842787531394,3509.192082955592,0.881522766142418,0.9224353628023353
542,0.11714695373088684,0.2127805189403027,3515.678574791,,
543,0.11697685664107457,0.21268003233184318,3522.1650666264077,,
544,0.11683240073509127,0.21262647515116118,3528.6515584618155,,
545,0.11665972113420232,0.2125761335536101,3535.1380502972233,,
546,0.1164550449989353,0.21249500960271275,3541.6245421326307,,
547,0.11629518550257885,0.21241591184554395,3548.1110339680386,,
548,0.11610673012578171,0.2123634141341538,3554.5975258034464,,
549,0.1159013074062059,0.21226130663115622,3561.084017638854,,
550,0.11574279121856325,0.21215672432734572,3567.570509474262,,
551,0.11556742292608294,0.212070279985361,3574.05700130967,0.8822181113610233,0.9224353628023353
552,0.11541681916974064,0.21200203856949382,3580.5434931450773,,
553,0.11525533692226957,0.21186453437610445,3587.029984980485,,
554,0.115081386969122,0.21177844575019714,3593.516476815893,,
555,0.11492832674180778,0.21169091385641245,3600.0029686513008,,
556,0.11474905415681849,0.21156497892019535,3606.4894604867086,,
557,0.11459051305531583,0.21146437386035194,3612.975952322116,,
558,0.11439714277645913,0.21132849982047527,3619.462444157524,,
559,0.11420681578174954,0.2112530137214044,3625.9489359929316,,
560,0.11407100808632331,0.2111452716123409,3632.4354278283395,,
561,0.11392458464754124,0.21106912227570973,3638.9219196637473,0.8828272635927468,0.9230608840700584
562,0.11374910135965648,0.21101488717453187,3645.4084114991547,,
563,0.11355538925004341,0.2109267589953117,3651.8949033345625,,
564,0.11336506992032386,0.21087718911857534,3658.3813951699703,,
565,0.11319296259326879,0.210765131387626,3664.867887005378,,
566,0.11302602636561991,0.21070173568847855,3671.354378840786,,
567,0.11287274928153128,0.21061072072864775,3677.840870676194,,
568,0.11271799473239716,0.21054220871148718,3684.327362511601,,
569,0.1125409876968967,0.2104397578606549,3690.813854347009,,
570,0.11236629210943212,0.2103806345576929,3697.300346182417,,
571,0.11223241178732836,0.21029031566239267,3703.7868380178247,0.8824950663742669,0.9234778982485404
572,0.11206447837195448,0.21018451752530423,3710.2733298532326,,
573,0.1119149280730174,0.21015504705348356,3716.75982168864,,
574,0.11177196684930449,0.21015410475798812,3723.2463135240478,,
575,0.11163119294172355,0.2100875276160404,3729.7328053594556,,
576,0.11144735680709615,0.21002749011485844,3736.2192971948634,,
577,0.11127540950721689,0.20993505431285164,3742.7057890302713,,
578,0.11110854089082865,0.20981937811614856,3749.192280865679,,
579,0.11094097044081994,0.20972540968021536,3755.6787727010865,,
580,0.11078188551151953,0.20970199558161526,3762.1652645364943,,
581,0.11063402273523425,0.20960807824352404,3768.651756371902,0.8830396572265853,0.9234778982485404
582,0.11048195294527458,0.2095436067806512,3775.13824820731,,
583,0.11035030113204393,0.2094629178575855,3781.624740042718,,
584,0.11021075953190218,0.2094053588589213,3788.111231878125,,
585,0.11002282986822325,0.20931818463998117,3794.597723713533,,
586,0.10985837088377759,0.20922060682919136,3801.084215548941,,
587,0.10969334855634968,0.20914679981713416,3807.5707073843487,,
588,0.10952419314874114,0.2090805310055484,3814.0571992197565,,
589,0.10937070472530114,0.20897455464761255,3820.5436910551643,,
590,0.1092193579913353,0.20888083503567886,3827.0301828905717,,
591,0.10908363466373584,0.2088195968576569,3833.5166747259796,0.881480330591354,0.9226438698915763
592,0.10890615388986136,0.20877407884836582,3840.0031665613874,,
593,0.10877227628360119,0.20871072574095537,3846.489658396795,,
594,0.1086466590976223,0.2086603582326709,3852.976150232203,,
595,0.10847875947668706,0.20858426017899537,3859.4626420676104,,
596,0.10828944928285739,0.2085070620473899,3865.9491339030183,,
597,0.10812799914950288,0.2083901483178901,3872.435625738426,,
598,0.1079965715761156,0.20830325433817157,3878.922117573834,,
599,0.10782490764147688,0.2082764734013843,3885.4086094092418,,
600,0.10767758598529797,0.20822391419863032,3891.895101244649,,
601,0.10751967939094054,0.20813936322455243,3898.381593080057,0.882896001292563,0.9232693911592994
602,0.1073359283731577,0.20807261127009208,3904.868084915465,,
603,0.10719937009941001,0.2080003890183924,3911.3545767508726,,
604,0.10704815374163888,0.20797658643402306,3917.8410685862805,,
605,0.10688750760786132,0.20794134428181543,3924.3275604216883,,
606,0.10673497125672939,0.20786899117674912,3930.8140522570957,,
607,0.10658752813471094,0.20781007566569273,3937.3005440925035,,
608,0.1064210757529378,0.20773806636285802,3943.7870359279113,,
609,0.10626265867590697,0.2076700825392869,3950.273527763319,,
610,0.10613331997119438,0.20760662312454675,3956.760019598727,,
611,0.10599377380532053,0.2075709698022701,3963.2465114341344,0.8824984359638215,0.9236864053377815
612,0.10585430689134379,0.20753720761863395,3969.733003269542,,
613,0.10573131962917251,0.20747046398585442,3976.21949510495,,
614,0.10557265112860562,0.20740972807050365,3982.705986940358,,
615,0.10543092052859415,0.20735297821214335,3989.1924787757657,,
616,0.10527417042598,0.20728950474862362,3995.6789706111736,,
617,0.10513222868593089,0.20724664796988576,4002.165462446581,,
618,0.10498257828011254,0.20725385133320684,4008.6519542819888,,
619,0.10483093865731152,0.2071682953543136,4015.1384461173966,,
620,0.1046856362528397,0.2071082700082886,4021.6249379528044,,
621,0.10455130622076005,0.20707963377866026,4028.1114297882123,0.8822927695951412,0.9234778982485404
622,0.10441422950201007,0.20700044296706063,4034.5979216236196,,
623,0.10429016649163028,0.20693282276329283,4041.0844134590275,,
624,0.1041428840991805,0.2068746119213826,4047.5709052944353,,
625,0.10399208569849834,0.20681308914610586,4054.057397129843,,
626,0.10385017771935508,0.20669221515299455,4060.543888965251,,
627,0.10369993264855797,0.20666522037251484,4067.030380800659,,
628,0.10356355736860726,0.20660342064805173,4073.516872636066,,
629,0.10340948445337449,0.20653990040105605,4080.003364471474,,
630,0.10324936288811559,0.2064736355827824,4086.489856306882,,
631,0.10311077177167416,0.20642086541295546,4092.9763481422897,0.8823570967728084,0.9238949124270225
632,0.10298448726455486,0.2063750527622149,4099.4628399776975,,
633,0.10282626858565024,0.20630317340881604,4105.949331813105,,
634,0.10268934431260761,0.20623349714031117,4112.435823648513,,
635,0.10256076980737491,0.20616800745539543,4118.922315483921,,
636,0.10241297189259269,0.20612986974860295,4125.408807319328,,
637,0.10227687340027662,0.20604948851817959,4131.895299154736,,
638,0.10214629982911219,0.20599416763337022,4138.381790990144,,
639,0.10198895820757407,0.2059354151681754,4144.868282825551,,
640,0.10185326419986264,0.20590181619687478,4151.354774660959,,
641,0.10171842425059861,0.2058505004367147,4157.841266496367,0.8821619219590754,0.9238949124270225
642,0.101577096607664,0.20578168591624357,4164.327758331775,,
643,0.1014360205070518,0.20568122372378866,4170.814250167183,,
644,0.10130484559855775,0.20562769299578584,4177.300742002591,,
645,0.10116603932150821,0.20554238822997922,4183.787233837998,,
646,0.10102648361178765,0.20548029931916276,4190.273725673406,,
647,0.10088722680145301,0.2054097722503059,4196.760217508813,,
648,0.10075680389399858,0.2053490049659769,4203.246709344221,,
649,0.1006176139891663,0.20527532760555597,4209.733201179629,,
650,0.10044887151763733,0.2051756194227941,4216.219693015037,,
651,0.10033107430215414,0.20517886975030508,4222.7061848504445,0.8831574016630841,0.9238949124270225
652,0.1001794871293138,0.2050750726844767,4229.192676685852,,
653,0.1000499367775071,0.20502072036938795,4235.67916852126,,
654,0.09992294434771945,0.20496677346807465,4242.165660356668,,
655,0.09978131793272428,0.20490326569472445,4248.652152192076,,
656,0.09962732001587987,0.20482041542096133,4255.138644027484,,
657,0.0995003284909349,0.204781213281376,4261.625135862891,,
658,0.09934706864092656,0.2047435806731688,4268.111627698298,,
659,0.099194045926809,0.20473114714174795,4274.598119533706,,
660,0.09907832910540665,0.20464905707441647,4281.084611369114,,
661,0.09893151134203258,0.20463050320796872,4287.571103204522,0.8830724808709441,0.9238949124270225
662,0.09878213350868045,0.20454503700327828,4294.05759503993,,
663,0.0986420975164616,0.2045024034418099,4300.544086875338,,
664,0.09850561512350989,0.20443250284279543,4307.030578710745,,
665,0.09835876983246089,0.20439558107532613,4313.517070546153,,
666,0.09821263541938255,0.2043561960665543,4320.003562381561,,
667,0.09809722754050022,0.20429972334609675,4326.490054216969,,
668,0.09797307695638997,0.2042377564395593,4332.976546052376,,
669,0.09784790751915541,0.20417265103492185,4339.463037887784,,
670,0.0977125268807804,0.20414869284782863,4345.9495297231915,,
671,0.09758212800443841,0.20410596477681947,4352.436021558599,0.8830902789900223,0.9243119266055045
672,0.09745264321058819,0.20406951806207105,4358.922513394007,,
673,0.09731814813618851,0.20403028798778114,4365.409005229415,,
674,0.09717252673739778,0.20397855783091629,4371.895497064823,,
675,0.09703907833098241,0.20396089616840055,4378.381988900231,,
676,0.09689575361677949,0.20390602587604487,4384.8684807356385,,
677,0.09676225612479117,0.20386409892171742,4391.354972571046,,
678,0.09663077134229905,0.20379153396293725,4397.841464406454,,
679,0.09649170375334079,0.20375936233699898,4404.327956241861,,
680,0.09638329965716085,0.20370341311434412,4410.814448077269,,
681,0.0962363470942619,0.20364735386454783,4417.300939912677,0.8845434550390767,0.9247289407839867
682,0.09609390460937119,0.20361332768935358,4423.787431748085,,
683,0.09598291838082196,0.20354822781199533,4430.273923583492,,
684,0.095851605601755,0.2034846093811579,4436.7604154189,,
685,0.09571736502826368,0.20343448240942222,4443.246907254308,,
686,0.09559516169897737,0.2033580222911645,4449.733399089716,,
687,0.09546665476591808,0.20329934322074103,4456.219890925124,,
688,0.09532253149540817,0.2032552604491654,4462.706382760532,,
689,0.09519771962950825,0.2032219572142924,4469.192874595939,,
690,0.09508473999732757,0.20318031874479336,4475.679366431346,,
691,0.09496603881792451,0.20314432025482448,4482.165858266754,0.8812169615926061,0.9238949124270225
692,0.09483632284565789,0.20312605770772427,4488.652350102162,,
693,0.09471918398532526,0.20311752985839798,4495.13884193757,,
694,0.09457884653758183,0.20303564221220485,4501.625333772978,,
695,0.09442925396325029,0.20298528803650742,4508.1118256083855,,
696,0.09430973620543383,0.20294444834679962,4514.598317443793,,
697,0.09417672948961034,0.2029072237272949,4521.084809279201,,
698,0.09405056742587264,0.20285031547681023,4527.571301114609,,
699,0.09393114084022675,0.20279946535295823,4534.057792950017,,
700,0.0938025284233473,0.2027787865821759,4540.544284785425,,
701,0.093672501489619,0.2027326760122519,4547.030776620832,0.8833595659963481,0.9249374478732277
702,0.09355462907247343,0.2026641899943332,4553.517268456239,,
703,0.09342268038001189,0.20265018839199797,4560.003760291647,,
704,0.09329441359474658,0.20265033117523581,4566.490252127055,,
705,0.09316695826941082,0.202590594581659,4572.976743962463,,
706,0.0930515116349716,0.20255885180095645,4579.463235797871,,
707,0.09291670048922535,0.20256935152691455,4585.949727633279,,
708,0.09277287411615288,0.20252775882996613,4592.436219468686,,
709,0.09264055511224636,0.20249408187078055,4598.922711304094,,
710,0.09250790341170038,0.2024170593166892,4605.409203139502,,
711,0.09239461780626018,0.20238519561841156,4611.89569497491,0.8836155200425999,0.9245204336947456
712,0.09228552262322953,0.2023218722347379,4618.382186810317,,
713,0.09217022543087823,0.20222518489021274,4624.868678645725,,
714,0.09205109299973256,0.20217687751334049,4631.3551704811325,,
715,0.09192656385941811,0.20210824633402671,4637.84166231654,,
716,0.09180956644811236,0.2021072205281357,4644.328154151948,,
717,0.09167929801611782,0.20202508975670563,4650.814645987356,,
718,0.09156834421199377,0.20199086689638507,4657.301137822764,,
719,0.09145519445157732,0.20195422164743515,4663.787629658172,,
720,0.09134206548292584,0.20190044075096752,4670.2741214935795,,
721,0.09121361191099145,0.20184535940922052,4676.760613328987,0.8827723158571147,0.9241034195162635
722,0.09107368921195086,0.2017296913356102,4683.247105164395,,
723,0.09096542049210735,0.20167760594494513,4689.733596999802,,
724,0.0908578798540039,0.20164097934692987,4696.22008883521,,
725,0.09073337230700622,0.20161794312577555,4702.706580670618,,
726,0.09061626464684923,0.20155310920451278,4709.193072506026,,
727,0.0904737934919598,0.20151622343363387,4715.679564341433,,
728,0.09034466376057518,0.20147951819057178,4722.166056176841,,
729,0.09024233852305759,0.2014374001502367,4728.652548012249,,
730,0.09011595333013478,0.20138762000394345,4735.139039847657,,
731,0.09000185076534528,0.20131599205460726,4741.625531683065,0.882964800690629,0.9241034195162635
732,0.08988769726495095,0.20124756795378237,4748.112023518473,,
733,0.08978158119858812,0.2012079424111057,4754.5985153538795,,
734,0.08967691484949808,0.2011842486951777,4761.085007189287,,
735,0.08955892309144166,0.20114072684659326,4767.571499024695,,
736,0.08942563477199517,0.20106219361852687,4774.057990860103,,
737,0.08929312557331996,0.20102071121932222,4780.544482695511,,
738,0.08917855913549083,0.20097682154957186,4787.030974530919,,
739,0.08908001292812376,0.20091294617448405,4793.5174663663265,,
740,0.08894470327793744,0.20086261218959098,4800.003958201734,,
741,0.08882002097300225,0.20079770171647585,4806.490450037142,0.8821273962141204,0.9245204336947456
742,0.08870269794080793,0.20078413167118497,4812.97694187255,,
743,0.08856656885169469,0.20071861602328658,4819.463433707958,,
744,0.08846296616839008,0.20066636305185817,4825.949925543365,,
745,0.08833932093223033,0.20063858197097986,4832.436417378773,,
746,0.08823676200648657,0.20060414909185972,4838.92290921418,,
747,0.0881343121864559,0.20056043934035384,4845.409401049588,,
748,0.08801329484311739,0.20051709428206757,4851.895892884996,,
749,0.08789341629393782,0.20045421296714877,4858.382384720404,,
750,0.08777979653788938,0.2004119241669863,4864.868876555812,,
751,0.08768113899422318,0.2003373582335653,4871.35536839122,0.8828681178064949,0.9251459549624688
752,0.08757784614954339,0.20027370885553106,4877.841860226627,,
753,0.08747225926427851,0.20026799044362717,4884.328352062035,,
754,0.08736949656235066,0.20022426190051967,4890.814843897443,,
755,0.08726387090512432,0.20020505359268398,4897.30133573285,,
756,0.08714203919352562,0.20018767174718008,4903.787827568258,,
757,0.08703429411104015,0.20016052485932928,4910.274319403666,,
758,0.08693429168455213,0.20015720073972124,4916.7608112390735,,
759,0.08683876624519479,0.20016735362144397,4923.247303074481,,
760,0.08673608138916046,0.20008864391689718,4929.733794909889,,
761,0.08662286717724985,0.20006731773149833,4936.220286745297,0.8822223942525894,0.9251459549624688
762,0.0865017534729407,0.20000695113480163,4942.706778580705,,
763,0.08638241440534376,0.19997034166570607,4949.193270416113,,
764,0.08628473543091096,0.19994304677184277,4955.6797622515205,,
765,0.0861861674668721,0.19994478543109317,4962.166254086928,,
766,0.08607966935694822,0.19991627517579746,4968.652745922335,,
767,0.08597290279945963,0.19987670532899815,4975.139237757743,,
768,0.08585905131920249,0.19982161475513616,4981.625729593151,,
769,0.0857555648389458,0.19977625679736719,4988.112221428559,,
770,0.08563424837148305,0.19972378207377878,4994.598713263967,,
771,0.08552013112273163,0.1996969422610185,5001.085205099374,0.8826564638488932,0.9253544620517098
772,0.08541625207166116,0.19967186334848397,5007.571696934782,,
773,0.08531346947153254,0.19967194749792225,5014.05818877019,,
774,0.08519167463320344,0.199614802665646,5020.544680605598,,
775,0.08508839416681013,0.1995965751794975,5027.031172441006,,
776,0.08499174103486641,0.19953897633275375,5033.517664276414,,
777,0.08488805541160784,0.19949584273252707,5040.0041561118205,,
778,0.08478374358427447,0.19943759399786593,5046.490647947228,,
779,0.08468092238894284,0.19942131411009534,5052.977139782636,,
780,0.08459878200820589,0.19941328013947748,5059.463631618044,,
781,0.08451777162578988,0.1993744971398187,5065.950123453452,0.8817997262187995,0.9249374478732277
782,0.08440701446433309,0.19931951277470483,5072.43661528886,,
783,0.08430753385828002,0.1992400188643411,5078.9231071242675,,
784,0.08420086213311427,0.19920151205583728,5085.409598959675,,
785,0.08408692932336316,0.1991687937325488,5091.896090795083,,
786,0.08397852020593533,0.19915016653320874,5098.382582630491,,
787,0.08387454734829775,0.19913794692830178,5104.869074465899,,
788,0.0837725337302268,0.19913016075814766,5111.355566301306,,
789,0.08368593426542194,0.19908908903285233,5117.842058136714,,
790,0.08358381452850926,0.19905334344655798,5124.328549972121,,
791,0.08347915277150439,0.19899876059021074,5130.815041807529,0.8821885718727793,0.9251459549624688
792,0.08338916702981812,0.1989949487013248,5137.301533642937,,
793,0.0832690506352417,0.1989892414110028,5143.788025478345,,
794,0.08316841373595522,0.1989630149167583,5150.274517313753,,
795,0.0830869668667534,0.1989334762916793,5156.761009149161,,
796,0.08300345931529107,0.1989299739235058,5163.247500984568,,
797,0.08289816466626955,0.19886175721586752,5169.733992819976,,
798,0.08280907640257335,0.1988074677734051,5176.220484655384,,
799,0.08270984729721387,0.19879742651359616,5182.706976490791,,
800,0.08259528902590291,0.19881892721694913,5189.193468326199,,
801,0.0824871018318338,0.19881356441104026,5195.679960161607,0.8812964959573024,0.9245204336947456
802,0.08236222738008017,0.19873892947567773,5202.1664519970145,,
803,0.0822517689714077,0.19872713420675206,5208.652943832422,,
804,0.08213534216613297,0.19874067196346598,5215.13943566783,,
805,0.08205528189477478,0.19870299414987866,5221.625927503238,,
806,0.08194537319905516,0.19866988315917936,5228.112419338646,,
807,0.08184916712408126,0.19865168839681255,5234.598911174054,,
808,0.08175153227331143,0.1986108006623411,5241.0854030094615,,
809,0.08163769846346235,0.19857722131868918,5247.571894844868,,
810,0.08152851820906966,0.19851702460870646,5254.058386680276,,
811,0.08142237914084695,0.19848278996363392,5260.544878515684,0.8814613560141558,0.9249374478732277
812,0.08131822850253505,0.19844161106006852,5267.031370351092,,
813,0.08119585209263676,0.1984224479806585,5273.5178621865,,
814,0.08109132389258979,0.19836995482736813,5280.004354021908,,
815,0.08098667794849373,0.19834338648597266,5286.490845857315,,
816,0.08085707048773376,0.19830407772628741,5292.977337692723,,
817,0.08073205242480931,0.19826608930127762,5299.463829528131,,
818,0.08064005193563749,0.1982423029776307,5305.950321363539,,
819,0.08054681199994149,0.1981970917506487,5312.436813198947,,
820,0.08042989233108212,0.19817212862682182,5318.923305034354,,
821,0.08033764221095113,0.19813089401564096,5325.4097968697615,0.8818622992676927,0.9247289407839867
822,0.080252788871651,0.19813634576780012,5331.896288705169,,
823,0.08015575383593351,0.19810317655963552,5338.382780540577,,
824,0.08006653117646013,0.19807196662030985,5344.869272375985,,
825,0.0799743515168627,0.19802623034155672,5351.355764211393,,
826,0.0798726691047535,0.19799070489055678,5357.842256046801,,
827,0.07976963709607411,0.19793405132892547,5364.3287478822085,,
828,0.0796827982738189,0.1979153760594731,5370.815239717616,,
829,0.0795723370635213,0.19784239097150166,5377.301731553024,,
830,0.07948482353628944,0.19781524467389683,5383.788223388432,,
831,0.07938635802859006,0.1978074625469941,5390.274715223839,0.881016270813144,0.9247289407839867
832,0.07929723827892288,0.19776017734546172,5396.761207059247,,
833,0.07921542819703382,0.1977380873019008,5403.247698894655,,
834,0.07911411989743522,0.19769982445662498,5409.734190730062,,
835,0.07902812715229005,0.19766879417553143,5416.22068256547,,
836,0.07892905293850333,0.19763166815302594,5422.707174400878,,
837,0.07884883802427135,0.1975942845045304,5429.193666236286,,
838,0.07873199518222836,0.19759443254717338,5435.680158071694,,
839,0.07863999267943439,0.19756721482004155,5442.166649907102,,
840,0.07854028761886417,0.19750751876322728,5448.653141742509,,
841,0.07844639149489376,0.1974352773416809,5455.139633577917,0.880386569269512,0.9245204336947456
842,0.07833930768278977,0.1974115738671374,5461.626125413324,,
843,0.07823127009818497,0.19740751250422664,5468.112617248732,,
844,0.0781394120703664,0.19737771165562829,5474.59910908414,,
845,0.0780444343352511,0.19733214538936225,5481.085600919548,,
846,0.07794930778272385,0.19730729420330356,5487.5720927549555,,
847,0.07786527389182761,0.1973005285530855,5494.058584590363,,
848,0.07778391388522107,0.19725996945981908,5500.545076425771,,
849,0.07770242157436419,0.1972458228556839,5507.031568261179,,
850,0.07759109696894052,0.19723068746309577,5513.518060096587,,
851,0.07747594250003366,0.19721738317141776,5520.004551931995,0.8789556576312773,0.9243119266055045
852,0.07738573357212489,0.19719116628625372,5526.4910437674025,,
853,0.07729266303134369,0.197170014373337,5532.977535602809,,
854,0.07719548910067597,0.19711316294415474,5539.464027438217,,
855,0.07711177901411731,0.19709186512048815,5545.950519273625,,
856,0.07701387967220288,0.19704935985327218,5552.437011109033,,
857,0.07693823353512493,0.1970143890041255,5558.923502944441,,
858,0.07683924964872108,0.19698089987123008,5565.409994779849,,
859,0.07674159342402503,0.19695842680938647,5571.896486615256,,
860,0.07665141856326906,0.19692663055621074,5578.382978450664,,
861,0.07655503678116873,0.19689993020630897,5584.869470286072,0.8792899155765824,0.9247289407839867
862,0.07646575814014027,0.19685192019044473,5591.35596212148,,
863,0.07634004765617745,0.1968217480442951,5597.842453956888,,
864,0.07626108072532536,0.19680893613790715,5604.328945792295,,
865,0.0761893572229854,0.1967892521620226,5610.8154376277025,,
866,0.07611199411799623,0.1967716465575845,5617.30192946311,,
867,0.07601951627076592,0.1967226661502385,5623.788421298518,,
868,0.07591798153106963,0.1966877687515674,5630.274913133926,,
869,0.07582625835525714,0.1966660394673549,5636.761404969334,,
870,0.07571785181856479,0.19664100981015992,5643.247896804742,,
871,0.07562131256128575,0.19661088219268524,5649.7343886401495,0.8802674083929077,0.9249374478732277
872,0.07554915023224627,0.19659612530183027,5656.220880475557,,
873,0.07545395002333287,0.19659037781239522,5662.707372310965,,
874,0.07536484503596658,0.19656314178820636,5669.193864146373,,
875,0.07525571068948517,0.19655285318124324,5675.68035598178,,
876,0.07514994411967706,0.1965207499669039,5682.166847817188,,
877,0.07505804483374602,0.1964981668097557,5688.653339652596,,
878,0.07496390833085163,0.19646262984889398,5695.139831488003,,
879,0.07484289176030264,0.19638966822085982,5701.626323323411,,
880,0.07476512178710006,0.1963617114580862,5708.112815158819,,
881,0.07468294522841848,0.1963638596377547,5714.599306994227,0.8789840838353186,0.9243119266055045
882,0.0745963974280875,0.19633393787560838,5721.085798829635,,
883,0.07450501273705527,0.19631181275945564,5727.572290665043,,
884,0.07441213752229718,0.19627031626423838,5734.05878250045,,
885,0.0743298841225544,0.19623719145465998,5740.545274335857,,
886,0.07424042018072705,0.19620881663980452,5747.031766171265,,
887,0.07414346189527408,0.19620874895432425,5753.518258006673,,
888,0.0740633186175414,0.19619597478413198,5760.004749842081,,
889,0.07397761061746842,0.19621441127135944,5766.491241677489,,
890,0.07389647682718321,0.19617004949829306,5772.9777335128965,,
891,0.07380713264997059,0.19617114123003027,5779.464225348304,0.8790865925977868,0.9245204336947456
892,0.07371948981997252,0.19614012773975897,5785.950717183712,,
893,0.07362385485461648,0.19610256458317565,5792.43720901912,,
894,0.07354734329301052,0.19605523645940384,5798.923700854528,,
895,0.07345430407071402,0.1960155451420745,5805.410192689936,,
896,0.07336248217129317,0.1960142057698888,5811.896684525343,,
897,0.07327719425515793,0.19603994667757496,5818.38317636075,,
898,0.07320214616179817,0.1960287226650649,5824.869668196158,,
899,0.07311092810648571,0.19603033312947551,5831.356160031566,,
900,0.0730156418103676,0.19600601569727688,5837.842651866974,,
901,0.07294172237864244,0.1959730650561911,5844.329143702382,0.8803483311454169,0.9251459549624688
902,0.0728565647679542,0.19597777404267122,5850.81563553779,,
903,0.07277081542396642,0.19595158677361277,5857.302127373197,,
904,0.07267805083497696,0.19589594775827648,5863.788619208605,,
905,0.07258899126419606,0.19586236620664252,5870.275111044013,,
906,0.07248803196476783,0.19583618313843154,5876.761602879421,,
907,0.0724053626195522,0.19583274995345823,5883.248094714828,,
908,0.07232027002706298,0.19580865382573445,5889.734586550236,,
909,0.07223206662898134,0.1957591232374511,5896.2210783856435,,
910,0.07215089000809713,0.19571465918470413,5902.707570221051,,
911,0.0720687522622012,0.1957068231760088,5909.194062056459,0.8815022798619109,0.9259799833194329
912,0.07199540811208385,0.19568447054011323,5915.680553891867,,
913,0.07189678129465059,0.19567033158415004,5922.167045727275,,
914,0.07180093411454298,0.19564176754514717,5928.653537562683,,
915,0.07171737244440962,0.19560126479569878,5935.1400293980905,,
916,0.07164521505888997,0.19555147864959008,5941.626521233498,,
917,0.07156060635507412,0.1954975520721043,5948.113013068906,,
918,0.07147143175155168,0.19548479546143674,5954.599504904313,,
919,0.0713673686341313,0.195448956891377,5961.085996739721,,
920,0.07129004871653219,0.19543029819205174,5967.572488575129,,
921,0.07121992339136551,0.19542401121898795,5974.058980410537,0.879857534775191,0.9255629691409508
922,0.07114298599455098,0.1953489201345874,5980.545472245944,,
923,0.0710493667425261,0.19526798044137897,5987.031964081352,,
924,0.07095731350473282,0.19523469886126135,5993.51845591676,,
925,0.07088097644291767,0.1952270215775714,6000.004947752168,,
926,0.07079455184291271,0.19518430339625623,6006.491439587576,,
927,0.07071608518009218,0.1951601378154609,6012.977931422984,,
928,0.0706295643623625,0.19515185486182002,6019.464423258391,,
929,0.07055553262190006,0.195102686269097,6025.950915093798,,
930,0.0704779760189797,0.19508247641869356,6032.437406929206,,
931,0.07039652879967298,0.19506307513188015,6038.923898764614,0.8801735820085694,0.9255629691409508
932,0.07030183322288816,0.19503564089772324,6045.410390600022,,
933,0.07022757839498486,0.19503599919637704,6051.89688243543,,
934,0.07015595065498183,0.1950235418289453,6058.3833742708375,,
935,0.07007556323752899,0.19500764425982967,6064.869866106245,,
936,0.06999426092120378,0.1949742431413226,6071.356357941653,,
937,0.06990228414059985,0.1949572522511602,6077.842849777061,,
938,0.06982963612896453,0.19491336634577522,6084.329341612469,,
939,0.06974570981174276,0.19488969134453943,6090.815833447877,,
940,0.06967235706958405,0.19487937881374884,6097.302325283284,,
941,0.06958576587503278,0.1948703486477386,6103.788817118691,0.8809681870411303,0.9259799833194329
942,0.06951683756501915,0.19485837855282892,6110.275308954099,,
943,0.06943760038256762,0.19482444755817588,6116.761800789507,,
944,0.06936034418490011,0.19481737407323146,6123.248292624915,,
945,0.069292301979589,0.19478062495513618,6129.734784460323,,
946,0.06921145172461607,0.19476158446123584,6136.221276295731,,
947,0.06915335144841538,0.19473348605954807,6142.707768131138,,
948,0.0690783465110513,0.19470793227351915,6149.194259966546,,
949,0.06899469091587793,0.19463325287411823,6155.680751801954,,
950,0.0689110915694204,0.19459353038544533,6162.167243637362,,
951,0.06883854309182753,0.19458633694978944,6168.653735472769,0.8827081982146096,0.926814011676397
952,0.06876686065956214,0.19456517263017284,6175.140227308177,,
953,0.06868056135240612,0.1945723848014985,6181.6267191435845,,
954,0.0686100198293389,0.19456927227009374,6188.113210978992,,
955,0.06853861404580619,0.1945386452598264,6194.5997028144,,
956,0.06845516626921525,0.19450076676434974,6201.086194649808,,
957,0.06838224803538653,0.19446644070775562,6207.572686485216,,
958,0.06830028000570845,0.19444998990288317,6214.059178320624,,
959,0.06823228615023182,0.19444354436542152,6220.5456701560315,,
960,0.06815408250273199,0.1944037283378873,6227.032161991439,,
961,0.06808479743979402,0.1943917842756703,6233.518653826846,0.8816833400825692,0.9261884904086739
962,0.06802264657989944,0.19434853293679347,6240.005145662254,,
963,0.06795148879510544,0.1943235478129858,6246.491637497662,,
964,0.06787932653617801,0.1943033952388749,6252.97812933307,,
965,0.06779750011536662,0.19428925822652182,6259.464621168478,,
966,0.06772284908395991,0.1942818086453602,6265.951113003885,,
967,0.06764428369328002,0.19429921816881518,6272.437604839293,,
968,0.0675565546423256,0.19426147388528575,6278.924096674701,,
969,0.06748001929720487,0.19424289700424846,6285.410588510109,,
970,0.06741220717071385,0.19423093810877262,6291.897080345517,,
971,0.06733965930317415,0.19419482178161265,6298.383572180925,0.8827171138756924,0.926814011676397
972,0.06726871968919733,0.19417112341335985,6304.8700640163315,,
973,0.06720469586731312,0.19412873708168238,6311.356555851739,,
974,0.06712966690172349,0.194118362809896,6317.843047687147,,
975,0.06704995209383155,0.19409926762155139,6324.329539522555,,
976,0.06697968900289711,0.1940619948307289,6330.816031357963,,
977,0.0669114339551668,0.1940183768887031,6337.302523193371,,
978,0.06685818994761059,0.1940074674119703,6343.7890150287785,,
979,0.06677042077496916,0.1939873258565569,6350.275506864186,,
980,0.06669932958032583,0.19402018270627272,6356.761998699594,,
981,0.06662259501811915,0.19402718895307086,6363.248490535002,0.8821586044115541,0.926605504587156
982,0.06654503605047139,0.19397242802101786,6369.73498237041,,
983,0.0664742991513989,0.19393946130339976,6376.221474205817,,
984,0.06638862393643845,0.19390984166453154,6382.707966041225,,
985,0.0663217994098724,0.19388187660056927,6389.194457876632,,
986,0.06623680798972266,0.19387680847721048,6395.68094971204,,
987,0.06616460487105544,0.19386321470519668,6402.167441547448,,
988,0.06609304420847138,0.1938433131560936,6408.653933382856,,
989,0.06601241784557763,0.19381185332269504,6415.140425218264,,
990,0.06591626027088289,0.19382472947603366,6421.626917053672,,
991,0.0658465575381434,0.19383483997605985,6428.113408889079,0.8817729165872843,0.9263969974979149
992,0.0657583138722911,0.19383834388672905,6434.599900724487,,
993,0.0656868339780047,0.19382693959314443,6441.086392559895,,
994,0.06560786586495906,0.19379704460451955,6447.572884395302,,
995,0.06552850029401057,0.19378526092486756,6454.05937623071,,
996,0.0654559876707434,0.19378832373770521,6460.545868066118,,
997,0.06538458248553228,0.1937877018793835,6467.0323599015255,,
998,0.06530824440334781,0.19376966459644768,6473.518851736933,,
999,0.0652451903787476,0.19376138086220607,6480.005343572341,,
1000,0.06516302896295004,0.19372689514224592,6486.491835407749,,
1001,0.06510186899230541,0.19370844215915434,6492.978327243157,0.8813505850556618,0.926605504587156
1002,0.06503323769923222,0.1936832932931482,6499.464819078565,,
1003,0.0649551019740568,0.19368251126978572,6505.9513109139725,,
1004,0.06489087917916513,0.19366897401402713,6512.43780274938,,
1005,0.06481610381389537,0.19365151645255715,6518.924294584787,,
1006,0.06473510687568707,0.1936208358929248,6525.410786420195,,
1007,0.06465251187943442,0.19358981126613287,6531.897278255603,,
1008,0.06455670058703021,0.19354562440331546,6538.383770091011,,
1009,0.06449160216334264,0.19352662329925546,6544.870261926419,,
1010,0.06442498890937251,0.19349539727647677,6551.356753761826,,
1011,0.06435118783798405,0.19348232826437806,6557.843245597234,0.8822205891931025,0.9263969974979149
1012,0.06427297011540822,0.19344418222689846,6564.329737432642,,
1013,0.06419192434256622,0.19342154857928168,6570.81622926805,,
1014,0.064125712158461,0.19342670745970675,6577.302721103458,,
1015,0.0640614667672929,0.19336376005559539,6583.789212938866,,
1016,0.0639936465439242,0.19331288525009027,6590.2757047742725,,
1017,0.06391720478999932,0.19328577586423365,6596.76219660968,,
1018,0.06382460264849922,0.19326255970767,6603.248688445088,,
1019,0.0637485348227686,0.19327396906951794,6609.735180280496,,
1020,0.06367453046797697,0.1932625842258071,6616.221672115904,,
1021,0.0636038007192526,0.19325461218784104,6622.708163951312,0.8828639662174018,0.926605504587156
1022,0.06354017686390194,0.19320209549113462,6629.1946557867195,,
1023,0.06347929132348828,0.19317284184347513,6635.681147622127,,
1024,0.06340828438314934,0.19313010882556922,6642.167639457535,,
1025,0.06333066543487925,0.19308855640873981,6648.654131292943,,
1026,0.06326578541451913,0.1930504091730934,6655.140623128351,,
1027,0.06319651988410574,0.1930438590452366,6661.627114963758,,
1028,0.06311610493604305,0.19305077450069602,6668.113606799166,,
1029,0.06305251760162833,0.19304537107646352,6674.600098634573,,
1030,0.0629957781084646,0.19299971900202653,6681.086590469981,,
1031,0.06293159513194717,0.19300128364423422,6687.573082305389,0.8855182961590747,0.927022518765638
1032,0.06287079061676135,0.19299156461765504,6694.059574140797,,
1033,0.06280420031284473,0.19294632558080227,6700.546065976205,,
1034,0.06272913131155858,0.19291131030401104,6707.032557811613,,
1035,0.06265670400202854,0.19285194719842813,6713.51904964702,,
1036,0.0625784401879448,0.19284582624993155,6720.005541482428,,
1037,0.06250938312928535,0.19282702541175448,6726.492033317835,,
1038,0.06245940372939712,0.19283307105418726,6732.978525153243,,
1039,0.06239545117749064,0.19283460477067746,6739.465016988651,,
1040,0.06233060104161124,0.19282320327137825,6745.951508824059,,
1041,0.06227118473293761,0.19282010768969007,6752.4380006594665,0.8851656512400528,0.927022518765638
1042,0.0622164148448198,0.19279536198774483,6758.924492494874,,
1043,0.06214988575141466,0.19274312310866118,6765.410984330282,,
1044,0.06208735620723049,0.19271668189782057,6771.89747616569,,
1045,0.06202131126668813,0.1927123822692784,6778.383968001098,,
1046,0.06195841122471506,0.1926719172448771,6784.870459836506,,
1047,0.06189234752612273,0.192643922021311,6791.3569516719135,,
1048,0.06182433835137465,0.19263530900969314,6797.84344350732,,
1049,0.0617572362615954,0.19259783982483206,6804.329935342728,,
1050,0.06168500145523789,0.1926050411119675,6810.816427178136,,
1051,0.06162537044035007,0.19257798506410986,6817.302919013544,0.8856081321931466,0.927231025854879
1052,0.06156633911582085,0.19256807087782338,6823.789410848952,,
1053,0.06150294912101498,0.19258168266916725,6830.27590268436,,
1054,0.06143371615123616,0.19255789562325776,6836.762394519767,,
1055,0.06137789422668549,0.19252486755670636,6843.248886355175,,
1056,0.06130546298818615,0.1925023256230458,6849.735378190583,,
1057,0.06125118548028985,0.19249937256510416,6856.221870025991,,
1058,0.06117716942711583,0.19253325961537118,6862.708361861399,,
1059,0.06109832384264049,0.1924969521563573,6869.194853696806,,
1060,0.06102553052690068,0.1924865496288127,6875.6813455322135,,
1061,0.06095193309971641,0.19250759032644296,6882.167837367621,0.8851453792138051,0.926814011676397
1062,0.06087712751159727,0.19249151037020795,6888.654329203029,,
1063,0.06080851118887794,0.19245060346436144,6895.140821038437,,
1064,0.06075505813015164,0.19244876311029596,6901.627312873845,,
1065,0.06069180296675025,0.1924193982262718,6908.113804709253,,
1066,0.06061925844929174,0.1923825480950702,6914.6002965446605,,
1067,0.06053853722372705,0.19233092796159176,6921.086788380068,,
1068,0.06046008547840567,0.19231918214953664,6927.573280215476,,
1069,0.06040070805913363,0.19233890911148172,6934.059772050884,,
1070,0.06033402865064372,0.19231623762057481,6940.546263886291,,
1071,0.06026807710636364,0.19228863690681128,6947.032755721699,0.8856141780417125,0.9274395329441201
1072,0.06019181018555059,0.19224176351449135,6953.519247557107,,
1073,0.06012840618001104,0.19223101500297599,6960.005739392514,,
1074,0.06006710089348756,0.1922267651415959,6966.492231227922,,
1075,0.06001062968788345,0.1922273485929328,6972.97872306333,,
1076,0.05993849922836637,0.19220096775224302,6979.465214898738,,
1077,0.05987055534263839,0.1921792486168344,6985.951706734146,,
1078,0.05979265908967486,0.1921412673659374,6992.438198569554,,
1079,0.0597285175181584,0.19214881232223155,6998.924690404961,,
1080,0.05965803623678741,0.19213289807418832,7005.411182240369,,
1081,0.0595910756890938,0.192145514411496,7011.897674075776,0.8853849025078497,0.927231025854879
1082,0.05952499653391761,0.1921366525990792,7018.384165911184,,
1083,0.05946680076438805,0.19212775742191274,7024.870657746592,,
1084,0.05940864406473905,0.1921608464538793,7031.357149582,,
1085,0.05935175632350361,0.19214388547830766,7037.8436414174075,,
1086,0.05928672202495941,0.19210063876438782,7044.330133252815,,
1087,0.05921723362213949,0.19211135731792614,7050.816625088223,,
1088,0.0591476815155624,0.19211477303194227,7057.303116923631,,
1089,0.05908325219784982,0.1920913859615818,7063.789608759039,,
1090,0.05901898009815847,0.19204014775795705,7070.276100594447,,
1091,0.05894846954273305,0.1920646650582686,7076.7625924298545,0.885673583512741,0.927231025854879
1092,0.05887562473719952,0.19204126826409737,7083.249084265261,,
1093,0.05880532174455552,0.19200897524251492,7089.735576100669,,
1094,0.05874353130577798,0.1919754752405937,7096.222067936077,,
1095,0.05867065828378441,0.19195868867371188,7102.708559771485,,
1096,0.05860996780772812,0.19193968090756877,7109.195051606893,,
1097,0.05853546230681048,0.1919078274979437,7115.681543442301,,
1098,0.05847468964104689,0.19187827649453143,7122.168035277708,,
1099,0.05841207925880286,0.19184985610369237,7128.654527113116,,
1100,0.0583460751719589,0.19182009174649098,7135.141018948524,,
1101,0.05828471912367503,0.19180258490006113,7141.627510783932,0.885909854367383,0.9278565471226021
1102,0.05821704620156627,0.1918014487769006,7148.11400261934,,
1103,0.0581577249441981,0.19177101218880946,7154.600494454747,,
1104,0.05809487833541364,0.1917899479280497,7161.0869862901545,,
1105,0.0580324578235362,0.19177228267805219,7167.573478125562,,
1106,0.0579654641954423,0.1917600348249675,7174.05996996097,,
1107,0.05790271755212886,0.19179014192426752,7180.546461796378,,
1108,0.05783816561084471,0.1917724948475358,7187.032953631786,,
1109,0.05778535771723625,0.1917764693377031,7193.519445467194,,
1110,0.05773386059977043,0.19175341099790735,7200.0059373026015,,
1111,0.05766646330329055,0.19173840600840808,7206.492429138009,0.8856255716158411,0.9274395329441201
1112,0.05758673879175261,0.1917478104972842,7212.978920973417,,
1113,0.05753758058991375,0.19172303589100506,7219.465412808824,,
1114,0.05748855839574217,0.19171193836466296,7225.951904644232,,
1115,0.05743457433261976,0.19170774896524187,7232.43839647964,,
1116,0.0573766017728426,0.19168797190469486,7238.924888315048,,
1117,0.05731718907293072,0.19165209205924644,7245.411380150455,,
1118,0.05724205959382093,0.19164215299786713,7251.897871985863,,
1119,0.05717511701184564,0.191620126717206,7258.384363821271,,
1120,0.05711381987328801,0.19160284746865475,7264.870855656679,,
1121,0.05705049757152507,0.1915690022043159,7271.357347492087,0.8867790363838604,0.9278565471226021
1122,0.05698166201482922,0.1915734946839601,7277.843839327495,,
1123,0.05691192665531355,0.1915791113610392,7284.330331162902,,
1124,0.05685615343898052,0.19156063684741806,7290.816822998309,,
1125,0.05678513145186146,0.19157656727943584,7297.303314833717,,
1126,0.05671001267996014,0.19156640600293415,7303.789806669125,,
1127,0.05664752395519283,0.19153060662444862,7310.276298504533,,
1128,0.05659158612761774,0.1914946818444507,7316.762790339941,,
1129,0.05653396053780358,0.19146662573062298,7323.2492821753485,,
1130,0.05647849085608361,0.19146182083475008,7329.735774010756,,
1131,0.05639990598854211,0.19142443454937583,7336.222265846164,0.886825324816166,0.9278565471226021
1132,0.05633747593898614,0.19141911192632285,7342.708757681572,,
1133,0.0562761166487674,0.19139069449226712,7349.19524951698,,
1134,0.0562190152123021,0.19142087048254844,7355.681741352388,,
1135,0.056160874328193,0.19142189184069552,7362.168233187795,,
1136,0.056108023409388,0.19138826236824752,7368.654725023202,,
1137,0.05604722451111115,0.1913668003646791,7375.14121685861,,
1138,0.0559942685270663,0.19134958923139156,7381.627708694018,,
1139,0.05592628980178994,0.19133679730496905,7388.114200529426,,
1140,0.05585807772350074,0.19133259540811057,7394.600692364834,,
1141,0.05579773608420022,0.19129566936524947,7401.087184200242,0.886825324816166,0.9278565471226021
1142,0.05573981464480934,0.1913116199786969,7407.573676035649,,
1143,0.0556841453155877,0.19131335896037718,7414.060167871057,,
1144,0.05562145067840155,0.19130615933653808,7420.546659706465,,
1145,0.05557369909256307,0.19130299184990188,7427.033151541873,,
1146,0.05550864405726496,0.19125778715656772,7433.51964337728,,
1147,0.05544444860594563,0.1912842251877168,7440.006135212688,,
1148,0.05539007654057954,0.1912587056070423,7446.4926270480955,,
1149,0.05533121273817861,0.19128691814876092,7452.979118883503,,
1150,0.05528253383626876,0.19126421862206835,7459.465610718911,,
1151,0.05522437969693723,0.1912345907077758,7465.952102554319,0.8864290973295815,0.9276480400333611
1152,0.05515585128461753,0.19122078936083212,7472.438594389727,,
1153,0.05510187961898431,0.1911694967752509,7478.925086225135,,
1154,0.05504083790028714,0.19116320960125402,7485.4115780605425,,
1155,0.05499163350975141,0.19113083678854048,7491.89806989595,,
1156,0.05494427000968853,0.19112639773871765,7498.384561731358,,
1157,0.05487766634569704,0.1910974103729855,7504.871053566765,,
1158,0.05482191789390893,0.1910765608948299,7511.357545402173,,
1159,0.05475027955833629,0.1910918663227244,7517.844037237581,,
1160,0.05469303715006794,0.19107313070179235,7524.330529072989,,
1161,0.05463545880424853,0.1910192395894755,7530.817020908396,0.8859565068117643,0.9274395329441201
1162,0.05457917835692346,0.19102483483523403,7537.303512743804,,
1163,0.05451379481610348,0.19103369750624932,7543.790004579212,,
1164,0.05445431363232225,0.1910611945561855,7550.27649641462,,
1165,0.05439545635778026,0.19104876397293996,7556.762988250028,,
1166,0.05433646279341534,0.19104901460831908,7563.249480085436,,
1167,0.05428047013026924,0.19106136671535937,7569.735971920843,,
1168,0.05422791045086223,0.19103870423980482,7576.22246375625,,
1169,0.05417199303644392,0.19100798612220585,7582.708955591658,,
1170,0.05412257818246075,0.19095846476566194,7589.195447427066,,
1171,0.05407431938805331,0.19090712509278662,7595.681939262474,0.8855199247061218,0.927022518765638
1172,0.05401256080312844,0.19085806116241208,7602.168431097882,,
1173,0.05396050841542369,0.1908533646841109,7608.6549229332895,,
1174,0.05391548813269725,0.1908215475814661,7615.141414768697,,
1175,0.05387246976560588,0.19080830588648634,7621.627906604105,,
1176,0.05381628236022869,0.19079350117271093,7628.114398439513,,
1177,0.05376914225357619,0.19077596231137892,7634.600890274921,,
1178,0.05371037798164929,0.19077790953223409,7641.087382110329,,
1179,0.05364855198963906,0.1907908435872633,7647.573873945736,,
1180,0.05360336092036466,0.19078278601718004,7654.060365781143,,
1181,0.05355010631709732,0.19074767806180734,7660.546857616551,0.8852489184608068,0.927231025854879
1182,0.05349311951684106,0.19079666256627523,7667.033349451959,,
1183,0.05343104485479538,0.19074670614359995,7673.519841287367,,
1184,0.05337656082314469,0.1907321546706087,7680.006333122775,,
1185,0.05330927680935211,0.19074522408938396,7686.492824958183,,
1186,0.0532562657986257,0.19073766062358308,7692.97931679359,,
1187,0.05321139972530486,0.19073423285538119,7699.465808628998,,
1188,0.05315656111903028,0.1907008091980684,7705.952300464406,,
1189,0.05309827796559492,0.19071503212241556,7712.438792299813,,
1190,0.05304253840068153,0.1907265954198332,7718.925284135221,,
1191,0.05298797358229265,0.19070373083283154,7725.411775970629,0.8862286883605291,0.9276480400333611
1192,0.05292788539270499,0.19070076356138774,7731.8982678060365,,
1193,0.052866715094853,0.190685456484126,7738.384759641444,,
1194,0.05281651096474176,0.19068390510418187,7744.871251476852,,
1195,0.0527555909057657,0.19065883853667426,7751.35774331226,,
1196,0.05270725350830931,0.1906752807675671,7757.844235147668,,
1197,0.05265686706794989,0.1906841926218278,7764.330726983076,,
1198,0.05260191057591018,0.19065455612809995,7770.8172188184835,,
1199,0.05253998445434277,0.19064975386186372,7777.303710653891,,
1200,0.05248258851559551,0.19061490030514025,7783.790202489298,,
1201,0.05242960426308048,0.19060449391889212,7790.276694324706,0.8859484189498874,0.9276480400333611
1202,0.05237423772722014,0.19060911925550084,7796.763186160114,,
1203,0.05232021645034744,0.19058185839722294,7803.249677995522,,
1204,0.0522745519792332,0.19055526719617674,7809.73616983093,,
1205,0.05222828316112262,0.1905305016229649,7816.222661666337,,
1206,0.05217229694042345,0.19054642033738695,7822.709153501745,,
1207,0.05212237986554816,0.19051738911329427,7829.195645337153,,
1208,0.05206549638441584,0.19050853050000421,7835.682137172561,,
1209,0.05201294380375322,0.19050512356868557,7842.168629007969,,
1210,0.05196300712051947,0.19051814533083922,7848.655120843377,,
1211,0.05190704766788786,0.19054139130741282,7855.1416126787835,0.885992125302601,0.9276480400333611
1212,0.05185739701346152,0.19053380788401894,7861.628104514191,,
1213,0.05180277191500365,0.1905265616157815,7868.114596349599,,
1214,0.05176143130666343,0.19050286858344373,7874.601088185007,,
1215,0.05171948309251711,0.1905055316795255,7881.087580020415,,
1216,0.05165861893166035,0.19047163531143582,7887.574071855823,,
1217,0.05159804791229066,0.19045039422509513,7894.0605636912305,,
1218,0.05155230753718344,0.1904248109266364,7900.547055526638,,
1219,0.05151250547640971,0.1904324301916334,7907.033547362046,,
1220,0.05145765119753257,0.19039849490731459,7913.520039197454,,
1221,0.05141489405456841,0.19038731428339364,7920.006531032862,0.886400204414559,0.9278565471226021
1222,0.05136846781004547,0.19040131287218393,7926.493022868269,,
1223,0.05131204621783079,0.1903743219031158,7932.979514703677,,
1224,0.05124479241422385,0.19036452337660845,7939.466006539084,,
1225,0.05118365908583673,0.19030845991096,7945.952498374492,,
1226,0.05112828277773047,0.19031148455779584,7952.4389902099,,
1227,0.0510733542659885,0.1903073187530511,7958.925482045308,,
1228,0.05101762414258626,0.19028571200337505,7965.411973880716,,
1229,0.05096058681931475,0.19029779995909407,7971.898465716124,,
1230,0.05090598637410065,0.19026885891893122,7978.384957551531,,
1231,0.05084052807011206,0.19026041100275357,7984.871449386939,0.885992125302601,0.9276480400333611
1232,0.05078997604258466,0.19024270296650544,7991.357941222347,,
1233,0.05073948384449992,0.19022456638554816,7997.844433057754,,
1234,0.05068120167849478,0.19018796065304666,8004.330924893162,,
1235,0.05063140668962788,0.19019951868578355,8010.81741672857,,
1236,0.05057775279599541,0.19018910167139363,8017.3039085639775,,
1237,0.05052444050385883,0.19015308203510772,8023.790400399385,,
1238,0.05046695247226634,0.19012770250493752,8030.276892234793,,
1239,0.05041946601465717,0.19013280268084068,8036.763384070201,,
1240,0.05036662283317347,0.190100127409121,8043.249875905609,,
1241,0.05031032855485038,0.19007151259999616,8049.736367741017,0.8856899751058922,0.9276480400333611
1242,0.05025343285389049,0.1900527780948067,8056.2228595764245,,
1243,0.05020114692419994,0.19002201922980483,8062.709351411832,,
1244,0.05013871097640377,0.19003040149547823,8069.195843247239,,
1245,0.05008469174168809,0.1900020653611949,8075.682335082647,,
1246,0.05003730269825707,0.19000018615570866,8082.168826918055,,
1247,0.04999208104895422,0.1899864669323466,8088.655318753463,,
1248,0.04993126078699722,0.18996975077688097,8095.141810588871,,
1249,0.04987435275032517,0.1899629786523141,8101.628302424278,,
1250,0.0498083234136632,0.18996525794924177,8108.114794259686,,
1251,0.04974291741684991,0.18993602169123955,8114.601286095094,0.8857886185031332,0.9276480400333611
1252,0.04969674256314116,0.1899192840005403,8121.087777930502,,
1253,0.04965575882252966,0.18991707060270954,8127.57426976591,,
1254,0.04960347114594148,0.18988422974713262,8134.060761601318,,
1255,0.04955377830974873,0.1898655045355715,8140.5472534367245,,
1256,0.04950113231597874,0.18987688475779926,8147.033745272132,,
1257,0.04944997178928136,0.18989254816909748,8153.52023710754,,
1258,0.04938927033739052,0.18986928088393784,8160.006728942948,,
1259,0.04933540311911724,0.18985399972474762,8166.493220778356,,
1260,0.04927238083179675,0.18984192876263586,8172.979712613764,,
1261,0.04921885659576721,0.1898382961799589,8179.4662044491715,0.886356434740908,0.9278565471226021
1262,0.04916704501042962,0.189803297243213,8185.952696284579,,
1263,0.04911530905500748,0.18981073913990215,8192.439188119986,,
1264,0.04905690165334964,0.18980507919120515,8198.925679955395,,
1265,0.0490026863335923,0.18979109856732915,8205.412171790802,,
1266,0.04895298201024359,0.1897609597132638,8211.89866362621,,
1267,0.04890158006139536,0.18976547043775563,8218.385155461618,,
1268,0.04884663553437518,0.18975103939192023,8224.871647297026,,
1269,0.04879357030661506,0.18973060156419366,8231.358139132433,,
1270,0.04873260084594325,0.18970452429043191,8237.844630967842,,
1271,0.0486730531297378,0.18966528757777157,8244.331122803249,0.8864437168648711,0.9280650542118432
1272,0.04862196839472363,0.18969471104930347,8250.817614638656,,
1273,0.04858047001395209,0.18970346287572545,8257.304106474065,,
1274,0.0485364314986766,0.18969134423961587,8263.790598309472,,
1275,0.04847973676229976,0.18967761648873493,8270.27709014488,,
1276,0.0484295431913908,0.189677972318372,8276.763581980287,,
1277,0.04837058573686056,0.18966628406211639,8283.250073815696,,
1278,0.0483170073528908,0.1896541424790521,8289.736565651103,,
1279,0.0482553332264056,0.18964491206263448,8296.223057486512,,
1280,0.0482068377756873,0.18962503237982437,8302.709549321919,,
1281,0.04815723508422438,0.18960149705818669,8309.196041157327,0.8859768614400085,0.9278565471226021
1282,0.04811205217040429,0.18958423295539392,8315.682532992734,,
1283,0.04805728009328674,0.18960767193522476,8322.169024828141,,
1284,0.04799880330923841,0.18958310927634775,8328.65551666355,,
1285,0.04794545151842873,0.18959829707266565,8335.142008498957,,
1286,0.04789589978577769,0.18956083775962673,8341.628500334366,,
1287,0.04784441805469221,0.1895579421293182,8348.114992169772,,
1288,0.04779523608346554,0.18955586234469896,8354.601484005181,,
1289,0.0477361123671982,0.1895296310802111,8361.087975840588,,
1290,0.04769167219741759,0.18953700117881409,8367.574467675997,,
1291,0.04764233080909878,0.18953118548210482,8374.060959511404,0.8863617357682873,0.9280650542118432
1292,0.04759910590447095,0.18950883591872714,8380.547451346813,,
1293,0.04755688217821064,0.18951470204406298,8387.03394318222,,
1294,0.04750856056171601,0.1895188012297744,8393.520435017626,,
1295,0.04745107038968609,0.18946678593351146,8400.006926853035,,
1296,0.04740676244927595,0.18945100282228527,8406.493418688442,,
1297,0.04735799825859752,0.18944585631953934,8412.97991052385,,
1298,0.04731439261423752,0.18944299047051216,8419.466402359258,,
1299,0.04727214230732293,0.18944021170476322,8425.952894194666,,
1300,0.047215680895716,0.18940894567852945,8432.439386030073,,
1301,0.04716400040122413,0.18941678877364204,8438.925877865482,0.8870579692272619,0.9282735613010842
1302,0.04711613991236229,0.1894239312348617,8445.412369700889,,
1303,0.04706717031869911,0.18941677333604123,8451.898861536296,,
1304,0.04700240990318921,0.189441781471642,8458.385353371705,,
1305,0.04694283778547999,0.1894500446870143,8464.871845207112,,
1306,0.04689558770166238,0.18946730839875406,8471.35833704252,,
1307,0.046846259098197,0.18944269171377573,8477.844828877927,,
1308,0.04679860115033005,0.18942902554357188,8484.331320713336,,
1309,0.04675407167713695,0.18942303856811604,8490.817812548743,,
1310,0.04670009576316345,0.1893709465202977,8497.304304384152,,
1311,0.04666150235593263,0.18935832430019642,8503.790796219559,0.8868285911931498,0.9282735613010842
1312,0.0466225433082013,0.1893411148574637,8510.277288054967,,
1313,0.04657850324937828,0.1893640570068305,8516.763779890374,,
1314,0.04653148571328494,0.18933630539293736,8523.250271725781,,
1315,0.04648380994052492,0.18931328377441906,8529.73676356119,,
1316,0.04643725618349035,0.18930016188310894,8536.223255396597,,
1317,0.04638658088944224,0.18928340673457847,8542.709747232006,,
1318,0.04633499640521964,0.18928275188321433,8549.196239067413,,
1319,0.04629591718822673,0.18931072359413398,8555.682730902821,,
1320,0.04624394959190121,0.18926409231621463,8562.169222738228,,
1321,0.04619631171369341,0.18923415214749414,8568.655714573637,0.8868285911931498,0.9282735613010842
1322,0.04614686273281015,0.1892189890291707,8575.142206409044,,
1323,0.04609780896350222,0.18922806867714834,8581.628698244453,,
1324,0.04604393405759204,0.1892092850547796,8588.11519007986,,
1325,0.04601100125546904,0.18918337815154537,8594.601681915266,,
1326,0.04596475445476875,0.18916494130773956,8601.088173750675,,
1327,0.04592319978650432,0.18914215080574442,8607.574665586082,,
1328,0.04588439236183364,0.18910851273650806,8614.06115742149,,
1329,0.0458417358291817,0.18911036172736156,8620.547649256898,,
1330,0.04579925399324619,0.18905613105135788,8627.034141092307,,
1331,0.04574817750467158,0.18902343710698277,8633.520632927713,0.886131497671479,0.9278565471226021
1332,0.04570460333606588,0.18897816633465764,8640.007124763122,,
1333,0.04566523295918071,0.18899017991717454,8646.49361659853,,
1334,0.04563047522524789,0.1889835390303886,8652.980108433938,,
1335,0.04558447755524579,0.1889347088197248,8659.466600269345,,
1336,0.04554081473505875,0.18894599245850416,8665.953092104752,,
1337,0.0455015264095422,0.18892191099260647,8672.43958394016,,
1338,0.04545498494869786,0.18895574282235678,8678.926075775567,,
1339,0.04540413723434911,0.18894926585449318,8685.412567610976,,
1340,0.04535847557988391,0.18899121468203497,8691.899059446383,,
1341,0.04532193353003194,0.1890169619285474,8698.385551281792,0.8868068779796753,0.9280650542118432
1342,0.04527017691163422,0.18901055893077245,8704.872043117199,,
1343,0.04521906891494325,0.18903082467164958,8711.358534952607,,
1344,0.04517411922236657,0.18903464678695542,8717.845026788014,,
1345,0.04512955758449826,0.1890350954575591,8724.331518623423,,
1346,0.04508231971987881,0.18903407094111838,8730.81801045883,,
1347,0.04503628045885728,0.18902780100150113,8737.304502294237,,
1348,0.04499476074258581,0.18901370254143407,8743.790994129646,,
1349,0.04494531603186715,0.18900741252577347,8750.277485965053,,
1350,0.04490580860694759,0.18898128910779657,8756.763977800461,,
1351,0.04485276116825298,0.18895451023881213,8763.250469635868,0.8868068779796753,0.9280650542118432
1352,0.04481684355697295,0.18895838278224186,8769.736961471277,,
1353,0.04476192568698854,0.18895122290133495,8776.223453306684,,
1354,0.04471633595096468,0.18892188600150478,8782.709945142093,,
1355,0.04467968996728634,0.18894496883371015,8789.1964369775,,
1356,0.04463668482725416,0.18893889662260419,8795.682928812908,,
1357,0.04458684120708134,0.18893906500831634,8802.169420648315,,
1358,0.04454089748092502,0.18896464431474289,8808.655912483722,,
1359,0.04449375736016628,0.1889339056207748,8815.142404319131,,
1360,0.04445306038286603,0.18891245543282395,8821.628896154538,,
1361,0.04441503566930668,0.1888968380919484,8828.115387989947,0.8861659273688988,0.9280650542118432
1362,0.04436371945671425,0.18885523733942494,8834.601879825354,,
1363,0.04432231836821066,0.18883306841480912,8841.088371660762,,
1364,0.04427742023209279,0.18880231929885935,8847.57486349617,,
1365,0.0442258336156501,0.1887649199693611,8854.061355331578,,
1366,0.04418499987243685,0.1887489779549387,8860.547847166985,,
1367,0.04413911294679175,0.18876718308981186,8867.034339002394,,
1368,0.0440920701570456,0.18878330296659324,8873.5208308378,,
1369,0.04404250871201539,0.1887252737271955,8880.007322673207,,
1370,0.04400836191804277,0.18871086122411815,8886.493814508616,,
1371,0.04397420205452443,0.18874208527331202,8892.980306344023,0.886476996246404,0.9282735613010842
1372,0.04393001207955028,0.1887501031931871,8899.466798179432,,
1373,0.04388077285411128,0.18875568428295578,8905.953290014839,,
1374,0.04383235189804666,0.18873399433259494,8912.439781850248,,
1375,0.04379498390337935,0.18870700525001677,8918.926273685654,,
1376,0.04374912766102176,0.18872567313478977,8925.412765521063,,
1377,0.04371697864855158,0.18872567123518352,8931.89925735647,,
1378,0.04367660164811783,0.1887205189402872,8938.385749191879,,
1379,0.04363081752600011,0.18871475119120606,8944.872241027286,,
1380,0.04358284975810625,0.18872599906404228,8951.358732862693,,
1381,0.04353165553886616,0.18870150043108716,8957.845224698101,0.8873678204245391,0.9286905754795663
1382,0.04348407628255607,0.1887029309666195,8964.331716533508,,
1383,0.04343824589995733,0.18872171868123744,8970.818208368917,,
1384,0.04339442675719097,0.18870851765531002,8977.304700204324,,
1385,0.04336427105251865,0.18872364966198607,8983.791192039733,,
1386,0.04331360483045232,0.18870861177959578,8990.27768387514,,
1387,0.04326727593614582,0.1887125506463635,8996.764175710548,,
1388,0.04322194408814749,0.18871130826857802,9003.250667545955,,
1389,0.043184023862006,0.18870826489100095,9009.737159381364,,
1390,0.04314558539176703,0.18871880841317626,9016.223651216771,,
1391,0.04311425250176974,0.18875193409140517,9022.710143052178,0.8875817402955141,0.9286905754795663
1392,0.04307239039845379,0.1887692156433391,9029.196634887587,,
1393,0.04303823497993078,0.18874681155008852,9035.683126722994,,
1394,0.04299379670683688,0.18875671871579736,9042.169618558402,,
1395,0.04295140548755483,0.1887464350502586,9048.65611039381,,
1396,0.04291243777542545,0.1887454200081616,9055.142602229218,,
1397,0.04286421650766651,0.18873042132015166,9061.629094064625,,
1398,0.04282024480248647,0.18872557343394455,9068.115585900034,,
1399,0.04278393102838386,0.18873572048360912,9074.60207773544,,
1400,0.04274067150705638,0.18873260193712124,9081.08856957085,,
1401,0.04269193684101855,0.1887378374321527,9087.575061406256,0.8883142987160885,0.9288990825688074
1402,0.0426576148752351,0.18876355905970602,9094.061553241663,,
1403,0.0426176153990122,0.1887455115219368,9100.548045077072,,
1404,0.04257804658650449,0.18873263497981535,9107.034536912479,,
1405,0.0425234019687163,0.18874583818017843,9113.521028747888,,
1406,0.04247993587757358,0.18873611803870596,9120.007520583295,,
1407,0.04243220498984304,0.1887157546026989,9126.494012418703,,
1408,0.04239205441264925,0.1887075412062772,9132.98050425411,,
1409,0.04236129301175334,0.18870124900421034,9139.466996089519,,
1410,0.04232045676839217,0.18869111231815128,9145.953487924926,,
1411,0.04228407683604338,0.18869689181357638,9152.439979760335,0.8885453433969318,0.9291075896580484
1412,0.04224412331732894,0.18865753028039892,9158.926471595742,,
1413,0.04220245918423325,0.18865378156130685,9165.412963431148,,
1414,0.0421517118849073,0.18864877783397424,9171.899455266557,,
1415,0.04211308046942103,0.18865320093369017,9178.385947101964,,
1416,0.04207210359962586,0.18864912284607696,9184.872438937373,,
1417,0.04203164824575796,0.18860668220026494,9191.35893077278,,
1418,0.04198805300785025,0.1886217550757376,9197.845422608189,,
1419,0.04194467549363892,0.1886040374500174,9204.331914443595,,
1420,0.04190800398573957,0.18860614984986193,9210.818406279004,,
1421,0.04186533757248097,0.18857637894120322,9217.304898114411,0.8885414789685032,0.9291075896580484
1422,0.04182624779449778,0.18857502978357826,9223.79138994982,,
1423,0.04178949345575588,0.1885452164606705,9230.277881785227,,
1424,0.0417505694256417,0.18854767081928547,9236.764373620634,,
1425,0.04170629194082458,0.1885317275079743,9243.250865456042,,
1426,0.04166890534396903,0.1885440275444148,9249.73735729145,,
1427,0.04162244151641388,0.18855075776125696,9256.223849126858,,
1428,0.04158431907493759,0.18852089489916102,9262.710340962265,,
1429,0.04154095936203547,0.1884961955883984,9269.196832797674,,
1430,0.04150039840133418,0.1884983393552871,9275.68332463308,,
1431,0.0414641930306249,0.1884741287433599,9282.16981646849,0.8870425942247129,0.9284820683903253
1432,0.04142816059475173,0.18846937480675005,9288.656308303896,,
1433,0.04138931328379446,0.1884628214319428,9295.142800139305,,
1434,0.04134876431073024,0.18847095086249174,9301.629291974712,,
1435,0.04131810106616272,0.18847680633742556,9308.115783810119,,
1436,0.04127945236802144,0.18848473935542345,9314.602275645528,,
1437,0.04122537232248244,0.18850286221861218,9321.088767480935,,
1438,0.04118680635669971,0.1884603251925864,9327.575259316343,,
1439,0.04114459259486884,0.18844386818851014,9334.06175115175,,
1440,0.0411072370706027,0.1884452811845652,9340.548242987159,,
1441,0.04106589743595476,0.18847248407470354,9347.034734822566,0.886475958792723,0.9284820683903253
1442,0.04102153584473001,0.1884698685978612,9353.521226657975,,
1443,0.04099008579186832,0.1884659220852273,9360.007718493382,,
1444,0.04095391622203291,0.18845609422296036,9366.49421032879,,
1445,0.04091726043349694,0.18842780572358744,9372.980702164197,,
1446,0.04088387639889374,0.18844348779481682,9379.467193999604,,
1447,0.04084218922265356,0.18843131440610972,9385.953685835013,,
1448,0.04080734173013009,0.18839842078715469,9392.44017767042,,
1449,0.04077161114931178,0.18836930937302027,9398.926669505829,,
1450,0.04073462122107657,0.1883773490380444,9405.413161341236,,
1451,0.04069839233854931,0.18836550458784138,9411.899653176644,0.8868380631634799,0.9282735613010842
1452,0.04065704782367182,0.18833784554651545,9418.386145012051,,
1453,0.04062313838069415,0.1883593268050508,9424.87263684746,,
1454,0.0405907033655693,0.18835249317246727,9431.359128682867,,
1455,0.04054538941967892,0.1883597555517521,9437.845620518274,,
1456,0.04050358457328415,0.1883516976070355,9444.332112353683,,
1457,0.04046202826782855,0.1883204505159516,9450.81860418909,,
1458,0.04042292019141592,0.18833202741897326,9457.305096024498,,
1459,0.04038266266406839,0.18835152925077397,9463.791587859905,,
1460,0.04033925288551734,0.18833093225903513,9470.278079695314,,
1461,0.04029963498282477,0.1883441232501778,9476.76457153072,0.8870895270158256,0.9284820683903253
1462,0.04026891250438367,0.1883574921888448,9483.25106336613,,
1463,0.04023671578183765,0.18837651525486293,9489.737555201536,,
1464,0.04020272918422813,0.1883960438826077,9496.224047036945,,
1465,0.04015897889495643,0.1884042890778152,9502.710538872352,,
1466,0.04011972476562379,0.18841101020341802,9509.197030707759,,
1467,0.04008392806921939,0.18837324067152567,9515.683522543168,,
1468,0.04004744827739014,0.18835260622600217,9522.170014378575,,
1469,0.04000855536242736,0.18835069455471434,9528.656506213983,,
1470,0.03997291602560626,0.18834531796161297,9535.14299804939,,
1471,0.03993809007725604,0.18835120554477433,9541.6294898848,0.8874282223982534,0.9284820683903253
1472,0.03990016421569587,0.18831212956579785,9548.115981720206,,
1473,0.03985957305573827,0.18830306527419802,9554.602473555615,,
1474,0.03982847550143106,0.18829813066618492,9561.088965391022,,
1475,0.03979927143008841,0.1882881734752785,9567.57545722643,,
1476,0.03976711043710983,0.1883047597107062,9574.061949061837,,
1477,0.03973194802288371,0.1883101849200217,9580.548440897244,,
1478,0.03969418074161837,0.1883082379279594,9587.034932732653,,
1479,0.03966113976603534,0.1882857417197218,9593.52142456806,,
1480,0.03962136374708413,0.18829220788042256,9600.007916403469,,
1481,0.03957613468695687,0.18832024757288526,9606.494408238876,0.8868237016748236,0.9284820683903253
1482,0.03953527322723922,0.18831541800867416,9612.980900074284,,
1483,0.03950830806619472,0.1883120815279434,9619.467391909691,,
1484,0.03947126705418166,0.1883135214622745,9625.9538837451,,
1485,0.03943760209780786,0.1883372228689225,9632.440375580507,,
1486,0.03939759628021871,0.18835312968243673,9638.926867415916,,
1487,0.03936153971110583,0.1883557197634589,9645.413359251323,,
1488,0.0393147339461911,0.18835936041863613,9651.89985108673,,
1489,0.03926327880655978,0.18833283401955736,9658.386342922138,,
1490,0.03922253747860091,0.18833959818212176,9664.872834757545,,
1491,0.03918445602548577,0.18834347327570056,9671.359326592954,0.8858315852507336,0.9278565471226021
1492,0.03913861427455264,0.18832778036237152,9677.84581842836,,
1493,0.03909990085851058,0.1883342876267582,9684.33231026377,,
1494,0.03905552384647007,0.18834834410704723,9690.818802099177,,
1495,0.03901954112256934,0.18833979632661715,9697.305293934585,,
1496,0.0389788474680966,0.18834421990076033,9703.791785769992,,
1497,0.03894161333917549,0.1883634838800217,9710.278277605401,,
1498,0.038902163310715,0.18835731521377075,9716.764769440808,,
1499,0.03886798006230783,0.18834049913775686,9723.251261276215,,
1500,0.03883475461571421,0.1883324973004825,9729.737753111624,,
1501,0.03879327951068796,0.18830889671411571,9736.22424494703,0.8856991370969686,0.9276480400333611
1502,0.03875968340780705,0.18830575054051152,9742.71073678244,,
1503,0.03872130514999363,0.1882740034693985,9749.197228617846,,
1504,0.03868757365313603,0.18824449360138787,9755.683720453255,,
1505,0.03865437464915372,0.18823702756434876,9762.170212288662,,
1506,0.03861843713684483,0.18824609297478553,9768.65670412407,,
1507,0.03858268837948727,0.18826016556819866,9775.143195959477,,
1508,0.0385357657277466,0.18826969321417336,9781.629687794886,,
1509,0.03850303159075187,0.18826392607914136,9788.116179630293,,
1510,0.03846644777662702,0.188250387133966,9794.6026714657,,
1511,0.03843143852292426,0.1882325402767644,9801.089163301109,0.8870578330393943,0.9280650542118432
1512,0.03838580891208067,0.18821199995076826,9807.575655136516,,
1513,0.03834880177745299,0.18820060901595323,9814.062146971924,,
1514,0.03831018938300029,0.1882037740461118,9820.548638807331,,
1515,0.03827096867792871,0.18821194747477776,9827.03513064274,,
1516,0.03823341247947021,0.18819546186662028,9833.521622478147,,
1517,0.03819440372057205,0.18818968003278697,9840.008114313556,,
1518,0.03816033549685268,0.1881859034004625,9846.494606148963,,
1519,0.03813134897819575,0.18817350484313913,9852.981097984371,,
1520,0.0380995317584566,0.18814811190681063,9859.467589819778,,
1521,0.03806143497912293,0.18813270618595224,9865.954081655185,0.8875969005272629,0.9286905754795663
1522,0.03802403701740976,0.18814444883888112,9872.440573490594,,
1523,0.03798291107104764,0.18816362536794184,9878.927065326001,,
1524,0.03794734392420809,0.18814423504893954,9885.41355716141,,
1525,0.03791485441451473,0.1881433763409994,9891.900048996817,,
1526,0.03787886491568634,0.18816355944469665,9898.386540832225,,
1527,0.03784785807399239,0.1881414905131196,9904.873032667632,,
1528,0.03780952752861544,0.18812837153937753,9911.359524503041,,
1529,0.03777126186671374,0.1881161905031238,9917.846016338448,,
1530,0.0377382292002667,0.18812713529404887,9924.332508173857,,
1531,0.03770828773061224,0.18813401745553626,9930.819000009264,0.8860721926828321,0.9278565471226021
1532,0.03767558509687985,0.18811298986618477,9937.30549184467,,
1533,0.03763728411462491,0.18810656984196084,9943.79198368008,,
1534,0.03760928414073764,0.18809177001413555,9950.278475515486,,
1535,0.03757857454201564,0.1880862986375116,9956.764967350895,,
1536,0.03754104986690792,0.18808242031525366,9963.251459186302,,
1537,0.03751119930163974,0.1880738061176129,9969.73795102171,,
1538,0.03747352632118996,0.18807131106526803,9976.224442857118,,
1539,0.03744432822840033,0.18807474927784634,9982.710934692526,,
1540,0.03740428410252902,0.18805491580484085,9989.197426527933,,
1541,0.03735676793265434,0.18806225241312013,9995.683918363342,0.8865926292369836,0.9284820683903253
1542,0.03731814883358351,0.1880438539393218,10002.170410198749,,
1543,0.03727656090432216,0.18802666716991792,10008.656902034156,,
1544,0.03723868007816174,0.18803236740757379,10015.143393869565,,
1545,0.03720129527788069,0.18803514867982538,10021.629885704971,,
1546,0.03716534905766096,0.1880310735302702,10028.11637754038,,
1547,0.03712035557058673,0.1880398298759897,10034.602869375787,,
1548,0.03709487592199115,0.18805591998376742,10041.089361211196,,
1549,0.03706430333064075,0.18804356647931764,10047.575853046603,,
1550,0.03702683600535399,0.18804494373575062,10054.062344882012,,
1551,0.0369916608118869,0.18804756362506794,10060.548836717418,0.886056530263342,0.9280650542118432
1552,0.03695051510683606,0.18803026366873085,10067.035328552827,,
1553,0.03691304520380687,0.18802537744156966,10073.521820388234,,
1554,0.03687089563334824,0.18804702106482554,10080.008312223641,,
1555,0.03683536559168814,0.18805897842643568,10086.49480405905,,
1556,0.03680256252703952,0.1880611145884503,10092.981295894457,,
1557,0.03676308989054192,0.1880251596269504,10099.467787729865,,
1558,0.03673035341609301,0.18801785143812466,10105.954279565272,,
1559,0.03669095903620462,0.18802410162075975,10112.440771400681,,
1560,0.03665956165678199,0.18806060833789157,10118.927263236088,,
1561,0.03663329606559568,0.18806192972110505,10125.413755071497,0.8862874104932753,0.9282735613010842
1562,0.03660039131077651,0.18807320384134987,10131.900246906904,,
1563,0.03656385072446535,0.18804351462600485,10138.386738742312,,
1564,0.03653380891034323,0.18803615605012605,10144.87323057772,,
1565,0.03649479702784402,0.18803655604652947,10151.359722413126,,
1566,0.0364650852702477,0.18802227330608604,10157.846214248535,,
1567,0.03642685565516073,0.1880068318446318,10164.332706083942,,
1568,0.03639368562397374,0.18800421014790492,10170.81919791935,,
1569,0.03635339509120636,0.18798358409468696,10177.305689754758,,
1570,0.03632314532700302,0.18799543479485897,10183.792181590166,,
1571,0.03628230479466871,0.18799723203881732,10190.278673425573,0.8867496221062263,0.9284820683903253
1572,0.03624812993731265,0.18799818613932198,10196.765165260982,,
1573,0.03621561049717154,0.18802033323728395,10203.251657096389,,
1574,0.03617579561864902,0.1880006005930496,10209.738148931798,,
1575,0.03614269365315981,0.1879911093108302,10216.224640767205,,
1576,0.03611210798956111,0.18798405552595382,10222.711132602612,,
1577,0.03608060568347876,0.1879713285481374,10229.19762443802,,
1578,0.03604843663789545,0.1879566199616683,10235.684116273427,,
1579,0.03600861928944823,0.18795393201295937,10242.170608108836,,
1580,0.03597498803676297,0.1879512659675834,10248.657099944243,,
1581,0.03593918875895959,0.18791898652014816,10255.143591779652,0.8868889566523439,0.9286905754795663
1582,0.03590512193257992,0.18794916452230595,10261.630083615059,,
1583,0.03587152870476416,0.18794876604295363,10268.116575450467,,
1584,0.03583755986004479,0.1879266758067063,10274.603067285874,,
1585,0.03580605846990335,0.18790149321067565,10281.089559121283,,
1586,0.03576701976526753,0.18794810230052733,10287.57605095669,,
1587,0.03573649074219223,0.1879413114282325,10294.062542792097,,
1588,0.03570624963944311,0.18796869238045869,10300.549034627506,,
1589,0.03566532709755904,0.1879272981963623,10307.035526462912,,
1590,0.03562954298097243,0.18793988186121804,10313.522018298321,,
1591,0.03559598458420091,0.18797207232479907,10320.008510133728,0.886252414470194,0.9286905754795663
1592,0.03556192372018952,0.1879807015607056,10326.495001969137,,
1593,0.03552737390484222,0.18799665411713384,10332.981493804544,,
1594,0.03549292176306628,0.18799209396404093,10339.467985639953,,
1595,0.03545670313220141,0.187953619936849,10345.95447747536,,
1596,0.0354269601197997,0.18795100582315788,10352.440969310768,,
1597,0.03540084252182556,0.18795862065947286,10358.927461146175,,
1598,0.03536950229711913,0.18795227056640654,10365.413952981582,,
1599,0.03532664879704475,0.1879862472658558,10371.90044481699,,
1600,0.03529419242842891,0.18799154350637978,10378.386936652398,,
1601,0.03525935918082753,0.1879777796911321,10384.873428487806,0.8859309100979907,0.9282735613010842
1602,0.03523041501111997,0.18797334076534944,10391.359920323213,,
1603,0.03519341121137465,0.18800209245969077,10397.846412158622,,
1604,0.03516024496442987,0.1880042398177392,10404.332903994029,,
1605,0.0351245689138136,0.18800575635617106,10410.819395829438,,
1606,0.03509280547218323,0.18800763746978755,10417.305887664845,,
1607,0.0350614080764579,0.18799672651694085,10423.792379500252,,
1608,0.03503279210256932,0.1879848123179396,10430.27887133566,,
1609,0.03499581860438594,0.18796710906100056,10436.765363171067,,
1610,0.03495764181601583,0.1879213677953104,10443.251855006476,,
1611,0.03492500661847059,0.1879064365421769,10449.738346841883,0.8854965349001406,0.9278565471226021
1612,0.03489672481827682,0.1878814891968505,10456.224838677292,,
1613,0.03486402729178574,0.1878510727769701,10462.711330512699,,
1614,0.03482729863454163,0.18785043302265075,10469.197822348107,,
1615,0.03479679298196386,0.18784203416110956,10475.684314183514,,
1616,0.03476578614325589,0.18782198417789572,10482.170806018923,,
1617,0.0347317691425656,0.1878259367953511,10488.65729785433,,
1618,0.03470469788358256,0.18785073390716817,10495.143789689737,,
1619,0.03466984462598696,0.18785492697253944,10501.630281525146,,
1620,0.03464453644569741,0.18782597773892673,10508.116773360553,,
1621,0.03461466328946111,0.18784192861414511,10514.603265195961,0.8860510787284684,0.9284820683903253
1622,0.034591208946202,0.18783789635366183,10521.089757031368,,
1623,0.03455399910308992,0.18782691498997922,10527.576248866777,,
1624,0.03452748527146576,0.18782588092750643,10534.062740702184,,
1625,0.03449580050070872,0.18783566546075117,10540.549232537593,,
1626,0.03445812345616166,0.18781925623144707,10547.035724373,,
1627,0.03442956262597518,0.18780964882952886,10553.522216208408,,
1628,0.03439388645229219,0.18780565536064203,10560.008708043815,,
1629,0.0343606790471366,0.18779773491974416,10566.495199879222,,
1630,0.03432782832618664,0.1877899352654544,10572.98169171463,,
1631,0.03427872976867705,0.18779660625725872,10579.468183550038,0.8859532461296477,0.9286905754795663
1632,0.03424202388573937,0.18778966853607248,10585.954675385447,,
1633,0.03420588012716323,0.18777633524938997,10592.441167220853,0.8868548864135539,0.9295246038365305
