barcode,label
AAACCTGAGCATCATC-1,B cells
AAACCTGAGCTAACTC-1,Mono
AAACCTGAGCTAGTGG-1,CD8 T
AAACCTGCACATTAGC-1,CL 1
AAACCTGCACTGTTAG-1,Mono
AAACCTGCATAGTAAG-1,Mono
AAACCTGCATGAACCT-1,CD8 T
AAACCTGGTAAGAGGA-1,CD8 T
AAACCTGGTAGAAGGA-1,Mono
AAACCTGGTCCAGTGC-1,CD8 T
AAACCTGGTGTCTGAT-1,CD8 T
AAACCTGGTTTGCATG-1,Mono
AAACCTGGTTTGTTTC-1,CD8 T
AAACCTGTCCGTTGCT-1,B cells
AAACCTGTCCTGTAGA-1,CD8 T
AAACCTGTCGCCAAAT-1,CL 1
AAACCTGTCGTGGACC-1,Mono
AAACCTGTCTACCAGA-1,CD8 T
AAACCTGTCTCAAGTG-1,CD8 T
AAACCTGTCTCGCTTG-1,Mono
AAACCTGTCTGCGGCA-1,CD8 T
AAACGGGAGCCTCGTG-1,DC
AAACGGGAGGTGTGGT-1,CD8 T
AAACGGGAGTACGATA-1,Mono
AAACGGGCAAGTAGTA-1,B cells
AAACGGGCACCTCGGA-1,B cells
AAACGGGCACGAAACG-1,CL 1
AAACGGGCAGTAAGAT-1,B cells
AAACGGGGTACAGTTC-1,NK
AAACGGGGTACCCAAT-1,B cells
AAACGGGGTAGCTTGT-1,CL 1
AAACGGGGTGCGCTTG-1,CL 1
AAACGGGTCAGGATCT-1,Mono
AAACGGGTCCAAAGTC-1,Mono
AAACGGGTCCCTCAGT-1,Mono
AAACGGGTCCGTTGTC-1,CD8 T
AAACGGGTCTCTGTCG-1,CD8 T
AAACGGGTCTTCTGGC-1,NK
AAAGATGAGCGCTCCA-1,CL 1
AAAGATGAGGGTTTCT-1,CD8 T
AAAGATGAGTACGATA-1,CL 1
AAAGATGAGTGCAAGC-1,Mono
AAAGATGCAAAGCAAT-1,CD8 T
AAAGATGCACCCTATC-1,CD8 T
AAAGATGCACTTAAGC-1,CL 1
AAAGATGCAGCGAACA-1,CL 1
AAAGATGCATGCCTTC-1,CD8 T
AAAGATGCATTGGTAC-1,Mono
AAAGATGGTATAATGG-1,Mono
AAAGATGGTCAGAAGC-1,CD8 T
AAAGATGGTCTTTCAT-1,CD8 T
AAAGATGGTGGTGTAG-1,B cells
AAAGATGGTGTGACCC-1,B cells
AAAGATGGTTACGACT-1,CD8 T
AAAGATGGTTGTCTTT-1,Mono
AAAGATGTCCCTAATT-1,CL 1
AAAGATGTCCGAACGC-1,CD8 T
AAAGATGTCCGCAGTG-1,CL 1
AAAGATGTCGCCAGCA-1,CL 1
AAAGATGTCGCCTGAG-1,NK
AAAGATGTCGTATCAG-1,Mono
AAAGATGTCTCGAGTA-1,CL 1
AAAGCAAAGAAACCAT-1,CD8 T
AAAGCAAAGACTAGAT-1,CD8 T
AAAGCAAAGCCCTAAT-1,CL 1
AAAGCAAAGCTAAGAT-1,Mono
AAAGCAAAGTGTCTCA-1,DC
AAAGCAACAGACGCAA-1,CD8 T
AAAGCAACAGCTTAAC-1,CD8 T
AAAGCAAGTCAATACC-1,CD8 T
AAAGCAAGTCATGCCG-1,CD8 T
AAAGCAAGTCGCGAAA-1,Mono
AAAGCAATCAGCGACC-1,B cells
AAAGCAATCCCTGACT-1,CD8 T
AAAGCAATCGAGAACG-1,Mono
AAAGCAATCTCGCATC-1,CD8 T
AAAGTAGAGAGGTAGA-1,CL 1
AAAGTAGAGAGTCTGG-1,CL 1
AAAGTAGAGCAATCTC-1,CD8 T
AAAGTAGAGCGATATA-1,CL 1
AAAGTAGAGCTACCTA-1,B cells
AAAGTAGAGGACTGGT-1,DC
AAAGTAGAGTCAAGCG-1,CL 1
AAAGTAGCAAGGGTCA-1,CD8 T
AAAGTAGCACCAACCG-1,Mono
AAAGTAGCATGTTCCC-1,CL 1
AAAGTAGGTACACCGC-1,CD8 T
AAAGTAGGTAGCCTCG-1,DC
AAAGTAGGTTAAAGTG-1,Mono
AAAGTAGTCAGTGTTG-1,CL 1
AAAGTAGTCCCACTTG-1,CD8 T
AAAGTAGTCTATCCCG-1,Mono
AAATGCCAGGCATGGT-1,CD8 T
AAATGCCAGGTCGGAT-1,Mono
AAATGCCAGTAGTGCG-1,CD8 T
AAATGCCCAACTTGAC-1,CL 1
AAATGCCCAATACGCT-1,CD8 T
AAATGCCCACCTGGTG-1,Mono
AAATGCCGTAAATGTG-1,Mono
AAATGCCGTACCTACA-1,CL 1
AAATGCCGTACTCGCG-1,Mono
AAATGCCGTCAAAGAT-1,CD8 T
AAATGCCTCAACACAC-1,Mono
AAATGCCTCACCAGGC-1,B cells
AAATGCCTCCAGAAGG-1,CD8 T
AAATGCCTCCTGCCAT-1,CD8 T
AACACGTAGAGGTTGC-1,B cells
AACACGTAGCTAGCCC-1,CD8 T
AACACGTAGGAGTACC-1,NK
AACACGTCACTCTGTC-1,CD8 T
AACACGTCATGTCGAT-1,CD8 T
AACACGTGTACATGTC-1,CD8 T
AACACGTGTACCATCA-1,Mono
AACACGTGTCTCTCTG-1,CD8 T
AACACGTGTCTGGAGA-1,CD8 T
AACACGTGTGGCCCTA-1,CL 1
AACACGTGTTACGCGC-1,CL 1
AACACGTGTTGTCTTT-1,B cells
AACACGTGTTTACTCT-1,CL 1
AACACGTTCAGCTCTC-1,CD8 T
AACACGTTCCACGACG-1,CD8 T
AACACGTTCCACTCCA-1,CL 1
AACACGTTCCATGCTC-1,CD8 T
AACACGTTCGGTCTAA-1,B cells
AACACGTTCGTTTATC-1,CL 1
AACACGTTCTCTGAGA-1,B cells
AACACGTTCTTGAGAC-1,CD8 T
AACCATGAGAAGAAGC-1,B cells
AACCATGAGACTGTAA-1,NK
AACCATGAGGTAGCTG-1,B cells
AACCATGCAAACTGTC-1,CD8 T
AACCATGCATATGAGA-1,CL 1
AACCATGCATCAGTCA-1,CD8 T
AACCATGCATCGATGT-1,DC
AACCATGGTACATGTC-1,Mono
AACCATGGTACCGTTA-1,CD8 T
AACCATGGTCTAAAGA-1,CD8 T
AACCATGGTGTCAATC-1,Mono
AACCATGTCACCTCGT-1,Mono
AACCATGTCATGGTCA-1,CD8 T
AACCATGTCGCGGATC-1,CD8 T
AACCATGTCTCGTATT-1,B cells
AACCGCGAGAGACTTA-1,B cells
AACCGCGAGAGTACCG-1,CL 1
AACCGCGAGCACGCCT-1,CL 1
AACCGCGAGCCGTCGT-1,CD8 T
AACCGCGAGGACAGCT-1,Mono
AACCGCGAGGAGTCTG-1,CD8 T
AACCGCGAGTACGCGA-1,CL 1
AACCGCGCACTGTGTA-1,Mono
AACCGCGCAGATCGGA-1,Mono
AACCGCGCAGCGATCC-1,CD8 T
AACCGCGCAGCGTTCG-1,NK
AACCGCGCAGCTGGCT-1,CL 1
AACCGCGCATAGTAAG-1,CD8 T
AACCGCGCATGCAATC-1,Mono
AACCGCGGTATATGAG-1,Mono
AACCGCGGTCCTAGCG-1,CD8 T
AACCGCGGTGTCCTCT-1,B cells
AACCGCGGTTGTGGCC-1,B cells
AACCGCGTCAGCAACT-1,CD8 T
AACCGCGTCTCATTCA-1,CD8 T
AACCGCGTCTCGCATC-1,Mono
AACGTTGAGATCGATA-1,Mono
AACGTTGAGGCCCTCA-1,CL 1
AACGTTGCAAGCTGTT-1,NK
AACGTTGCACCAGATT-1,Mono
AACGTTGCATAACCTG-1,Mono
AACGTTGGTCAAAGCG-1,B cells
AACGTTGGTTCCGGCA-1,CL 1
AACGTTGGTTTGTTTC-1,NK
AACGTTGTCCATGAAC-1,CD8 T
AACGTTGTCGAATGGG-1,DC
AACGTTGTCGCATGAT-1,NK
AACGTTGTCGTCTGCT-1,CL 1
AACGTTGTCGTGGACC-1,CL 1
AACTCAGAGAGAGCTC-1,CD8 T
AACTCAGAGCAGGCTA-1,B cells
AACTCAGAGCTAGTGG-1,CD8 T
AACTCAGCAAATCCGT-1,B cells
AACTCAGCAAGAAAGG-1,B cells
AACTCAGCACATGGGA-1,CD8 T
AACTCAGCAGACAAGC-1,CD8 T
AACTCAGCAGGGTTAG-1,NK
AACTCAGCAGTAAGAT-1,CD8 T
AACTCAGCATCGGAAG-1,CD8 T
AACTCAGGTATAGGGC-1,CD8 T
AACTCAGGTGAAAGAG-1,Mono
AACTCAGGTTACGTCA-1,CD8 T
AACTCAGGTTGGACCC-1,Mono
AACTCAGTCCTTTCTC-1,Mono
AACTCAGTCGCTTGTC-1,NK
AACTCAGTCTTGCCGT-1,CL 1
AACTCCCAGAAGGGTA-1,B cells
AACTCCCAGGTGATTA-1,Mono
AACTCCCAGTCTTGCA-1,CD8 T
AACTCCCCAATGTAAG-1,DC
AACTCCCCATAAGACA-1,Mono
AACTCCCCATGCCTAA-1,Mono
AACTCCCGTGAGGGTT-1,CD8 T
AACTCCCGTGGTCTCG-1,Mono
AACTCCCGTGTTGAGG-1,CL 1
AACTCCCGTTCATGGT-1,CD8 T
AACTCCCTCATCATTC-1,CD8 T
AACTCCCTCTGGGCCA-1,CD8 T
AACTCTTAGAAGAAGC-1,CL 1
AACTCTTAGAGTGACC-1,CD8 T
AACTCTTAGCCTATGT-1,NK
AACTCTTAGCGATTCT-1,Mono
AACTCTTAGCTGAAAT-1,CD8 T
AACTCTTCAAGCCCAC-1,Mono
AACTCTTCAAGGACTG-1,Mono
AACTCTTCAATAGCAA-1,CL 1
AACTCTTCACTATCTT-1,CD8 T
AACTCTTCAGACGCTC-1,Mono
AACTCTTCAGGAACGT-1,CD8 T
AACTCTTCAGGGTTAG-1,CD8 T
AACTCTTCATTTGCTT-1,CL 1
AACTCTTGTATATGAG-1,CD8 T
AACTCTTGTCATATGC-1,B cells
AACTCTTGTGTGCCTG-1,CD8 T
AACTCTTGTTCCATGA-1,CL 1
AACTCTTTCAATCACG-1,CL 1
AACTCTTTCGGACAAG-1,B cells
AACTCTTTCGTTACAG-1,Mono
AACTCTTTCTCATTCA-1,CD8 T
AACTGGTAGACTACAA-1,Mono
AACTGGTAGAGTACAT-1,Mono
AACTGGTAGCGATATA-1,CD8 T
AACTGGTAGTACGCCC-1,DC
AACTGGTCAGTCCTTC-1,Mono
AACTGGTCAGTGGGAT-1,CD8 T
AACTGGTGTATAAACG-1,Mono
AACTGGTTCACAAACC-1,B cells
AACTGGTTCACTTATC-1,B cells
AACTGGTTCATAAAGG-1,Mono
AACTGGTTCCGCGTTT-1,CL 1
AACTGGTTCTTCGAGA-1,Mono
AACTTTCAGAAAGTGG-1,CD8 T
AACTTTCAGAGCTGCA-1,CD8 T
AACTTTCAGCAGGTCA-1,CD8 T
AACTTTCAGCCCAATT-1,CD8 T
AACTTTCAGTAACCCT-1,Mono
AACTTTCCAAGCGCTC-1,B cells
AACTTTCCACGTGAGA-1,CL 1
AACTTTCCAGCATACT-1,CD8 T
AACTTTCCAGTCAGAG-1,B cells
AACTTTCCAGTCAGCC-1,B cells
AACTTTCCAGTGACAG-1,CL 1
AACTTTCCATCGATTG-1,B cells
AACTTTCCATTGTGCA-1,CL 1
AACTTTCGTACTCGCG-1,Mono
AACTTTCGTACTTAGC-1,CD8 T
AACTTTCGTAGAGCTG-1,CD8 T
AACTTTCGTCTTTCAT-1,CD8 T
AACTTTCGTGTCGCTG-1,CD8 T
AACTTTCGTGTGGCTC-1,CD8 T
AACTTTCTCAACACCA-1,Mono
AACTTTCTCAGAAATG-1,CL 1
AACTTTCTCAGGTAAA-1,CL 1
AACTTTCTCTCCAACC-1,CD8 T
AACTTTCTCTGGGCCA-1,CL 1
AAGACCTAGAACAATC-1,Mono
AAGACCTAGCACAGGT-1,NK
AAGACCTAGCCCAATT-1,CD8 T
AAGACCTAGGTGGGTT-1,Mono
AAGACCTAGTGGCACA-1,Mono
AAGACCTAGTGTTGAA-1,CL 1
AAGACCTCAAGCGATG-1,CD8 T
AAGACCTCACAAGACG-1,B cells
AAGACCTCACAAGTAA-1,CD8 T
AAGACCTCAGTTAACC-1,Mono
AAGACCTCATAAGACA-1,CD8 T
AAGACCTCATACAGCT-1,CD8 T
AAGACCTCATCACGTA-1,CD8 T
AAGACCTGTCCAAGTT-1,CL 1
AAGACCTGTCCATGAT-1,Mono
AAGACCTTCAACACGT-1,CL 1
AAGACCTTCACTTACT-1,CD8 T
AAGACCTTCCGCGGTA-1,CD8 T
AAGACCTTCGGTCTAA-1,Mono
AAGCCGCAGCGATAGC-1,CD8 T
AAGCCGCAGCGTTCCG-1,CL 1
AAGCCGCAGCTAAACA-1,CD8 T
AAGCCGCAGGTAGCTG-1,CD8 T
AAGCCGCAGTGTACTC-1,Mono
AAGCCGCCAAAGCAAT-1,Mono
AAGCCGCCACATGTGT-1,B cells
AAGCCGCCACTCGACG-1,CD8 T
AAGCCGCCACTGCCAG-1,B cells
AAGCCGCCAGTCGTGC-1,DC
AAGCCGCGTGAAAGAG-1,Mono
AAGCCGCGTTGATTGC-1,CD8 T
AAGCCGCTCACATAGC-1,B cells
AAGCCGCTCATCACCC-1,CL 1
AAGCCGCTCCATGCTC-1,CL 1
AAGCCGCTCCGTAGTA-1,CL 1
AAGCCGCTCGGGAGTA-1,CL 1
AAGGAGCAGATCGATA-1,CD8 T
AAGGAGCAGTACACCT-1,CL 1
AAGGAGCCAATGACCT-1,Mono
AAGGAGCGTATTAGCC-1,CD8 T
AAGGAGCGTCGAAAGC-1,CD8 T
AAGGAGCGTCTGCAAT-1,Mono
AAGGAGCGTCTTCAAG-1,CD8 T
AAGGAGCGTGTTCGAT-1,CD8 T
AAGGAGCGTGTTGAGG-1,DC
AAGGAGCTCACCGTAA-1,CD8 T
AAGGAGCTCCAAGTAC-1,CD8 T
AAGGCAGAGACAAGCC-1,Mono
AAGGCAGAGCTACCGC-1,CD8 T
AAGGCAGAGGTGCACA-1,CD8 T
AAGGCAGAGTGTCTCA-1,CD8 T
AAGGCAGCAAATTGCC-1,B cells
AAGGCAGCAACACCTA-1,CD8 T
AAGGCAGCAGTTAACC-1,B cells
AAGGCAGCATAAAGGT-1,CD8 T
AAGGCAGCATCTCCCA-1,B cells
AAGGCAGCATTCCTCG-1,CD8 T
AAGGCAGGTAAAGTCA-1,Mono
AAGGCAGGTACTCGCG-1,Mono
AAGGCAGGTAGGGTAC-1,CD8 T
AAGGCAGGTATATGGA-1,Mono
AAGGCAGGTATGAAAC-1,CL 1
AAGGCAGTCAGGCAAG-1,NK
AAGGCAGTCAGGTAAA-1,CD8 T
AAGGTTCAGCTCTCGG-1,B cells
AAGGTTCAGTGGGCTA-1,CD8 T
AAGGTTCCAAAGGAAG-1,CD8 T
AAGGTTCCAATGTAAG-1,Mono
AAGGTTCCACAGATTC-1,CD8 T
AAGGTTCCACATTTCT-1,DC
AAGGTTCGTAAGAGAG-1,Mono
AAGGTTCGTAGCGATG-1,CL 1
AAGGTTCGTGCCTGTG-1,B cells
AAGGTTCGTGGTAACG-1,NK
AAGGTTCGTGGTGTAG-1,Mono
AAGGTTCTCAGAAATG-1,CL 1
AAGGTTCTCCCTCAGT-1,CL 1
AAGGTTCTCCGATATG-1,CD8 T
AAGGTTCTCCTTAATC-1,Mono
AAGGTTCTCTGTACGA-1,CD8 T
AAGTCTGAGATGTCGG-1,CD8 T
AAGTCTGAGCTAGTTC-1,CD8 T
AAGTCTGAGGCACATG-1,DC
AAGTCTGAGGTTCCTA-1,DC
AAGTCTGAGTTGCAGG-1,CD8 T
AAGTCTGCAATCGGTT-1,CL 1
AAGTCTGCACAGGTTT-1,Mono
AAGTCTGCAGTTCATG-1,CD8 T
AAGTCTGCATCGTCGG-1,Mono
AAGTCTGCATGAAGTA-1,CD8 T
AAGTCTGGTAAGTGTA-1,Mono
AAGTCTGGTCCGAAGA-1,CL 1
AAGTCTGGTCTGATTG-1,CL 1
AAGTCTGGTGCACTTA-1,Mono
AAGTCTGGTTCCGTCT-1,CL 1
AAGTCTGGTTTGGGCC-1,Mono
AAGTCTGTCAAGATCC-1,CD8 T
AAGTCTGTCACAGTAC-1,CL 1
AAGTCTGTCCTCATTA-1,NK
AAGTCTGTCGACGGAA-1,B cells
AAGTCTGTCGCCCTTA-1,Mono
AATCCAGAGCCACGCT-1,CL 1
AATCCAGAGTGACATA-1,CL 1
AATCCAGCAAGTTCTG-1,Mono
AATCCAGCAGAGCCAA-1,DC
AATCCAGCATCTGGTA-1,CD8 T
AATCCAGGTCCCTACT-1,DC
AATCCAGTCAAACCGT-1,Mono
AATCCAGTCATGTAGC-1,CD8 T
AATCCAGTCTGCCCTA-1,Mono
AATCGGTAGACGCTTT-1,Mono
AATCGGTAGAGGTTAT-1,CL 1
AATCGGTAGCGAAGGG-1,CD8 T
AATCGGTAGGTGATTA-1,DC
AATCGGTAGGTGCTAG-1,CD8 T
AATCGGTCAAGGTGTG-1,CL 1
AATCGGTCAATCGGTT-1,CL 1
AATCGGTCAGATCTGT-1,CD8 T
AATCGGTCATCGGACC-1,DC
AATCGGTGTCAATACC-1,CD8 T
AATCGGTGTGGCAAAC-1,B cells
AATCGGTGTGGTTTCA-1,CL 1
AATCGGTGTTCGTGAT-1,B cells
AATCGGTTCCGATATG-1,B cells
AATCGGTTCTAGAGTC-1,Mono
AATCGGTTCTATCCCG-1,B cells
AATCGGTTCTCCAGGG-1,CL 1
ACACCAAAGAGCAATT-1,CD8 T
ACACCAAAGCCACGCT-1,CL 1
ACACCAAAGGAGTTGC-1,CL 1
ACACCAAAGGCTAGGT-1,CD8 T
ACACCAAAGTGCCATT-1,B cells
ACACCAAAGTGGGCTA-1,B cells
ACACCAACAAAGGTGC-1,CD8 T
ACACCAACACGACGAA-1,B cells
ACACCAACAGTCTTCC-1,CL 1
ACACCAACATTCTCAT-1,NK
ACACCAAGTACATGTC-1,CL 1
ACACCAAGTCTTTCAT-1,CD8 T
ACACCAATCAGTTCGA-1,B cells
ACACCAATCGAGCCCA-1,CL 1
ACACCAATCTGGGCCA-1,Mono
ACACCCTAGAGGTACC-1,CD8 T
ACACCCTAGATAGTCA-1,NK
ACACCCTAGATATGCA-1,Mono
ACACCCTAGATGTGGC-1,CD8 T
ACACCCTAGCCGGTAA-1,CD8 T
ACACCCTAGCGCTCCA-1,CD8 T
ACACCCTAGGATGCGT-1,CL 1
ACACCCTAGGTGCTTT-1,B cells
ACACCCTAGTGGTAGC-1,Mono
ACACCCTCAAGACACG-1,CL 1
ACACCCTCACGCCAGT-1,DC
ACACCCTCATGCCTAA-1,CL 1
ACACCCTGTAACGTTC-1,CD8 T
ACACCCTGTAAGTTCC-1,Mono
ACACCCTGTCATTAGC-1,CD8 T
ACACCCTTCCACGTTC-1,Mono
ACACCCTTCGGCCGAT-1,B cells
ACACCCTTCTCGATGA-1,Mono
ACACCCTTCTCTGAGA-1,B cells
ACACCCTTCTGTTTGT-1,CD8 T
ACACCGGAGCTCTCGG-1,CL 1
ACACCGGAGTATCGAA-1,CD8 T
ACACCGGAGTGAATTG-1,Mono
ACACCGGCATCGGGTC-1,CD8 T
ACACCGGGTCTCTTAT-1,Mono
ACACCGGTCAAGGCTT-1,CD8 T
ACACTGAAGAGATGAG-1,CD8 T
ACACTGAAGCCGATTT-1,CD8 T
ACACTGAAGGATATAC-1,B cells
ACACTGAAGGGAACGG-1,Mono
ACACTGAAGGGAGTAA-1,B cells
ACACTGAAGTGGACGT-1,CD8 T
ACACTGACAATGTAAG-1,CL 1
ACACTGACATGATCCA-1,CL 1
ACACTGAGTACTTGAC-1,CL 1
ACACTGAGTAGTGAAT-1,CL 1
ACACTGAGTCACTTCC-1,Mono
ACACTGAGTTAGGGTG-1,CD8 T
ACACTGATCACGCATA-1,CL 1
ACACTGATCATACGGT-1,Mono
ACACTGATCCATTCTA-1,CL 1
ACACTGATCCCAAGAT-1,CD8 T
ACACTGATCGGAAACG-1,B cells
ACAGCCGAGAAAGTGG-1,Mono
ACAGCCGAGTGGGCTA-1,CD8 T
ACAGCCGAGTGGTAGC-1,CD8 T
ACAGCCGAGTTTCCTT-1,CL 1
ACAGCCGCAAGGTTCT-1,CL 1
ACAGCCGCACAGGCCT-1,Mono
ACAGCCGCACTAGTAC-1,B cells
ACAGCCGCAGATCCAT-1,Mono
ACAGCCGCAGGGTATG-1,CD8 T
ACAGCCGCATCTACGA-1,DC
ACAGCCGCATGTAAGA-1,NK
ACAGCCGCATGTCGAT-1,NK
ACAGCCGCATTGTGCA-1,CL 1
ACAGCCGGTAGCGATG-1,B cells
ACAGCCGGTGCACTTA-1,CD8 T
ACAGCCGGTGGACGAT-1,B cells
ACAGCCGGTGTGACGA-1,NK
ACAGCCGGTTAAGTAG-1,CD8 T
ACAGCCGTCAGCTGGC-1,CD8 T
ACAGCCGTCATGGTCA-1,Mono
ACAGCCGTCCTTGACC-1,B cells
ACAGCCGTCGCGCCAA-1,B cells
ACAGCCGTCGTCGTTC-1,B cells
ACAGCTAAGAGCAATT-1,CL 1
ACAGCTAAGGGTTCCC-1,B cells
ACAGCTAAGGTGTGGT-1,CD8 T
ACAGCTACAACGATGG-1,B cells
ACAGCTACACACTGCG-1,CD8 T
ACAGCTACAGGTCGTC-1,CL 1
ACAGCTACATGGATGG-1,B cells
ACAGCTACATGGTCTA-1,Mono
ACAGCTAGTACCGTAT-1,CL 1
ACAGCTAGTCAGAAGC-1,B cells
ACAGCTAGTGCATCTA-1,CL 1
ACAGCTAGTGCGAAAC-1,Mono
ACAGCTATCCACTGGG-1,CD8 T
ACAGCTATCGCCAAAT-1,CL 1
ACAGCTATCGTCCGTT-1,CL 1
ACAGCTATCTAACGGT-1,CD8 T
ACAGCTATCTGTTGAG-1,CD8 T
ACATACGAGAGGTTGC-1,B cells
ACATACGAGGCTACGA-1,B cells
ACATACGAGGGTGTGT-1,CL 1
ACATACGAGTGACATA-1,CD8 T
ACATACGCAAACGTGG-1,CD8 T
ACATACGCAGTATAAG-1,B cells
ACATACGCATATGGTC-1,CL 1
ACATACGCATTAACCG-1,Mono
ACATACGGTAAGTGGC-1,B cells
ACATACGGTAGCCTCG-1,Mono
ACATACGGTGGCTCCA-1,B cells
ACATACGGTGGTACAG-1,CD8 T
ACATACGGTTCTGAAC-1,CD8 T
ACATACGTCATGTCCC-1,B cells
ACATACGTCATTTGGG-1,NK
ACATACGTCGGCATCG-1,CL 1
ACATACGTCGTTACGA-1,Mono
ACATACGTCTCATTCA-1,CD8 T
ACATACGTCTCGCTTG-1,Mono
ACATACGTCTCTTGAT-1,CD8 T
ACATACGTCTTGAGGT-1,Mono
ACATCAGAGGCCCGTT-1,NK
ACATCAGAGTCGTACT-1,Mono
ACATCAGCAATGTAAG-1,DC
ACATCAGCACAAGACG-1,Mono
ACATCAGCACATGGGA-1,Mono
ACATCAGCACATTTCT-1,CL 1
ACATCAGCACCAACCG-1,CL 1
ACATCAGCACTTAACG-1,Mono
ACATCAGCAGTATAAG-1,B cells
ACATCAGCATTTGCTT-1,CD8 T
ACATCAGGTACATCCA-1,Mono
ACATCAGGTTTCGCTC-1,CL 1
ACATCAGTCCACTGGG-1,CL 1
ACATCAGTCTGGCGTG-1,CD8 T
ACATGGTAGACTAGGC-1,NK
ACATGGTAGAGGGATA-1,B cells
ACATGGTAGAGTCGGT-1,B cells
ACATGGTAGATATGGT-1,CD8 T
ACATGGTAGCTAGTGG-1,B cells
ACATGGTAGTGGTAAT-1,CD8 T
ACATGGTAGTTAGCGG-1,NK
ACATGGTCAAGACGTG-1,Mono
ACATGGTCACATTCGA-1,CD8 T
ACATGGTCACGCATCG-1,CD8 T
ACATGGTCACTGAAGG-1,CD8 T
ACATGGTCAGCCTTGG-1,CD8 T
ACATGGTCATTCACTT-1,CL 1
ACATGGTGTAATAGCA-1,Mono
ACATGGTGTATTACCG-1,CD8 T
ACATGGTGTCATGCAT-1,CL 1
ACATGGTGTTAAGATG-1,CD8 T
ACATGGTGTTCAACCA-1,B cells
ACATGGTGTTGCGTTA-1,CD8 T
ACATGGTTCATCACCC-1,CD8 T
ACATGGTTCCACGTTC-1,CD8 T
ACATGGTTCGGCCGAT-1,CD8 T
ACATGGTTCGGTTAAC-1,CL 1
ACATGGTTCTACCTGC-1,B cells
ACCAGTAAGACCACGA-1,Mono
ACCAGTAAGACTTTCG-1,CD8 T
ACCAGTAAGCCAGGAT-1,CD8 T
ACCAGTACAACACGCC-1,CL 1
ACCAGTACAAGCGATG-1,Mono
ACCAGTACACCGATAT-1,CL 1
ACCAGTACATAAAGGT-1,CL 1
ACCAGTAGTATGAAAC-1,CD8 T
ACCAGTAGTGCTGTAT-1,Mono
ACCAGTAGTGTTAAGA-1,CD8 T
ACCAGTAGTTATCGGT-1,Mono
ACCAGTAGTTCGTTGA-1,Mono
ACCAGTAGTTGCGTTA-1,Mono
ACCAGTATCACCGGGT-1,Mono
ACCAGTATCCACTGGG-1,B cells
ACCAGTATCCTGCTTG-1,CD8 T
ACCAGTATCGCCAGCA-1,CD8 T
ACCAGTATCTCGCTTG-1,CL 1
ACCCACTAGAGTGACC-1,CD8 T
ACCCACTAGATCCCGC-1,CL 1
ACCCACTAGATCGATA-1,DC
ACCCACTAGGAACTGC-1,Mono
ACCCACTAGGATGCGT-1,CL 1
ACCCACTCAAGTTCTG-1,Mono
ACCCACTCACAGAGGT-1,CD8 T
ACCCACTCACGAAAGC-1,CL 1
ACCCACTCAGGAATGC-1,CD8 T
ACCCACTCATGCGCAC-1,B cells
ACCCACTCATGGAATA-1,B cells
ACCCACTGTATTCTCT-1,CD8 T
ACCCACTGTCGGGTCT-1,CD8 T
ACCCACTGTCTCGTTC-1,CD8 T
ACCCACTGTGGTGTAG-1,CD8 T
ACCCACTTCAATCACG-1,CD8 T
ACCCACTTCAGTCAGT-1,NK
ACCCACTTCCCTGACT-1,B cells
ACCCACTTCCTTTCTC-1,CL 1
ACCCACTTCGCCAGCA-1,Mono
ACCCACTTCGCCATAA-1,Mono
ACCGTAAAGCACCGTC-1,CD8 T
ACCGTAAAGCGTAATA-1,CD8 T
ACCGTAAAGGAGCGTT-1,Mono
ACCGTAAAGTAGTGCG-1,CL 1
ACCGTAAAGTATCTCG-1,CD8 T
ACCGTAAAGTGACTCT-1,CD8 T
ACCGTAACAAGGGTCA-1,CD8 T
ACCGTAACAGACAAGC-1,CD8 T
ACCGTAACAGACTCGC-1,Mono
ACCGTAACAGCTCGAC-1,Mono
ACCGTAACAGGGAGAG-1,CD8 T
ACCGTAAGTATAGTAG-1,DC
ACCGTAAGTATTACCG-1,B cells
ACCGTAAGTCTAGCCG-1,CL 1
ACCGTAAGTTATCGGT-1,CD8 T
ACCGTAAGTTGGTTTG-1,Mono
ACCGTAATCACAATGC-1,CL 1
ACCGTAATCCCTAATT-1,CD8 T
ACCGTAATCCTAGTGA-1,CL 1
ACCTTTAAGACTTGAA-1,CD8 T
ACCTTTAAGCGCTCCA-1,CL 1
ACCTTTAAGTACGTAA-1,Mono
ACCTTTACACTGTGTA-1,B cells
ACCTTTACAGTTCATG-1,B cells
ACCTTTACATGTCCTC-1,Mono
ACCTTTACATTGTGCA-1,CL 1
ACCTTTAGTATAGGTA-1,CL 1
ACCTTTAGTCACCCAG-1,CL 1
ACCTTTAGTCGGATCC-1,CL 1
ACCTTTAGTCTTCTCG-1,CL 1
ACCTTTAGTGGTGTAG-1,B cells
ACCTTTAGTGTAACGG-1,CD8 T
ACCTTTAGTGTGGCTC-1,CL 1
ACCTTTAGTTCAGGCC-1,Mono
ACCTTTAGTTGTCGCG-1,Mono
ACCTTTAGTTTAAGCC-1,CL 1
ACCTTTATCAAGGTAA-1,B cells
ACCTTTATCAGGTAAA-1,CD8 T
ACCTTTATCCAAGCCG-1,B cells
ACGAGCCAGAGGTTGC-1,CL 1
ACGAGCCAGCTGGAAC-1,CL 1
ACGAGCCCAACTGCGC-1,CD8 T
ACGAGCCCACGGTGTC-1,CD8 T
ACGAGCCCAGCTTAAC-1,Mono
ACGAGCCCAGGCTCAC-1,CD8 T
ACGAGCCCAGGTCTCG-1,B cells
ACGAGCCCAGGTGCCT-1,B cells
ACGAGCCCATCAGTCA-1,CD8 T
ACGAGCCGTAGAGTGC-1,CL 1
ACGAGCCGTGCAGACA-1,Mono
ACGAGCCGTGCCTTGG-1,CD8 T
ACGAGCCTCAATCTCT-1,CD8 T
ACGAGCCTCTAACGGT-1,CD8 T
ACGAGCCTCTTGTTTG-1,CD8 T
ACGAGGAAGTCGTTTG-1,Mono
ACGAGGAAGTGCAAGC-1,B cells
ACGAGGAAGTGGAGAA-1,CD8 T
ACGAGGACAATCTACG-1,CD8 T
ACGAGGACAGCCAATT-1,CD8 T
ACGAGGACAGGGAGAG-1,CD8 T
ACGAGGAGTGCTAGCC-1,DC
ACGAGGAGTGGCCCTA-1,B cells
ACGAGGAGTTCAGACT-1,NK
ACGAGGAGTTCCACGG-1,CD8 T
ACGAGGATCAACCAAC-1,CL 1
ACGAGGATCGAATCCA-1,B cells
ACGATACAGATCTGCT-1,CL 1
ACGATACAGCCACCTG-1,CL 1
ACGATACAGCTACCTA-1,Mono
ACGATACAGCTCTCGG-1,B cells
ACGATACAGCTGTTCA-1,CD8 T
ACGATACAGGCGCTCT-1,Mono
ACGATACCAACTGGCC-1,Mono
ACGATACCACGGACAA-1,CD8 T
ACGATACCACTCGACG-1,CD8 T
ACGATACGTCTACCTC-1,B cells
ACGATACGTTCACCTC-1,B cells
ACGATACTCAGCAACT-1,Mono
ACGATACTCATATCGG-1,CL 1
ACGATACTCCCTTGTG-1,B cells
ACGATACTCCTACAGA-1,Mono
ACGATACTCGCTTAGA-1,CL 1
ACGATACTCGGACAAG-1,Mono
ACGATACTCGGATGTT-1,Mono
ACGATGTAGCAGACTG-1,Mono
ACGATGTAGCGATTCT-1,B cells
ACGATGTAGGATATAC-1,CL 1
ACGATGTAGGCGACAT-1,CD8 T
ACGATGTAGGGCATGT-1,Mono
ACGATGTAGGGTTTCT-1,DC
ACGATGTAGTGCTGCC-1,CD8 T
ACGATGTCAAACTGTC-1,CL 1
ACGATGTCAAGACACG-1,CL 1
ACGATGTCAATCCAAC-1,CD8 T
ACGATGTCACAGCCCA-1,Mono
ACGATGTCACCAGGTC-1,CL 1
ACGATGTCAGACACTT-1,NK
ACGATGTCAGTCAGAG-1,Mono
ACGATGTCAGTCTTCC-1,B cells
ACGATGTGTCAGTGGA-1,NK
ACGATGTGTCGCATAT-1,CL 1
ACGATGTGTCTGATTG-1,Mono
ACGATGTGTTACAGAA-1,CL 1
ACGATGTTCAAGGCTT-1,Mono
ACGATGTTCCATGAAC-1,Mono
ACGATGTTCTCTTATG-1,NK
ACGCAGCAGACGCACA-1,Mono
ACGCAGCAGAGTGAGA-1,CD8 T
ACGCAGCCAACACCTA-1,Mono
ACGCAGCCACAACGTT-1,Mono
ACGCAGCCACGACTCG-1,CD8 T
ACGCAGCCATGGGACA-1,CD8 T
ACGCAGCGTAAACCTC-1,CL 1
ACGCAGCGTCATGCCG-1,CL 1
ACGCAGCGTCTACCTC-1,CD8 T
ACGCAGCGTCTAGTCA-1,CL 1
ACGCAGCGTGTGACCC-1,CD8 T
ACGCAGCGTTAAAGAC-1,B cells
ACGCAGCGTTCAACCA-1,CD8 T
ACGCAGCTCACGACTA-1,Mono
ACGCAGCTCCATGCTC-1,CL 1
ACGCAGCTCCCAAGTA-1,B cells
ACGCAGCTCGGCTACG-1,Mono
ACGCAGCTCTAACCGA-1,CD8 T
ACGCAGCTCTACTCAT-1,B cells
ACGCCAGAGAACTCGG-1,DC
ACGCCAGAGAAGATTC-1,CL 1
ACGCCAGAGAGGTACC-1,CD8 T
ACGCCAGAGGAGTCTG-1,CD8 T
ACGCCAGAGGCCCTTG-1,DC
ACGCCAGAGGGAGTAA-1,CD8 T
ACGCCAGAGGGTGTTG-1,NK
ACGCCAGCAAAGAATC-1,Mono
ACGCCAGCACATAACC-1,Mono
ACGCCAGCACCAGGCT-1,Mono
ACGCCAGCACTACAGT-1,Mono
ACGCCAGCATGCCTAA-1,CL 1
ACGCCAGGTACAGCAG-1,CD8 T
ACGCCAGGTACATGTC-1,CL 1
ACGCCAGGTACCGGCT-1,CL 1
ACGCCAGGTAGAAAGG-1,Mono
ACGCCAGGTAGGGTAC-1,Mono
ACGCCAGGTGCGATAG-1,CD8 T
ACGCCAGGTGGTAACG-1,CD8 T
ACGCCAGGTTATCGGT-1,B cells
ACGCCAGTCAGGTTCA-1,CL 1
ACGCCAGTCGCATGAT-1,B cells
ACGCCAGTCTACCTGC-1,CD8 T
ACGCCGAAGCTGAACG-1,CL 1
ACGCCGAAGTTTGCGT-1,CL 1
ACGCCGACAAGAAAGG-1,CD8 T
ACGCCGACAAGACACG-1,CL 1
ACGCCGACACAGGCCT-1,Mono
ACGCCGACACCACCAG-1,CD8 T
ACGCCGACAGACAGGT-1,CL 1
ACGCCGACAGGGTATG-1,CD8 T
ACGCCGACATCTATGG-1,CD8 T
ACGCCGACATTGGCGC-1,Mono
ACGCCGACATTGGGCC-1,Mono
ACGCCGAGTCATCCCT-1,B cells
ACGCCGAGTGTCTGAT-1,CD8 T
ACGCCGATCACATAGC-1,Mono
ACGCCGATCAGCAACT-1,B cells
ACGCCGATCCACGTTC-1,B cells
ACGCCGATCCCATTAT-1,CD8 T
ACGCCGATCTCCCTGA-1,CD8 T
ACGGAGAAGAAACGCC-1,CD8 T
ACGGAGAAGCAGGCTA-1,Mono
ACGGAGAAGCCCAACC-1,CD8 T
ACGGAGAAGGTAGCTG-1,Mono
ACGGAGAAGTAATCCC-1,Mono
ACGGAGAAGTCCATAC-1,Mono
ACGGAGAAGTCTTGCA-1,Mono
ACGGAGAAGTGTTTGC-1,B cells
ACGGAGACAATCAGAA-1,CD8 T
ACGGAGACAATCCAAC-1,Mono
ACGGAGACACCACCAG-1,Mono
ACGGAGACAGGGTATG-1,B cells
ACGGAGACAGTAAGCG-1,Mono
ACGGAGACATTATCTC-1,CD8 T
ACGGAGAGTAGGACAC-1,Mono
ACGGAGAGTCAGAATA-1,CL 1
ACGGAGAGTGATGATA-1,B cells
ACGGAGAGTGGCTCCA-1,B cells
ACGGAGAGTTCGTGAT-1,CD8 T
ACGGAGAGTTGGAGGT-1,CD8 T
ACGGAGAGTTTAAGCC-1,Mono
ACGGAGAGTTTCGCTC-1,Mono
ACGGAGATCACGGTTA-1,Mono
ACGGAGATCAGCGATT-1,CL 1
ACGGAGATCATCGCTC-1,Mono
ACGGAGATCCTCGCAT-1,B cells
ACGGAGATCGCGTAGC-1,CD8 T
ACGGAGATCGGACAAG-1,CD8 T
ACGGCCAAGATATACG-1,CD8 T
ACGGCCAAGCGTTCCG-1,B cells
ACGGCCAAGGATGGAA-1,Mono
ACGGCCAAGGCCATAG-1,B cells
ACGGCCAAGGCCGAAT-1,CL 1
ACGGCCAAGGTACTCT-1,CD8 T
ACGGCCAAGTACATGA-1,Mono
ACGGCCACAACGCACC-1,CD8 T
ACGGCCACAAGTTAAG-1,DC
ACGGCCACAATCTGCA-1,CD8 T
ACGGCCACACACAGAG-1,CD8 T
ACGGCCACACGAGGTA-1,Mono
ACGGCCACAGGGTTAG-1,Mono
ACGGCCAGTCTGGAGA-1,CD8 T
ACGGCCAGTTCAACCA-1,CD8 T
ACGGCCATCACTTATC-1,CL 1
ACGGCCATCTTCATGT-1,B cells
ACGGCCATCTTTACAC-1,CD8 T
ACGGGCTAGAATGTGT-1,Mono
ACGGGCTAGCGCCTTG-1,Mono
ACGGGCTAGCGCTTAT-1,DC
ACGGGCTAGGAGCGAG-1,CD8 T
ACGGGCTAGGTGTTAA-1,CD8 T
ACGGGCTAGTGGAGTC-1,CD8 T
ACGGGCTCAAACCCAT-1,CD8 T
ACGGGCTCAAGGCTCC-1,CL 1
ACGGGCTCAATAGCGG-1,CD8 T
ACGGGCTCACACTGCG-1,B cells
ACGGGCTCACATGGGA-1,CD8 T
ACGGGCTCACCAGCAC-1,B cells
ACGGGCTCAGTCAGAG-1,NK
ACGGGCTCAGTCGATT-1,CL 1
ACGGGCTCATTACGAC-1,Mono
ACGGGCTGTAAACGCG-1,B cells
ACGGGCTGTAGTACCT-1,CD8 T
ACGGGCTGTATGGTTC-1,CL 1
ACGGGCTTCATTATCC-1,CD8 T
ACGGGCTTCCAGTATG-1,Mono
ACGGGCTTCCGGCACA-1,Mono
ACGGGCTTCCTCATTA-1,CL 1
ACGGGCTTCTTTACGT-1,B cells
ACGGGTCAGATCGATA-1,Mono
ACGGGTCAGCAATATG-1,Mono
ACGGGTCAGGGAGTAA-1,CL 1
ACGGGTCAGTGTACCT-1,CD8 T
ACGGGTCAGTGTTTGC-1,CL 1
ACGGGTCGTCACCCAG-1,NK
ACGGGTCGTGTTCGAT-1,CL 1
ACGGGTCGTGTTGGGA-1,CL 1
ACGGGTCGTTCACGGC-1,B cells
ACGGGTCGTTCAGCGC-1,CD8 T
ACGGGTCTCTGAGGGA-1,CD8 T
ACGGGTCTCTTTAGGG-1,Mono
ACGTCAAAGATGCGAC-1,B cells
ACGTCAAAGCACACAG-1,CL 1
ACGTCAAAGTCCGTAT-1,B cells
ACGTCAAAGTTATCGC-1,CD8 T
ACGTCAACAAATTGCC-1,Mono
ACGTCAACAAGTCATC-1,Mono
ACGTCAACAAGTTCTG-1,CD8 T
ACGTCAACAATCGAAA-1,Mono
ACGTCAACACGTGAGA-1,CD8 T
ACGTCAACATAGGATA-1,Mono
ACGTCAACATTACGAC-1,NK
ACGTCAAGTATCTGCA-1,Mono
ACGTCAAGTCGACTGC-1,Mono
ACGTCAAGTGGAAAGA-1,B cells
ACGTCAAGTTAAAGTG-1,Mono
ACGTCAAGTTAAGAAC-1,CD8 T
ACGTCAATCCATGAAC-1,B cells
ACGTCAATCCCGGATG-1,DC
ACGTCAATCGCGGATC-1,CD8 T
ACGTCAATCGGTTAAC-1,CD8 T
ACTATCTAGACTAAGT-1,CD8 T
ACTATCTAGATGGGTC-1,Mono
ACTATCTAGCTCCCAG-1,CL 1
ACTATCTAGCTGCAAG-1,NK
ACTATCTAGGAATTAC-1,B cells
ACTATCTCAGCCTTTC-1,DC
ACTATCTCAGTCAGAG-1,CD8 T
ACTATCTCATCTATGG-1,CD8 T
ACTATCTCATGACGGA-1,CD8 T
ACTATCTGTACTCAAC-1,Mono
ACTATCTGTGGTCCGT-1,CD8 T
ACTATCTGTGTCAATC-1,CD8 T
ACTATCTGTGTTTGGT-1,Mono
ACTATCTGTTACGGAG-1,B cells
ACTATCTGTTATGCGT-1,CD8 T
ACTATCTTCAGATAAG-1,Mono
ACTATCTTCGCAGGCT-1,Mono
ACTGAACAGAAGCCCA-1,CL 1
ACTGAACAGACCTAGG-1,CD8 T
ACTGAACAGACGCACA-1,CD8 T
ACTGAACAGGGTGTGT-1,B cells
ACTGAACCAACTGGCC-1,CD8 T
ACTGAACCACAGATTC-1,Mono
ACTGAACCACGAGGTA-1,CD8 T
ACTGAACCACTATCTT-1,CD8 T
ACTGAACGTCCAGTAT-1,CL 1
ACTGAACTCCACTGGG-1,Mono
ACTGAACTCCGAACGC-1,CD8 T
ACTGAGTAGAGACGAA-1,CD8 T
ACTGAGTAGGCATTGG-1,CL 1
ACTGAGTAGTATCGAA-1,Mono
ACTGAGTCAACACCTA-1,DC
ACTGAGTCACCTCGGA-1,CD8 T
ACTGAGTCAGCTGTTA-1,B cells
ACTGAGTGTAAGCACG-1,CD8 T
ACTGAGTGTACAGCAG-1,CD8 T
ACTGAGTGTACCGTTA-1,CD8 T
ACTGAGTGTCAAACTC-1,CD8 T
ACTGAGTGTCAGTGGA-1,CL 1
ACTGAGTGTGACCAAG-1,B cells
ACTGAGTGTGTATGGG-1,B cells
ACTGAGTGTGTGGCTC-1,CD8 T
ACTGAGTGTTACTGAC-1,NK
ACTGATGAGAAGAAGC-1,CL 1
ACTGATGAGATCCGAG-1,CL 1
ACTGATGAGCCCAACC-1,CL 1
ACTGATGAGCTAGTCT-1,CD8 T
ACTGATGAGGAGTCTG-1,B cells
ACTGATGAGTGCCATT-1,CL 1
ACTGATGAGTTAAGTG-1,CD8 T
ACTGATGCAAACGCGA-1,CL 1
ACTGATGCAACTGGCC-1,B cells
ACTGATGCACACCGAC-1,CD8 T
ACTGATGCACTGAAGG-1,CD8 T
ACTGATGCACTGTGTA-1,CD8 T
ACTGATGCAGTCCTTC-1,Mono
ACTGATGCAGTGACAG-1,B cells
ACTGATGCATCGGGTC-1,Mono
ACTGATGGTACGAAAT-1,DC
ACTGATGGTCTTGTCC-1,CL 1
ACTGATGTCACATGCA-1,Mono
ACTGATGTCCGTTGTC-1,CD8 T
ACTGATGTCGCCATAA-1,Mono
ACTGATGTCGTCCAGG-1,CD8 T
ACTGATGTCTTGCATT-1,CD8 T
ACTGCTCAGAAACCAT-1,Mono
ACTGCTCAGACAGAGA-1,CD8 T
ACTGCTCAGAGTACCG-1,Mono
ACTGCTCAGTGAACAT-1,CL 1
ACTGCTCCAAGCTGAG-1,CD8 T
ACTGCTCCAAGGTGTG-1,CD8 T
ACTGCTCCAGTATCTG-1,CD8 T
ACTGCTCCATTCTCAT-1,CL 1
ACTGCTCGTACTCAAC-1,Mono
ACTGCTCGTCGGCATC-1,CL 1
ACTGCTCGTCTCTTAT-1,CL 1
ACTGCTCGTGTGACCC-1,CL 1
ACTGCTCGTGTTTGTG-1,CD8 T
ACTGCTCGTTCTGTTT-1,Mono
ACTGCTCTCCCGACTT-1,Mono
ACTGCTCTCCCTAATT-1,Mono
ACTGCTCTCGAATGGG-1,CL 1
ACTGCTCTCGGATGGA-1,CD8 T
ACTGCTCTCGGTTAAC-1,Mono
ACTGCTCTCGTCGTTC-1,B cells
ACTGCTCTCTGCGACG-1,CL 1
ACTGCTCTCTTGCCGT-1,CD8 T
ACTGTCCAGATGGGTC-1,CD8 T
ACTGTCCAGATGTTAG-1,CD8 T
ACTGTCCAGCACGCCT-1,CD8 T
ACTGTCCAGCAGACTG-1,Mono
ACTGTCCAGCGCCTTG-1,CL 1
ACTGTCCAGCGCTTAT-1,CD8 T
ACTGTCCAGCGTTGCC-1,Mono
ACTGTCCAGTGTTGAA-1,B cells
ACTGTCCCATAAGACA-1,B cells
ACTGTCCGTACGAAAT-1,CL 1
ACTGTCCGTCAGTGGA-1,Mono
ACTGTCCGTTCGGCAC-1,CD8 T
ACTGTCCTCAAGGTAA-1,CL 1
ACTGTCCTCATAAAGG-1,Mono
ACTGTCCTCATCGCTC-1,Mono
ACTGTCCTCGGATGGA-1,CL 1
ACTGTCCTCTAGAGTC-1,CD8 T
ACTTACTAGAGTAAGG-1,Mono
ACTTACTAGCCGGTAA-1,CD8 T
ACTTACTAGGATCGCA-1,NK
ACTTACTAGGCATGTG-1,Mono
ACTTACTAGTACTTGC-1,Mono
ACTTACTCAAGTAATG-1,Mono
ACTTACTCAATCAGAA-1,Mono
ACTTACTCACACCGCA-1,Mono
ACTTACTCATCATCCC-1,Mono
ACTTACTGTACTTGAC-1,CD8 T
ACTTACTGTCCCTACT-1,CD8 T
ACTTACTGTCGTTGTA-1,CD8 T
ACTTACTGTGACGCCT-1,CL 1
ACTTACTGTGAGCGAT-1,B cells
ACTTACTGTTAAGGGC-1,CD8 T
ACTTACTGTTCTGAAC-1,CL 1
ACTTACTTCAGAGGTG-1,B cells
ACTTACTTCCCACTTG-1,DC
ACTTACTTCCTTAATC-1,CD8 T
ACTTACTTCGCCCTTA-1,CD8 T
ACTTACTTCGTTGACA-1,B cells
ACTTACTTCTGGTTCC-1,CL 1
ACTTGTTAGACTTGAA-1,Mono
ACTTGTTAGAGACTAT-1,NK
ACTTGTTAGCAGACTG-1,Mono
ACTTGTTAGGATCGCA-1,NK
ACTTGTTAGGATTCGG-1,Mono
ACTTGTTAGTTAGGTA-1,Mono
ACTTGTTCACCAGATT-1,CD8 T
ACTTGTTCACCATCCT-1,B cells
ACTTGTTCAGACTCGC-1,CL 1
ACTTGTTCAGGACGTA-1,B cells
ACTTGTTCATATACGC-1,CL 1
ACTTGTTCATCCTTGC-1,Mono
ACTTGTTCATTGGTAC-1,CD8 T
ACTTGTTGTCCCGACA-1,Mono
ACTTGTTGTGCACCAC-1,CL 1
ACTTGTTGTGCTGTAT-1,CL 1
ACTTGTTGTGTTAAGA-1,CD8 T
ACTTGTTGTTGCTCCT-1,DC
ACTTGTTGTTTGGGCC-1,Mono
ACTTGTTTCCCTGACT-1,CL 1
ACTTGTTTCCTCAACC-1,B cells
ACTTGTTTCTCCAACC-1,CD8 T
ACTTGTTTCTCTTATG-1,Mono
ACTTGTTTCTGGTGTA-1,CD8 T
ACTTGTTTCTTCGGTC-1,Mono
ACTTTCAAGCACCGTC-1,B cells
ACTTTCAAGCCCAACC-1,B cells
ACTTTCACACGTAAGG-1,CD8 T
ACTTTCACACGTCAGC-1,CL 1
ACTTTCACACTGAAGG-1,CD8 T
ACTTTCACAGACTCGC-1,B cells
ACTTTCACAGGTTTCA-1,CL 1
ACTTTCACATCACAAC-1,CL 1
ACTTTCAGTCATGCCG-1,B cells
ACTTTCAGTCGCCATG-1,CD8 T
ACTTTCATCAATCTCT-1,Mono
ACTTTCATCACTCTTA-1,CD8 T
ACTTTCATCACTGGGC-1,CD8 T
ACTTTCATCGAGGTAG-1,CD8 T
ACTTTCATCTTCGGTC-1,Mono
AGAATAGAGAGTAATC-1,DC
AGAATAGAGCTGCAAG-1,CD8 T
AGAATAGAGGAGTTGC-1,Mono
AGAATAGAGGCTATCT-1,CD8 T
AGAATAGAGTCTTGCA-1,CD8 T
AGAATAGCAATGTAAG-1,NK
AGAATAGCAATTCCTT-1,NK
AGAATAGCACACCGAC-1,CD8 T
AGAATAGCAGATGGCA-1,CL 1
AGAATAGCAGTTAACC-1,Mono
AGAATAGCATTCTTAC-1,CL 1
AGAATAGGTAGCAAAT-1,DC
AGAATAGGTGCCTTGG-1,CL 1
AGAATAGGTTCAACCA-1,CD8 T
AGAATAGTCAACCAAC-1,CD8 T
AGAATAGTCACCACCT-1,CL 1
AGAATAGTCCACTGGG-1,Mono
AGAATAGTCGTGGGAA-1,DC
AGAATAGTCTGGTTCC-1,CL 1
AGACGTTAGCGATTCT-1,CD8 T
AGACGTTAGGCTAGAC-1,Mono
AGACGTTAGTGAAGTT-1,CL 1
AGACGTTAGTGCAAGC-1,CL 1
AGACGTTAGTGTACCT-1,B cells
AGACGTTCAAAGGTGC-1,CL 1
AGACGTTCACGCCAGT-1,CD8 T
AGACGTTCACTACAGT-1,CD8 T
AGACGTTCAGGATCGA-1,CD8 T
AGACGTTGTAAGTAGT-1,CD8 T
AGACGTTGTAAGTGGC-1,Mono
AGACGTTGTACTTAGC-1,Mono
AGACGTTGTCCCTACT-1,CD8 T
AGACGTTGTTGAGGTG-1,CD8 T
AGACGTTTCAGTGTTG-1,B cells
AGACGTTTCCAAATGC-1,CL 1
AGACGTTTCGGTCCGA-1,Mono
AGACGTTTCGTCCGTT-1,CD8 T
AGAGCGAAGCTGTCTA-1,Mono
AGAGCGAAGGATGGTC-1,Mono
AGAGCGAAGTGAACGC-1,CD8 T
AGAGCGAAGTTGAGTA-1,CL 1
AGAGCGACATATACGC-1,B cells
AGAGCGACATGTTCCC-1,B cells
AGAGCGAGTCCATGAT-1,DC
AGAGCGAGTCTGCCAG-1,CD8 T
AGAGCGATCACTCTTA-1,CL 1
AGAGCGATCAGGCCCA-1,Mono
AGAGCTTAGAACAATC-1,B cells
AGAGCTTAGCAGGTCA-1,CD8 T
AGAGCTTAGCTGTCTA-1,CD8 T
AGAGCTTAGCTTCGCG-1,CD8 T
AGAGCTTAGGATATAC-1,CD8 T
AGAGCTTAGGCTACGA-1,NK
AGAGCTTCAAGGTTCT-1,CD8 T
AGAGCTTCACATTAGC-1,DC
AGAGCTTCACCAGATT-1,DC
AGAGCTTCACGGTGTC-1,CD8 T
AGAGCTTCAGATCGGA-1,CD8 T
AGAGCTTCATGGTCTA-1,Mono
AGAGCTTCATGTCTCC-1,CD8 T
AGAGCTTGTCGACTGC-1,CL 1
AGAGCTTGTGCACGAA-1,DC
AGAGCTTGTGCTAGCC-1,CD8 T
AGAGCTTGTTATCACG-1,CD8 T
AGAGCTTGTTCGCTAA-1,Mono
AGAGCTTTCAGAGACG-1,B cells
AGAGCTTTCATGTAGC-1,Mono
AGAGCTTTCCAAACTG-1,CD8 T
AGAGCTTTCCTTTACA-1,CD8 T
AGAGCTTTCGTACCGG-1,Mono
AGAGCTTTCGTTACGA-1,CL 1
AGAGCTTTCTAACTGG-1,DC
AGAGCTTTCTAGCACA-1,CL 1
AGAGCTTTCTATCCTA-1,Mono
AGAGCTTTCTGGAGCC-1,B cells
AGAGTGGAGGACTGGT-1,CD8 T
AGAGTGGCAAGCCCAC-1,CD8 T
AGAGTGGCACTCTGTC-1,DC
AGAGTGGCAGAGTGTG-1,CD8 T
AGAGTGGCAGGATCGA-1,B cells
AGAGTGGCAGGGTTAG-1,CD8 T
AGAGTGGCAGGTGCCT-1,CD8 T
AGAGTGGCAGGTGGAT-1,Mono
AGAGTGGCATGTAAGA-1,CL 1
AGAGTGGCATGTAGTC-1,CL 1
AGAGTGGGTACCGCTG-1,B cells
AGAGTGGGTACTCTCC-1,CD8 T
AGAGTGGGTCAGATAA-1,NK
AGAGTGGGTCCGACGT-1,Mono
AGAGTGGGTGCAACTT-1,Mono
AGAGTGGGTTCTGGTA-1,CD8 T
AGAGTGGGTTTACTCT-1,CD8 T
AGAGTGGTCAGTTTGG-1,CL 1
AGAGTGGTCATCGATG-1,CD8 T
AGAGTGGTCGGAGCAA-1,DC
AGAGTGGTCTGGTATG-1,CL 1
AGAGTGGTCTTGACGA-1,CD8 T
AGAGTGGTCTTGTACT-1,Mono
AGATCTGAGCTGAACG-1,DC
AGATCTGAGGTACTCT-1,B cells
AGATCTGCAACTGCTA-1,Mono
AGATCTGCACCAGCAC-1,DC
AGATCTGCACCTGGTG-1,Mono
AGATCTGCAGGGATTG-1,CD8 T
AGATCTGGTAGCCTCG-1,CL 1
AGATCTGGTGCCTGGT-1,CL 1
AGATCTGGTGTGCGTC-1,B cells
AGATCTGGTTAAAGAC-1,CD8 T
AGATCTGTCAACCATG-1,B cells
AGATCTGTCACCCTCA-1,Mono
AGATCTGTCTTTCCTC-1,CL 1
AGATTGCAGGATTCGG-1,CD8 T
AGATTGCCAATGAAAC-1,CD8 T
AGATTGCCACCCATTC-1,B cells
AGATTGCCACGGATAG-1,CL 1
AGATTGCCACTTAACG-1,B cells
AGATTGCCAGTAGAGC-1,CL 1
AGATTGCCATCGACGC-1,Mono
AGATTGCCATGTTCCC-1,Mono
AGATTGCGTATTAGCC-1,CL 1
AGATTGCGTCAGGACA-1,CD8 T
AGATTGCGTGATAAAC-1,CD8 T
AGATTGCGTTGCCTCT-1,CL 1
AGATTGCTCACCACCT-1,CD8 T
AGATTGCTCAGGTAAA-1,CD8 T
AGATTGCTCAGTTGAC-1,CD8 T
AGATTGCTCCTACAGA-1,B cells
AGATTGCTCCTTTACA-1,CD8 T
AGATTGCTCTGGTTCC-1,CL 1
AGATTGCTCTTCGAGA-1,NK
AGCAGCCAGAGAACAG-1,CD8 T
AGCAGCCAGAGCTTCT-1,CL 1
AGCAGCCAGTGTGAAT-1,Mono
AGCAGCCCAAGTCTGT-1,CL 1
AGCAGCCCACCCATGG-1,B cells
AGCAGCCCACGGTAAG-1,Mono
AGCAGCCCACTTAAGC-1,Mono
AGCAGCCCAGTCTTCC-1,B cells
AGCAGCCGTAACGCGA-1,NK
AGCAGCCGTAGGACAC-1,CL 1
AGCAGCCGTCTAAAGA-1,CD8 T
AGCAGCCGTTATCCGA-1,CD8 T
AGCAGCCGTTTGGCGC-1,B cells
AGCAGCCTCACCATAG-1,B cells
AGCAGCCTCCATGAGT-1,CL 1
AGCAGCCTCCCACTTG-1,Mono
AGCAGCCTCCTGTACC-1,CL 1
AGCAGCCTCGGAAATA-1,CL 1
AGCAGCCTCGTGGTCG-1,CD8 T
AGCATACAGACACTAA-1,B cells
AGCATACAGCCTTGAT-1,CL 1
AGCATACAGGCTACGA-1,Mono
AGCATACAGGGAGTAA-1,CD8 T
AGCATACAGGGTTTCT-1,Mono
AGCATACAGGTGCACA-1,CD8 T
AGCATACAGTGCGATG-1,Mono
AGCATACAGTGGAGTC-1,CD8 T
AGCATACCAAAGCAAT-1,Mono
AGCATACCAATGACCT-1,Mono
AGCATACCAGGTCGTC-1,Mono
AGCATACCATGACGGA-1,Mono
AGCATACCATGCTGGC-1,DC
AGCATACGTCGCTTTC-1,Mono
AGCATACGTGAGTGAC-1,CD8 T
AGCATACTCACGCGGT-1,B cells
AGCATACTCCATTCTA-1,B cells
AGCATACTCGCTGATA-1,CL 1
AGCATACTCTACTCAT-1,B cells
AGCCTAAAGAGATGAG-1,CD8 T
AGCCTAAAGATAGTCA-1,CD8 T
AGCCTAAAGATTACCC-1,Mono
AGCCTAAAGCAATCTC-1,B cells
AGCCTAAAGCTGTCTA-1,CL 1
AGCCTAAAGGCGATAC-1,CL 1
AGCCTAAAGTAGCCGA-1,NK
AGCCTAAAGTCGATAA-1,Mono
AGCCTAAAGTGAATTG-1,Mono
AGCCTAACAATCAGAA-1,CD8 T
AGCCTAACACAGATTC-1,CL 1
AGCCTAACACATCCGG-1,CD8 T
AGCCTAACACTATCTT-1,CL 1
AGCCTAAGTAAGGGAA-1,CD8 T
AGCCTAAGTATATGAG-1,Mono
AGCCTAAGTCTAAAGA-1,Mono
AGCCTAAGTGCTCTTC-1,Mono
AGCCTAATCACATGCA-1,Mono
AGCCTAATCATGCTCC-1,CD8 T
AGCCTAATCCCGGATG-1,B cells
AGCGGTCAGAAGGTGA-1,CD8 T
AGCGGTCAGAGCTGGT-1,B cells
AGCGGTCAGCTGGAAC-1,CD8 T
AGCGGTCCAATGTAAG-1,Mono
AGCGGTCCACAGTCGC-1,CD8 T
AGCGGTCCACCAGGCT-1,CD8 T
AGCGGTCCACCATCCT-1,CD8 T
AGCGGTCCAGTGGAGT-1,Mono
AGCGGTCCATACTCTT-1,Mono
AGCGGTCCATATGCTG-1,Mono
AGCGGTCCATGTCTCC-1,CD8 T
AGCGGTCGTATTAGCC-1,CL 1
AGCGGTCGTCCTAGCG-1,CD8 T
AGCGGTCGTGGCCCTA-1,NK
AGCGGTCGTGGGTCAA-1,Mono
AGCGGTCGTGGTCTCG-1,CD8 T
AGCGGTCGTGGTGTAG-1,Mono
AGCGGTCGTTTGACTG-1,CD8 T
AGCGGTCTCCGAGCCA-1,CL 1
AGCGGTCTCGTGGGAA-1,Mono
AGCGTATAGAAACGAG-1,Mono
AGCGTATAGACCGGAT-1,Mono
AGCGTATAGATAGGAG-1,CD8 T
AGCGTATAGGCAGGTT-1,CD8 T
AGCGTATAGTACGCCC-1,Mono
AGCGTATAGTTTAGGA-1,Mono
AGCGTATCACAAGACG-1,Mono
AGCGTATCACAGACTT-1,Mono
AGCGTATCACATAACC-1,CD8 T
AGCGTATCACCTCGGA-1,CL 1
AGCGTATCACGTGAGA-1,CD8 T
AGCGTATCAGTGAGTG-1,CD8 T
AGCGTATGTACCGTAT-1,Mono
AGCGTATGTGGTAACG-1,CL 1
AGCGTATTCAGCTTAG-1,B cells
AGCGTATTCCCAACGG-1,CD8 T
AGCGTATTCCTTGACC-1,Mono
AGCGTATTCGCGCCAA-1,B cells
AGCGTATTCTCACATT-1,CD8 T
AGCGTCGAGATGTAAC-1,DC
AGCGTCGAGTTAACGA-1,B cells
AGCGTCGAGTTCGCAT-1,CD8 T
AGCGTCGGTCCAAGTT-1,B cells
AGCGTCGGTTGGAGGT-1,Mono
AGCGTCGTCACCGGGT-1,CD8 T
AGCGTCGTCCTTGACC-1,CD8 T
AGCGTCGTCGTGACAT-1,CD8 T
AGCGTCGTCTCTGTCG-1,Mono
AGCGTCGTCTGCAGTA-1,Mono
AGCGTCGTCTTGTACT-1,CD8 T
AGCTCCTAGACTACAA-1,B cells
AGCTCCTAGCCCAATT-1,CL 1
AGCTCCTAGCTCAACT-1,Mono
AGCTCCTAGGTGACCA-1,B cells
AGCTCCTAGTCGAGTG-1,CL 1
AGCTCCTCAAGGACTG-1,CD8 T
AGCTCCTCAAGTAGTA-1,CL 1
AGCTCCTCAATGGAGC-1,B cells
AGCTCCTCACCTATCC-1,CD8 T
AGCTCCTCACCTGGTG-1,B cells
AGCTCCTCAGCGTTCG-1,NK
AGCTCCTGTACATGTC-1,CD8 T
AGCTCCTGTACCGTAT-1,CD8 T
AGCTCCTGTTCGGGCT-1,CD8 T
AGCTCCTGTTGCCTCT-1,CL 1
AGCTCCTTCCAGAGGA-1,B cells
AGCTCCTTCGCTTGTC-1,Mono
AGCTCCTTCTCAAGTG-1,B cells
AGCTCTCAGTACGTTC-1,CD8 T
AGCTCTCCAAGGTTCT-1,Mono
AGCTCTCCAGCTGGCT-1,B cells
AGCTCTCCAGTCGTGC-1,CD8 T
AGCTCTCCATGTAGTC-1,CL 1
AGCTCTCGTAGGGACT-1,CD8 T
AGCTCTCGTCGAAAGC-1,B cells
AGCTCTCGTGCCTGCA-1,CD8 T
AGCTCTCGTTCGGGCT-1,CD8 T
AGCTCTCTCCAGAAGG-1,B cells
AGCTCTCTCCCTTGTG-1,CL 1
AGCTCTCTCCGATATG-1,Mono
AGCTTGAAGAAGGTGA-1,CD8 T
AGCTTGACAAACGTGG-1,CL 1
AGCTTGACAACTGCTA-1,B cells
AGCTTGACAAGCGATG-1,CD8 T
AGCTTGACACCAGCAC-1,Mono
AGCTTGACACCATCCT-1,CD8 T
AGCTTGACACCGTTGG-1,CD8 T
AGCTTGACAGATCCAT-1,CD8 T
AGCTTGACATTCCTCG-1,CD8 T
AGCTTGAGTAGCGCAA-1,Mono
AGCTTGAGTCATATGC-1,Mono
AGCTTGAGTGACGGTA-1,CD8 T
AGCTTGAGTGTCTGAT-1,CD8 T
AGCTTGAGTGTGCGTC-1,CL 1
AGCTTGAGTTAAGAAC-1,CD8 T
AGCTTGAGTTTGGCGC-1,B cells
AGCTTGATCACCATAG-1,B cells
AGCTTGATCCTCCTAG-1,CD8 T
AGCTTGATCGATCCCT-1,CL 1
AGGCCACAGCACACAG-1,Mono
AGGCCACAGCCTCGTG-1,CD8 T
AGGCCACAGCTAACTC-1,CD8 T
AGGCCACAGGCCCTCA-1,B cells
AGGCCACAGTTCGCAT-1,B cells
AGGCCACCAAGCCCAC-1,CD8 T
AGGCCACCACCGAAAG-1,CD8 T
AGGCCACCAGCGTCCA-1,CD8 T
AGGCCACCAGCTGTTA-1,Mono
AGGCCACCATTGGCGC-1,CD8 T
AGGCCACGTACATCCA-1,Mono
AGGCCACGTATAAACG-1,B cells
AGGCCACGTCATCCCT-1,CD8 T
AGGCCACGTTATCACG-1,B cells
AGGCCACGTTCGCGAC-1,Mono
AGGCCACGTTCGGCAC-1,CD8 T
AGGCCACTCATCTGCC-1,NK
AGGCCACTCATGTCTT-1,Mono
AGGCCACTCGAACGGA-1,CD8 T
AGGCCACTCGCGTTTC-1,Mono
AGGCCACTCGTAGGTT-1,CD8 T
AGGCCACTCTGGGCCA-1,CD8 T
AGGCCACTCTTGAGGT-1,CL 1
AGGCCACTCTTGCATT-1,Mono
AGGCCACTCTTTAGGG-1,CD8 T
AGGCCGTAGAAGGGTA-1,Mono
AGGCCGTAGACAAAGG-1,B cells
AGGCCGTAGCTGATAA-1,Mono
AGGCCGTAGGAGTACC-1,CD8 T
AGGCCGTAGTAATCCC-1,Mono
AGGCCGTCAATGGAGC-1,CD8 T
AGGCCGTCACAGATTC-1,CL 1
AGGCCGTCATATGAGA-1,B cells
AGGCCGTGTAAGTGTA-1,CL 1
AGGCCGTGTCGCGAAA-1,CD8 T
AGGCCGTGTTGAGGTG-1,CD8 T
AGGCCGTTCACATACG-1,Mono
AGGCCGTTCGACGGAA-1,NK
AGGCCGTTCGCAAGCC-1,CD8 T
AGGCCGTTCGCAGGCT-1,B cells
AGGGAGTAGAGAGCTC-1,CD8 T
AGGGAGTAGATGCGAC-1,CL 1
AGGGAGTAGCCAGGAT-1,Mono
AGGGAGTAGCGTCTAT-1,Mono
AGGGAGTAGTCGATAA-1,Mono
AGGGAGTCAACACGCC-1,NK
AGGGAGTCAACTGCTA-1,CL 1
AGGGAGTCACGGTGTC-1,Mono
AGGGAGTCATATGCTG-1,CD8 T
AGGGAGTGTAAATGTG-1,B cells
AGGGAGTGTAATAGCA-1,Mono
AGGGAGTGTACAGTGG-1,B cells
AGGGAGTGTAGGCTGA-1,CD8 T
AGGGAGTGTGTTCTTT-1,Mono
AGGGAGTGTTCCACAA-1,CL 1
AGGGAGTTCTCTGTCG-1,CD8 T
AGGGATGAGCACCGTC-1,Mono
AGGGATGAGCATGGCA-1,Mono
AGGGATGCAAAGTCAA-1,DC
AGGGATGCAAGGTTCT-1,Mono
AGGGATGCAAGTAGTA-1,B cells
AGGGATGCATCCGCGA-1,CD8 T
AGGGATGCATGGATGG-1,CL 1
AGGGATGGTCAATACC-1,CD8 T
AGGGATGGTCATATGC-1,B cells
AGGGATGGTCCGCTGA-1,Mono
AGGGATGTCCAGATCA-1,Mono
AGGGATGTCGCGTAGC-1,CL 1
AGGGATGTCTTCGGTC-1,CD8 T
AGGGTGAAGAGGGCTT-1,B cells
AGGGTGAAGGCATGTG-1,CL 1
AGGGTGAAGTGGGATC-1,CD8 T
AGGGTGACAAGAGTCG-1,Mono
AGGGTGACAAGGGTCA-1,Mono
AGGGTGACAATGAAAC-1,Mono
AGGGTGACACACCGAC-1,CD8 T
AGGGTGACACCAACCG-1,NK
AGGGTGACACTACAGT-1,Mono
AGGGTGACAGGCAGTA-1,CL 1
AGGGTGACAGTTTACG-1,B cells
AGGGTGAGTAAACGCG-1,CD8 T
AGGGTGAGTAACGCGA-1,CD8 T
AGGGTGAGTAAGTAGT-1,Mono
AGGGTGAGTACCGTTA-1,B cells
AGGGTGAGTCGATTGT-1,Mono
AGGGTGAGTGCAGACA-1,CL 1
AGGGTGAGTGCGGTAA-1,CD8 T
AGGGTGAGTGTGGCTC-1,NK
AGGGTGAGTTGATTCG-1,Mono
AGGGTGATCACCTTAT-1,CD8 T
AGGGTGATCCATGAGT-1,CD8 T
AGGGTGATCCGCAGTG-1,Mono
AGGGTGATCCGGCACA-1,CL 1
AGGGTGATCCTGTACC-1,Mono
AGGGTGATCGCCAAAT-1,CL 1
AGGTCATAGCTAAGAT-1,DC
AGGTCATAGGATGTAT-1,Mono
AGGTCATAGTCTCCTC-1,CD8 T
AGGTCATCAACACCTA-1,CL 1
AGGTCATCACATTCGA-1,B cells
AGGTCATCACCGAAAG-1,Mono
AGGTCATCACTGCCAG-1,CD8 T
AGGTCATCATTCACTT-1,B cells
AGGTCATGTAAGGGAA-1,CL 1
AGGTCATGTCAAAGAT-1,CD8 T
AGGTCATGTCAGCTAT-1,CD8 T
AGGTCATGTGGCCCTA-1,CD8 T
AGGTCATGTTCCGGCA-1,Mono
AGGTCATTCAGAGGTG-1,B cells
AGGTCATTCATTGCGA-1,NK
AGGTCATTCCACGTTC-1,Mono
AGGTCATTCGGATGGA-1,CD8 T
AGGTCCGAGAATTGTG-1,CD8 T
AGGTCCGAGCCTCGTG-1,CD8 T
AGGTCCGAGCTAACTC-1,CD8 T
AGGTCCGAGCTACCTA-1,CD8 T
AGGTCCGAGGAATGGA-1,CD8 T
AGGTCCGAGGTACTCT-1,B cells
AGGTCCGAGTAGGCCA-1,Mono
AGGTCCGCATCGGGTC-1,CD8 T
AGGTCCGCATGAACCT-1,CD8 T
AGGTCCGGTAACGACG-1,CD8 T
AGGTCCGGTACCGCTG-1,Mono
AGGTCCGGTACGACCC-1,CD8 T
AGGTCCGGTATGCTTG-1,CD8 T
AGGTCCGTCCATGAAC-1,Mono
AGGTCCGTCCGCGGTA-1,Mono
AGGTCCGTCGATCCCT-1,CL 1
AGTAGTCAGAGCTGCA-1,CD8 T
AGTAGTCAGAGGGCTT-1,CD8 T
AGTAGTCAGATATGGT-1,Mono
AGTAGTCAGCAATATG-1,CD8 T
AGTAGTCAGCCACGTC-1,CL 1
AGTAGTCCAAGCCTAT-1,Mono
AGTAGTCCAATAAGCA-1,Mono
AGTAGTCCAATTGCTG-1,Mono
AGTAGTCCACCTGGTG-1,CD8 T
AGTAGTCCAGCTGTTA-1,CL 1
AGTAGTCCATACTCTT-1,CD8 T
AGTAGTCGTAAGGGAA-1,CD8 T
AGTAGTCGTACTTCTT-1,NK
AGTAGTCGTATAGTAG-1,B cells
AGTAGTCGTATGGTTC-1,Mono
AGTAGTCGTTAAGGGC-1,CD8 T
AGTAGTCTCACGACTA-1,B cells
AGTAGTCTCGATAGAA-1,CL 1
AGTAGTCTCTACCTGC-1,CD8 T
AGTCTTTAGAATAGGG-1,CD8 T
AGTCTTTAGAGTCGGT-1,CL 1
AGTCTTTAGGGATGGG-1,NK
AGTCTTTCACAGATTC-1,CL 1
AGTCTTTCATCTACGA-1,Mono
AGTCTTTCATGGGAAC-1,Mono
AGTCTTTCATGTCTCC-1,CD8 T
AGTCTTTGTAAATGAC-1,Mono
AGTCTTTGTCCAGTAT-1,B cells
AGTCTTTGTTCAGCGC-1,CL 1
AGTCTTTTCCACGTTC-1,CD8 T
AGTCTTTTCGGTGTCG-1,B cells
AGTCTTTTCGTAGGTT-1,Mono
AGTCTTTTCTCTTGAT-1,CD8 T
AGTCTTTTCTGTCAAG-1,CL 1
AGTCTTTTCTGTTTGT-1,Mono
AGTCTTTTCTTACCTA-1,B cells
AGTCTTTTCTTCTGGC-1,Mono
AGTGAGGAGCATGGCA-1,Mono
AGTGAGGAGGTCATCT-1,CL 1
AGTGAGGAGTAAGTAC-1,CL 1
AGTGAGGAGTCTCCTC-1,CD8 T
AGTGAGGCAACTGCTA-1,B cells
AGTGAGGCAAGAGGCT-1,B cells
AGTGAGGCACAGGTTT-1,DC
AGTGAGGCACATCTTT-1,Mono
AGTGAGGCACCACGTG-1,CD8 T
AGTGAGGCACCCATGG-1,B cells
AGTGAGGCACGCTTTC-1,CD8 T
AGTGAGGCACTAGTAC-1,CD8 T
AGTGAGGCAGTATCTG-1,Mono
AGTGAGGGTGCAACGA-1,CD8 T
AGTGAGGGTGGTACAG-1,CD8 T
AGTGAGGGTTTAAGCC-1,Mono
AGTGAGGGTTTGTTGG-1,CL 1
AGTGAGGTCACTGGGC-1,Mono
AGTGAGGTCACTTCAT-1,CL 1
AGTGAGGTCCAAGCCG-1,Mono
AGTGAGGTCCAGAAGG-1,CD8 T
AGTGAGGTCCGCATAA-1,NK
AGTGAGGTCGACAGCC-1,CD8 T
AGTGAGGTCGGCGCAT-1,CL 1
AGTGAGGTCGTATCAG-1,Mono
AGTGAGGTCGTCACGG-1,CD8 T
AGTGAGGTCGTTACGA-1,CL 1
AGTGAGGTCTGTTGAG-1,Mono
AGTGGGAAGAACAACT-1,B cells
AGTGGGAAGTCGTTTG-1,CL 1
AGTGGGACAGACAGGT-1,CD8 T
AGTGGGACAGTAACGG-1,CD8 T
AGTGGGACATCCGGGT-1,CD8 T
AGTGGGACATTCTTAC-1,B cells
AGTGGGAGTACTCGCG-1,B cells
AGTGGGAGTAGAGTGC-1,NK
AGTGGGAGTCACCCAG-1,CL 1
AGTGGGAGTCGGCACT-1,Mono
AGTGGGAGTTCCATGA-1,CL 1
AGTGGGATCATTATCC-1,NK
AGTGGGATCTGCTGTC-1,CL 1
AGTGTCAAGACGACGT-1,CD8 T
AGTGTCAAGTATCTCG-1,B cells
AGTGTCAAGTCTCGGC-1,B cells
AGTGTCAAGTGTACTC-1,Mono
AGTGTCACAAGTTAAG-1,Mono
AGTGTCACACGGCCAT-1,CD8 T
AGTGTCACAGCTATTG-1,B cells
AGTGTCAGTAAGAGAG-1,Mono
AGTGTCAGTAAGAGGA-1,B cells
AGTGTCAGTCCTCTTG-1,B cells
AGTGTCAGTCGCGTGT-1,B cells
AGTGTCAGTCTCGTTC-1,CL 1
AGTGTCAGTGTTTGGT-1,CD8 T
AGTGTCAGTTAAAGTG-1,CD8 T
AGTGTCAGTTATCCGA-1,Mono
AGTGTCAGTTCAGACT-1,CD8 T
AGTGTCAGTTGAGTTC-1,Mono
AGTGTCATCGACGGAA-1,CD8 T
AGTGTCATCTCTGAGA-1,CD8 T
AGTGTCATCTGCGTAA-1,B cells
AGTTGGTAGACCGGAT-1,CL 1
AGTTGGTAGGCATGGT-1,B cells
AGTTGGTCAAAGTCAA-1,CL 1
AGTTGGTCAGTGGAGT-1,CL 1
AGTTGGTGTATGGTTC-1,CD8 T
AGTTGGTGTCCGAAGA-1,NK
AGTTGGTGTCGCCATG-1,B cells
AGTTGGTGTCTAGTCA-1,CD8 T
AGTTGGTGTTGAGGTG-1,B cells
AGTTGGTGTTGGAGGT-1,NK
AGTTGGTGTTGGTGGA-1,CD8 T
AGTTGGTTCATGTCTT-1,CL 1
AGTTGGTTCCGTAGTA-1,NK
AGTTGGTTCGCGTTTC-1,CD8 T
AGTTGGTTCTAACGGT-1,CD8 T
ATAACGCAGCGCCTCA-1,CD8 T
ATAACGCCACGGACAA-1,B cells
ATAACGCCACGGTAGA-1,CD8 T
ATAACGCCAGGCAGTA-1,B cells
ATAACGCCATGCCCGA-1,CD8 T
ATAACGCGTCTCCCTA-1,Mono
ATAACGCGTTGTCTTT-1,Mono
ATAACGCTCACCCGAG-1,CD8 T
ATAACGCTCAGTCAGT-1,Mono
ATAACGCTCGAATCCA-1,CD8 T
ATAACGCTCGGTTCGG-1,CL 1
ATAAGAGAGCGTCAAG-1,B cells
ATAAGAGAGGTCATCT-1,Mono
ATAAGAGAGTACGATA-1,CD8 T
ATAAGAGCAAGCGTAG-1,Mono
ATAAGAGCACTGTCGG-1,Mono
ATAAGAGCATCGGACC-1,CD8 T
ATAAGAGCATTGAGCT-1,CD8 T
ATAAGAGGTAAACACA-1,Mono
ATAAGAGGTACCATCA-1,NK
ATAAGAGGTCATACTG-1,CD8 T
ATAAGAGTCACTGGGC-1,NK
ATAAGAGTCAGGTTCA-1,B cells
ATAGACCAGAATTCCC-1,CD8 T
ATAGACCAGATGCGAC-1,CL 1
ATAGACCAGTCCGGTC-1,B cells
ATAGACCAGTGTACGG-1,Mono
ATAGACCCAGCTGTTA-1,B cells
ATAGACCCAGGAATCG-1,CD8 T
ATAGACCCATATGAGA-1,B cells
ATAGACCCATATGCTG-1,CL 1
ATAGACCGTATGAAAC-1,CD8 T
ATAGACCGTCTAGCGC-1,CD8 T
ATAGACCGTGCCTGCA-1,Mono
ATAGACCGTTCAACCA-1,B cells
ATAGACCTCAGGCGAA-1,Mono
ATAGACCTCGAGAACG-1,CD8 T
ATAGACCTCTGCCCTA-1,CL 1
ATCACGAAGACACTAA-1,CD8 T
ATCACGAAGAGGTAGA-1,CD8 T
ATCACGAAGAGGTTGC-1,CL 1
ATCACGAAGCTTATCG-1,Mono
ATCACGAAGGAGCGTT-1,CD8 T
ATCACGAAGGGCACTA-1,CL 1
ATCACGACAAGTTGTC-1,CD8 T
ATCACGACACAGGTTT-1,Mono
ATCACGACAGGTCGTC-1,Mono
ATCACGACATGCAATC-1,Mono
ATCACGACATGGTAGG-1,Mono
ATCACGAGTACCGAGA-1,CL 1
ATCACGAGTACCGGCT-1,B cells
ATCACGAGTACTTAGC-1,Mono
ATCACGAGTATGAATG-1,DC
ATCACGAGTCCAGTTA-1,CD8 T
ATCACGAGTCCATCCT-1,CD8 T
ATCACGAGTCTTCAAG-1,Mono
ATCACGAGTGAGGCTA-1,CD8 T
ATCACGAGTTTCGCTC-1,CL 1
ATCACGATCAGCATGT-1,Mono
ATCACGATCCACGTGG-1,CD8 T
ATCACGATCTAAGCCA-1,Mono
ATCACGATCTTGTTTG-1,B cells
ATCATCTAGACAATAC-1,CD8 T
ATCATCTAGCCAACAG-1,B cells
ATCATCTAGCTAACAA-1,CL 1
ATCATCTAGGAATGGA-1,CD8 T
ATCATCTAGTCATCCA-1,CD8 T
ATCATCTAGTCCGTAT-1,Mono
ATCATCTAGTGAACGC-1,CD8 T
ATCATCTCAAAGGAAG-1,CD8 T
ATCATCTCAAGCCATT-1,DC
ATCATCTCACATTCGA-1,Mono
ATCATCTCACGAAACG-1,CD8 T
ATCATCTCAGACTCGC-1,CD8 T
ATCATCTCAGGGTATG-1,CD8 T
ATCATCTGTCTGATTG-1,CL 1
ATCATCTGTGCACCAC-1,CD8 T
ATCATCTTCAACACGT-1,CD8 T
ATCATCTTCACAATGC-1,CD8 T
ATCATCTTCACGAAGG-1,CL 1
ATCATCTTCCGTACAA-1,B cells
ATCATCTTCCGTCAAA-1,CD8 T
ATCATCTTCGAACTGT-1,Mono
ATCATCTTCGGAATCT-1,CL 1
ATCATCTTCGGCTTGG-1,CD8 T
ATCATCTTCTCATTCA-1,B cells
ATCATCTTCTGAAAGA-1,CD8 T
ATCATGGAGACAGGCT-1,Mono
ATCATGGAGATGTGGC-1,Mono
ATCATGGAGCGATCCC-1,Mono
ATCATGGAGCTAGTCT-1,CL 1
ATCATGGAGGATTCGG-1,CD8 T
ATCATGGAGTGTCTCA-1,CL 1
ATCATGGAGTTAACGA-1,Mono
ATCATGGCAATGGATA-1,Mono
ATCATGGCACACAGAG-1,B cells
ATCATGGCACATGTGT-1,Mono
ATCATGGCAGCTGTAT-1,CL 1
ATCATGGGTACAGCAG-1,Mono
ATCATGGGTGAGCGAT-1,Mono
ATCATGGGTTACTGAC-1,Mono
ATCATGGGTTGTCGCG-1,NK
ATCATGGTCACTTATC-1,Mono
ATCATGGTCATAACCG-1,CD8 T
ATCATGGTCCACGAAT-1,Mono
ATCATGGTCTGTTGAG-1,CD8 T
ATCATGGTCTTGCATT-1,CD8 T
ATCCACCAGCGGATCA-1,CD8 T
ATCCACCAGGATGCGT-1,CL 1
ATCCACCCAACGATGG-1,CL 1
ATCCACCCAAGTAATG-1,B cells
ATCCACCCAATCGGTT-1,DC
ATCCACCCAATCTGCA-1,Mono
ATCCACCCATAACCTG-1,CD8 T
ATCCACCCATCCAACA-1,CL 1
ATCCACCGTACTTGAC-1,CL 1
ATCCACCGTAGGCTGA-1,CD8 T
ATCCACCGTCGGCACT-1,Mono
ATCCACCGTTTCGCTC-1,CL 1
ATCCGAAAGAAACGAG-1,CL 1
ATCCGAAAGCACAGGT-1,CL 1
ATCCGAAAGGCCATAG-1,CL 1
ATCCGAAAGTACGTAA-1,Mono
ATCCGAAAGTAGTGCG-1,CD8 T
ATCCGAACACAAGTAA-1,B cells
ATCCGAACATTACCTT-1,CL 1
ATCCGAAGTCTGCCAG-1,CD8 T
ATCCGAATCACAGGCC-1,Mono
ATCCGAATCCAGATCA-1,B cells
ATCCGAATCCTGCTTG-1,CD8 T
ATCGAGTAGAGTCTGG-1,CD8 T
ATCGAGTAGATGTGGC-1,Mono
ATCGAGTAGGAGTTTA-1,Mono
ATCGAGTAGGTGATAT-1,CL 1
ATCGAGTCACAGCGTC-1,CL 1
ATCGAGTCACCAACCG-1,Mono
ATCGAGTGTCAAAGCG-1,NK
ATCGAGTGTCATGCAT-1,B cells
ATCGAGTGTCTTCAAG-1,Mono
ATCGAGTGTTATGCGT-1,CL 1
ATCGAGTTCAGGCAAG-1,DC
ATCGAGTTCGGACAAG-1,Mono
ATCGAGTTCGGTGTTA-1,Mono
ATCGAGTTCTTACCTA-1,Mono
ATCTACTAGACACGAC-1,CL 1
ATCTACTAGCTACCGC-1,CD8 T
ATCTACTAGGCTCAGA-1,CD8 T
ATCTACTAGTACGATA-1,Mono
ATCTACTAGTACGCCC-1,CD8 T
ATCTACTAGTTGTAGA-1,CD8 T
ATCTACTAGTTTCCTT-1,NK
ATCTACTCACGCCAGT-1,Mono
ATCTACTCAGGCAGTA-1,Mono
ATCTACTCATGCAATC-1,CL 1
ATCTACTCATGCCACG-1,CD8 T
ATCTACTGTAAGGGCT-1,CD8 T
ATCTACTGTAATAGCA-1,Mono
ATCTACTGTCCTCTTG-1,CL 1
ATCTACTGTTGTTTGG-1,CL 1
ATCTACTTCACAACGT-1,Mono
ATCTACTTCGTTTATC-1,Mono
ATCTGCCAGACAGGCT-1,Mono
ATCTGCCAGATGCCAG-1,NK
ATCTGCCAGCCACCTG-1,CD8 T
ATCTGCCAGCCATCGC-1,CD8 T
ATCTGCCAGGTAGCTG-1,CD8 T
ATCTGCCCAAACAACA-1,CD8 T
ATCTGCCCAAACGTGG-1,CD8 T
ATCTGCCCACACCGAC-1,CD8 T
ATCTGCCCAGATCTGT-1,B cells
ATCTGCCCATCTATGG-1,CD8 T
ATCTGCCGTAAATGAC-1,Mono
ATCTGCCGTCAGATAA-1,CL 1
ATCTGCCGTCGCTTTC-1,CD8 T
ATCTGCCGTCTAGGTT-1,Mono
ATCTGCCGTTACGCGC-1,CD8 T
ATCTGCCGTTACTGAC-1,CD8 T
ATCTGCCGTTCTGTTT-1,Mono
ATCTGCCGTTGGAGGT-1,B cells
ATCTGCCGTTTCGCTC-1,CL 1
ATCTGCCTCACCCGAG-1,Mono
ATCTGCCTCCATGCTC-1,DC
ATCTGCCTCTGTCAAG-1,CD8 T
ATCTGCCTCTGTCTCG-1,CL 1
ATCTGCCTCTTCAACT-1,CL 1
ATGAGGGAGACCCACC-1,Mono
ATGAGGGAGGAATCGC-1,Mono
ATGAGGGAGGACTGGT-1,CD8 T
ATGAGGGAGTAATCCC-1,Mono
ATGAGGGAGTAGGTGC-1,CL 1
ATGAGGGAGTCCTCCT-1,CD8 T
ATGAGGGCAATCACAC-1,CL 1
ATGAGGGCACCGATAT-1,CL 1
ATGAGGGCACCTCGTT-1,Mono
ATGAGGGCACTCGACG-1,B cells
ATGAGGGCATCCGGGT-1,B cells
ATGAGGGCATGCGCAC-1,CD8 T
ATGAGGGGTACCTACA-1,CD8 T
ATGAGGGTCACGACTA-1,CL 1
ATGCGATAGACATAAC-1,CD8 T
ATGCGATAGATCACGG-1,B cells
ATGCGATCAATGAAAC-1,Mono
ATGCGATCAATGGAAT-1,NK
ATGCGATCACCTTGTC-1,CL 1
ATGCGATCACGTTGGC-1,Mono
ATGCGATGTCACAAGG-1,DC
ATGCGATGTTTGCATG-1,CL 1
ATGCGATTCAGCATGT-1,Mono
ATGCGATTCGGAAATA-1,Mono
ATGCGATTCGGAGCAA-1,Mono
ATGGGAGAGACGACGT-1,Mono
ATGGGAGAGCGTTGCC-1,B cells
ATGGGAGAGCTAAACA-1,Mono
ATGGGAGAGGCTAGCA-1,Mono
ATGGGAGAGGGATGGG-1,B cells
ATGGGAGAGTACGTTC-1,Mono
ATGGGAGAGTTAGCGG-1,CL 1
ATGGGAGCAATGGATA-1,CL 1
ATGGGAGCACAGACAG-1,NK
ATGGGAGCACGAAAGC-1,CD8 T
ATGGGAGCATGGATGG-1,CD8 T
ATGGGAGGTAAGTGGC-1,Mono
ATGGGAGGTGTTCTTT-1,Mono
ATGGGAGGTTCCCGAG-1,CD8 T
ATGGGAGTCAGTTAGC-1,B cells
ATGGGAGTCCCTCTTT-1,B cells
ATGGGAGTCCCTTGTG-1,CL 1
ATGGGAGTCTCCAGGG-1,CD8 T
ATGGGAGTCTGCCAGG-1,CD8 T
ATGGGAGTCTTATCTG-1,Mono
ATGTGTGAGCAACGGT-1,CL 1
ATGTGTGAGCCCAGCT-1,CD8 T
ATGTGTGCAGGACGTA-1,Mono
ATGTGTGCAGTTTACG-1,B cells
ATGTGTGCATCACCCT-1,CD8 T
ATGTGTGGTCAAACTC-1,Mono
ATGTGTGGTGCTCTTC-1,Mono
ATGTGTGTCACAACGT-1,CD8 T
ATGTGTGTCCGTAGTA-1,B cells
ATGTGTGTCTCGATGA-1,CD8 T
ATTACTCAGCAAATCA-1,B cells
ATTACTCAGCTGATAA-1,Mono
ATTACTCAGGAGTTTA-1,CD8 T
ATTACTCAGGTACTCT-1,NK
ATTACTCCAACGATCT-1,CD8 T
ATTACTCCACGAGAGT-1,Mono
ATTACTCCAGATAATG-1,CD8 T
ATTACTCCAGATCTGT-1,CL 1
ATTACTCCATGAACCT-1,Mono
ATTACTCCATTACGAC-1,B cells
ATTACTCGTCCAGTAT-1,B cells
ATTACTCGTCTAGCCG-1,Mono
ATTACTCGTTTGTTGG-1,Mono
ATTACTCTCAGTTTGG-1,CD8 T
ATTACTCTCCTAGTGA-1,B cells
ATTATCCAGGCTAGGT-1,B cells
ATTATCCCAAGTAATG-1,B cells
ATTATCCCAGACAGGT-1,CL 1
ATTATCCCAGTGGAGT-1,B cells
ATTATCCGTAGAAAGG-1,B cells
ATTATCCGTCCCGACA-1,Mono
ATTATCCGTGTTAAGA-1,CD8 T
ATTATCCTCGAGGTAG-1,CL 1
ATTATCCTCTTGTACT-1,CL 1
ATTCTACAGAAGATTC-1,B cells
ATTCTACAGAGCTATA-1,CL 1
ATTCTACCAAATACAG-1,Mono
ATTCTACCAAGACACG-1,CD8 T
ATTCTACCAAGAGGCT-1,CD8 T
ATTCTACCAAGCGTAG-1,CD8 T
ATTCTACCAGACGTAG-1,CD8 T
ATTCTACCAGCCTTGG-1,Mono
ATTCTACCATCGATGT-1,DC
ATTCTACGTACCAGTT-1,CD8 T
ATTCTACGTAGCCTAT-1,Mono
ATTCTACGTCTCACCT-1,CD8 T
ATTCTACTCCGGGTGT-1,Mono
ATTCTACTCCTTTCTC-1,CL 1
ATTCTACTCTCAAACG-1,B cells
ATTGGACAGACGCAAC-1,Mono
ATTGGACAGCTAGTTC-1,B cells
ATTGGACAGCTGCAAG-1,CL 1
ATTGGACAGTGGAGTC-1,CD8 T
ATTGGACGTACCGAGA-1,CD8 T
ATTGGACGTAGGGTAC-1,CD8 T
ATTGGACTCAAGAAGT-1,CD8 T
ATTGGACTCACAAACC-1,CD8 T
ATTGGACTCCGCGCAA-1,CD8 T
ATTGGACTCCTGCAGG-1,B cells
ATTGGACTCGTAGGTT-1,CD8 T
ATTGGACTCTCGAGTA-1,CD8 T
ATTGGACTCTGGCGAC-1,CD8 T
ATTGGTGAGCGAGAAA-1,Mono
ATTGGTGAGTACGACG-1,B cells
ATTGGTGCAAAGTGCG-1,B cells
ATTGGTGCAAGCGATG-1,CL 1
ATTGGTGCAAGTAATG-1,DC
ATTGGTGCAAGTTAAG-1,Mono
ATTGGTGCACAACGTT-1,CD8 T
ATTGGTGCATTTGCCC-1,CL 1
ATTGGTGGTCACCCAG-1,CD8 T
ATTGGTGGTCTGGAGA-1,CD8 T
ATTGGTGGTGATGATA-1,CD8 T
ATTGGTGGTTCGCTAA-1,Mono
ATTGGTGTCCTGTAGA-1,DC
ATTGGTGTCCTTAATC-1,DC
ATTGGTGTCGCTTGTC-1,B cells
ATTGGTGTCGTACCGG-1,CD8 T
ATTGGTGTCGTAGGAG-1,CL 1
ATTTCTGAGAGCCCAA-1,CL 1
ATTTCTGAGGTAGCTG-1,CD8 T
ATTTCTGAGTACGCGA-1,CD8 T
ATTTCTGAGTATCGAA-1,NK
ATTTCTGAGTATGACA-1,B cells
ATTTCTGAGTTAACGA-1,Mono
ATTTCTGCAATGGAGC-1,Mono
ATTTCTGCACGGTGTC-1,Mono
ATTTCTGCACTCGACG-1,CD8 T
ATTTCTGCAGCGTAAG-1,CD8 T
ATTTCTGCAGGTGCCT-1,Mono
ATTTCTGCATAAAGGT-1,B cells
ATTTCTGCATACGCTA-1,CD8 T
ATTTCTGCATGCGCAC-1,CD8 T
ATTTCTGCATTTGCTT-1,Mono
ATTTCTGGTCATGCCG-1,B cells
ATTTCTGGTCCCTACT-1,NK
ATTTCTGGTGAACCTT-1,CD8 T
ATTTCTGGTGGTCCGT-1,CD8 T
ATTTCTGTCCCACTTG-1,B cells
ATTTCTGTCCGAATGT-1,CD8 T
ATTTCTGTCCTGTACC-1,Mono
ATTTCTGTCGTTGACA-1,CL 1
ATTTCTGTCTGCTGTC-1,Mono
ATTTCTGTCTGTGCAA-1,CL 1
CAACCAACAAATCCGT-1,CD8 T
CAACCAACAGTGGGAT-1,B cells
CAACCAACAGTTAACC-1,CL 1
CAACCAACATTTGCTT-1,B cells
CAACCAAGTATCGCAT-1,CD8 T
CAACCAAGTCAAACTC-1,DC
CAACCAAGTCACTGGC-1,CD8 T
CAACCAAGTCAGCTAT-1,Mono
CAACCAAGTCGAACAG-1,Mono
CAACCAAGTCTGGAGA-1,Mono
CAACCAAGTGCTTCTC-1,CL 1
CAACCAAGTGTTGAGG-1,Mono
CAACCAATCAGGCAAG-1,CD8 T
CAACCAATCATCATTC-1,Mono
CAACCAATCCACTGGG-1,CD8 T
CAACCAATCGTCTGAA-1,Mono
CAACCAATCTAACTGG-1,CL 1
CAACCTCAGAGACGAA-1,CL 1
CAACCTCAGGCACATG-1,NK
CAACCTCAGGGAACGG-1,B cells
CAACCTCAGTGGTAGC-1,CD8 T
CAACCTCCAAGCCTAT-1,B cells
CAACCTCCAAGCTGTT-1,CL 1
CAACCTCCAATGTAAG-1,CD8 T
CAACCTCCACCAGGCT-1,Mono
CAACCTCCACTATCTT-1,Mono
CAACCTCCACTGAAGG-1,Mono
CAACCTCCAGATCCAT-1,CL 1
CAACCTCCAGTAACGG-1,B cells
CAACCTCCATTCTCAT-1,Mono
CAACCTCGTAGCGCAA-1,B cells
CAACCTCGTAGTAGTA-1,CD8 T
CAACCTCGTCTTGATG-1,CD8 T
CAACCTCGTTCCTCCA-1,Mono
CAACCTCGTTCGGCAC-1,CD8 T
CAACCTCTCCAGAAGG-1,Mono
CAACCTCTCTGCGTAA-1,B cells
CAACCTCTCTGTTGAG-1,Mono
CAACTAGAGAGCAATT-1,Mono
CAACTAGCAAGCGATG-1,CD8 T
CAACTAGCAAGTCATC-1,CD8 T
CAACTAGCACAGACTT-1,CD8 T
CAACTAGCACAGGTTT-1,Mono
CAACTAGCAGCCAGAA-1,CL 1
CAACTAGGTAGCACGA-1,B cells
CAACTAGGTCATCGGC-1,CD8 T
CAACTAGGTTGCCTCT-1,CL 1
CAACTAGTCACCTTAT-1,CL 1
CAACTAGTCAGAGACG-1,CD8 T
CAACTAGTCGCATGAT-1,CL 1
CAAGAAAAGAGCAATT-1,B cells
CAAGAAAAGCGGCTTC-1,Mono
CAAGAAACACACCGCA-1,CD8 T
CAAGAAACACATGTGT-1,B cells
CAAGAAACACCACGTG-1,CL 1
CAAGAAACATTCTTAC-1,CD8 T
CAAGAAAGTCAAAGCG-1,CD8 T
CAAGAAAGTCCAGTAT-1,Mono
CAAGAAAGTCGCGTGT-1,Mono
CAAGAAAGTCGGGTCT-1,CD8 T
CAAGAAAGTCTGGTCG-1,Mono
CAAGAAAGTTAAGTAG-1,CD8 T
CAAGAAAGTTCCTCCA-1,CD8 T
CAAGAAAGTTGAGTTC-1,B cells
CAAGAAAGTTTAAGCC-1,CD8 T
CAAGAAATCACGCGGT-1,B cells
CAAGAAATCTTCAACT-1,CL 1
CAAGATCAGACCACGA-1,B cells
CAAGATCAGGACTGGT-1,B cells
CAAGATCAGTATTGGA-1,NK
CAAGATCAGTTGAGTA-1,Mono
CAAGATCCACGTTGGC-1,CD8 T
CAAGATCCAGCTCGAC-1,CD8 T
CAAGATCGTAAGGGAA-1,CD8 T
CAAGATCGTCAACTGT-1,Mono
CAAGATCGTCAGAATA-1,CD8 T
CAAGATCGTGCACCAC-1,CL 1
CAAGATCGTGTGTGCC-1,CD8 T
CAAGATCGTTAGGGTG-1,B cells
CAAGATCGTTGCTCCT-1,CD8 T
CAAGATCTCACAATGC-1,CD8 T
CAAGATCTCACATAGC-1,Mono
CAAGATCTCGCCAGCA-1,B cells
CAAGGCCAGAGGTTAT-1,CD8 T
CAAGGCCAGCAGGCTA-1,B cells
CAAGGCCAGGGATACC-1,CD8 T
CAAGGCCAGGGTCGAT-1,B cells
CAAGGCCAGGTAGCCA-1,CD8 T
CAAGGCCCAACACGCC-1,Mono
CAAGGCCCACCTGGTG-1,CD8 T
CAAGGCCCACGTGAGA-1,Mono
CAAGGCCCAGCAGTTT-1,B cells
CAAGGCCCAGTGGAGT-1,CL 1
CAAGGCCCATCCCACT-1,DC
CAAGGCCCATGTCCTC-1,CL 1
CAAGGCCGTACAGTGG-1,CD8 T
CAAGGCCGTCACAAGG-1,CD8 T
CAAGGCCGTCGAGTTT-1,Mono
CAAGGCCGTTATGCGT-1,CL 1
CAAGGCCTCTCAAGTG-1,CL 1
CAAGGCCTCTTCGGTC-1,Mono
CAAGTTGAGAGTAATC-1,Mono
CAAGTTGAGCTGCCCA-1,CD8 T
CAAGTTGAGTCTCGGC-1,CL 1
CAAGTTGAGTGACTCT-1,B cells
CAAGTTGAGTTAGCGG-1,B cells
CAAGTTGCAAACTGTC-1,CD8 T
CAAGTTGCAATCGGTT-1,Mono
CAAGTTGCAATTGCTG-1,CD8 T
CAAGTTGCACAGCGTC-1,B cells
CAAGTTGCACCCAGTG-1,CL 1
CAAGTTGCAGTAAGCG-1,CD8 T
CAAGTTGCATCTACGA-1,Mono
CAAGTTGGTACTTAGC-1,NK
CAAGTTGGTATAAACG-1,Mono
CAAGTTGGTCGACTGC-1,CD8 T
CAAGTTGGTCGCATAT-1,Mono
CAAGTTGGTCGGCTCA-1,CD8 T
CAAGTTGGTCTCGTTC-1,Mono
CAAGTTGGTCTTCAAG-1,CL 1
CAAGTTGGTGTGCGTC-1,B cells
CAAGTTGTCATAAAGG-1,CD8 T
CAAGTTGTCGGCCGAT-1,CD8 T
CAAGTTGTCGGGAGTA-1,CD8 T
CAAGTTGTCTCTTGAT-1,CL 1
CACAAACAGCTACCGC-1,Mono
CACAAACAGTAGGTGC-1,Mono
CACAAACCACGCTTTC-1,B cells
CACAAACCACTGTGTA-1,B cells
CACAAACCATAAGACA-1,CD8 T
CACAAACCATACTCTT-1,CD8 T
CACAAACGTCGCATAT-1,CL 1
CACAAACGTTAAAGTG-1,NK
CACAAACTCCAGAGGA-1,Mono
CACAAACTCCGGCACA-1,Mono
CACACAAAGACTGTAA-1,B cells
CACACAAAGGTTCCTA-1,CL 1
CACACAACAATCTACG-1,CD8 T
CACACAACAATGGTCT-1,CD8 T
CACACAACAGCGAACA-1,CL 1
CACACAACATCGATTG-1,Mono
CACACAACATGGTTGT-1,DC
CACACAAGTAAGGGAA-1,B cells
CACACAAGTAGCGATG-1,B cells
CACACAAGTGACCAAG-1,CD8 T
CACACAATCACCATAG-1,Mono
CACACAATCCGCAAGC-1,CD8 T
CACACAATCCGTAGGC-1,Mono
CACACAATCCTATGTT-1,Mono
CACACAATCGACAGCC-1,B cells
CACACAATCGAGAACG-1,CD8 T
CACACCTAGGCACATG-1,CD8 T
CACACCTAGGCCGAAT-1,CD8 T
CACACCTCAAGGTTCT-1,B cells
CACACCTCAGAAGCAC-1,CD8 T
CACACCTCATAAAGGT-1,Mono
CACACCTCATCCAACA-1,Mono
CACACCTCATGAGCGA-1,Mono
CACACCTGTATGGTTC-1,CL 1
CACACCTGTCAGAAGC-1,CD8 T
CACACCTGTCTAAACC-1,DC
CACACCTGTCTGATCA-1,Mono
CACACCTTCAAAGACA-1,Mono
CACACCTTCAGTCCCT-1,DC
CACACCTTCCCGGATG-1,Mono
CACACCTTCGAGGTAG-1,DC
CACACTCAGAAGAAGC-1,CL 1
CACACTCAGCCACCTG-1,Mono
CACACTCAGCCATCGC-1,CD8 T
CACACTCAGCTAAGAT-1,CD8 T
CACACTCAGGTGTTAA-1,B cells
CACACTCAGTACGTTC-1,CD8 T
CACACTCAGTTTGCGT-1,Mono
CACACTCCACAGATTC-1,CD8 T
CACACTCCACGTTGGC-1,CD8 T
CACACTCCATATGGTC-1,Mono
CACACTCGTACGAAAT-1,CD8 T
CACACTCGTAGAGCTG-1,CL 1
CACACTCGTCCAGTAT-1,CL 1
CACACTCGTCTAGTGT-1,B cells
CACACTCGTCTCATCC-1,Mono
CACACTCGTGTAAGTA-1,CL 1
CACACTCGTTTACTCT-1,CD8 T
CACACTCTCAGGCCCA-1,CL 1
CACACTCTCCCTAACC-1,CD8 T
CACACTCTCCTTTCTC-1,B cells
CACACTCTCGCAAACT-1,CL 1
CACAGGCAGACCGGAT-1,Mono
CACAGGCAGAGCTATA-1,CD8 T
CACAGGCAGCCACGTC-1,Mono
CACAGGCAGTGAACGC-1,CL 1
CACAGGCCAAATTGCC-1,CL 1
CACAGGCCAAGCCCAC-1,CL 1
CACAGGCCAATGCCAT-1,CD8 T
CACAGGCCACCAGGTC-1,CD8 T
CACAGGCCACCTCGGA-1,CD8 T
CACAGGCTCAGCGATT-1,Mono
CACAGGCTCCAAGCCG-1,CL 1
CACAGGCTCCGCAGTG-1,Mono
CACAGGCTCTCTTGAT-1,NK
CACAGGCTCTGCAGTA-1,CD8 T
CACAGTAAGTACGATA-1,Mono
CACAGTAAGTGAACGC-1,CL 1
CACAGTACAAGACGTG-1,Mono
CACAGTACACATAACC-1,CD8 T
CACAGTACATCGGTTA-1,B cells
CACAGTAGTCCCTACT-1,B cells
CACAGTAGTCGGCATC-1,B cells
CACAGTAGTGCTTCTC-1,CL 1
CACAGTATCAGGCCCA-1,Mono
CACAGTATCCCAACGG-1,CD8 T
CACATAGAGACCCACC-1,Mono
CACATAGAGGCTAGGT-1,B cells
CACATAGAGTAATCCC-1,Mono
CACATAGCAAGACGTG-1,B cells
CACATAGCAAGTCTGT-1,Mono
CACATAGGTATTACCG-1,CD8 T
CACATAGGTCAGTGGA-1,B cells
CACATAGTCATCACCC-1,Mono
CACATAGTCCGCATAA-1,B cells
CACATTTAGCACCGTC-1,CD8 T
CACATTTAGGGTGTGT-1,B cells
CACATTTAGTAGCGGT-1,Mono
CACATTTAGTTACGGG-1,Mono
CACATTTCAGATTGCT-1,CD8 T
CACATTTGTAATCACC-1,B cells
CACATTTGTACTCAAC-1,Mono
CACATTTGTCACACGC-1,DC
CACATTTGTCACCTAA-1,CD8 T
CACATTTGTCTCCATC-1,CD8 T
CACATTTTCAGTTAGC-1,CL 1
CACATTTTCGGAAATA-1,B cells
CACATTTTCTGAGGGA-1,CD8 T
CACATTTTCTTGCAAG-1,CD8 T
CACCACTAGACTTGAA-1,NK
CACCACTAGAGGACGG-1,CD8 T
CACCACTAGATAGTCA-1,CD8 T
CACCACTAGATCACGG-1,Mono
CACCACTAGCCGTCGT-1,CD8 T
CACCACTAGTACGACG-1,Mono
CACCACTAGTGCGATG-1,CD8 T
CACCACTCAGTATGCT-1,Mono
CACCACTCATGTCCTC-1,B cells
CACCACTCATTCGACA-1,Mono
CACCACTGTAGTAGTA-1,Mono
CACCACTGTATGGTTC-1,CL 1
CACCACTGTTGTCGCG-1,CD8 T
CACCACTTCTATCCCG-1,NK
CACCACTTCTTCATGT-1,CD8 T
CACCAGGAGAAGGGTA-1,CL 1
CACCAGGAGAGCTGGT-1,Mono
CACCAGGAGCCAGGAT-1,B cells
CACCAGGAGGTAGCTG-1,Mono
CACCAGGAGTATCGAA-1,CL 1
CACCAGGAGTCGAGTG-1,CL 1
CACCAGGAGTTCGCGC-1,CD8 T
CACCAGGAGTTTGCGT-1,CD8 T
CACCAGGCAACTGCGC-1,Mono
CACCAGGCACAGCGTC-1,CL 1
CACCAGGCACGTCAGC-1,CD8 T
CACCAGGCAGTCAGAG-1,CL 1
CACCAGGCAGTCCTTC-1,Mono
CACCAGGCAGTCTTCC-1,B cells
CACCAGGGTATCAGTC-1,Mono
CACCAGGGTTCCCGAG-1,CD8 T
CACCAGGGTTCGCGAC-1,CD8 T
CACCAGGTCGTACCGG-1,B cells
CACCAGGTCTACTATC-1,CD8 T
CACCAGGTCTGTTGAG-1,CL 1
CACCAGGTCTTCAACT-1,CD8 T
CACCTTGAGAACTGTA-1,CL 1
CACCTTGAGACAGAGA-1,CD8 T
CACCTTGAGAGACGAA-1,CL 1
CACCTTGAGCAGACTG-1,CD8 T
CACCTTGAGCAGCGTA-1,Mono
CACCTTGAGGCCCTCA-1,Mono
CACCTTGAGTGGAGAA-1,B cells
CACCTTGAGTGTACCT-1,B cells
CACCTTGCAGCTGCTG-1,B cells
CACCTTGGTAAGAGGA-1,CD8 T
CACCTTGGTATGGTTC-1,B cells
CACCTTGGTCCATGAT-1,CL 1
CACCTTGGTCTTTCAT-1,Mono
CACCTTGGTGGCTCCA-1,Mono
CACCTTGGTGTGGCTC-1,NK
CACCTTGGTTGCCTCT-1,NK
CACCTTGGTTTACTCT-1,NK
CACCTTGTCAGAAATG-1,Mono
CACCTTGTCAGCTGGC-1,CD8 T
CACCTTGTCATTTGGG-1,Mono
CACCTTGTCCGTTGCT-1,CL 1
CACCTTGTCCTGCAGG-1,CD8 T
CACCTTGTCTACTCAT-1,Mono
CACCTTGTCTCTGAGA-1,B cells
CACTCCAAGAGCTTCT-1,CD8 T
CACTCCAAGAGGTACC-1,CD8 T
CACTCCAAGATGCGAC-1,CL 1
CACTCCAAGCGATGAC-1,Mono
CACTCCAAGTGGTAGC-1,DC
CACTCCACAAGCGTAG-1,Mono
CACTCCACACAAGCCC-1,Mono
CACTCCACACCTATCC-1,CL 1
CACTCCACACGCGAAA-1,CL 1
CACTCCACATACTACG-1,B cells
CACTCCACATTCCTCG-1,CL 1
CACTCCAGTACAGTGG-1,Mono
CACTCCAGTCGCGGTT-1,Mono
CACTCCAGTGAAATCA-1,CD8 T
CACTCCAGTGATAAGT-1,Mono
CACTCCAGTGATGATA-1,CD8 T
CACTCCAGTGTCGCTG-1,CL 1
CACTCCAGTTATCGGT-1,Mono
CACTCCATCGCCAAAT-1,Mono
CACTCCATCGGACAAG-1,CD8 T
CACTCCATCTCTTATG-1,CD8 T
CACTCCATCTGTCAAG-1,B cells
CAGAATCAGAAACCAT-1,Mono
CAGAATCAGCGGCTTC-1,B cells
CAGAATCAGTATGACA-1,CD8 T
CAGAATCAGTCCCACG-1,CL 1
CAGAATCCAAAGAATC-1,B cells
CAGAATCCACCGGAAA-1,CD8 T
CAGAATCCACGGTGTC-1,DC
CAGAATCCACTGAAGG-1,B cells
CAGAATCCACTGTGTA-1,CD8 T
CAGAATCCAGCCTATA-1,CD8 T
CAGAATCCATCGGGTC-1,Mono
CAGAATCGTACTTAGC-1,CD8 T
CAGAATCGTATATGAG-1,Mono
CAGAATCGTATCGCAT-1,CD8 T
CAGAATCGTATGAAAC-1,CL 1
CAGAATCGTCGTCTTC-1,B cells
CAGAATCGTGATGCCC-1,B cells
CAGAATCGTGGGTATG-1,CL 1
CAGAATCGTTTCGCTC-1,CD8 T
CAGAATCTCACCGTAA-1,CL 1
CAGAATCTCCACTGGG-1,CD8 T
CAGAATCTCGGCGCAT-1,CD8 T
CAGAATCTCTATGTGG-1,Mono
CAGAATCTCTGAGGGA-1,B cells
CAGAATCTCTTCGGTC-1,Mono
CAGAGAGAGAGTGAGA-1,CD8 T
CAGAGAGAGATAGTCA-1,CD8 T
CAGAGAGAGCGTGAGT-1,B cells
CAGAGAGAGCTACCTA-1,B cells
CAGAGAGAGGAGTTGC-1,CL 1
CAGAGAGAGGCGTACA-1,Mono
CAGAGAGAGTAATCCC-1,Mono
CAGAGAGAGTACACCT-1,Mono
CAGAGAGCATAAAGGT-1,CD8 T
CAGAGAGGTAAGTAGT-1,CD8 T
CAGAGAGGTCAACTGT-1,Mono
CAGAGAGGTTTACTCT-1,Mono
CAGAGAGTCAATACCG-1,CD8 T
CAGAGAGTCCCAAGAT-1,CD8 T
CAGAGAGTCGGCGCTA-1,CD8 T
CAGAGAGTCTGGTGTA-1,B cells
CAGATCAAGACTAAGT-1,Mono
CAGATCAAGCCACCTG-1,Mono
CAGATCAAGCCAGGAT-1,Mono
CAGATCAAGCGTAATA-1,DC
CAGATCAAGGCGATAC-1,CD8 T
CAGATCAAGGGTCGAT-1,Mono
CAGATCAAGTGTCCAT-1,CD8 T
CAGATCACAAAGGTGC-1,B cells
CAGATCACAATGTTGC-1,NK
CAGATCACAGACGCAA-1,Mono
CAGATCAGTACAGTGG-1,NK
CAGATCAGTACCGTAT-1,CD8 T
CAGATCAGTCTGGAGA-1,CD8 T
CAGATCAGTGCACTTA-1,CD8 T
CAGATCAGTTCAGCGC-1,CD8 T
CAGATCATCATCACCC-1,CD8 T
CAGATCATCTGCTGCT-1,DC
CAGCAGCAGATGTCGG-1,CD8 T
CAGCAGCAGGTGCACA-1,CD8 T
CAGCAGCCACCGAATT-1,CD8 T
CAGCAGCCACGAGGTA-1,Mono
CAGCAGCCAGGGATTG-1,CD8 T
CAGCAGCGTAATAGCA-1,Mono
CAGCAGCGTATAAACG-1,Mono
CAGCAGCGTCAGAATA-1,DC
CAGCAGCGTGCATCTA-1,Mono
CAGCAGCGTTCGCTAA-1,Mono
CAGCAGCGTTCGGCAC-1,B cells
CAGCAGCTCAACGAAA-1,B cells
CAGCAGCTCAAGGCTT-1,CD8 T
CAGCAGCTCCGTACAA-1,CD8 T
CAGCAGCTCGTGGTCG-1,CD8 T
CAGCATAAGACATAAC-1,B cells
CAGCATAAGGATCGCA-1,CL 1
CAGCATAAGGCTCATT-1,Mono
CAGCATACACATTAGC-1,CD8 T
CAGCATACAGCGTTCG-1,Mono
CAGCATACAGGTCCAC-1,B cells
CAGCATAGTACCGCTG-1,B cells
CAGCATAGTACGAAAT-1,CD8 T
CAGCATATCACTTATC-1,CD8 T
CAGCATATCAGTGCAT-1,B cells
CAGCATATCAGTGTTG-1,CD8 T
CAGCATATCCCTAATT-1,Mono
CAGCATATCTTCGAGA-1,CL 1
CAGCCGAAGATGTTAG-1,CL 1
CAGCCGAAGCAGGCTA-1,CD8 T
CAGCCGAAGCCTATGT-1,Mono
CAGCCGAAGGCAAAGA-1,CL 1
CAGCCGAAGGTCATCT-1,CL 1
CAGCCGACAGACGCCT-1,CD8 T
CAGCCGACATGTTGAC-1,DC
CAGCCGAGTAGGAGTC-1,CL 1
CAGCCGAGTCAGAAGC-1,CL 1
CAGCCGAGTCGTCTTC-1,CD8 T
CAGCCGAGTCTTGATG-1,Mono
CAGCCGAGTTGATTCG-1,CL 1
CAGCCGAGTTGTCTTT-1,Mono
CAGCCGATCATCGGAT-1,B cells
CAGCCGATCATTATCC-1,CD8 T
CAGCGACAGATCCGAG-1,CL 1
CAGCGACAGTCAAGGC-1,B cells
CAGCGACAGTTGAGAT-1,Mono
CAGCGACCAGCTCGAC-1,B cells
CAGCGACGTAGTACCT-1,CD8 T
CAGCGACGTCCGTCAG-1,B cells
CAGCGACGTCTAGCGC-1,CD8 T
CAGCGACGTTATCCGA-1,CL 1
CAGCGACGTTTAGGAA-1,CL 1
CAGCGACTCCACGAAT-1,CL 1
CAGCGACTCGGATGGA-1,CL 1
CAGCGACTCTGTTTGT-1,CL 1
CAGCGACTCTTAGAGC-1,NK
CAGCTAAAGCCCAATT-1,CL 1
CAGCTAAAGGCAAAGA-1,CD8 T
CAGCTAACAAATACAG-1,CL 1
CAGCTAACAAGTAGTA-1,B cells
CAGCTAACACTTCTGC-1,B cells
CAGCTAACATGCAACT-1,CD8 T
CAGCTAAGTCCTAGCG-1,B cells
CAGCTAATCAGCACAT-1,NK
CAGCTAATCGTCGTTC-1,CL 1
CAGCTAATCTGTCAAG-1,CL 1
CAGCTGGAGAAACCTA-1,B cells
CAGCTGGAGATCTGCT-1,CD8 T
CAGCTGGAGGATGGAA-1,Mono
CAGCTGGCAAACCTAC-1,NK
CAGCTGGCAAGTCTAC-1,CD8 T
CAGCTGGCACCAGGCT-1,NK
CAGCTGGCACCGATAT-1,CD8 T
CAGCTGGCACGTCAGC-1,NK
CAGCTGGCAGCGAACA-1,Mono
CAGCTGGGTACCGCTG-1,Mono
CAGCTGGGTATTCTCT-1,Mono
CAGCTGGGTCGGCACT-1,NK
CAGCTGGGTCGTTGTA-1,CD8 T
CAGCTGGGTCTAAACC-1,CL 1
CAGCTGGGTCTCATCC-1,Mono
CAGCTGGGTTACTGAC-1,CL 1
CAGCTGGGTTATCGGT-1,Mono
CAGCTGGGTTGAACTC-1,CL 1
CAGCTGGTCACGGTTA-1,Mono
CAGCTGGTCAGAAATG-1,DC
CAGCTGGTCAGCACAT-1,Mono
CAGCTGGTCAGTGTTG-1,CL 1
CAGGTGCAGAGCTGGT-1,CD8 T
CAGGTGCAGAGGGCTT-1,B cells
CAGGTGCAGATCGGGT-1,CL 1
CAGGTGCAGGCGTACA-1,Mono
CAGGTGCAGTGTTTGC-1,CD8 T
CAGGTGCCACAACGCC-1,CD8 T
CAGGTGCCACCTATCC-1,CL 1
CAGGTGCGTAACGCGA-1,CL 1
CAGGTGCGTATTACCG-1,DC
CAGGTGCGTGTGAATA-1,CL 1
CAGGTGCTCATCGATG-1,CD8 T
CAGGTGCTCCCGACTT-1,DC
CAGGTGCTCTGGTATG-1,CD8 T
CAGTAACAGAGCCCAA-1,CD8 T
CAGTAACAGGCCCTCA-1,B cells
CAGTAACAGTGTGGCA-1,CL 1
CAGTAACCACAGGCCT-1,CL 1
CAGTAACCAGACTCGC-1,Mono
CAGTAACCAGGACGTA-1,CD8 T
CAGTAACCAGTCAGAG-1,DC
CAGTAACGTAAGAGAG-1,CD8 T
CAGTAACGTCGCTTCT-1,CL 1
CAGTAACGTGCATCTA-1,CL 1
CAGTAACGTTTGTTTC-1,CD8 T
CAGTAACTCCTGTACC-1,Mono
CAGTAACTCGGACAAG-1,Mono
CAGTAACTCGGTCCGA-1,Mono
CAGTAACTCTTTACGT-1,CD8 T
CAGTCCTAGAAGGACA-1,B cells
CAGTCCTAGACGCAAC-1,CL 1
CAGTCCTAGATGTCGG-1,CL 1
CAGTCCTAGCAATCTC-1,CL 1
CAGTCCTAGTTGAGTA-1,CL 1
CAGTCCTCAATGGATA-1,CD8 T
CAGTCCTCACACGCTG-1,CL 1
CAGTCCTCACATGTGT-1,CD8 T
CAGTCCTCAGCTGTGC-1,CL 1
CAGTCCTCATGCGCAC-1,Mono
CAGTCCTCATGTCCTC-1,NK
CAGTCCTCATTTGCTT-1,CL 1
CAGTCCTTCTCAAGTG-1,CD8 T
CAGTCCTTCTGCGTAA-1,CD8 T
CAGTCCTTCTTCAACT-1,CD8 T
CATATGGAGAACAACT-1,CD8 T
CATATGGAGGAGTAGA-1,CL 1
CATATGGAGGCTCTTA-1,CD8 T
CATATGGAGGTCATCT-1,CD8 T
CATATGGAGTCACGCC-1,B cells
CATATGGAGTGCCAGA-1,B cells
CATATGGAGTGTTAGA-1,CD8 T
CATATGGCAACACCCG-1,CD8 T
CATATGGCAAGCCGTC-1,CD8 T
CATATGGCACGGCCAT-1,B cells
CATATGGCAGGGTATG-1,Mono
CATATGGCAGTAAGCG-1,CD8 T
CATATGGGTGAGCGAT-1,B cells
CATATGGGTTGATTGC-1,Mono
CATATGGTCAGGCGAA-1,B cells
CATATGGTCCGCGTTT-1,CL 1
CATATGGTCGCAGGCT-1,Mono
CATATGGTCGGCTACG-1,Mono
CATATGGTCTATCCCG-1,CD8 T
CATATGGTCTCAAACG-1,CD8 T
CATATGGTCTCGCTTG-1,CD8 T
CATATGGTCTTGTCAT-1,CD8 T
CATATTCAGAGGTACC-1,CL 1
CATATTCAGCTCCCAG-1,CD8 T
CATATTCAGGGAACGG-1,CL 1
CATATTCAGGTGATTA-1,B cells
CATATTCAGTGAACAT-1,CD8 T
CATATTCCAATCGAAA-1,CD8 T
CATATTCCACCTATCC-1,CD8 T
CATATTCCATCGTCGG-1,CD8 T
CATATTCCATTAGCCA-1,Mono
CATATTCGTGAGGCTA-1,Mono
CATATTCGTGTAAGTA-1,CD8 T
CATATTCGTTGTCGCG-1,B cells
CATATTCTCACAATGC-1,B cells
CATATTCTCACAGTAC-1,CL 1
CATATTCTCATCGGAT-1,CL 1
CATATTCTCCTGCTTG-1,Mono
CATCAAGAGATATACG-1,B cells
CATCAAGAGCCACCTG-1,CD8 T
CATCAAGAGTCCATAC-1,B cells
CATCAAGAGTTGCAGG-1,Mono
CATCAAGAGTTGTCGT-1,NK
CATCAAGCAAGCGAGT-1,CD8 T
CATCAAGCACGACGAA-1,Mono
CATCAAGCACGGTAAG-1,Mono
CATCAAGCAGGTCCAC-1,CL 1
CATCAAGCATGCCACG-1,Mono
CATCAAGGTCGAATCT-1,Mono
CATCAAGGTCGACTGC-1,B cells
CATCAAGGTGAACCTT-1,CD8 T
CATCAAGGTGTCCTCT-1,CL 1
CATCAAGGTTGACGTT-1,B cells
CATCAAGTCAACGCTA-1,Mono
CATCAAGTCGTCCGTT-1,CD8 T
CATCAAGTCTCCAACC-1,Mono
CATCAAGTCTCTGAGA-1,CD8 T
CATCAGAAGCGTAGTG-1,CD8 T
CATCAGAAGCTATGCT-1,Mono
CATCAGAAGGCAGGTT-1,CD8 T
CATCAGAAGGCCGAAT-1,CD8 T
CATCAGAAGTGATCGG-1,CD8 T
CATCAGACAACTGCGC-1,CL 1
CATCAGACAAGGTTCT-1,CL 1
CATCAGACAAGTCATC-1,Mono
CATCAGACACAAGACG-1,CD8 T
CATCAGACAGATAATG-1,B cells
CATCAGACATATACCG-1,CL 1
CATCAGAGTAACGACG-1,B cells
CATCAGAGTAATAGCA-1,CL 1
CATCAGAGTAGGGACT-1,B cells
CATCAGAGTCGAACAG-1,Mono
CATCAGAGTGTCTGAT-1,Mono
CATCAGAGTTCCCGAG-1,CD8 T
CATCAGATCATCGGAT-1,CL 1
CATCAGATCATGCATG-1,CD8 T
CATCAGATCCGTAGGC-1,CD8 T
CATCAGATCGGAAATA-1,CD8 T
CATCAGATCGTAGATC-1,CD8 T
CATCCACAGAAACCGC-1,CD8 T
CATCCACAGTGCGTGA-1,CL 1
CATCCACAGTGTACGG-1,CL 1
CATCCACCACAACTGT-1,CD8 T
CATCCACCACGGTAAG-1,Mono
CATCCACCATCATCCC-1,NK
CATCCACGTACTCAAC-1,CL 1
CATCCACGTAGCCTCG-1,CD8 T
CATCCACGTCGCTTCT-1,B cells
CATCCACGTCGGATCC-1,NK
CATCCACGTGCTGTAT-1,CD8 T
CATCCACTCAGTGTTG-1,Mono
CATCCACTCATTGCCC-1,NK
CATCCACTCCGAACGC-1,CD8 T
CATCCACTCGAATCCA-1,CD8 T
CATCGAAAGGCGCTCT-1,CD8 T
CATCGAAAGGGATCTG-1,CD8 T
CATCGAACATTTGCTT-1,CD8 T
CATCGAAGTGGCGAAT-1,B cells
CATCGAAGTTCTGTTT-1,CD8 T
CATCGAATCAACACTG-1,NK
CATCGAATCACAGGCC-1,Mono
CATCGGGAGAGAACAG-1,NK
CATCGGGAGATAGCAT-1,B cells
CATCGGGAGCAGGCTA-1,CD8 T
CATCGGGAGGCGCTCT-1,B cells
CATCGGGAGTGGTAGC-1,CL 1
CATCGGGCAAGAAGAG-1,CD8 T
CATCGGGGTACAGTGG-1,Mono
CATCGGGGTAGCGCAA-1,CD8 T
CATCGGGGTTAAAGTG-1,CD8 T
CATCGGGGTTCCGTCT-1,NK
CATCGGGGTTGGGACA-1,CD8 T
CATCGGGGTTGTGGCC-1,Mono
CATCGGGTCACATGCA-1,B cells
CATCGGGTCACGCGGT-1,Mono
CATCGGGTCCGCAGTG-1,Mono
CATCGGGTCCTCAATT-1,CL 1
CATCGGGTCGCCTGAG-1,CL 1
CATCGGGTCTCTGAGA-1,CD8 T
CATCGGGTCTGACCTC-1,CD8 T
CATCGGGTCTGCCCTA-1,CD8 T
CATCGGGTCTGTCAAG-1,CL 1
CATGACAAGCGGCTTC-1,CL 1
CATGACAAGGCATTGG-1,CD8 T
CATGACAAGGGTATCG-1,CL 1
CATGACACAAGCCGCT-1,CD8 T
CATGACACAATCCAAC-1,CL 1
CATGACACACGGTAGA-1,Mono
CATGACACAGGAATGC-1,CD8 T
CATGACACATAAGACA-1,NK
CATGACAGTAAGTGGC-1,CL 1
CATGACAGTAGAAGGA-1,Mono
CATGACAGTGGGTCAA-1,CD8 T
CATGACAGTTCCACAA-1,Mono
CATGACAGTTCCATGA-1,B cells
CATGACATCACGATGT-1,Mono
CATGACATCAGCAACT-1,B cells
CATGACATCAGTGCAT-1,CD8 T
CATGACATCTCCTATA-1,Mono
CATGACATCTGTCTCG-1,B cells
CATGCCTAGGCATGGT-1,Mono
CATGCCTCACCAGTTA-1,CD8 T
CATGCCTCACCTCGGA-1,Mono
CATGCCTCACTATCTT-1,B cells
CATGCCTCATCTCGCT-1,CD8 T
CATGCCTGTACCAGTT-1,B cells
CATGCCTGTCTGGAGA-1,CD8 T
CATGCCTGTGCCTGTG-1,CD8 T
CATGCCTGTGTAAGTA-1,CD8 T
CATGCCTTCAACACAC-1,CL 1
CATGCCTTCACCCGAG-1,DC
CATGCCTTCACCGGGT-1,Mono
CATGCCTTCAGCTCGG-1,B cells
CATGCCTTCCGGGTGT-1,CD8 T
CATGCCTTCCTTGCCA-1,CL 1
CATGCCTTCGATAGAA-1,B cells
CATGCCTTCGGAAATA-1,CD8 T
CATGCCTTCGGTTCGG-1,CL 1
CATGCCTTCTGCCCTA-1,NK
CATGGCGAGGAGTTTA-1,CD8 T
CATGGCGAGTCCTCCT-1,CL 1
CATGGCGCAATCCGAT-1,Mono
CATGGCGCACACGCTG-1,B cells
CATGGCGCAGATGGGT-1,CD8 T
CATGGCGCAGCTGTAT-1,CL 1
CATGGCGCAGGTCCAC-1,CL 1
CATGGCGGTCTAGTGT-1,CD8 T
CATGGCGTCACGGTTA-1,B cells
CATTATCAGAGTGACC-1,Mono
CATTATCAGCGTCTAT-1,Mono
CATTATCAGGAGTTGC-1,Mono
CATTATCAGGTGTGGT-1,B cells
CATTATCAGTCTTGCA-1,NK
CATTATCCAACAACCT-1,CD8 T
CATTATCCACGCATCG-1,CL 1
CATTATCCACGGATAG-1,B cells
CATTATCCACTGCCAG-1,CL 1
CATTATCCAGTTCATG-1,CD8 T
CATTATCCATAACCTG-1,Mono
CATTATCCATCTACGA-1,B cells
CATTATCCATCTGGTA-1,Mono
CATTATCCATGCCACG-1,CD8 T
CATTATCCATGCCCGA-1,CD8 T
CATTATCGTGTGCGTC-1,Mono
CATTATCTCACAACGT-1,Mono
CATTCGCAGACTTTCG-1,CL 1
CATTCGCAGAGAGCTC-1,Mono
CATTCGCAGCGTGAGT-1,CD8 T
CATTCGCAGCTAACAA-1,CD8 T
CATTCGCAGGATATAC-1,CL 1
CATTCGCAGGTGTTAA-1,CL 1
CATTCGCCAATGTTGC-1,CL 1
CATTCGCCATTTGCTT-1,CD8 T
CATTCGCGTACCGTTA-1,Mono
CATTCGCGTAGGCATG-1,CL 1
CATTCGCGTCTTCGTC-1,CL 1
CATTCGCGTGAACCTT-1,Mono
CATTCGCTCAACCAAC-1,CD8 T
CATTCGCTCAGAGGTG-1,B cells
CATTCGCTCAGTTTGG-1,NK
CATTCGCTCGAACGGA-1,B cells
CATTCGCTCGCTTAGA-1,B cells
CATTCGCTCGGAGGTA-1,CD8 T
CATTCGCTCTCGCTTG-1,B cells
CATTCGCTCTTCTGGC-1,CL 1
CCAATCCAGAAACCAT-1,NK
CCAATCCAGACCACGA-1,CL 1
CCAATCCAGCACCGTC-1,CL 1
CCAATCCAGCAGCGTA-1,Mono
CCAATCCAGGACACCA-1,CD8 T
CCAATCCAGGCACATG-1,Mono
CCAATCCAGTGGAGAA-1,CD8 T
CCAATCCCACTGTGTA-1,DC
CCAATCCGTCCCTTGT-1,Mono
CCAATCCGTCCTAGCG-1,CL 1
CCAATCCGTCGACTGC-1,CD8 T
CCAATCCGTGATGTGG-1,CD8 T
CCAATCCGTGCTTCTC-1,CD8 T
CCAATCCGTTACCGAT-1,Mono
CCAATCCGTTCCCGAG-1,B cells
CCAATCCTCAACGAAA-1,B cells
CCAATCCTCACTATTC-1,Mono
CCAATCCTCAGGCGAA-1,CD8 T
CCAATCCTCATGGTCA-1,CL 1
CCAATCCTCCGCATCT-1,CD8 T
CCACCTAAGACAAGCC-1,CD8 T
CCACCTAAGACAGACC-1,Mono
CCACCTAAGCTGAAAT-1,CD8 T
CCACCTAAGCTTATCG-1,B cells
CCACCTAAGGAGCGAG-1,Mono
CCACCTAAGGTGATTA-1,Mono
CCACCTAAGTATCGAA-1,B cells
CCACCTAAGTCCGTAT-1,CL 1
CCACCTAAGTTAGGTA-1,CD8 T
CCACCTACAATGGTCT-1,Mono
CCACCTACAGGGATTG-1,CD8 T
CCACCTACAGTCGTGC-1,Mono
CCACCTACAGTTTACG-1,CD8 T
CCACCTAGTTAAGGGC-1,CD8 T
CCACCTAGTTCCCGAG-1,Mono
CCACCTATCCTGTACC-1,Mono
CCACGGAAGATAGCAT-1,CD8 T
CCACGGAAGCCGGTAA-1,B cells
CCACGGAAGGTGTTAA-1,Mono
CCACGGACACGGCCAT-1,CL 1
CCACGGACACGTCAGC-1,Mono
CCACGGAGTAAATGTG-1,B cells
CCACGGAGTATAGGTA-1,CL 1
CCACGGAGTCGCTTTC-1,Mono
CCACGGAGTCTCTTTA-1,B cells
CCACGGAGTTAGGGTG-1,Mono
CCACGGATCACCTTAT-1,Mono
CCACGGATCATAAAGG-1,DC
CCACGGATCCTTTCGG-1,CD8 T
CCACGGATCGCAGGCT-1,CD8 T
CCACGGATCTCCAGGG-1,DC
CCACGGATCTGGAGCC-1,CD8 T
CCACGGATCTTACCTA-1,CD8 T
CCACGGATCTTTAGTC-1,CD8 T
CCACTACAGCCCAACC-1,Mono
CCACTACAGCTACCTA-1,CD8 T
CCACTACAGGGTCTCC-1,CL 1
CCACTACAGTGTGAAT-1,CD8 T
CCACTACCAATGGAAT-1,CL 1
CCACTACCAGCTGTTA-1,CD8 T
CCACTACCAGTCCTTC-1,CL 1
CCACTACCATTTCAGG-1,CD8 T
CCACTACGTCCAGTAT-1,CL 1
CCACTACGTTCTGGTA-1,CL 1
CCACTACTCCGTCAAA-1,CD8 T
CCACTACTCTTGACGA-1,Mono
CCAGCGAAGATGTTAG-1,Mono
CCAGCGAAGGGCTTGA-1,CD8 T
CCAGCGAAGTCACGCC-1,CD8 T
CCAGCGACAAAGTGCG-1,CD8 T
CCAGCGACAAGCGCTC-1,NK
CCAGCGACAAGCGTAG-1,CD8 T
CCAGCGACACATGTGT-1,Mono
CCAGCGACAGTGGAGT-1,CD8 T
CCAGCGAGTATAGGGC-1,B cells
CCAGCGAGTCACCTAA-1,NK
CCAGCGAGTCTAGGTT-1,CD8 T
CCAGCGAGTGATGTCT-1,CL 1
CCAGCGAGTTGCTCCT-1,CL 1
CCAGCGATCAACGGCC-1,CL 1
CCAGCGATCCGAACGC-1,CL 1
CCAGCGATCCGTTGCT-1,CL 1
CCAGCGATCCTAGTGA-1,CD8 T
CCAGCGATCGAGGTAG-1,CD8 T
CCATGTCAGAGTCTGG-1,CD8 T
CCATGTCAGGCAGTCA-1,Mono
CCATGTCAGGCGTACA-1,CD8 T
CCATGTCCACCACCAG-1,CL 1
CCATGTCCAGGCTCAC-1,NK
CCATGTCCATGCCCGA-1,B cells
CCATGTCGTAGAAAGG-1,Mono
CCATGTCGTCAGAAGC-1,CL 1
CCATGTCGTTCGGGCT-1,CD8 T
CCATGTCTCAACACTG-1,Mono
CCATGTCTCAATCTCT-1,CL 1
CCATGTCTCCAAATGC-1,Mono
CCATTCGAGACAAAGG-1,Mono
CCATTCGAGATGCCAG-1,NK
CCATTCGAGTAATCCC-1,CD8 T
CCATTCGCAACTGCTA-1,CD8 T
CCATTCGCACAGGAGT-1,CD8 T
CCATTCGCATACTACG-1,CD8 T
CCATTCGCATGTCGAT-1,Mono
CCATTCGGTGTGCGTC-1,Mono
CCATTCGTCATATCGG-1,CL 1
CCATTCGTCCACTGGG-1,B cells
CCATTCGTCGCCCTTA-1,Mono
CCATTCGTCGCGGATC-1,B cells
CCATTCGTCTCAACTT-1,CL 1
CCATTCGTCTCCAACC-1,CL 1
CCCAATCAGAAGGTGA-1,CL 1
CCCAATCAGACAGGCT-1,CD8 T
CCCAATCAGATCACGG-1,B cells
CCCAATCAGATCCCGC-1,Mono
CCCAATCAGCTTCGCG-1,NK
CCCAATCCAAGAAGAG-1,B cells
CCCAATCCACCACGTG-1,CD8 T
CCCAATCCAGAGTGTG-1,CL 1
CCCAATCCATCTCCCA-1,Mono
CCCAATCCATTTCACT-1,CL 1
CCCAATCGTCACACGC-1,B cells
CCCAATCGTCAGAATA-1,Mono
CCCAATCGTGCTGTAT-1,CD8 T
CCCAATCGTTACCAGT-1,CL 1
CCCAATCGTTGTACAC-1,Mono
CCCAATCTCAGTGTTG-1,CL 1
CCCAATCTCGCGTTTC-1,B cells
CCCAGTTAGAAACCTA-1,CL 1
CCCAGTTAGATGAGAG-1,CL 1
CCCAGTTAGTGTCCAT-1,Mono
CCCAGTTCAAGAGGCT-1,B cells
CCCAGTTCAATAGCAA-1,B cells
CCCAGTTCACCATGTA-1,CD8 T
CCCAGTTCACGGATAG-1,Mono
CCCAGTTCAGGAATGC-1,CD8 T
CCCAGTTCAGGTGGAT-1,Mono
CCCAGTTGTACATGTC-1,CD8 T
CCCAGTTGTGTCGCTG-1,Mono
CCCAGTTGTTATGTGC-1,CD8 T
CCCAGTTGTTGTACAC-1,CD8 T
CCCAGTTTCAGCATGT-1,CL 1
CCCAGTTTCCACGAAT-1,CD8 T
CCCAGTTTCCCTAACC-1,CD8 T
CCCAGTTTCCTCAACC-1,CL 1
CCCATACAGCTTCGCG-1,CD8 T
CCCATACAGTCTTGCA-1,CD8 T
CCCATACAGTGGTAGC-1,Mono
CCCATACAGTTGAGTA-1,Mono
CCCATACCAAGCGATG-1,DC
CCCATACCAAGGACTG-1,Mono
CCCATACCACCTGGTG-1,Mono
CCCATACCACGAGAGT-1,B cells
CCCATACCAGTTTACG-1,CL 1
CCCATACGTAGGACAC-1,Mono
CCCATACGTCATACTG-1,NK
CCCATACGTCCGTCAG-1,Mono
CCCATACGTGAGGGAG-1,CD8 T
CCCATACGTGTTCGAT-1,CD8 T
CCCATACGTTGTCTTT-1,Mono
CCCATACTCTGAAAGA-1,CD8 T
CCCTCCTAGAAGGGTA-1,CL 1
CCCTCCTAGACAAAGG-1,NK
CCCTCCTAGACCCACC-1,B cells
CCCTCCTAGACTGGGT-1,CD8 T
CCCTCCTAGAGTCGGT-1,CL 1
CCCTCCTAGCACGCCT-1,CL 1
CCCTCCTAGGCAGGTT-1,Mono
CCCTCCTAGGCGCTCT-1,CD8 T
CCCTCCTAGTCGCCGT-1,Mono
CCCTCCTCAAGAGTCG-1,CD8 T
CCCTCCTCAATCAGAA-1,CL 1
CCCTCCTCAGATCCAT-1,B cells
CCCTCCTCAGGGTATG-1,Mono
CCCTCCTCAGTAACGG-1,CL 1
CCCTCCTCATTTCAGG-1,B cells
CCCTCCTGTAATAGCA-1,B cells
CCCTCCTGTACCCAAT-1,Mono
CCCTCCTGTCAGTGGA-1,CD8 T
CCCTCCTGTGAGGGTT-1,CD8 T
CCCTCCTGTGCAGTAG-1,Mono
CCCTCCTGTGTGACCC-1,Mono
CCCTCCTTCAGTCAGT-1,Mono
CCCTCCTTCCAGATCA-1,CD8 T
CCCTCCTTCGCCTGAG-1,Mono
CCCTCCTTCGTCTGCT-1,CL 1
CCCTCCTTCTCCCTGA-1,CD8 T
CCGGGATCAAACCCAT-1,Mono
CCGGGATCAAAGGAAG-1,CD8 T
CCGGGATCAGATAATG-1,CL 1
CCGGGATCAGCGTCCA-1,CD8 T
CCGGGATCAGCTGCAC-1,CL 1
CCGGGATCATAGGATA-1,CL 1
CCGGGATCATCCGGGT-1,CD8 T
CCGGGATGTAAAGTCA-1,Mono
CCGGGATGTAAGGGAA-1,CL 1
CCGGGATGTACCGTAT-1,CL 1
CCGGGATGTACTCGCG-1,CL 1
CCGGGATGTAGCTTGT-1,CD8 T
CCGGGATGTATTCGTG-1,Mono
CCGGGATGTCCGTTAA-1,CL 1
CCGGGATGTGATGATA-1,B cells
CCGGGATGTTACTGAC-1,B cells
CCGGGATGTTCGTCTC-1,Mono
CCGGGATTCAACGAAA-1,B cells
CCGGGATTCATAGCAC-1,B cells
CCGGGATTCCCAGGTG-1,CL 1
CCGGGATTCCGTAGGC-1,Mono
CCGGGATTCTCAACTT-1,Mono
CCGGTAGAGCCAGAAC-1,Mono
CCGGTAGAGCTCCTCT-1,B cells
CCGGTAGAGCTTATCG-1,CL 1
CCGGTAGAGGCTAGAC-1,CD8 T
CCGGTAGAGTCCGTAT-1,CD8 T
CCGGTAGCAAACGCGA-1,CD8 T
CCGGTAGCAGACGCTC-1,CL 1
CCGGTAGCAGTAGAGC-1,CD8 T
CCGGTAGCATATGAGA-1,CD8 T
CCGGTAGCATCGATGT-1,CD8 T
CCGGTAGCATTACCTT-1,Mono
CCGGTAGGTAACGTTC-1,B cells
CCGGTAGGTTGAGTTC-1,B cells
CCGGTAGTCAACACGT-1,CL 1
CCGGTAGTCGAGCCCA-1,B cells
CCGGTAGTCGTCTGAA-1,B cells
CCGGTAGTCTCTTATG-1,Mono
CCGTACTAGAGACTTA-1,CD8 T
CCGTACTAGAGCTATA-1,CL 1
CCGTACTAGCTACCTA-1,CL 1
CCGTACTAGCTCTCGG-1,CD8 T
CCGTACTCAGACGCTC-1,CL 1
CCGTACTCAGCCAATT-1,Mono
CCGTACTCAGTCAGCC-1,B cells
CCGTACTGTAAATACG-1,B cells
CCGTACTGTAACGTTC-1,CL 1
CCGTACTGTACCGGCT-1,CD8 T
CCGTACTGTCGGGTCT-1,B cells
CCGTACTGTCTAAACC-1,Mono
CCGTACTGTTCCTCCA-1,NK
CCGTACTGTTTGCATG-1,CL 1
CCGTACTTCAGTTGAC-1,CD8 T
CCGTACTTCATAACCG-1,Mono
CCGTACTTCCTCATTA-1,CL 1
CCGTACTTCGGTGTTA-1,CD8 T
CCGTACTTCTGTCCGT-1,CD8 T
CCGTGGAAGATCGGGT-1,CD8 T
CCGTGGAAGCAGCGTA-1,Mono
CCGTGGAAGCAGGCTA-1,CD8 T
CCGTGGACAACACCTA-1,Mono
CCGTGGACAATGTTGC-1,CL 1
CCGTGGACACCCATGG-1,Mono
CCGTGGACAGATCTGT-1,CD8 T
CCGTGGACAGGATCGA-1,CD8 T
CCGTGGACAGTCAGCC-1,CL 1
CCGTGGACAGTGACAG-1,CL 1
CCGTGGACAGTTCATG-1,Mono
CCGTGGACATCCTTGC-1,Mono
CCGTGGAGTCATGCAT-1,CL 1
CCGTGGAGTCTAGCGC-1,B cells
CCGTGGAGTTACGCGC-1,CL 1
CCGTGGATCGTACCGG-1,CD8 T
CCGTTCAAGACTTGAA-1,CD8 T
CCGTTCAAGAGAACAG-1,CD8 T
CCGTTCAAGGCTCAGA-1,B cells
CCGTTCAAGGTAGCTG-1,CD8 T
CCGTTCAAGTCTCAAC-1,CD8 T
CCGTTCACAAGGCTCC-1,CD8 T
CCGTTCACACCCATGG-1,Mono
CCGTTCACAGTAACGG-1,CD8 T
CCGTTCACATGCCACG-1,CD8 T
CCGTTCACATGCCTAA-1,DC
CCGTTCACATGGAATA-1,CL 1
CCGTTCAGTCCTAGCG-1,CL 1
CCGTTCAGTGAGGGAG-1,CD8 T
CCGTTCAGTGCACGAA-1,CD8 T
CCGTTCAGTGCGCTTG-1,B cells
CCGTTCAGTGCTCTTC-1,CL 1
CCGTTCAGTTGGAGGT-1,CL 1
CCGTTCATCACCACCT-1,CD8 T
CCGTTCATCACTCCTG-1,Mono
CCGTTCATCCACGCAG-1,Mono
CCGTTCATCCATGAAC-1,B cells
CCGTTCATCGGTCTAA-1,B cells
CCGTTCATCTTACCTA-1,CL 1
CCGTTCATCTTCTGGC-1,CD8 T
CCTAAAGAGAATGTTG-1,CD8 T
CCTAAAGAGCACACAG-1,Mono
CCTAAAGAGCCAGTAG-1,CD8 T
CCTAAAGAGCTCCCAG-1,CD8 T
CCTAAAGAGGGTCGAT-1,CD8 T
CCTAAAGAGTAATCCC-1,CD8 T
CCTAAAGAGTGGTAAT-1,CD8 T
CCTAAAGCAAGTAGTA-1,CD8 T
CCTAAAGCACACAGAG-1,B cells
CCTAAAGCACCTGGTG-1,CL 1
CCTAAAGCAGCATACT-1,NK
CCTAAAGCAGCTCCGA-1,Mono
CCTAAAGCAGGTTTCA-1,Mono
CCTAAAGCAGTGACAG-1,CD8 T
CCTAAAGCATGAACCT-1,CL 1
CCTAAAGCATTAGGCT-1,CD8 T
CCTAAAGCATTTCACT-1,CD8 T
CCTAAAGGTCAGAGGT-1,Mono
CCTAAAGTCGTTTGCC-1,CD8 T
CCTAAAGTCTCAAACG-1,CD8 T
CCTAAAGTCTGAGTGT-1,B cells
CCTACACAGAATTCCC-1,B cells
CCTACACAGATGTGTA-1,Mono
CCTACACAGCTACCGC-1,CD8 T
CCTACACCAAGCCGTC-1,CD8 T
CCTACACCACGCCAGT-1,CD8 T
CCTACACCAGCTCCGA-1,CD8 T
CCTACACCAGTTCCCT-1,CD8 T
CCTACACCATCTCCCA-1,B cells
CCTACACGTACCAGTT-1,CD8 T
CCTACACGTATCAGTC-1,CD8 T
CCTACACGTCTAAAGA-1,Mono
CCTACACGTTCGAATC-1,Mono
CCTACACTCAACGGCC-1,CD8 T
CCTACACTCGAATCCA-1,DC
CCTACACTCGGCGGTT-1,CD8 T
CCTACCAAGACTCGGA-1,CD8 T
CCTACCAAGCCAGTTT-1,Mono
CCTACCAAGCGGCTTC-1,Mono
CCTACCAAGCTGGAAC-1,CD8 T
CCTACCAAGGCTCATT-1,Mono
CCTACCAAGGTGCACA-1,CD8 T
CCTACCACAAATACAG-1,CD8 T
CCTACCACAAGTAGTA-1,CL 1
CCTACCACAGCTATTG-1,CL 1
CCTACCACAGTAAGCG-1,Mono
CCTACCACATGAACCT-1,CL 1
CCTACCACATTCACTT-1,CD8 T
CCTACCAGTAGCTGCC-1,CL 1
CCTACCAGTATCGCAT-1,CD8 T
CCTACCAGTCCCTACT-1,Mono
CCTACCAGTCTAGAGG-1,CL 1
CCTACCAGTCTGATTG-1,CL 1
CCTACCAGTGGTCTCG-1,CD8 T
CCTACCAGTGTTTGGT-1,CD8 T
CCTACCAGTTTAAGCC-1,CD8 T
CCTACCATCCAAATGC-1,CL 1
CCTACCATCCCATTTA-1,Mono
CCTACCATCCTCCTAG-1,CD8 T
CCTACCATCGGAATCT-1,CD8 T
CCTAGCTAGAGACGAA-1,CD8 T
CCTAGCTAGAGGTTAT-1,CD8 T
CCTAGCTAGATGCGAC-1,Mono
CCTAGCTAGCTTCGCG-1,B cells
CCTAGCTAGTGTACGG-1,Mono
CCTAGCTAGTTTGCGT-1,CD8 T
CCTAGCTCAATAACGA-1,CL 1
CCTAGCTCAATCGGTT-1,NK
CCTAGCTCACCTCGTT-1,Mono
CCTAGCTCATAGACTC-1,CD8 T
CCTAGCTCATGCGCAC-1,B cells
CCTAGCTGTGCACTTA-1,CD8 T
CCTAGCTGTGGTTTCA-1,Mono
CCTAGCTGTTAAGATG-1,CL 1
CCTAGCTGTTGGAGGT-1,Mono
CCTAGCTGTTTGGCGC-1,B cells
CCTAGCTTCAAACCGT-1,CD8 T
CCTAGCTTCAGCACAT-1,CD8 T
CCTAGCTTCCCATTAT-1,Mono
CCTAGCTTCCGAACGC-1,Mono
CCTATTAAGTACTTGC-1,Mono
CCTATTAAGTCTCAAC-1,CL 1
CCTATTACATCTACGA-1,CD8 T
CCTATTACATTGAGCT-1,CL 1
CCTATTAGTAAATACG-1,Mono
CCTATTAGTGACAAAT-1,B cells
CCTATTAGTGTGGTTT-1,Mono
CCTATTATCACGCGGT-1,Mono
CCTATTATCGATGAGG-1,NK
CCTATTATCGCGCCAA-1,CD8 T
CCTATTATCGTTGACA-1,CD8 T
CCTATTATCTGGCGTG-1,Mono
CCTATTATCTTACCGC-1,Mono
CCTCAGTAGGATGTAT-1,Mono
CCTCAGTAGGCTATCT-1,CD8 T
CCTCAGTAGGGAACGG-1,Mono
CCTCAGTAGTCCATAC-1,CD8 T
CCTCAGTCAAACGCGA-1,Mono
CCTCAGTCAACACCCG-1,CD8 T
CCTCAGTCAAGCCTAT-1,CL 1
CCTCAGTCACCATCCT-1,CD8 T
CCTCAGTGTACATCCA-1,B cells
CCTCAGTGTAGAAAGG-1,CD8 T
CCTCAGTGTATCTGCA-1,CD8 T
CCTCAGTGTGCAGGTA-1,CD8 T
CCTCAGTTCCACGCAG-1,Mono
CCTCAGTTCGTTTATC-1,CD8 T
CCTCAGTTCTGACCTC-1,Mono
CCTCAGTTCTGAGGGA-1,CD8 T
CCTCAGTTCTTGTACT-1,CL 1
CCTCTGAAGACCACGA-1,CL 1
CCTCTGAAGCGTCAAG-1,CD8 T
CCTCTGACACATTCGA-1,CD8 T
CCTCTGACACCTTGTC-1,Mono
CCTCTGACAGCTTAAC-1,NK
CCTCTGACAGGGTTAG-1,Mono
CCTCTGACATCGATGT-1,Mono
CCTCTGACATGGAATA-1,B cells
CCTCTGACATGGATGG-1,CL 1
CCTCTGAGTCTTCGTC-1,Mono
CCTCTGAGTTGACGTT-1,Mono
CCTCTGATCAAGGCTT-1,NK
CCTCTGATCTAAGCCA-1,CL 1
CCTCTGATCTACCAGA-1,Mono
CCTTACGAGCAACGGT-1,B cells
CCTTACGAGTCTCAAC-1,Mono
CCTTACGAGTGTACTC-1,Mono
CCTTACGCAAGCGCTC-1,CD8 T
CCTTACGCACATTTCT-1,Mono
CCTTACGCACGTCAGC-1,CD8 T
CCTTACGCAGCGAACA-1,CD8 T
CCTTACGCATAGACTC-1,CD8 T
CCTTACGCATTGTGCA-1,CD8 T
CCTTACGGTACAAGTA-1,NK
CCTTACGGTCAATACC-1,B cells
CCTTACGGTGTCTGAT-1,CL 1
CCTTACGGTGTTAAGA-1,CD8 T
CCTTACGTCAATCTCT-1,NK
CCTTACGTCAGCCTAA-1,Mono
CCTTACGTCATGCTCC-1,CL 1
CCTTACGTCCCAAGAT-1,CL 1
CCTTACGTCCTACAGA-1,Mono
CCTTACGTCGCTTGTC-1,Mono
CCTTACGTCGGAAACG-1,CD8 T
CCTTACGTCTCAAGTG-1,Mono
CCTTCCCAGAGTGAGA-1,Mono
CCTTCCCAGCTGAACG-1,B cells
CCTTCCCAGCTTATCG-1,CL 1
CCTTCCCAGGCAATTA-1,B cells
CCTTCCCCAATAGCAA-1,DC
CCTTCCCCAATGACCT-1,Mono
CCTTCCCCACAGATTC-1,Mono
CCTTCCCCATAGGATA-1,B cells
CCTTCCCGTACACCGC-1,Mono
CCTTCCCGTCGGCTCA-1,CD8 T
CCTTCCCGTTTACTCT-1,DC
CCTTCCCTCACGAAGG-1,CD8 T
CCTTCCCTCAGCTTAG-1,CL 1
CCTTCCCTCATCTGTT-1,CD8 T
CCTTCCCTCCTTTCTC-1,Mono
CCTTCGAAGACTAAGT-1,CD8 T
CCTTCGAAGAGCTGCA-1,B cells
CCTTCGAAGCTAACTC-1,Mono
CCTTCGAAGGCGTACA-1,CD8 T
CCTTCGAAGGTGCTTT-1,CL 1
CCTTCGAAGTCCAGGA-1,CD8 T
CCTTCGAAGTGCTGCC-1,CD8 T
CCTTCGACAACAACCT-1,CL 1
CCTTCGACACAGACAG-1,CD8 T
CCTTCGACATGTTCCC-1,Mono
CCTTCGAGTAAGTAGT-1,B cells
CCTTCGAGTCGAGATG-1,CD8 T
CCTTCGAGTCGAGTTT-1,CD8 T
CCTTCGAGTTCCCGAG-1,Mono
CCTTCGATCCAAGCCG-1,CL 1
CCTTCGATCGGCGCTA-1,CD8 T
CCTTCGATCTTGTCAT-1,CL 1
CCTTTCTAGCCAGTTT-1,CD8 T
CCTTTCTAGGCAAAGA-1,CD8 T
CCTTTCTAGTAGATGT-1,CL 1
CCTTTCTAGTGTGAAT-1,DC
CCTTTCTCACAGAGGT-1,NK
CCTTTCTCACATAACC-1,CL 1
CCTTTCTCACGTCAGC-1,CD8 T
CCTTTCTGTCTTTCAT-1,Mono
CCTTTCTGTGCGATAG-1,Mono
CCTTTCTGTGCGGTAA-1,NK
CCTTTCTGTGTGAATA-1,DC
CCTTTCTTCAATCTCT-1,Mono
CCTTTCTTCGCCTGTT-1,Mono
CCTTTCTTCGGTCCGA-1,Mono
CGAACATAGAAACCGC-1,CD8 T
CGAACATAGCCGATTT-1,DC
CGAACATAGGCCCGTT-1,CL 1
CGAACATAGGTAAACT-1,CD8 T
CGAACATAGTAGCCGA-1,CD8 T
CGAACATCAAACCCAT-1,CL 1
CGAACATCAAGTAATG-1,CL 1
CGAACATCAGATGGGT-1,CL 1
CGAACATCATCATCCC-1,B cells
CGAACATCATCGATGT-1,Mono
CGAACATCATTCGACA-1,CD8 T
CGAACATGTAAGTTCC-1,B cells
CGAACATGTCAAAGAT-1,Mono
CGAACATGTCATCGGC-1,CL 1
CGAACATGTCCAAGTT-1,CD8 T
CGAACATGTCTTGATG-1,Mono
CGAACATGTGCAGTAG-1,DC
CGAACATGTGGCCCTA-1,Mono
CGAACATGTTAAGGGC-1,CL 1
CGAACATTCAACACAC-1,B cells
CGAACATTCACATAGC-1,Mono
CGAACATTCCAAGCCG-1,CL 1
CGAACATTCCCAAGTA-1,NK
CGAACATTCCGATATG-1,CD8 T
CGAACATTCTTACCTA-1,B cells
CGAATGTAGACCTAGG-1,Mono
CGAATGTAGAGTCTGG-1,CL 1
CGAATGTAGTCCATAC-1,CL 1
CGAATGTCATTGCGGC-1,CD8 T
CGAATGTGTGAGGCTA-1,CL 1
CGAATGTGTGCAGACA-1,Mono
CGAATGTGTTTCGCTC-1,CD8 T
CGAATGTGTTTGGGCC-1,CD8 T
CGAATGTTCAACGAAA-1,B cells
CGAATGTTCCGAGCCA-1,B cells
CGAATGTTCGTACGGC-1,Mono
CGAATGTTCTATCGCC-1,CD8 T
CGACCTTAGATCTGCT-1,CL 1
CGACCTTAGCCTTGAT-1,CD8 T
CGACCTTCACGTTGGC-1,CD8 T
CGACCTTCAGCGATCC-1,B cells
CGACCTTCAGCTATTG-1,Mono
CGACCTTCATCCAACA-1,CD8 T
CGACCTTCATCCCATC-1,Mono
CGACCTTCATCTGGTA-1,CD8 T
CGACCTTCATGCAATC-1,CL 1
CGACCTTCATTACGAC-1,CD8 T
CGACCTTGTACCGGCT-1,CD8 T
CGACCTTGTCAACATC-1,CD8 T
CGACCTTGTCCTCCAT-1,DC
CGACCTTGTGGTGTAG-1,Mono
CGACCTTTCCACGTGG-1,CL 1
CGACCTTTCCGCGCAA-1,CD8 T
CGACTTCAGAAGGCCT-1,CD8 T
CGACTTCAGACCCACC-1,CL 1
CGACTTCAGTACGTAA-1,CD8 T
CGACTTCCAAAGCGGT-1,CD8 T
CGACTTCCACGACGAA-1,CD8 T
CGACTTCCACGGCTAC-1,CL 1
CGACTTCCATACTCTT-1,B cells
CGACTTCCATCCGCGA-1,CL 1
CGACTTCGTAGATTAG-1,CL 1
CGACTTCGTATGAAAC-1,CD8 T
CGACTTCGTTCCACAA-1,Mono
CGACTTCTCAGGCAAG-1,CL 1
CGACTTCTCAGGTTCA-1,CD8 T
CGACTTCTCGATCCCT-1,CL 1
CGACTTCTCGGAAACG-1,B cells
CGACTTCTCGTGGTCG-1,CD8 T
CGAGAAGAGATATGGT-1,CL 1
CGAGAAGAGCGGCTTC-1,CL 1
CGAGAAGAGGTACTCT-1,B cells
CGAGAAGAGTACGCCC-1,CD8 T
CGAGAAGCAGTAAGCG-1,B cells
CGAGAAGCATCTGGTA-1,CD8 T
CGAGAAGGTAAGTAGT-1,CD8 T
CGAGAAGGTACCCAAT-1,B cells
CGAGAAGGTACCGTTA-1,Mono
CGAGAAGGTAGGACAC-1,CL 1
CGAGAAGGTGTTTGGT-1,B cells
CGAGAAGGTTATCACG-1,CD8 T
CGAGAAGTCACGGTTA-1,NK
CGAGAAGTCACTTCAT-1,NK
CGAGAAGTCAGTGTTG-1,CL 1
CGAGAAGTCATCTGTT-1,CL 1
CGAGAAGTCTGACCTC-1,Mono
CGAGCACAGGCTCATT-1,Mono
CGAGCACAGTCGTTTG-1,NK
CGAGCACCAACTTGAC-1,B cells
CGAGCACCAAGGACAC-1,Mono
CGAGCACCACGGTAAG-1,B cells
CGAGCACCAGATAATG-1,Mono
CGAGCACCAGTGACAG-1,Mono
CGAGCACGTAAGGATT-1,CD8 T
CGAGCACGTGCACCAC-1,B cells
CGAGCACGTGTAAGTA-1,CD8 T
CGAGCACTCAGCTCGG-1,CD8 T
CGAGCACTCGACCAGC-1,CD8 T
CGAGCACTCGCGATCG-1,Mono
CGAGCCAAGATAGTCA-1,B cells
CGAGCCAAGATGCGAC-1,Mono
CGAGCCAAGCCACGTC-1,CD8 T
CGAGCCAAGGAATTAC-1,Mono
CGAGCCAAGTGGACGT-1,CD8 T
CGAGCCACACCCTATC-1,B cells
CGAGCCACACGTGAGA-1,Mono
CGAGCCACAGGAACGT-1,B cells
CGAGCCACAGGTGGAT-1,Mono
CGAGCCACATGAACCT-1,B cells
CGAGCCACATGCCCGA-1,CL 1
CGAGCCACATGTTGAC-1,CL 1
CGAGCCAGTAAGTGGC-1,B cells
CGAGCCAGTAGCCTCG-1,CD8 T
CGAGCCAGTCCATCCT-1,Mono
CGAGCCAGTCCGAGTC-1,CL 1
CGAGCCAGTGACGGTA-1,Mono
CGAGCCATCACGATGT-1,B cells
CGAGCCATCCATTCTA-1,CL 1
CGAGCCATCCCTAACC-1,CD8 T
CGAGCCATCCCTGACT-1,CD8 T
CGAGCCATCCTTGACC-1,CD8 T
CGAGCCATCGCTTGTC-1,CD8 T
CGAGCCATCGGAGGTA-1,NK
CGAGCCATCTCGAGTA-1,CD8 T
CGAGCCATCTGGAGCC-1,CD8 T
CGAGCCATCTTACCTA-1,CL 1
CGATCGGAGTATCTCG-1,Mono
CGATCGGAGTCAAGCG-1,NK
CGATCGGAGTCCAGGA-1,Mono
CGATCGGAGTGAACAT-1,Mono
CGATCGGCACAAGACG-1,B cells
CGATCGGCACACCGAC-1,Mono
CGATCGGCACACCGCA-1,CD8 T
CGATCGGCACATCCAA-1,B cells
CGATCGGCATTGGTAC-1,B cells
CGATCGGGTACCCAAT-1,Mono
CGATCGGGTACCGGCT-1,CL 1
CGATCGGGTAGAGGAA-1,CD8 T
CGATCGGGTATAGGTA-1,Mono
CGATCGGGTCCAGTAT-1,Mono
CGATCGGGTCTAGCCG-1,Mono
CGATCGGGTGCGCTTG-1,CD8 T
CGATCGGGTTGCCTCT-1,DC
CGATCGGTCAGTTTGG-1,Mono
CGATCGGTCATAAAGG-1,NK
CGATCGGTCTCTGCTG-1,CD8 T
CGATGGCAGCACCGTC-1,CD8 T
CGATGGCAGGAATCGC-1,B cells
CGATGGCAGGTAGCCA-1,B cells
CGATGGCAGTGAACAT-1,NK
CGATGGCAGTTGAGTA-1,CD8 T
CGATGGCCACAGACTT-1,B cells
CGATGGCCACATCCAA-1,NK
CGATGGCCACGAAAGC-1,B cells
CGATGGCCAGGGAGAG-1,CD8 T
CGATGGCCATCACGAT-1,CD8 T
CGATGGCCATGGTTGT-1,CD8 T
CGATGGCGTAGCGATG-1,Mono
CGATGGCGTAGCGCTC-1,Mono
CGATGGCGTCGAACAG-1,CD8 T
CGATGGCTCAACACTG-1,Mono
CGATGGCTCACCAGGC-1,CD8 T
CGATGGCTCTTGACGA-1,CL 1
CGATGTAAGAAACCAT-1,B cells
CGATGTAAGCTAGTGG-1,B cells
CGATGTAAGGGCTTCC-1,Mono
CGATGTACACTCAGGC-1,Mono
CGATGTAGTAGCTAAA-1,CL 1
CGATGTAGTATCAGTC-1,CD8 T
CGATGTATCACCTTAT-1,Mono
CGATGTATCGTGGGAA-1,Mono
CGATGTATCTCAACTT-1,CD8 T
CGATTGAAGCGTAGTG-1,B cells
CGATTGAAGGTGTTAA-1,CD8 T
CGATTGAAGTTCGCAT-1,Mono
CGATTGACAAGCCGCT-1,Mono
CGATTGACAGAGTGTG-1,CD8 T
CGATTGACATAGAAAC-1,CD8 T
CGATTGAGTAAACCTC-1,B cells
CGATTGAGTACAGTGG-1,B cells
CGATTGAGTAGCGATG-1,Mono
CGATTGAGTCCGAATT-1,CL 1
CGATTGAGTCTGCAAT-1,Mono
CGATTGAGTCTTTCAT-1,CL 1
CGATTGAGTGACAAAT-1,B cells
CGATTGATCGTAGGAG-1,Mono
CGATTGATCGTGGACC-1,B cells
CGATTGATCTGTGCAA-1,Mono
CGCCAAGAGAAGAAGC-1,Mono
CGCCAAGAGCTAGTCT-1,B cells
CGCCAAGAGCTGAACG-1,CL 1
CGCCAAGAGGCATGTG-1,CD8 T
CGCCAAGCACTCTGTC-1,CL 1
CGCCAAGCATATGGTC-1,B cells
CGCCAAGCATCTCGCT-1,Mono
CGCCAAGCATGAAGTA-1,CD8 T
CGCCAAGCATTAGGCT-1,B cells
CGCCAAGGTAAAGGAG-1,CD8 T
CGCCAAGGTAGGAGTC-1,CD8 T
CGCCAAGGTTACGCGC-1,CL 1
CGCCAAGTCACCCGAG-1,CD8 T
CGCCAAGTCAGCGATT-1,B cells
CGCCAAGTCCATGCTC-1,NK
CGCCAAGTCCGAACGC-1,Mono
CGCCAAGTCGGTCTAA-1,B cells
CGCCAAGTCGTACCGG-1,CL 1
CGCCAAGTCTACCAGA-1,Mono
CGCGGTAAGAAACCAT-1,CL 1
CGCGGTAAGAGTACCG-1,NK
CGCGGTAAGCAAATCA-1,CD8 T
CGCGGTAAGGTGCAAC-1,CD8 T
CGCGGTAAGTGCCATT-1,CL 1
CGCGGTACAAGCCATT-1,CL 1
CGCGGTACAAGCCGTC-1,CD8 T
CGCGGTACAGTACACT-1,CD8 T
CGCGGTAGTACTCGCG-1,Mono
CGCGGTAGTATCTGCA-1,CD8 T
CGCGGTAGTCAACTGT-1,CD8 T
CGCGGTAGTGGGTCAA-1,Mono
CGCGGTATCAGAAATG-1,CL 1
CGCGGTATCGCCAAAT-1,CL 1
CGCGGTATCGTAGGAG-1,CD8 T
CGCGGTATCTGCAAGT-1,DC
CGCGGTATCTTTACAC-1,Mono
CGCGTTTAGACAGACC-1,Mono
CGCGTTTAGGACATTA-1,Mono
CGCGTTTAGGTGTTAA-1,CD8 T
CGCGTTTAGTTGAGTA-1,Mono
CGCGTTTCACAGTCGC-1,CD8 T
CGCGTTTCACGTCTCT-1,CL 1
CGCGTTTCACTGTCGG-1,Mono
CGCGTTTCAGAAGCAC-1,CL 1
CGCGTTTCAGCTTAAC-1,CD8 T
CGCGTTTCATAACCTG-1,CL 1
CGCGTTTCATGTAAGA-1,B cells
CGCGTTTGTCAAACTC-1,CD8 T
CGCGTTTGTCACTTCC-1,CD8 T
CGCGTTTGTCGCTTCT-1,CD8 T
CGCGTTTGTCGGATCC-1,NK
CGCGTTTGTCTGCCAG-1,CD8 T
CGCGTTTGTCTTGCGG-1,CD8 T
CGCGTTTGTGTCGCTG-1,CD8 T
CGCGTTTGTGTTCTTT-1,CD8 T
CGCGTTTGTTTAGCTG-1,CL 1
CGCGTTTTCCGCGGTA-1,CD8 T
CGCGTTTTCGCTGATA-1,Mono
CGCGTTTTCGTGACAT-1,CD8 T
CGCTATCAGAATTCCC-1,CD8 T
CGCTATCAGCAGATCG-1,Mono
CGCTATCAGCGATATA-1,Mono
CGCTATCAGTACCGGA-1,B cells
CGCTATCCACTTAACG-1,CD8 T
CGCTATCCAGGCTCAC-1,CL 1
CGCTATCCAGTGGAGT-1,CD8 T
CGCTATCCATCGGGTC-1,CL 1
CGCTATCCATGCTGGC-1,CD8 T
CGCTATCGTATTCGTG-1,CD8 T
CGCTATCGTCAGAGGT-1,B cells
CGCTATCGTGAGGGTT-1,NK
CGCTATCGTTTGTTGG-1,CL 1
CGCTATCTCTAGCACA-1,CD8 T
CGCTATCTCTGGAGCC-1,NK
CGCTATCTCTGTCCGT-1,NK
CGCTGGAAGCGAAGGG-1,Mono
CGCTGGAAGCTAGCCC-1,Mono
CGCTGGAAGGACAGCT-1,CD8 T
CGCTGGAAGGCTACGA-1,Mono
CGCTGGACACAGCCCA-1,CD8 T
CGCTGGACACATAACC-1,CD8 T
CGCTGGACAGTCGTGC-1,Mono
CGCTGGACATATGGTC-1,B cells
CGCTGGATCGTCTGAA-1,CD8 T
CGCTGGATCTCTTGAT-1,CL 1
CGCTGGATCTTGCATT-1,CD8 T
CGCTTCAAGTGACATA-1,CL 1
CGCTTCAAGTTCGATC-1,Mono
CGCTTCACAATCGGTT-1,Mono
CGCTTCACAGGTCCAC-1,CD8 T
CGCTTCACATAGGATA-1,CD8 T
CGCTTCACATGAGCGA-1,Mono
CGCTTCAGTAGCGTGA-1,CD8 T
CGCTTCAGTCCGCTGA-1,B cells
CGCTTCAGTGCGCTTG-1,Mono
CGCTTCAGTTCCACTC-1,Mono
CGCTTCATCCGGCACA-1,Mono
CGCTTCATCGCATGAT-1,CD8 T
CGCTTCATCTTGTACT-1,CD8 T
CGGACACAGAACTGTA-1,B cells
CGGACACAGAATAGGG-1,DC
CGGACACAGATACACA-1,CD8 T
CGGACACAGTACGTTC-1,CD8 T
CGGACACAGTCCGTAT-1,CD8 T
CGGACACCAAATTGCC-1,CD8 T
CGGACACCAGGTGGAT-1,CL 1
CGGACACGTAGAAAGG-1,CD8 T
CGGACACGTCGAAAGC-1,CD8 T
CGGACACGTGTTTGGT-1,CD8 T
CGGACACTCAGCTGGC-1,Mono
CGGACACTCCCTCAGT-1,CD8 T
CGGACACTCGCCCTTA-1,CD8 T
CGGACACTCTTACCGC-1,Mono
CGGACGTAGACAAAGG-1,CD8 T
CGGACGTAGACACTAA-1,Mono
CGGACGTAGCGTCTAT-1,CD8 T
CGGACGTAGTAACCCT-1,CD8 T
CGGACGTAGTGGGCTA-1,DC
CGGACGTCAAATTGCC-1,CD8 T
CGGACGTCACAACGTT-1,CD8 T
CGGACGTCACATTCGA-1,CD8 T
CGGACGTCACCGATAT-1,CL 1
CGGACGTCACCTGGTG-1,CD8 T
CGGACGTCACGGACAA-1,CL 1
CGGACGTCATCTCCCA-1,CD8 T
CGGACGTCATGAAGTA-1,CD8 T
CGGACGTGTACCATCA-1,CD8 T
CGGACGTGTCACCCAG-1,CL 1
CGGACGTGTGCTTCTC-1,CL 1
CGGACGTGTGGGTATG-1,Mono
CGGACGTGTGTCAATC-1,CL 1
CGGACGTTCACAATGC-1,B cells
CGGACGTTCACATGCA-1,CD8 T
CGGACGTTCCATGAGT-1,Mono
CGGACGTTCCTCATTA-1,CD8 T
CGGACGTTCGCGGATC-1,CD8 T
CGGACGTTCTTCATGT-1,DC
CGGACTGAGCGATTCT-1,CL 1
CGGACTGAGTACTTGC-1,CD8 T
CGGACTGAGTCGCCGT-1,CD8 T
CGGACTGCAACTGGCC-1,CD8 T
CGGACTGCAAGAGTCG-1,Mono
CGGACTGCACACGCTG-1,Mono
CGGACTGGTAAGGGAA-1,CD8 T
CGGACTGTCAACGCTA-1,CL 1
CGGAGCTAGAATTCCC-1,B cells
CGGAGCTAGAGACTTA-1,CD8 T
CGGAGCTAGATGTGTA-1,CL 1
CGGAGCTAGCCCAGCT-1,Mono
CGGAGCTCAAACCCAT-1,NK
CGGAGCTGTAACGCGA-1,CL 1
CGGAGCTGTAATTGGA-1,CD8 T
CGGAGCTGTAGCGATG-1,B cells
CGGAGCTGTATATGGA-1,B cells
CGGAGCTGTCTCAACA-1,B cells
CGGAGCTGTGCAACGA-1,CL 1
CGGAGCTGTGGACGAT-1,Mono
CGGAGCTGTTACCAGT-1,B cells
CGGAGCTGTTATGTGC-1,CD8 T
CGGAGCTTCAGTGTTG-1,CD8 T
CGGAGTCAGCTGAAAT-1,CL 1
CGGAGTCAGGGAACGG-1,CD8 T
CGGAGTCCAAGCCGCT-1,B cells
CGGAGTCCACGAAATA-1,CD8 T
CGGAGTCCAGCGTCCA-1,CL 1
CGGAGTCCAGGAATGC-1,CL 1
CGGAGTCCATCCCATC-1,CD8 T
CGGAGTCGTAATCACC-1,Mono
CGGAGTCGTGTGTGCC-1,Mono
CGGAGTCTCAGATAAG-1,Mono
CGGAGTCTCATGCATG-1,CD8 T
CGGAGTCTCCAAACAC-1,Mono
CGGAGTCTCGCAAACT-1,CD8 T
CGGAGTCTCGGTTAAC-1,Mono
CGGAGTCTCTTCGGTC-1,CL 1
CGGCTAGAGACGCAAC-1,B cells
CGGCTAGAGCAATATG-1,B cells
CGGCTAGAGGGTATCG-1,CD8 T
CGGCTAGAGTGATCGG-1,B cells
CGGCTAGAGTGTTGAA-1,CD8 T
CGGCTAGCACCATCCT-1,CL 1
CGGCTAGCAGCATGAG-1,DC
CGGCTAGCATCGACGC-1,CD8 T
CGGCTAGCATCGGGTC-1,CD8 T
CGGCTAGCATTAGGCT-1,Mono
CGGCTAGGTACGCTGC-1,B cells
CGGCTAGGTCAGATAA-1,Mono
CGGCTAGGTCCCTACT-1,NK
CGGCTAGGTCGAGTTT-1,DC
CGGCTAGGTGATGATA-1,CL 1
CGGCTAGGTTAAAGAC-1,DC
CGGCTAGGTTGGGACA-1,CL 1
CGGCTAGTCACAACGT-1,Mono
CGGCTAGTCACCTCGT-1,CL 1
CGGCTAGTCTATCGCC-1,CL 1
CGGCTAGTCTCAACTT-1,CL 1
CGGGTCAAGAGAGCTC-1,B cells
CGGGTCAAGATAGGAG-1,Mono
CGGGTCAAGATGGCGT-1,Mono
CGGGTCAAGCTAACAA-1,CL 1
CGGGTCAAGGCACATG-1,CL 1
CGGGTCAAGGGTCGAT-1,CD8 T
CGGGTCAAGGGTCTCC-1,CD8 T
CGGGTCAAGTATCGAA-1,B cells
CGGGTCAAGTATCTCG-1,B cells
CGGGTCAAGTGTACGG-1,CL 1
CGGGTCACAATTCCTT-1,CD8 T
CGGGTCACATTGGGCC-1,Mono
CGGGTCAGTCACTGGC-1,CL 1
CGGGTCAGTCTCTTAT-1,CD8 T
CGGGTCAGTCTGATCA-1,CL 1
CGGGTCAGTTCATGGT-1,B cells
CGGGTCATCATCACCC-1,CD8 T
CGGTTAAAGAGTAAGG-1,CD8 T
CGGTTAAAGCGATTCT-1,B cells
CGGTTAAAGCTACCTA-1,CL 1
CGGTTAAAGTAAGTAC-1,B cells
CGGTTAACAAGTCTAC-1,CD8 T
CGGTTAACAATGAATG-1,Mono
CGGTTAACATCCGGGT-1,Mono
CGGTTAAGTACTCGCG-1,Mono
CGGTTAAGTAGTGAAT-1,CD8 T
CGGTTAAGTGCAGTAG-1,Mono
CGGTTAAGTGGTCCGT-1,CL 1
CGGTTAAGTTTGGGCC-1,Mono
CGGTTAATCAGAAATG-1,Mono
CGGTTAATCAGCACAT-1,CL 1
CGGTTAATCCAAACAC-1,CD8 T
CGGTTAATCCATGAGT-1,DC
CGGTTAATCCCTAATT-1,CD8 T
CGGTTAATCCGTAGGC-1,Mono
CGGTTAATCGAGCCCA-1,B cells
CGGTTAATCGCGTTTC-1,Mono
CGTAGCGAGAAACGCC-1,CL 1
CGTAGCGAGAACAACT-1,Mono
CGTAGCGAGCACGCCT-1,CL 1
CGTAGCGAGCGATAGC-1,CD8 T
CGTAGCGAGGACAGCT-1,CL 1
CGTAGCGAGGGATACC-1,CD8 T
CGTAGCGAGTATCTCG-1,CD8 T
CGTAGCGCAGGCTCAC-1,B cells
CGTAGCGCAGTACACT-1,Mono
CGTAGCGGTCCGAGTC-1,Mono
CGTAGCGGTCGAGATG-1,CL 1
CGTAGCGTCAGAGGTG-1,CL 1
CGTAGCGTCATGTGGT-1,NK
CGTAGCGTCATTTGGG-1,CD8 T
CGTAGCGTCGTAGGTT-1,CD8 T
CGTAGGCAGCCACGTC-1,CD8 T
CGTAGGCAGCTCCCAG-1,CL 1
CGTAGGCAGTATCGAA-1,Mono
CGTAGGCAGTCTCAAC-1,CD8 T
CGTAGGCAGTGTGAAT-1,CL 1
CGTAGGCCACAGGTTT-1,Mono
CGTAGGCCACCAACCG-1,CD8 T
CGTAGGCCACGAAATA-1,DC
CGTAGGCCAGGACCCT-1,CD8 T
CGTAGGCCAGTAAGCG-1,Mono
CGTAGGCCATAGAAAC-1,DC
CGTAGGCCATATACGC-1,CD8 T
CGTAGGCGTACGACCC-1,Mono
CGTAGGCGTCAGGACA-1,Mono
CGTAGGCGTCCGTGAC-1,CD8 T
CGTAGGCGTCGGCACT-1,CL 1
CGTAGGCTCGTTACGA-1,CD8 T
CGTCACTAGCACGCCT-1,Mono
CGTCACTAGGAGTAGA-1,B cells
CGTCACTAGTGAACGC-1,CL 1
CGTCACTCAAACAACA-1,CD8 T
CGTCACTCACTGTGTA-1,NK
CGTCACTCAGCTTCGG-1,B cells
CGTCACTGTAAAGTCA-1,CL 1
CGTCACTGTCCAGTAT-1,Mono
CGTCACTGTCGCTTCT-1,CD8 T
CGTCACTGTGATAAGT-1,CD8 T
CGTCACTGTGGCGAAT-1,B cells
CGTCACTTCACCTTAT-1,NK
CGTCACTTCGGAATCT-1,CD8 T
CGTCACTTCGGTTCGG-1,B cells
CGTCACTTCTCCAACC-1,CD8 T
CGTCACTTCTCGATGA-1,Mono
CGTCACTTCTCTGTCG-1,CL 1
CGTCAGGAGCAGCCTC-1,Mono
CGTCAGGAGCCACGCT-1,CD8 T
CGTCAGGAGGACAGCT-1,B cells
CGTCAGGAGTCTTGCA-1,NK
CGTCAGGAGTGGGTTG-1,Mono
CGTCAGGCAAGGCTCC-1,CL 1
CGTCAGGCAATAGCGG-1,CL 1
CGTCAGGCACCCAGTG-1,CD8 T
CGTCAGGCACCTTGTC-1,CL 1
CGTCAGGCACGGCCAT-1,CL 1
CGTCAGGCACTGTCGG-1,CD8 T
CGTCAGGGTCATGCCG-1,CD8 T
CGTCAGGGTCTCTTTA-1,NK
CGTCAGGTCTATGTGG-1,CD8 T
CGTCCATAGAAACGCC-1,CD8 T
CGTCCATAGATGCCTT-1,CL 1
CGTCCATAGCTTTGGT-1,CD8 T
CGTCCATAGTAGCCGA-1,CD8 T
CGTCCATAGTTTGCGT-1,CD8 T
CGTCCATGTAGCTCCG-1,CD8 T
CGTCCATGTCTTCGTC-1,CL 1
CGTCCATGTGACAAAT-1,CD8 T
CGTCCATGTGCAACGA-1,CD8 T
CGTCCATGTTGGTTTG-1,CL 1
CGTCCATTCAGGTTCA-1,CD8 T
CGTCCATTCCAACCAA-1,Mono
CGTCCATTCCACTGGG-1,NK
CGTCCATTCGGTGTTA-1,CD8 T
CGTCCATTCTAACTCT-1,Mono
CGTCCATTCTGCTTGC-1,B cells
CGTCTACAGAGACGAA-1,CD8 T
CGTCTACAGCTCAACT-1,CD8 T
CGTCTACAGGATGTAT-1,CL 1
CGTCTACAGTGCCATT-1,Mono
CGTCTACAGTTACCCA-1,Mono
CGTCTACCAAAGCAAT-1,Mono
CGTCTACCAAGGACTG-1,CL 1
CGTCTACCAGGTGCCT-1,Mono
CGTCTACGTAATTGGA-1,CD8 T
CGTCTACGTGATAAAC-1,CD8 T
CGTCTACGTTAGTGGG-1,CL 1
CGTCTACTCCTATTCA-1,CD8 T
CGTCTACTCGCGTAGC-1,B cells
CGTCTACTCTACTTAC-1,CD8 T
CGTGAGCAGAGGTTAT-1,CL 1
CGTGAGCAGCCGGTAA-1,B cells
CGTGAGCAGGAATTAC-1,CL 1
CGTGAGCCACGCCAGT-1,B cells
CGTGAGCCATCACGAT-1,Mono
CGTGAGCGTATGGTTC-1,Mono
CGTGAGCGTCTCCACT-1,CD8 T
CGTGAGCTCAGTTCGA-1,CL 1
CGTGAGCTCATCTGCC-1,CL 1
CGTGAGCTCCAAACAC-1,CD8 T
CGTGAGCTCCAATGGT-1,CL 1
CGTGAGCTCCACGTGG-1,CL 1
CGTGAGCTCGCATGGC-1,DC
CGTGAGCTCGCTTGTC-1,CL 1
CGTGAGCTCTATCGCC-1,NK
CGTGAGCTCTCTAAGG-1,CL 1
CGTGTAAAGACTACAA-1,CD8 T
CGTGTAAAGCAGGTCA-1,B cells
CGTGTAAAGCGATCCC-1,Mono
CGTGTAAAGGCAGGTT-1,Mono
CGTGTAACAACTGCTA-1,DC
CGTGTAACAATGAATG-1,B cells
CGTGTAACACAGGAGT-1,B cells
CGTGTAACACCTGGTG-1,CL 1
CGTGTAACACCTTGTC-1,Mono
CGTGTAACATCTATGG-1,CD8 T
CGTGTAACATGGTAGG-1,DC
CGTGTAAGTAAACGCG-1,Mono
CGTGTAAGTAGCAAAT-1,Mono
CGTGTAAGTAGCCTAT-1,CL 1
CGTGTAAGTATAATGG-1,NK
CGTGTAAGTGATAAAC-1,CL 1
CGTGTAAGTGCCTGCA-1,CL 1
CGTGTAAGTGCTGTAT-1,CD8 T
CGTGTAAGTTCACGGC-1,CD8 T
CGTGTAATCAGATAAG-1,CL 1
CGTGTAATCCAAAGTC-1,NK
CGTGTAATCGGGAGTA-1,CL 1
CGTGTCTAGCGTGAGT-1,CD8 T
CGTGTCTAGTAGTGCG-1,CD8 T
CGTGTCTCAAAGGAAG-1,B cells
CGTGTCTCAAGTTGTC-1,Mono
CGTGTCTCACATAACC-1,CL 1
CGTGTCTCACCGAAAG-1,B cells
CGTGTCTCAGCGATCC-1,B cells
CGTGTCTCATGGTAGG-1,Mono
CGTGTCTGTAAGAGAG-1,Mono
CGTGTCTGTATTCTCT-1,CL 1
CGTGTCTGTCCGAGTC-1,NK
CGTGTCTGTTCATGGT-1,Mono
CGTGTCTGTTGCCTCT-1,CD8 T
CGTGTCTGTTTGTTGG-1,Mono
CGTGTCTTCATCGATG-1,B cells
CGTGTCTTCCTTAATC-1,CL 1
CGTGTCTTCTACGAGT-1,CD8 T
CGTTAGAAGATAGGAG-1,CD8 T
CGTTAGAAGCTGGAAC-1,CD8 T
CGTTAGACAACACGCC-1,CL 1
CGTTAGACACTCGACG-1,CL 1
CGTTAGACAGGCAGTA-1,Mono
CGTTAGACAGGGCATA-1,CL 1
CGTTAGACATCTCCCA-1,Mono
CGTTAGACATGTCGAT-1,Mono
CGTTAGACATTCTCAT-1,B cells
CGTTAGAGTACTTAGC-1,CD8 T
CGTTAGAGTGACGCCT-1,CD8 T
CGTTAGATCATGCTCC-1,CL 1
CGTTCTGAGAGCCCAA-1,CD8 T
CGTTCTGAGGGTCGAT-1,Mono
CGTTCTGAGTAGCGGT-1,CD8 T
CGTTCTGAGTATCGAA-1,CD8 T
CGTTCTGAGTCCGTAT-1,CL 1
CGTTCTGCAAGTTCTG-1,NK
CGTTCTGCAGACAGGT-1,CL 1
CGTTCTGCAGTAGAGC-1,CD8 T
CGTTCTGGTACAGTGG-1,B cells
CGTTCTGGTCACCTAA-1,Mono
CGTTCTGGTCGTTGTA-1,B cells
CGTTCTGGTCTGGTCG-1,CD8 T
CGTTCTGGTTGCTCCT-1,B cells
CGTTCTGTCACAAACC-1,CD8 T
CGTTCTGTCACCGGGT-1,Mono
CGTTCTGTCACGACTA-1,CL 1
CGTTCTGTCAGGCGAA-1,CD8 T
CGTTCTGTCCTGTACC-1,CD8 T
CGTTCTGTCGCCCTTA-1,CL 1
CGTTGGGAGAAACCTA-1,CD8 T
CGTTGGGAGAACAATC-1,CD8 T
CGTTGGGAGAAGGTGA-1,CD8 T
CGTTGGGAGAGCCTAG-1,Mono
CGTTGGGAGCTCTCGG-1,B cells
CGTTGGGAGGTGATTA-1,NK
CGTTGGGCAACACGCC-1,B cells
CGTTGGGCAATGGAAT-1,B cells
CGTTGGGCACGTGAGA-1,Mono
CGTTGGGCAGGCTGAA-1,CD8 T
CGTTGGGCATCCGTGG-1,CD8 T
CGTTGGGCATTTCACT-1,CD8 T
CGTTGGGGTGAGGCTA-1,CD8 T
CGTTGGGGTGAGGGTT-1,Mono
CGTTGGGGTGTAAGTA-1,CL 1
CGTTGGGGTTCAGTAC-1,B cells
CGTTGGGGTTCCGTCT-1,CL 1
CGTTGGGTCAAACAAG-1,Mono
CGTTGGGTCCAGGGCT-1,Mono
CGTTGGGTCCGGCACA-1,Mono
CGTTGGGTCTGAGTGT-1,CD8 T
CTAACTTAGACTTTCG-1,CD8 T
CTAACTTAGAGAGCTC-1,DC
CTAACTTAGATAGGAG-1,CD8 T
CTAACTTAGCCCGAAA-1,CD8 T
CTAACTTAGCTTATCG-1,Mono
CTAACTTAGGTGATAT-1,CD8 T
CTAACTTAGTCATCCA-1,CL 1
CTAACTTAGTCCCACG-1,CD8 T
CTAACTTAGTGTACGG-1,CD8 T
CTAACTTCAGATGAGC-1,B cells
CTAACTTCAGTCGTGC-1,CD8 T
CTAACTTCATGAAGTA-1,B cells
CTAACTTGTCAACTGT-1,CD8 T
CTAACTTGTCTCGTTC-1,Mono
CTAACTTTCCTCCTAG-1,CD8 T
CTAACTTTCCTTGGTC-1,CL 1
CTAACTTTCGAGGTAG-1,Mono
CTAACTTTCTCGTATT-1,Mono
CTAACTTTCTGATTCT-1,CD8 T
CTAACTTTCTTCGAGA-1,CD8 T
CTAAGACAGATATGCA-1,CD8 T
CTAAGACAGCAGCGTA-1,NK
CTAAGACAGCTGCCCA-1,CL 1
CTAAGACAGGGTATCG-1,Mono
CTAAGACCAACACGCC-1,Mono
CTAAGACCAATCGAAA-1,Mono
CTAAGACCAGTCTTCC-1,CD8 T
CTAAGACCAGTTCCCT-1,CL 1
CTAAGACCATTAGCCA-1,Mono
CTAAGACGTCGACTGC-1,DC
CTAAGACGTCGAGATG-1,B cells
CTAAGACGTTAGTGGG-1,Mono
CTAAGACTCACGCGGT-1,DC
CTAAGACTCCACGTTC-1,CD8 T
CTAAGACTCCGTAGGC-1,Mono
CTAAGACTCGCCCTTA-1,Mono
CTAAGACTCTGTCTAT-1,CL 1
CTAATGGAGGTCGGAT-1,CD8 T
CTAATGGAGTACGTTC-1,B cells
CTAATGGAGTCGTTTG-1,NK
CTAATGGAGTTCGCAT-1,CD8 T
CTAATGGCAAGCGATG-1,CD8 T
CTAATGGCAATGAAAC-1,B cells
CTAATGGCACCATCCT-1,CL 1
CTAATGGCACGACTCG-1,B cells
CTAATGGCAGATTGCT-1,Mono
CTAATGGCAGCCAATT-1,CD8 T
CTAATGGCATTGAGCT-1,Mono
CTAATGGGTACCGGCT-1,CD8 T
CTAATGGGTCCGTTAA-1,NK
CTAATGGGTCGCCATG-1,Mono
CTAATGGGTGGGTCAA-1,CL 1
CTAATGGGTTACGTCA-1,CD8 T
CTAATGGGTTCAGGCC-1,CL 1
CTAATGGTCCAAACAC-1,CD8 T
CTAATGGTCGACAGCC-1,B cells
CTACACCAGAGCTGCA-1,B cells
CTACACCAGCACCGCT-1,CD8 T
CTACACCAGCCAGAAC-1,CD8 T
CTACACCAGGCAATTA-1,Mono
CTACACCCAATGTTGC-1,CL 1
CTACACCCACAGCGTC-1,Mono
CTACACCCAGCGTTCG-1,CD8 T
CTACACCCATTCCTGC-1,CL 1
CTACACCCATTGTGCA-1,CD8 T
CTACACCGTAGGACAC-1,CD8 T
CTACACCGTCAGAGGT-1,CD8 T
CTACACCGTCGTCTTC-1,CL 1
CTACACCGTCTAAACC-1,CD8 T
CTACACCGTGATAAAC-1,CD8 T
CTACACCGTGTGCGTC-1,B cells
CTACACCTCAGCTTAG-1,CD8 T
CTACACCTCCCATTTA-1,CD8 T
CTACACCTCTGTCAAG-1,Mono
CTACACCTCTTATCTG-1,B cells
CTACACCTCTTGACGA-1,CD8 T
CTACATTAGAATAGGG-1,CL 1
CTACATTAGACTAAGT-1,Mono
CTACATTAGAGCTTCT-1,CL 1
CTACATTAGCCCGAAA-1,B cells
CTACATTAGCGTGAGT-1,CL 1
CTACATTAGGCTAGGT-1,CL 1
CTACATTAGTTATCGC-1,CD8 T
CTACATTCAAGACGTG-1,Mono
CTACATTCAAGAGGCT-1,Mono
CTACATTCACCCAGTG-1,B cells
CTACATTCAGACACTT-1,CD8 T
CTACATTGTAAGTGGC-1,Mono
CTACATTGTAATAGCA-1,B cells
CTACATTGTAGAGGAA-1,CL 1
CTACATTGTATTAGCC-1,CL 1
CTACATTGTCTACCTC-1,CD8 T
CTACATTGTCTAGAGG-1,B cells
CTACATTGTGTTTGGT-1,CD8 T
CTACATTGTTACGCGC-1,B cells
CTACATTGTTCGGCAC-1,B cells
CTACATTTCACTCTTA-1,CD8 T
CTACATTTCGTGGGAA-1,B cells
CTACATTTCTGGCGAC-1,CD8 T
CTACCCAAGAAACCTA-1,CD8 T
CTACCCAAGACGCACA-1,CL 1
CTACCCAAGAGCTTCT-1,CD8 T
CTACCCAAGATGGCGT-1,CD8 T
CTACCCAAGCCAGTAG-1,B cells
CTACCCAAGCGACGTA-1,CL 1
CTACCCAAGTGAACAT-1,Mono
CTACCCACAACTGCTA-1,Mono
CTACCCACAAGTACCT-1,CD8 T
CTACCCACACCCATGG-1,Mono
CTACCCACAGTGACAG-1,Mono
CTACCCAGTAATCACC-1,CD8 T
CTACCCAGTCAGGACA-1,CD8 T
CTACCCAGTGCAGACA-1,CL 1
CTACCCAGTGGCCCTA-1,CL 1
CTACCCAGTTTAGGAA-1,B cells
CTACCCATCCGAATGT-1,Mono
CTACCCATCGATAGAA-1,Mono
CTACCCATCGGCTACG-1,Mono
CTACCCATCTGATTCT-1,Mono
CTACGTCAGGCTAGGT-1,CD8 T
CTACGTCAGTAGCCGA-1,CD8 T
CTACGTCAGTATGACA-1,CD8 T
CTACGTCCAATGACCT-1,CL 1
CTACGTCCACGACTCG-1,DC
CTACGTCCATGCAATC-1,NK
CTACGTCCATGTAAGA-1,CD8 T
CTACGTCGTACCAGTT-1,CL 1
CTACGTCGTCGGCACT-1,CL 1
CTACGTCGTGAGGGAG-1,Mono
CTACGTCGTTAAGACA-1,CD8 T
CTACGTCGTTGTCGCG-1,NK
CTACGTCGTTTGGGCC-1,CD8 T
CTACGTCTCAACACTG-1,CL 1
CTACGTCTCCCAACGG-1,CD8 T
CTAGAGTAGACGCACA-1,CD8 T
CTAGAGTAGCCAGGAT-1,Mono
CTAGAGTAGGTTCCTA-1,CL 1
CTAGAGTAGTAGGTGC-1,CD8 T
CTAGAGTCAACTGGCC-1,CD8 T
CTAGAGTCAAGCGATG-1,CL 1
CTAGAGTCAAGCGCTC-1,CL 1
CTAGAGTCAAGCTGTT-1,CL 1
CTAGAGTCAAGTACCT-1,CL 1
CTAGAGTCAATGGTCT-1,CD8 T
CTAGAGTCACGTAAGG-1,CL 1
CTAGAGTCACTTCGAA-1,CD8 T
CTAGAGTGTCATGCAT-1,B cells
CTAGAGTGTCTAGCCG-1,CL 1
CTAGAGTGTGTTGGGA-1,CD8 T
CTAGAGTTCATCATTC-1,Mono
CTAGAGTTCCGTTGTC-1,CD8 T
CTAGAGTTCCTAGTGA-1,CL 1
CTAGCCTAGAGTAAGG-1,B cells
CTAGCCTAGCGATATA-1,B cells
CTAGCCTAGCTTCGCG-1,B cells
CTAGCCTAGTACACCT-1,NK
CTAGCCTCACCGATAT-1,CL 1
CTAGCCTCAGAAGCAC-1,Mono
CTAGCCTGTCAAACTC-1,CD8 T
CTAGCCTGTCATATGC-1,CD8 T
CTAGCCTGTCTCGTTC-1,Mono
CTAGCCTTCACAAACC-1,CL 1
CTAGCCTTCACTTCAT-1,CD8 T
CTAGCCTTCCAAAGTC-1,Mono
CTAGCCTTCCTTCAAT-1,Mono
CTAGCCTTCGATCCCT-1,B cells
CTAGCCTTCGCGCCAA-1,CL 1
CTAGCCTTCGGTCTAA-1,CD8 T
CTAGCCTTCGGTTCGG-1,CD8 T
CTAGCCTTCGTGGTCG-1,CL 1
CTAGTGAAGTGTCCAT-1,Mono
CTAGTGACAAACCTAC-1,DC
CTAGTGACACGAAGCA-1,B cells
CTAGTGACAGTAAGCG-1,CD8 T
CTAGTGACAGTCTTCC-1,Mono
CTAGTGAGTAAGCACG-1,CL 1
CTAGTGAGTCAGTGGA-1,CL 1
CTAGTGAGTTGTCGCG-1,CL 1
CTAGTGATCTCGAGTA-1,CD8 T
CTAGTGATCTTGTACT-1,CD8 T
CTCACACAGATGTCGG-1,CL 1
CTCACACAGTACATGA-1,Mono
CTCACACAGTGTCCCG-1,CL 1
CTCACACAGTGTGAAT-1,CL 1
CTCACACAGTTGAGAT-1,CL 1
CTCACACCAAAGAATC-1,CD8 T
CTCACACCAAGGTGTG-1,Mono
CTCACACCACAAGCCC-1,CD8 T
CTCACACCACTGTCGG-1,Mono
CTCACACCAGCTCCGA-1,Mono
CTCACACCATGTCTCC-1,CL 1
CTCACACGTACTTAGC-1,CD8 T
CTCACACGTGGCTCCA-1,CD8 T
CTCACACGTGGTCCGT-1,CD8 T
CTCACACGTTGTTTGG-1,CL 1
CTCACACTCCACGAAT-1,CL 1
CTCACACTCGAATGCT-1,CL 1
CTCACACTCGCGATCG-1,CL 1
CTCACACTCTAGAGTC-1,CL 1
CTCACACTCTGGTTCC-1,Mono
CTCAGAAAGACAATAC-1,CD8 T
CTCAGAAAGCCACTAT-1,CD8 T
CTCAGAAAGGTGCACA-1,B cells
CTCAGAAAGTCATGCT-1,B cells
CTCAGAAAGTCTTGCA-1,Mono
CTCAGAACAAATACAG-1,B cells
CTCAGAACACGAAAGC-1,CL 1
CTCAGAACAGCGTAAG-1,Mono
CTCAGAAGTACTCGCG-1,CL 1
CTCAGAAGTGTTCGAT-1,Mono
CTCAGAATCCGTTGTC-1,B cells
CTCAGAATCCTAGGGC-1,CL 1
CTCATTAAGTCTTGCA-1,Mono
CTCATTAAGTGGAGAA-1,Mono
CTCATTAAGTTACCCA-1,CD8 T
CTCATTAAGTTCGATC-1,CL 1
CTCATTACAAATTGCC-1,CL 1
CTCATTACAAGTAATG-1,Mono
CTCATTACAATCCAAC-1,CL 1
CTCATTACACCTGGTG-1,CD8 T
CTCATTACACGGCTAC-1,B cells
CTCATTACACGTGAGA-1,Mono
CTCATTACAGCTCGCA-1,Mono
CTCATTACAGCTGTGC-1,B cells
CTCATTACATATGAGA-1,CL 1
CTCATTACATGCCTTC-1,CD8 T
CTCATTACATTCACTT-1,Mono
CTCATTAGTAGGACAC-1,CL 1
CTCATTAGTCGGCTCA-1,CD8 T
CTCATTAGTTCAGGCC-1,CL 1
CTCATTATCTTCGGTC-1,B cells
CTCCTAGAGGAATCGC-1,CL 1
CTCCTAGAGGACATTA-1,CL 1
CTCCTAGAGTAAGTAC-1,CD8 T
CTCCTAGAGTGGTAGC-1,B cells
CTCCTAGCATAAGACA-1,CD8 T
CTCCTAGGTCCGAAGA-1,CD8 T
CTCCTAGGTCTCCATC-1,CD8 T
CTCCTAGGTGAGTGAC-1,Mono
CTCCTAGTCAATACCG-1,Mono
CTCCTAGTCATGTAGC-1,Mono
CTCCTAGTCGAGAGCA-1,CD8 T
CTCCTAGTCGTGGTCG-1,Mono
CTCCTAGTCTAACTGG-1,CD8 T
CTCGAAAAGACTAGGC-1,Mono
CTCGAAAAGCAGGTCA-1,Mono
CTCGAAAAGGCCCGTT-1,CD8 T
CTCGAAACACTGTGTA-1,B cells
CTCGAAACAGTAACGG-1,Mono
CTCGAAACATGTCTCC-1,Mono
CTCGAAAGTACAGTTC-1,CL 1
CTCGAAAGTACTCTCC-1,CD8 T
CTCGAAAGTAGAGCTG-1,B cells
CTCGAAAGTCTCCATC-1,Mono
CTCGAAAGTGCTTCTC-1,B cells
CTCGAAAGTGGCTCCA-1,B cells
CTCGAAAGTTGGAGGT-1,B cells
CTCGAAAGTTTCCACC-1,CL 1
CTCGAAATCAGTACGT-1,B cells
CTCGAAATCGTTGCCT-1,CD8 T
CTCGAAATCGTTTGCC-1,Mono
CTCGAAATCTCGCATC-1,CD8 T
CTCGAGGAGAGGTTGC-1,B cells
CTCGAGGAGCTACCTA-1,CL 1
CTCGAGGAGTGTCTCA-1,B cells
CTCGAGGCACTGTCGG-1,Mono
CTCGAGGGTAAACCTC-1,Mono
CTCGAGGGTCTTGATG-1,Mono
CTCGAGGGTGCTCTTC-1,CL 1
CTCGAGGGTTGAGTTC-1,DC
CTCGAGGTCCTCCTAG-1,CL 1
CTCGAGGTCCTGTACC-1,B cells
CTCGAGGTCGCCAGCA-1,CD8 T
CTCGAGGTCGTTACAG-1,CD8 T
CTCGAGGTCTCTTATG-1,CL 1
CTCGGAGAGACAAAGG-1,Mono
CTCGGAGAGGACATTA-1,CD8 T
CTCGGAGAGGGCTCTC-1,CL 1
CTCGGAGAGTAGCCGA-1,CL 1
CTCGGAGCAACTTGAC-1,CL 1
CTCGGAGCACCACGTG-1,CD8 T
CTCGGAGCAGGCTCAC-1,CL 1
CTCGGAGCAGTTCATG-1,CD8 T
CTCGGAGGTAACGCGA-1,CD8 T
CTCGGAGGTCAGTGGA-1,Mono
CTCGGAGGTGGCCCTA-1,NK
CTCGGAGGTTGATTCG-1,CD8 T
CTCGGAGGTTGGGACA-1,CL 1
CTCGGAGGTTGTCGCG-1,CL 1
CTCGGAGTCGCCTGAG-1,Mono
CTCGGAGTCGGCGCAT-1,B cells
CTCGGAGTCTATCCCG-1,CD8 T
CTCGGGAAGAATAGGG-1,CD8 T
CTCGGGAAGTGCGATG-1,B cells
CTCGGGACAAGCCATT-1,Mono
CTCGGGACACTAAGTC-1,CD8 T
CTCGGGACAGTTAACC-1,CD8 T
CTCGGGACATAAAGGT-1,Mono
CTCGGGACATCCCATC-1,CL 1
CTCGGGACATTCCTCG-1,B cells
CTCGGGAGTCGAGTTT-1,B cells
CTCGGGAGTGAAAGAG-1,CL 1
CTCGGGAGTTAAAGAC-1,CD8 T
CTCGGGAGTTCTGAAC-1,CD8 T
CTCGGGATCCATGAGT-1,B cells
CTCGGGATCCCAGGTG-1,CL 1
CTCGGGATCTGCTGCT-1,CD8 T
CTCGGGATCTGTGCAA-1,B cells
CTCGGGATCTTACCGC-1,CL 1
CTCGTACAGAAACCTA-1,CD8 T
CTCGTACAGTCACGCC-1,CL 1
CTCGTACAGTTCGCGC-1,B cells
CTCGTACCAACGATCT-1,B cells
CTCGTACCAAGGACAC-1,CD8 T
CTCGTACCACTATCTT-1,CD8 T
CTCGTACCAGTAAGAT-1,DC
CTCGTACCATAGACTC-1,CL 1
CTCGTACGTACAGACG-1,CL 1
CTCGTACGTAGCGTCC-1,B cells
CTCGTACGTCAGTGGA-1,CL 1
CTCGTACGTCCGAACC-1,B cells
CTCGTACGTGACGGTA-1,CD8 T
CTCGTACGTTAAGTAG-1,B cells
CTCGTACGTTATGTGC-1,CD8 T
CTCGTACTCCGAGCCA-1,Mono
CTCGTACTCCTAGTGA-1,Mono
CTCGTACTCGCGCCAA-1,Mono
CTCGTACTCTACTATC-1,CL 1
CTCGTCAAGACACTAA-1,CD8 T
CTCGTCAAGATATGGT-1,CL 1
CTCGTCAAGCACACAG-1,Mono
CTCGTCAAGCGATCCC-1,CD8 T
CTCGTCAAGCTAGTTC-1,CD8 T
CTCGTCAAGGAACTGC-1,B cells
CTCGTCACAAAGGTGC-1,CD8 T
CTCGTCACAACTGGCC-1,CD8 T
CTCGTCACAATAGCAA-1,CD8 T
CTCGTCACAATGTTGC-1,Mono
CTCGTCACACGAAAGC-1,CD8 T
CTCGTCACACGTGAGA-1,DC
CTCGTCACAGGACCCT-1,Mono
CTCGTCACATCTCGCT-1,CD8 T
CTCGTCAGTACCATCA-1,NK
CTCGTCAGTCAAACTC-1,B cells
CTCGTCAGTCATCCCT-1,CD8 T
CTCGTCAGTCTTTCAT-1,B cells
CTCGTCATCCAAACTG-1,CD8 T
CTCGTCATCCATGAAC-1,CD8 T
CTCGTCATCCCTGACT-1,B cells
CTCGTCATCCTAGAAC-1,CD8 T
CTCGTCATCGGATGTT-1,Mono
CTCGTCATCGGTCCGA-1,CD8 T
CTCGTCATCTGTCCGT-1,CL 1
CTCTAATAGACCTTTG-1,CL 1
CTCTAATAGTGGAGAA-1,B cells
CTCTAATCACACGCTG-1,B cells
CTCTAATCACCCATGG-1,Mono
CTCTAATCACGCTTTC-1,CL 1
CTCTAATCAGCTGTGC-1,Mono
CTCTAATCAGGATCGA-1,Mono
CTCTAATCATCGGAAG-1,B cells
CTCTAATCATGACGGA-1,Mono
CTCTAATGTACCTACA-1,Mono
CTCTAATGTAGCGTCC-1,Mono
CTCTAATGTATTAGCC-1,CD8 T
CTCTAATGTCAATGTC-1,B cells
CTCTAATGTCAGTGGA-1,CD8 T
CTCTAATGTGCTTCTC-1,CD8 T
CTCTAATGTGTAATGA-1,CD8 T
CTCTAATGTGTGAAAT-1,DC
CTCTAATGTTGAGTTC-1,CD8 T
CTCTAATGTTTGTTGG-1,B cells
CTCTAATTCATCGCTC-1,CL 1
CTCTAATTCTCTGAGA-1,CL 1
CTCTACGAGGTGTGGT-1,Mono
CTCTACGCAAGCTGAG-1,CD8 T
CTCTACGCACAAGCCC-1,Mono
CTCTACGCAGTGACAG-1,DC
CTCTACGGTCAGAGGT-1,CD8 T
CTCTACGGTGGTAACG-1,B cells
CTCTACGGTTTAGCTG-1,NK
CTCTACGTCAGGATCT-1,CD8 T
CTCTACGTCGGTTAAC-1,CD8 T
CTCTACGTCGTCGTTC-1,CD8 T
CTCTACGTCTGCGGCA-1,CL 1
CTCTGGTAGCTCCTTC-1,B cells
CTCTGGTAGTTTGCGT-1,NK
CTCTGGTCACAAGCCC-1,CD8 T
CTCTGGTCACCTTGTC-1,CD8 T
CTCTGGTCATGGTCAT-1,B cells
CTCTGGTGTAAGTAGT-1,B cells
CTCTGGTGTCATGCAT-1,CD8 T
CTCTGGTTCCACGACG-1,B cells
CTCTGGTTCTCTAGGA-1,CD8 T
CTCTGGTTCTGGTGTA-1,CD8 T
CTCTGGTTCTTGTTTG-1,CD8 T
CTGAAACAGAACAATC-1,CD8 T
CTGAAACAGAGGACGG-1,CL 1
CTGAAACAGATGTTAG-1,CD8 T
CTGAAACAGCCACTAT-1,CD8 T
CTGAAACCAAACAACA-1,B cells
CTGAAACCAACTGGCC-1,CL 1
CTGAAACCACACTGCG-1,DC
CTGAAACCACATTAGC-1,CD8 T
CTGAAACCATTAGGCT-1,CD8 T
CTGAAACCATTTCACT-1,DC
CTGAAACGTATAGGTA-1,CD8 T
CTGAAACGTCTCACCT-1,CD8 T
CTGAAACGTGGTGTAG-1,CD8 T
CTGAAACGTTCCGGCA-1,NK
CTGAAACTCAGCGACC-1,CD8 T
CTGAAACTCCCTTGCA-1,B cells
CTGAAACTCTTGAGGT-1,CD8 T
CTGAAGTAGCAGCCTC-1,CL 1
CTGAAGTAGGCGCTCT-1,Mono
CTGAAGTAGGCTACGA-1,CL 1
CTGAAGTCAACTGGCC-1,CD8 T
CTGAAGTCAATAGAGT-1,CD8 T
CTGAAGTCATCATCCC-1,CD8 T
CTGAAGTCATGGAATA-1,CD8 T
CTGAAGTCATGTTCCC-1,Mono
CTGAAGTGTAAAGGAG-1,CD8 T
CTGAAGTGTAGCTAAA-1,NK
CTGAAGTTCATGCTCC-1,Mono
CTGAAGTTCCCATTTA-1,CD8 T
CTGATAGAGATCCCGC-1,Mono
CTGATAGAGCGCCTCA-1,B cells
CTGATAGAGGACCACA-1,CL 1
CTGATAGAGTGATCGG-1,CL 1
CTGATAGCAAGAGTCG-1,CD8 T
CTGATAGCATGGGACA-1,CL 1
CTGATAGGTACAGCAG-1,CD8 T
CTGATAGGTAGCCTAT-1,Mono
CTGATAGGTATCACCA-1,CD8 T
CTGATAGGTCATGCAT-1,B cells
CTGATAGGTTGAGGTG-1,Mono
CTGATAGTCAAACCAC-1,CD8 T
CTGATAGTCACAGGCC-1,Mono
CTGATAGTCACCCGAG-1,DC
CTGATAGTCAGCACAT-1,Mono
CTGATAGTCCGTCAAA-1,CD8 T
CTGATCCAGAAGGCCT-1,CD8 T
CTGATCCAGACGCTTT-1,Mono
CTGATCCAGATAGCAT-1,Mono
CTGATCCAGCGTTGCC-1,CL 1
CTGATCCAGGACATTA-1,CD8 T
CTGATCCAGGCCCGTT-1,CD8 T
CTGATCCCACATCTTT-1,CL 1
CTGATCCCACGAAAGC-1,CD8 T
CTGATCCCACTTCTGC-1,CL 1
CTGATCCCAGACAGGT-1,CL 1
CTGATCCCAGACTCGC-1,CD8 T
CTGATCCGTACCCAAT-1,Mono
CTGATCCGTGAGCGAT-1,B cells
CTGATCCGTTTCCACC-1,B cells
CTGATCCGTTTCGCTC-1,CD8 T
CTGATCCGTTTGTTGG-1,CD8 T
CTGATCCTCAAACGGG-1,B cells
CTGATCCTCCTCATTA-1,CD8 T
CTGCCTAAGAAACGCC-1,Mono
CTGCCTAAGAGGGCTT-1,Mono
CTGCCTAAGCGGATCA-1,CD8 T
CTGCCTAAGCTAGGCA-1,Mono
CTGCCTAAGCTGAAAT-1,CD8 T
CTGCCTAAGGACAGCT-1,CL 1
CTGCCTAAGGCTAGAC-1,CD8 T
CTGCCTAAGGGCTTCC-1,CL 1
CTGCCTACAAAGGAAG-1,NK
CTGCCTACAAAGGCGT-1,B cells
CTGCCTACAACACCTA-1,NK
CTGCCTACACTCGACG-1,CD8 T
CTGCCTACACTGTCGG-1,CD8 T
CTGCCTACATGGAATA-1,CL 1
CTGCCTACATTAGCCA-1,Mono
CTGCCTAGTAGCACGA-1,B cells
CTGCCTAGTCGGGTCT-1,Mono
CTGCCTATCCGTTGCT-1,CD8 T
CTGCCTATCCTGCAGG-1,NK
CTGCCTATCCTTGGTC-1,B cells
CTGCCTATCTGTTTGT-1,CL 1
CTGCCTATCTTTAGTC-1,CL 1
CTGCGGAAGAGTGACC-1,CD8 T
CTGCGGAAGATATGCA-1,Mono
CTGCGGAAGCGATCCC-1,CD8 T
CTGCGGAAGCTAAACA-1,CD8 T
CTGCGGAAGGACTGGT-1,Mono
CTGCGGAAGGGTTTCT-1,Mono
CTGCGGAAGTGGACGT-1,CD8 T
CTGCGGAAGTGTACTC-1,Mono
CTGCGGACAAACCCAT-1,CD8 T
CTGCGGACAGATAATG-1,NK
CTGCGGACAGGGTATG-1,Mono
CTGCGGACATCCCACT-1,Mono
CTGCGGACATGCGCAC-1,B cells
CTGCGGAGTACTCAAC-1,DC
CTGCGGAGTCGCTTCT-1,CL 1
CTGCGGAGTCGCTTTC-1,Mono
CTGCGGAGTCTCTTAT-1,CD8 T
CTGCGGAGTTATCGGT-1,CD8 T
CTGCGGAGTTCGCGAC-1,CD8 T
CTGCGGATCAATCACG-1,CD8 T
CTGCGGATCAGTTGAC-1,CD8 T
CTGCGGATCCACTGGG-1,Mono
CTGCGGATCCGCTGTT-1,CD8 T
CTGCGGATCGTTTATC-1,CD8 T
CTGCGGATCTAACGGT-1,CD8 T
CTGCTGTAGATAGGAG-1,CD8 T
CTGCTGTAGATTACCC-1,CD8 T
CTGCTGTAGGCCCGTT-1,NK
CTGCTGTAGGGATACC-1,CL 1
CTGCTGTAGTCCATAC-1,CD8 T
CTGCTGTCAAAGCGGT-1,CL 1
CTGCTGTCAATCCAAC-1,CL 1
CTGCTGTCACAACGCC-1,CL 1
CTGCTGTCACCAGATT-1,Mono
CTGCTGTCACGAAACG-1,CL 1
CTGCTGTCACGGTTTA-1,Mono
CTGCTGTCACTAGTAC-1,B cells
CTGCTGTCAGATCGGA-1,B cells
CTGCTGTGTCAACATC-1,DC
CTGCTGTGTCGGCACT-1,Mono
CTGCTGTGTCTGGAGA-1,CL 1
CTGCTGTGTGATGTCT-1,CL 1
CTGCTGTTCCAAGCCG-1,CD8 T
CTGCTGTTCTTTACGT-1,NK
CTGGTCTAGAGAGCTC-1,CD8 T
CTGGTCTAGCTAAGAT-1,CD8 T
CTGGTCTAGGAGCGAG-1,CD8 T
CTGGTCTAGGCTCTTA-1,Mono
CTGGTCTAGGGATCTG-1,CD8 T
CTGGTCTAGGTGGGTT-1,B cells
CTGGTCTAGTCCCACG-1,CD8 T
CTGGTCTAGTGGGCTA-1,B cells
CTGGTCTCAAACCCAT-1,Mono
CTGGTCTCAAAGCAAT-1,CL 1
CTGGTCTCACGGCTAC-1,CL 1
CTGGTCTCATTCCTGC-1,CL 1
CTGGTCTCATTCTCAT-1,CD8 T
CTGGTCTGTGCAACTT-1,Mono
CTGGTCTGTGCCTTGG-1,Mono
CTGGTCTGTGCGGTAA-1,CL 1
CTGGTCTGTTCCAACA-1,B cells
CTGGTCTGTTGTCTTT-1,CD8 T
CTGGTCTTCAGAGCTT-1,CD8 T
CTGGTCTTCAGCCTAA-1,Mono
CTGGTCTTCCAAGTAC-1,CL 1
CTGGTCTTCTGCGACG-1,CD8 T
CTGGTCTTCTTTACAC-1,CD8 T
CTGTGCTAGAGTGAGA-1,Mono
CTGTGCTAGATCCCAT-1,CD8 T
CTGTGCTAGATCGATA-1,Mono
CTGTGCTAGCCCAGCT-1,Mono
CTGTGCTAGCCGTCGT-1,CL 1
CTGTGCTAGCGTCTAT-1,Mono
CTGTGCTAGGACACCA-1,CL 1
CTGTGCTCAAGAGTCG-1,CL 1
CTGTGCTCACGCATCG-1,CD8 T
CTGTGCTCAGTGAGTG-1,CD8 T
CTGTGCTCATCATCCC-1,CD8 T
CTGTGCTGTATGGTTC-1,Mono
CTGTGCTGTGTTTGGT-1,CD8 T
CTGTGCTGTTACAGAA-1,CD8 T
CTGTGCTGTTCAGGCC-1,CL 1
CTGTGCTTCAGCTTAG-1,CD8 T
CTGTGCTTCGTCGTTC-1,CL 1
CTGTTTAAGGGTCGAT-1,B cells
CTGTTTAAGGTAGCCA-1,CL 1
CTGTTTAAGTCACGCC-1,B cells
CTGTTTAAGTGGGATC-1,CL 1
CTGTTTACAAGTCATC-1,Mono
CTGTTTACATCGTCGG-1,CD8 T
CTGTTTACATTAACCG-1,CD8 T
CTGTTTAGTCAAAGCG-1,B cells
CTGTTTAGTCCCGACA-1,CD8 T
CTGTTTAGTCGCATCG-1,CL 1
CTGTTTAGTCGCGAAA-1,CD8 T
CTGTTTAGTCGGGTCT-1,Mono
CTGTTTAGTCTAGAGG-1,CL 1
CTGTTTAGTGATGATA-1,Mono
CTGTTTAGTTATCACG-1,B cells
CTGTTTATCAACGGCC-1,CD8 T
CTGTTTATCGGAAATA-1,DC
CTGTTTATCTGCTTGC-1,CL 1
CTTAACTAGACACGAC-1,CL 1
CTTAACTAGCGATATA-1,Mono
CTTAACTAGCTGCAAG-1,CD8 T
CTTAACTAGTGTTTGC-1,CD8 T
CTTAACTCAAGGTGTG-1,CD8 T
CTTAACTCACGCCAGT-1,Mono
CTTAACTCACGGTGTC-1,CD8 T
CTTAACTCAGTGGGAT-1,CD8 T
CTTAACTGTAAGTGTA-1,CD8 T
CTTAACTGTCGACTGC-1,B cells
CTTAACTTCACGCGGT-1,B cells
CTTAACTTCAGCTCTC-1,CL 1
CTTAACTTCCAGTATG-1,B cells
CTTAACTTCGACGGAA-1,CD8 T
CTTAACTTCGCTTGTC-1,CL 1
CTTAACTTCGTGGGAA-1,CL 1
CTTAACTTCTGCGGCA-1,CD8 T
CTTACCGAGAAGGTTT-1,CD8 T
CTTACCGAGCGTAGTG-1,B cells
CTTACCGAGGAGTTTA-1,CD8 T
CTTACCGCAGCCTATA-1,Mono
CTTACCGCAGGACCCT-1,CL 1
CTTACCGCATTACCTT-1,CL 1
CTTACCGGTAAACACA-1,CD8 T
CTTACCGGTACCGGCT-1,CL 1
CTTACCGGTCGTTGTA-1,CD8 T
CTTACCGTCACGACTA-1,CD8 T
CTTACCGTCAGCATGT-1,CL 1
CTTACCGTCAGCTCGG-1,CD8 T
CTTACCGTCATAGCAC-1,CL 1
CTTACCGTCCACGAAT-1,CL 1
CTTACCGTCCTTTCTC-1,B cells
CTTACCGTCGACCAGC-1,Mono
CTTACCGTCGCCAAAT-1,Mono
CTTAGGAAGAAGCCCA-1,CL 1
CTTAGGAAGCGATATA-1,CD8 T
CTTAGGAAGCTACCTA-1,Mono
CTTAGGACACTAAGTC-1,Mono
CTTAGGATCAGCTCGG-1,Mono
CTTAGGATCCACTCCA-1,CD8 T
CTTAGGATCGCGGATC-1,DC
CTTAGGATCGGAAACG-1,CD8 T
CTTAGGATCGTTTGCC-1,CL 1
CTTAGGATCTACCTGC-1,Mono
CTTAGGATCTAGAGTC-1,CD8 T
CTTAGGATCTCCCTGA-1,B cells
CTTCTCTAGAGGTAGA-1,Mono
CTTCTCTAGGCATTGG-1,B cells
CTTCTCTAGGCTCAGA-1,Mono
CTTCTCTCAGATGGCA-1,B cells
CTTCTCTCATCAGTCA-1,CD8 T
CTTCTCTGTAAACGCG-1,Mono
CTTCTCTGTACCGTTA-1,B cells
CTTCTCTGTCAGATAA-1,B cells
CTTCTCTGTTCCATGA-1,Mono
CTTCTCTTCCAAATGC-1,B cells
CTTCTCTTCGGAGGTA-1,Mono
CTTGGCTAGATAGTCA-1,NK
CTTGGCTAGATATGCA-1,Mono
CTTGGCTAGGGTGTGT-1,CD8 T
CTTGGCTAGGTTCCTA-1,CD8 T
CTTGGCTCAACTGCTA-1,CL 1
CTTGGCTCACAGACAG-1,CD8 T
CTTGGCTCACGAAACG-1,CL 1
CTTGGCTCACGGATAG-1,Mono
CTTGGCTCACTAAGTC-1,CD8 T
CTTGGCTCAGGCTCAC-1,B cells
CTTGGCTGTGGCCCTA-1,B cells
CTTGGCTGTGTTTGGT-1,CL 1
CTTGGCTGTTAAGTAG-1,CD8 T
CTTGGCTGTTCCACTC-1,CL 1
CTTGGCTTCAGAGCTT-1,B cells
CTTGGCTTCATTTGGG-1,B cells
CTTGGCTTCCCAGGTG-1,CD8 T
CTTTGCGAGAAGGCCT-1,Mono
CTTTGCGAGAGTACCG-1,Mono
CTTTGCGAGCATCATC-1,CD8 T
CTTTGCGAGCCCAATT-1,B cells
CTTTGCGAGCCTATGT-1,B cells
CTTTGCGAGGCATGGT-1,CL 1
CTTTGCGAGTGTGAAT-1,B cells
CTTTGCGCAGCGATCC-1,DC
CTTTGCGCAGTCAGAG-1,CD8 T
CTTTGCGGTACATCCA-1,CD8 T
CTTTGCGGTAGCTAAA-1,CD8 T
CTTTGCGGTCCAACTA-1,Mono
CTTTGCGGTGTTTGTG-1,Mono
CTTTGCGGTTACAGAA-1,CL 1
CTTTGCGTCACTCTTA-1,B cells
CTTTGCGTCACTTCAT-1,CL 1
CTTTGCGTCATCTGCC-1,B cells
CTTTGCGTCATGTCTT-1,Mono
CTTTGCGTCCGTCAAA-1,B cells
CTTTGCGTCGTTTAGG-1,Mono
CTTTGCGTCTGACCTC-1,CD8 T
GAAACTCAGTATTGGA-1,CD8 T
GAAACTCAGTTGCAGG-1,DC
GAAACTCCAACGATCT-1,CL 1
GAAACTCCAAGACACG-1,CD8 T
GAAACTCCACACGCTG-1,CL 1
GAAACTCCAGATCTGT-1,CD8 T
GAAACTCCATCGTCGG-1,Mono
GAAACTCCATTGGGCC-1,CL 1
GAAACTCGTCATATCG-1,CD8 T
GAAACTCGTGAGCGAT-1,NK
GAAACTCGTGCGGTAA-1,Mono
GAAACTCGTTACGGAG-1,CD8 T
GAAACTCGTTGATTGC-1,CD8 T
GAAACTCGTTGTCTTT-1,B cells
GAAACTCTCAAACAAG-1,Mono
GAAACTCTCAAACGGG-1,CL 1
GAAACTCTCACTATTC-1,B cells
GAAACTCTCCAGATCA-1,CD8 T
GAAACTCTCGGAATCT-1,CD8 T
GAAACTCTCTATCCCG-1,DC
GAAACTCTCTTATCTG-1,B cells
GAAATGAAGATCCGAG-1,Mono
GAAATGAAGGCATGGT-1,Mono
GAAATGAAGTAGCGGT-1,CL 1
GAAATGACAAACGCGA-1,CD8 T
GAAATGACACGAAAGC-1,CD8 T
GAAATGACACTGAAGG-1,B cells
GAAATGACAGTCGATT-1,Mono
GAAATGACATCACGTA-1,CL 1
GAAATGACATGGGACA-1,CD8 T
GAAATGACATGTAGTC-1,CD8 T
GAAATGAGTAGGGACT-1,CD8 T
GAAATGAGTATAATGG-1,B cells
GAAATGAGTATAGTAG-1,CD8 T
GAAATGAGTCAGATAA-1,Mono
GAAATGATCAAACGGG-1,CD8 T
GAAATGATCACGATGT-1,NK
GAAATGATCATTATCC-1,CD8 T
GAAATGATCTCCAACC-1,CD8 T
GAACATCAGATGTTAG-1,NK
GAACATCAGCAATCTC-1,CD8 T
GAACATCAGCGTGTCC-1,Mono
GAACATCCAACTGCGC-1,B cells
GAACATCCAGTTCATG-1,Mono
GAACATCGTAATCACC-1,CL 1
GAACATCGTAGCAAAT-1,B cells
GAACATCGTAGCGATG-1,B cells
GAACATCGTATGCTTG-1,CD8 T
GAACATCGTGGCGAAT-1,B cells
GAACATCGTGTGACGA-1,CD8 T
GAACATCGTTAGAACA-1,CL 1
GAACATCGTTAGGGTG-1,CD8 T
GAACATCTCTAACGGT-1,CD8 T
GAACATCTCTGCAAGT-1,Mono
GAACCTAAGATCTGAA-1,Mono
GAACCTAAGCCAACAG-1,Mono
GAACCTAAGCTAAGAT-1,CL 1
GAACCTAAGGACCACA-1,CD8 T
GAACCTAAGGCAAAGA-1,Mono
GAACCTAAGTTTCCTT-1,CL 1
GAACCTACAAACAACA-1,CL 1
GAACCTACAAGCTGAG-1,CD8 T
GAACCTACAATCAGAA-1,CD8 T
GAACCTACAGCCTGTG-1,CL 1
GAACCTACATGCAATC-1,CL 1
GAACCTACATTACCTT-1,Mono
GAACCTAGTAGCGCAA-1,CL 1
GAACCTAGTATAGGTA-1,NK
GAACCTAGTATGGTTC-1,Mono
GAACCTAGTCTTGATG-1,Mono
GAACCTAGTGTTCTTT-1,CL 1
GAACCTAGTTGTTTGG-1,DC
GAACCTAGTTTAAGCC-1,Mono
GAACCTATCAACTCTT-1,CD8 T
GAACCTATCAGTGCAT-1,CD8 T
GAACCTATCATGTCTT-1,Mono
GAACCTATCCAAATGC-1,CD8 T
GAACCTATCCCAACGG-1,CD8 T
GAACCTATCGCCTGTT-1,CL 1
GAACCTATCGGAATCT-1,CD8 T
GAACCTATCGGAGGTA-1,CD8 T
GAACGGAAGAGCAATT-1,CL 1
GAACGGAAGGATGTAT-1,CD8 T
GAACGGAAGGCTCAGA-1,Mono
GAACGGAAGGGCTTGA-1,CD8 T
GAACGGACAATGGATA-1,NK
GAACGGACACAACTGT-1,CD8 T
GAACGGACAGCCAATT-1,Mono
GAACGGACAGTAAGAT-1,Mono
GAACGGACATAAGACA-1,CD8 T
GAACGGAGTAGAAAGG-1,NK
GAACGGAGTCGCGTGT-1,Mono
GAACGGAGTTAGATGA-1,B cells
GAACGGAGTTCCCGAG-1,CD8 T
GAACGGATCATAACCG-1,CD8 T
GAACGGATCGAATCCA-1,Mono
GAACGGATCTAACTCT-1,Mono
GAACGGATCTGAGTGT-1,Mono
GAACGGATCTGTCAAG-1,CL 1
GAAGCAGAGAACTGTA-1,Mono
GAAGCAGAGACGCAAC-1,Mono
GAAGCAGAGAGAGCTC-1,CL 1
GAAGCAGAGAGCAATT-1,Mono
GAAGCAGAGGGCTTGA-1,CD8 T
GAAGCAGAGGTGCACA-1,CL 1
GAAGCAGAGTCATGCT-1,Mono
GAAGCAGGTAGAGTGC-1,Mono
GAAGCAGGTCAATACC-1,CD8 T
GAAGCAGTCAGCTCTC-1,CL 1
GAAGCAGTCATCTGCC-1,CD8 T
GAAGCAGTCGCCAAAT-1,Mono
GAAGCAGTCTCTTGAT-1,Mono
GAAGCAGTCTTGTATC-1,CD8 T
GAATAAGAGCTATGCT-1,Mono
GAATAAGAGGCATTGG-1,B cells
GAATAAGAGGGCTTCC-1,Mono
GAATAAGAGTCCATAC-1,B cells
GAATAAGAGTGCGATG-1,CD8 T
GAATAAGCAATAGCAA-1,CD8 T
GAATAAGCACGTGAGA-1,B cells
GAATAAGCACTACAGT-1,Mono
GAATAAGCATTGGGCC-1,Mono
GAATAAGGTCAGCTAT-1,CL 1
GAATAAGGTCGAAAGC-1,Mono
GAATAAGGTCGCGTGT-1,CL 1
GAATAAGGTGAAATCA-1,NK
GAATAAGGTGAAGGCT-1,B cells
GAATAAGGTGACGCCT-1,CD8 T
GAATAAGGTGCAACTT-1,CL 1
GAATAAGGTTAGAACA-1,Mono
GAATAAGGTTCCACTC-1,Mono
GAATAAGTCACAAACC-1,CD8 T
GAATAAGTCATGTCCC-1,B cells
GAATAAGTCCGCATCT-1,CL 1
GAATAAGTCTATCCCG-1,CD8 T
GAATAAGTCTGGAGCC-1,CD8 T
GAATGAAAGAAACGCC-1,CD8 T
GAATGAACAAATCCGT-1,DC
GAATGAACAACAACCT-1,Mono
GAATGAACAACACGCC-1,CD8 T
GAATGAACACACCGAC-1,B cells
GAATGAACACACTGCG-1,B cells
GAATGAACACCTGGTG-1,CL 1
GAATGAACAGGGCATA-1,NK
GAATGAACAGGGTACA-1,B cells
GAATGAACAGTTCCCT-1,Mono
GAATGAACATATGGTC-1,Mono
GAATGAACATGCTAGT-1,CL 1
GAATGAAGTATATGAG-1,CD8 T
GAATGAAGTATTACCG-1,Mono
GAATGAAGTTGCGCAC-1,DC
GAATGAATCAACACGT-1,CD8 T
GAATGAATCAGCATGT-1,B cells
GAATGAATCCAAGCCG-1,CL 1
GAATGAATCCAAGTAC-1,CD8 T
GAATGAATCCACGACG-1,CD8 T
GAATGAATCGTACCGG-1,CL 1
GAATGAATCGTCACGG-1,CL 1
GAATGAATCTCCAGGG-1,CL 1
GAATGAATCTGCGACG-1,B cells
GAATGAATCTGTCTCG-1,B cells
GAATGAATCTTGAGAC-1,CD8 T
GACACGCAGAGTTGGC-1,Mono
GACACGCAGATTACCC-1,CD8 T
GACACGCAGCTATGCT-1,Mono
GACACGCAGGCATTGG-1,CD8 T
GACACGCAGTACTTGC-1,B cells
GACACGCCAGCCTTGG-1,CL 1
GACACGCGTAATCACC-1,Mono
GACACGCGTAGAGCTG-1,DC
GACACGCGTCACACGC-1,CL 1
GACACGCGTGACAAAT-1,CL 1
GACACGCGTTACTGAC-1,CL 1
GACACGCGTTATTCTC-1,Mono
GACACGCGTTTGCATG-1,CD8 T
GACACGCTCGTTTATC-1,CD8 T
GACACGCTCTGAGGGA-1,Mono
GACAGAGAGAAACCTA-1,Mono
GACAGAGAGACGCAAC-1,CD8 T
GACAGAGAGCGATATA-1,CD8 T
GACAGAGAGTCGTACT-1,DC
GACAGAGCAATGGTCT-1,Mono
GACAGAGCACGCGAAA-1,Mono
GACAGAGCAGATCTGT-1,CD8 T
GACAGAGCAGCCTGTG-1,B cells
GACAGAGGTACATCCA-1,CL 1
GACAGAGGTAGCTAAA-1,CD8 T
GACAGAGGTCTAAAGA-1,B cells
GACAGAGGTCTGCGGT-1,CD8 T
GACAGAGGTTCGGGCT-1,Mono
GACAGAGGTTGGTGGA-1,CL 1
GACAGAGTCCACTGGG-1,Mono
GACAGAGTCTGATACG-1,Mono
GACCAATAGCCTCGTG-1,CD8 T
GACCAATAGTACGTTC-1,B cells
GACCAATCACCGTTGG-1,CL 1
GACCAATCACTTAACG-1,CL 1
GACCAATCAGGGTACA-1,Mono
GACCAATCATCGGGTC-1,B cells
GACCAATGTCCGTGAC-1,CL 1
GACCAATGTCTTGTCC-1,Mono
GACCAATGTGGTCCGT-1,DC
GACCAATGTGGTCTCG-1,DC
GACCAATGTTTGTTGG-1,CL 1
GACCAATTCCTATGTT-1,CL 1
GACCAATTCTCTGTCG-1,B cells
GACCAATTCTGCAAGT-1,CL 1
GACCTGGAGAAACGAG-1,CL 1
GACCTGGAGACGCAAC-1,CD8 T
GACCTGGAGACTCGGA-1,Mono
GACCTGGAGATCGGGT-1,Mono
GACCTGGAGCTAACAA-1,CD8 T
GACCTGGCACTTAACG-1,CD8 T
GACCTGGCAGGGAGAG-1,B cells
GACCTGGCAGTCAGAG-1,Mono
GACCTGGCATCCTTGC-1,CL 1
GACCTGGGTACCGTTA-1,CL 1
GACCTGGGTCTTTCAT-1,CL 1
GACCTGGGTGGTGTAG-1,CL 1
GACCTGGTCGGTTCGG-1,CD8 T
GACCTGGTCTTCATGT-1,Mono
GACGCGTAGCGATGAC-1,CL 1
GACGCGTAGTTAACGA-1,NK
GACGCGTCAAGGTGTG-1,Mono
GACGCGTCAATCCGAT-1,Mono
GACGCGTCACAACTGT-1,B cells
GACGCGTCACGCATCG-1,CD8 T
GACGCGTCAGGGTACA-1,DC
GACGCGTGTAGAGTGC-1,CL 1
GACGCGTGTAGCGATG-1,B cells
GACGCGTGTGAGTGAC-1,Mono
GACGCGTGTGCACTTA-1,CD8 T
GACGCGTGTTGAGTTC-1,CD8 T
GACGCGTTCATGTAGC-1,CD8 T
GACGCGTTCCAAAGTC-1,Mono
GACGCGTTCGTTTAGG-1,CD8 T
GACGCGTTCTTGTACT-1,CL 1
GACGGCTAGAGATGAG-1,CD8 T
GACGGCTAGCCTATGT-1,CD8 T
GACGGCTAGTCACGCC-1,CL 1
GACGGCTCACAACGCC-1,CD8 T
GACGGCTCATCACGAT-1,CD8 T
GACGGCTCATCACGTA-1,Mono
GACGGCTCATCTCCCA-1,Mono
GACGGCTCATGTCTCC-1,Mono
GACGGCTCATTAGCCA-1,CD8 T
GACGGCTCATTGGTAC-1,B cells
GACGGCTGTCTACCTC-1,CL 1
GACGGCTGTGCGGTAA-1,Mono
GACGGCTGTGGACGAT-1,B cells
GACGGCTGTTCGTTGA-1,Mono
GACGGCTGTTGAGTTC-1,CL 1
GACGGCTTCAGCTCGG-1,CD8 T
GACGGCTTCAGGTTCA-1,CD8 T
GACGGCTTCCATTCTA-1,CL 1
GACGTGCAGCGCCTTG-1,CD8 T
GACGTGCAGCGTTCCG-1,CL 1
GACGTGCAGGATATAC-1,Mono
GACGTGCAGTGGGTTG-1,CL 1
GACGTGCCAAATCCGT-1,Mono
GACGTGCCAGGATTGG-1,B cells
GACGTGCCATCGATTG-1,NK
GACGTGCGTACCAGTT-1,NK
GACGTGCGTCGAACAG-1,Mono
GACGTGCGTGCGGTAA-1,CD8 T
GACGTGCGTTACCGAT-1,CD8 T
GACGTGCGTTCTGTTT-1,Mono
GACGTGCTCAGAGACG-1,CD8 T
GACGTGCTCGTACCGG-1,CL 1
GACGTGCTCGTTTGCC-1,Mono
GACGTTAAGAATCTCC-1,Mono
GACGTTAAGACACTAA-1,CD8 T
GACGTTAAGCGCTTAT-1,CD8 T
GACGTTAAGGTGATAT-1,Mono
GACGTTAAGTCATGCT-1,B cells
GACGTTACATGCGCAC-1,Mono
GACGTTAGTACCGGCT-1,B cells
GACGTTAGTCACACGC-1,CL 1
GACGTTAGTCCTGCTT-1,B cells
GACGTTAGTCGTGGCT-1,CL 1
GACGTTAGTCTTCAAG-1,Mono
GACGTTAGTTGCCTCT-1,CL 1
GACGTTATCACTCTTA-1,CL 1
GACGTTATCTTCATGT-1,Mono
GACTAACAGGCCGAAT-1,CD8 T
GACTAACAGGGCATGT-1,Mono
GACTAACCAATCTGCA-1,B cells
GACTAACCACCAGGCT-1,CD8 T
GACTAACCAGTCCTTC-1,NK
GACTAACCAGTGACAG-1,CL 1
GACTAACCATGGTCTA-1,CL 1
GACTAACGTCCCGACA-1,CD8 T
GACTAACGTCGGCATC-1,NK
GACTAACGTCTAAAGA-1,B cells
GACTAACGTCTAACGT-1,Mono
GACTAACGTCTGCAAT-1,CL 1
GACTAACGTTCCACGG-1,NK
GACTAACGTTGTGGCC-1,CL 1
GACTAACTCCTGTACC-1,CL 1
GACTAACTCTAACGGT-1,B cells
GACTAACTCTGCGTAA-1,Mono
GACTACAAGATGGGTC-1,CD8 T
GACTACAAGATGTGTA-1,CL 1
GACTACAAGGCTAGAC-1,Mono
GACTACAAGTACGCGA-1,CD8 T
GACTACACAAGCGCTC-1,CD8 T
GACTACACAATGGTCT-1,CD8 T
GACTACACACCATCCT-1,Mono
GACTACACAGCCAGAA-1,Mono
GACTACAGTCTCTTAT-1,NK
GACTACAGTGTGCGTC-1,Mono
GACTACATCGAATGGG-1,CD8 T
GACTACATCGCGATCG-1,DC
GACTACATCTCTAGGA-1,NK
GACTGCGAGACTAAGT-1,B cells
GACTGCGAGATCCCGC-1,CL 1
GACTGCGAGCGTTCCG-1,Mono
GACTGCGAGCTAACTC-1,B cells
GACTGCGAGGTAAACT-1,NK
GACTGCGAGTTGCAGG-1,B cells
GACTGCGCAAGTCTAC-1,CD8 T
GACTGCGCAAGTTCTG-1,CD8 T
GACTGCGCAATGGAGC-1,B cells
GACTGCGCATAGTAAG-1,Mono
GACTGCGCATTGAGCT-1,Mono
GACTGCGGTCCGACGT-1,DC
GACTGCGGTCGCCATG-1,Mono
GACTGCGGTTCCCTTG-1,CL 1
GACTGCGGTTTAAGCC-1,CD8 T
GACTGCGTCACGCGGT-1,CL 1
GACTGCGTCAGGCAAG-1,CD8 T
GACTGCGTCATCACCC-1,Mono
GACTGCGTCTTCTGGC-1,CD8 T
GAGCAGAAGAAACGCC-1,CD8 T
GAGCAGAAGAGCCCAA-1,B cells
GAGCAGAAGAGCTGCA-1,NK
GAGCAGAAGAGTAATC-1,Mono
GAGCAGAAGCAAATCA-1,Mono
GAGCAGAAGCAGCCTC-1,CD8 T
GAGCAGAAGCCACCTG-1,CL 1
GAGCAGAAGTCGTTTG-1,CD8 T
GAGCAGAAGTTTAGGA-1,CD8 T
GAGCAGACACACCGCA-1,CD8 T
GAGCAGACAGACTCGC-1,CL 1
GAGCAGACATAAAGGT-1,CL 1
GAGCAGACATTCCTCG-1,CD8 T
GAGCAGAGTACAGACG-1,Mono
GAGCAGAGTAGAGTGC-1,Mono
GAGCAGAGTATAATGG-1,B cells
GAGCAGAGTCCGAAGA-1,B cells
GAGCAGAGTCTGATTG-1,CL 1
GAGCAGAGTTGATTCG-1,CD8 T
GAGCAGATCAAGGCTT-1,CD8 T
GAGGTGAAGATACACA-1,CD8 T
GAGGTGAAGATCACGG-1,CD8 T
GAGGTGAAGGACAGCT-1,Mono
GAGGTGAAGTACGTAA-1,Mono
GAGGTGACAAGCCGTC-1,CL 1
GAGGTGACAAGGACTG-1,B cells
GAGGTGACAAGTCTGT-1,CD8 T
GAGGTGACACAGACTT-1,CD8 T
GAGGTGACAGTAAGAT-1,CL 1
GAGGTGACAGTGAGTG-1,Mono
GAGGTGACAGTGGGAT-1,Mono
GAGGTGACAGTTTACG-1,Mono
GAGGTGAGTACCGAGA-1,B cells
GAGGTGAGTATCACCA-1,CD8 T
GAGGTGAGTCAACTGT-1,CL 1
GAGGTGAGTCATGCAT-1,CL 1
GAGGTGAGTGGCAAAC-1,CD8 T
GAGGTGAGTTCAGGCC-1,DC
GAGGTGATCAGCACAT-1,CD8 T
GAGGTGATCCTGTAGA-1,B cells
GAGGTGATCGCATGGC-1,CD8 T
GAGGTGATCTAACTGG-1,CD8 T
GAGGTGATCTGCCCTA-1,NK
GAGTCCGAGAGCAATT-1,CD8 T
GAGTCCGAGAGCCCAA-1,Mono
GAGTCCGAGCGCTTAT-1,CD8 T
GAGTCCGAGGAGTTGC-1,CD8 T
GAGTCCGAGTGCAAGC-1,Mono
GAGTCCGCAACTTGAC-1,CL 1
GAGTCCGCACACATGT-1,CD8 T
GAGTCCGCAGCAGTTT-1,CD8 T
GAGTCCGCAGCATACT-1,CD8 T
GAGTCCGCAGCCACCA-1,CD8 T
GAGTCCGCATAAAGGT-1,CD8 T
GAGTCCGCATGAGCGA-1,CD8 T
GAGTCCGCATTAGCCA-1,B cells
GAGTCCGCATTCGACA-1,Mono
GAGTCCGGTAACGCGA-1,CL 1
GAGTCCGGTATATCCG-1,Mono
GAGTCCGGTATCACCA-1,NK
GAGTCCGGTCCGCTGA-1,CL 1
GAGTCCGGTCTGCCAG-1,CD8 T
GAGTCCGGTTTGTGTG-1,CD8 T
GAGTCCGTCACTGGGC-1,Mono
GAGTCCGTCATGCATG-1,B cells
GAGTCCGTCCGATATG-1,Mono
GAGTCCGTCGTCGTTC-1,CD8 T
GATCAGTAGCAGGTCA-1,NK
GATCAGTAGCCCGAAA-1,CL 1
GATCAGTCAAGGTTTC-1,B cells
GATCAGTCACCACCAG-1,DC
GATCAGTCAGCCACCA-1,CL 1
GATCAGTCAGCGATCC-1,CD8 T
GATCAGTCAGGCTCAC-1,CD8 T
GATCAGTCAGTAGAGC-1,CD8 T
GATCAGTCAGTCCTTC-1,Mono
GATCAGTCATGCCTTC-1,CD8 T
GATCAGTCATTCTCAT-1,B cells
GATCAGTGTACCTACA-1,CD8 T
GATCAGTGTCCAGTAT-1,CL 1
GATCAGTGTCCAGTTA-1,CD8 T
GATCAGTGTGTAATGA-1,CD8 T
GATCAGTTCCGGCACA-1,Mono
GATCAGTTCCTAAGTG-1,CL 1
GATCAGTTCGCTTAGA-1,CL 1
GATCGATAGAAACGCC-1,CL 1
GATCGATAGAGTGACC-1,CD8 T
GATCGATAGATCACGG-1,CL 1
GATCGATAGCCACGCT-1,CL 1
GATCGATAGCTAACAA-1,CL 1
GATCGATAGTGGGATC-1,Mono
GATCGATCAACTGGCC-1,B cells
GATCGATCACAACGCC-1,DC
GATCGATCACAGAGGT-1,B cells
GATCGATCACTTACGA-1,Mono
GATCGATCATTACGAC-1,CD8 T
GATCGATGTCTGCCAG-1,Mono
GATCGATGTCTTTCAT-1,CD8 T
GATCGATGTGCACGAA-1,Mono
GATCGATGTTCCACTC-1,Mono
GATCGATTCACCGTAA-1,CL 1
GATCGATTCCAGTATG-1,CL 1
GATCGATTCTGTGCAA-1,Mono
GATCGCGAGACCGGAT-1,B cells
GATCGCGAGCGGCTTC-1,Mono
GATCGCGAGGTAAACT-1,B cells
GATCGCGAGTCTTGCA-1,Mono
GATCGCGAGTTTAGGA-1,CL 1
GATCGCGCAAGCTGGA-1,NK
GATCGCGCACTTGGAT-1,Mono
GATCGCGCAGTATCTG-1,CD8 T
GATCGCGCATTACGAC-1,CD8 T
GATCGCGGTAGGGACT-1,NK
GATCGCGGTCGAAAGC-1,CD8 T
GATCGCGGTGAAAGAG-1,B cells
GATCGCGTCCGGGTGT-1,B cells
GATCGCGTCCTGCTTG-1,DC
GATCGTAAGGCCCTTG-1,Mono
GATCGTAAGGTAAACT-1,CL 1
GATCGTACAAAGGTGC-1,CL 1
GATCGTACAAGCTGAG-1,NK
GATCGTACACATCCAA-1,CL 1
GATCGTACACCGAAAG-1,B cells
GATCGTACAGAGCCAA-1,Mono
GATCGTAGTCACAAGG-1,CD8 T
GATCGTAGTCTAACGT-1,B cells
GATCGTATCAATAAGG-1,Mono
GATCTAGAGAATGTGT-1,CL 1
GATCTAGAGCAAATCA-1,B cells
GATCTAGAGCCCAACC-1,Mono
GATCTAGAGCTACCTA-1,CD8 T
GATCTAGAGTGATCGG-1,Mono
GATCTAGCAAGCCGCT-1,B cells
GATCTAGCAAGGTGTG-1,Mono
GATCTAGCACCGCTAG-1,CD8 T
GATCTAGCATACGCCG-1,Mono
GATCTAGCATCCGTGG-1,CL 1
GATCTAGCATTGGCGC-1,B cells
GATCTAGGTAAGTTCC-1,B cells
GATCTAGGTGCAACTT-1,CL 1
GATCTAGGTGTAACGG-1,Mono
GATCTAGTCAGCATGT-1,Mono
GATCTAGTCAGTCCCT-1,CD8 T
GATCTAGTCCTTGACC-1,CD8 T
GATCTAGTCTATCGCC-1,Mono
GATGAAAAGACAATAC-1,CD8 T
GATGAAAAGATAGGAG-1,CD8 T
GATGAAAAGGAATCGC-1,CD8 T
GATGAAACACCCAGTG-1,Mono
GATGAAACAGACGCTC-1,NK
GATGAAACAGATGGCA-1,Mono
GATGAAAGTAATCGTC-1,Mono
GATGAAAGTGGAAAGA-1,Mono
GATGAAAGTGTCTGAT-1,Mono
GATGAAAGTTGACGTT-1,CD8 T
GATGAAATCCCTTGTG-1,Mono
GATGAGGAGACAAGCC-1,CD8 T
GATGAGGAGACAGACC-1,CD8 T
GATGAGGAGCAATCTC-1,CD8 T
GATGAGGAGCAGCGTA-1,Mono
GATGAGGAGCTTCGCG-1,CD8 T
GATGAGGAGTACGTAA-1,DC
GATGAGGAGTCCGGTC-1,Mono
GATGAGGAGTTGTAGA-1,Mono
GATGAGGCAATAGCGG-1,Mono
GATGAGGGTAGCGCTC-1,Mono
GATGAGGGTCCGTTAA-1,Mono
GATGAGGGTTAAGAAC-1,CL 1
GATGAGGTCCACGCAG-1,Mono
GATGAGGTCCGCAAGC-1,CD8 T
GATGAGGTCGCACTCT-1,NK
GATGAGGTCTCTGAGA-1,CD8 T
GATGCTAAGAAGGACA-1,DC
GATGCTAAGGCTATCT-1,B cells
GATGCTAAGTCGCCGT-1,B cells
GATGCTAAGTGGGCTA-1,CD8 T
GATGCTACAACCGCCA-1,B cells
GATGCTACAGAGCCAA-1,CD8 T
GATGCTACATTGGTAC-1,CD8 T
GATGCTAGTCGCATCG-1,CD8 T
GATGCTAGTCTTCAAG-1,Mono
GATGCTAGTGTGACGA-1,CD8 T
GATGCTAGTTCAGGCC-1,CL 1
GATGCTAGTTGCTCCT-1,CD8 T
GATGCTATCAACACTG-1,CD8 T
GATGCTATCATACGGT-1,CD8 T
GATGCTATCCTCCTAG-1,CD8 T
GATGCTATCCTTTCTC-1,CL 1
GATGCTATCGAGAACG-1,CD8 T
GATGCTATCGGAAACG-1,Mono
GATTCAGAGCACCGCT-1,Mono
GATTCAGAGTTGCAGG-1,CD8 T
GATTCAGCAAGCCGTC-1,Mono
GATTCAGCAATGGTCT-1,CL 1
GATTCAGCACAGGCCT-1,B cells
GATTCAGCAGTAAGAT-1,Mono
GATTCAGCATGCCTAA-1,Mono
GATTCAGCATTCCTCG-1,CL 1
GATTCAGGTAGCTCCG-1,CL 1
GATTCAGGTATAGGGC-1,CD8 T
GATTCAGGTCTCACCT-1,B cells
GATTCAGGTCTTCTCG-1,B cells
GATTCAGGTGACTACT-1,CD8 T
GATTCAGTCAGTGCAT-1,B cells
GATTCAGTCCCAAGTA-1,DC
GATTCAGTCGATCCCT-1,CD8 T
GATTCAGTCTGTCCGT-1,CL 1
GATTCAGTCTGTTGAG-1,CD8 T
GCAAACTAGAAAGTGG-1,CD8 T
GCAAACTAGCCACCTG-1,CD8 T
GCAAACTAGCCCAGCT-1,Mono
GCAAACTCAAAGGTGC-1,CL 1
GCAAACTCAAGAGGCT-1,CD8 T
GCAAACTCAAGGCTCC-1,CD8 T
GCAAACTCAATCTACG-1,CL 1
GCAAACTCAATGGAAT-1,CL 1
GCAAACTCACATGTGT-1,B cells
GCAAACTCACGGACAA-1,Mono
GCAAACTCAGGTCCAC-1,Mono
GCAAACTGTAAAGTCA-1,B cells
GCAAACTGTAAGGGCT-1,CL 1
GCAAACTGTAGCTGCC-1,CD8 T
GCAAACTGTCACTGGC-1,CL 1
GCAAACTGTCCTCCAT-1,CL 1
GCAAACTGTCGAAAGC-1,Mono
GCAAACTGTGCATCTA-1,CL 1
GCAAACTGTTCCACAA-1,NK
GCAAACTTCGATGAGG-1,B cells
GCAAACTTCTAGAGTC-1,CD8 T
GCAATCAAGATCCCAT-1,CD8 T
GCAATCAAGGCCATAG-1,B cells
GCAATCACAATCTGCA-1,CL 1
GCAATCACAATGTTGC-1,CD8 T
GCAATCACACCACCAG-1,Mono
GCAATCACATGGATGG-1,CD8 T
GCAATCAGTACCGTTA-1,Mono
GCAATCAGTATTACCG-1,B cells
GCAATCAGTCACTGGC-1,B cells
GCAATCAGTCTAACGT-1,B cells
GCAATCAGTTCTGGTA-1,CD8 T
GCAATCATCAGAGACG-1,CL 1
GCAATCATCCAGTATG-1,Mono
GCAATCATCCGCGCAA-1,B cells
GCAATCATCCTTTACA-1,CD8 T
GCAATCATCGTAGATC-1,B cells
GCAATCATCGTCACGG-1,CD8 T
GCAATCATCTTGGGTA-1,Mono
GCACATAAGCGATCCC-1,Mono
GCACATACATCCCATC-1,CD8 T
GCACATACATTAACCG-1,Mono
GCACATACATTACGAC-1,CL 1
GCACATAGTACTTAGC-1,CL 1
GCACATAGTCATGCAT-1,Mono
GCACATAGTTTGTTTC-1,CD8 T
GCACATATCAACCATG-1,CD8 T
GCACATATCAACGGCC-1,CD8 T
GCACATATCCAGGGCT-1,CD8 T
GCACATATCGTTTGCC-1,CD8 T
GCACATATCTTACCTA-1,CD8 T
GCACTCTAGCTAAGAT-1,CD8 T
GCACTCTAGGACAGCT-1,CL 1
GCACTCTCAAAGGCGT-1,CD8 T
GCACTCTCACACCGAC-1,CL 1
GCACTCTCATATGAGA-1,Mono
GCACTCTCATCACGTA-1,CD8 T
GCACTCTGTACTTGAC-1,Mono
GCACTCTGTATTCTCT-1,CL 1
GCACTCTGTCAAAGAT-1,CL 1
GCACTCTGTCCAAGTT-1,Mono
GCACTCTGTCGTCTTC-1,CD8 T
GCACTCTGTTCAGGCC-1,CD8 T
GCACTCTGTTGAACTC-1,CL 1
GCACTCTGTTGAGGTG-1,CD8 T
GCACTCTTCCTGCTTG-1,B cells
GCACTCTTCGGAAACG-1,CD8 T
GCACTCTTCTGTCCGT-1,CL 1
GCACTCTTCTTAGCCC-1,Mono
GCAGCCAAGAAGCCCA-1,CD8 T
GCAGCCAAGATATACG-1,CD8 T
GCAGCCAAGATCTGCT-1,CD8 T
GCAGCCAAGTCCGTAT-1,DC
GCAGCCAAGTTAAGTG-1,Mono
GCAGCCAAGTTACCCA-1,CL 1
GCAGCCACAAAGAATC-1,B cells
GCAGCCACAACACGCC-1,Mono
GCAGCCACAAGCCGCT-1,CL 1
GCAGCCACAAGGACAC-1,CD8 T
GCAGCCACATCCGCGA-1,CD8 T
GCAGCCACATTAGGCT-1,CD8 T
GCAGCCAGTAAATACG-1,CL 1
GCAGCCAGTAGTGAAT-1,CL 1
GCAGCCAGTCTCCCTA-1,CD8 T
GCAGCCAGTGCATCTA-1,Mono
GCAGCCAGTGTTAAGA-1,CD8 T
GCAGCCAGTTGAACTC-1,Mono
GCAGCCATCATAAAGG-1,Mono
GCAGCCATCCAATGGT-1,Mono
GCAGCCATCGCGCCAA-1,NK
GCAGTTAAGAGACTAT-1,Mono
GCAGTTAAGAGAGCTC-1,CD8 T
GCAGTTAAGCAACGGT-1,CL 1
GCAGTTAAGGAATTAC-1,Mono
GCAGTTAAGTGTCCAT-1,CD8 T
GCAGTTACAAGAGTCG-1,B cells
GCAGTTAGTAGGGTAC-1,CL 1
GCAGTTAGTATTACCG-1,Mono
GCAGTTAGTTCCATGA-1,DC
GCAGTTATCAACCATG-1,B cells
GCAGTTATCACAGGCC-1,CD8 T
GCAGTTATCAGCACAT-1,CD8 T
GCAGTTATCATGTCCC-1,CL 1
GCAGTTATCCCGACTT-1,Mono
GCAGTTATCCGCATCT-1,CL 1
GCAGTTATCGAACGGA-1,CD8 T
GCAGTTATCTAACGGT-1,Mono
GCATACAAGAGGGCTT-1,CD8 T
GCATACAAGAGTGAGA-1,CD8 T
GCATACAAGCGATGAC-1,Mono
GCATACAAGTGAACGC-1,Mono
GCATACAAGTTACCCA-1,CD8 T
GCATACAAGTTGAGAT-1,CD8 T
GCATACACAAGAGGCT-1,CD8 T
GCATACACAAGCCATT-1,CD8 T
GCATACACAAGCGATG-1,CD8 T
GCATACACAATGGATA-1,Mono
GCATACACACGCATCG-1,Mono
GCATACACACTACAGT-1,CD8 T
GCATACACAGATGAGC-1,CD8 T
GCATACACATATACCG-1,CD8 T
GCATACACATTATCTC-1,Mono
GCATACAGTCTAAAGA-1,CD8 T
GCATACATCCGGCACA-1,B cells
GCATACATCGCAAGCC-1,CD8 T
GCATGATAGACTGGGT-1,Mono
GCATGATAGCGATAGC-1,CD8 T
GCATGATAGCTAAACA-1,CD8 T
GCATGATAGTTGTCGT-1,B cells
GCATGATCAAGTTAAG-1,CD8 T
GCATGATCACTACAGT-1,Mono
GCATGATCAGGTCCAC-1,B cells
GCATGATCAGTGGGAT-1,CD8 T
GCATGATCATCACAAC-1,CL 1
GCATGATGTAAGTGGC-1,CL 1
GCATGATGTCTACCTC-1,CD8 T
GCATGATTCATCGCTC-1,CD8 T
GCATGATTCGAGCCCA-1,B cells
GCATGATTCGGCTTGG-1,Mono
GCATGATTCTGCGTAA-1,CD8 T
GCATGCGAGAGTGACC-1,CD8 T
GCATGCGAGCTCAACT-1,CD8 T
GCATGCGAGGATGCGT-1,B cells
GCATGCGAGGGTCTCC-1,Mono
GCATGCGCAAGCGATG-1,NK
GCATGCGCACCATCCT-1,CD8 T
GCATGCGCATCAGTCA-1,Mono
GCATGCGCATGTCTCC-1,B cells
GCATGCGGTACCATCA-1,CD8 T
GCATGCGGTGTGTGCC-1,CD8 T
GCATGCGGTTAGTGGG-1,CD8 T
GCATGCGGTTATGCGT-1,B cells
GCATGCGTCAAAGACA-1,CL 1
GCATGCGTCAATACCG-1,CD8 T
GCATGCGTCCACGTGG-1,B cells
GCATGCGTCCCATTTA-1,Mono
GCATGCGTCTTAACCT-1,B cells
GCATGCGTCTTCGAGA-1,Mono
GCATGCGTCTTTACGT-1,B cells
GCATGTAAGAGCTGGT-1,Mono
GCATGTAAGATTACCC-1,CD8 T
GCATGTAAGGCTAGAC-1,CL 1
GCATGTACACCCTATC-1,CD8 T
GCATGTACAGATCCAT-1,NK
GCATGTACAGGCTGAA-1,NK
GCATGTACATGCCTTC-1,CL 1
GCATGTAGTTAAGATG-1,Mono
GCATGTATCACCGGGT-1,CD8 T
GCATGTATCAGTCCCT-1,Mono
GCATGTATCATAACCG-1,Mono
GCATGTATCCACTGGG-1,CD8 T
GCATGTATCCGTTGCT-1,CL 1
GCATGTATCTCGATGA-1,Mono
GCCAAATAGATAGTCA-1,CD8 T
GCCAAATAGTCAAGCG-1,CD8 T
GCCAAATCAAGTTAAG-1,B cells
GCCAAATCAATCGAAA-1,CD8 T
GCCAAATCACGAAGCA-1,CD8 T
GCCAAATCATATACCG-1,NK
GCCAAATCATGCCTTC-1,CD8 T
GCCAAATGTACAGTGG-1,Mono
GCCAAATGTACTCTCC-1,CD8 T
GCCAAATGTTACGGAG-1,CD8 T
GCCTCTAAGAAGAAGC-1,Mono
GCCTCTAAGAATTCCC-1,CL 1
GCCTCTAAGACACGAC-1,CD8 T
GCCTCTAAGCCTATGT-1,CD8 T
GCCTCTAAGCGTGAAC-1,Mono
GCCTCTAAGCTAGTTC-1,B cells
GCCTCTAAGTGGGATC-1,B cells
GCCTCTACAACGATGG-1,CD8 T
GCCTCTACAATGCCAT-1,CD8 T
GCCTCTACAATGGACG-1,CD8 T
GCCTCTACATCTCCCA-1,B cells
GCCTCTACATGCTAGT-1,CD8 T
GCCTCTAGTCAATGTC-1,Mono
GCCTCTAGTCATACTG-1,CD8 T
GCCTCTAGTGCATCTA-1,NK
GCCTCTAGTGGTAACG-1,CD8 T
GCCTCTAGTTCTGTTT-1,CD8 T
GCCTCTATCAACACAC-1,CD8 T
GCCTCTATCATGTCCC-1,CD8 T
GCCTCTATCCATTCTA-1,CL 1
GCCTCTATCCCTGACT-1,B cells
GCCTCTATCGGTTAAC-1,NK
GCGACCAAGCCAGTAG-1,Mono
GCGACCAAGCTCCCAG-1,CL 1
GCGACCACACCCATTC-1,Mono
GCGACCACAGGCAGTA-1,CD8 T
GCGACCACATCGGTTA-1,CD8 T
GCGACCAGTAGCCTAT-1,CD8 T
GCGACCAGTAGCCTCG-1,Mono
GCGACCAGTAGGCTGA-1,CD8 T
GCGACCAGTCCGAACC-1,B cells
GCGACCAGTGCCTGCA-1,CD8 T
GCGACCAGTGCGATAG-1,CD8 T
GCGACCAGTTCAGTAC-1,CL 1
GCGACCATCACCCGAG-1,CL 1
GCGACCATCCGAGCCA-1,CL 1
GCGAGAAAGACTAAGT-1,CD8 T
GCGAGAAAGCCACGCT-1,CD8 T
GCGAGAAAGCCTTGAT-1,CD8 T
GCGAGAAAGTTAGCGG-1,CL 1
GCGAGAACAAACGTGG-1,CL 1
GCGAGAACAATAGAGT-1,CD8 T
GCGAGAACACCTCGGA-1,B cells
GCGAGAACAGGGTATG-1,Mono
GCGAGAACATAGAAAC-1,Mono
GCGAGAACATGTAAGA-1,Mono
GCGAGAAGTAAACGCG-1,CD8 T
GCGAGAAGTACGCACC-1,Mono
GCGAGAAGTAGCTAAA-1,CD8 T
GCGAGAAGTCCGACGT-1,CD8 T
GCGAGAATCCTCAATT-1,CD8 T
GCGAGAATCGCTTGTC-1,CD8 T
GCGAGAATCGTTTATC-1,B cells
GCGCAACAGAAGGTGA-1,CL 1
GCGCAACAGACGCAAC-1,CL 1
GCGCAACAGTGAAGAG-1,Mono
GCGCAACCAAGGACAC-1,CL 1
GCGCAACCACGTCTCT-1,CL 1
GCGCAACCAGCCTTGG-1,CL 1
GCGCAACCATCCGGGT-1,B cells
GCGCAACCATCGACGC-1,CD8 T
GCGCAACCATGACGGA-1,CD8 T
GCGCAACCATTGGTAC-1,CL 1
GCGCAACGTAAACACA-1,CL 1
GCGCAACGTCCAGTAT-1,CL 1
GCGCAACGTCGCGGTT-1,B cells
GCGCAACGTCTCTTTA-1,CD8 T
GCGCAACGTGCCTGCA-1,Mono
GCGCAACTCTGGGCCA-1,CL 1
GCGCAGTAGACCACGA-1,CD8 T
GCGCAGTAGACCGGAT-1,CD8 T
GCGCAGTAGACCTAGG-1,CD8 T
GCGCAGTAGGCCGAAT-1,CL 1
GCGCAGTAGTAGGCCA-1,CD8 T
GCGCAGTAGTCCGGTC-1,B cells
GCGCAGTAGTCGTTTG-1,CD8 T
GCGCAGTAGTGATCGG-1,CD8 T
GCGCAGTCAATCGGTT-1,B cells
GCGCAGTCACTTGGAT-1,B cells
GCGCAGTCAGTTCCCT-1,NK
GCGCAGTCATTTGCTT-1,B cells
GCGCAGTGTAAGAGAG-1,CD8 T
GCGCAGTGTAATCGTC-1,B cells
GCGCAGTGTAGAAGGA-1,CD8 T
GCGCAGTGTCCATCCT-1,CL 1
GCGCAGTGTCCGTTAA-1,B cells
GCGCAGTGTCTCCATC-1,Mono
GCGCAGTGTCTGCGGT-1,CD8 T
GCGCAGTGTGAAAGAG-1,CD8 T
GCGCAGTGTGCGCTTG-1,Mono
GCGCAGTGTTACGTCA-1,CD8 T
GCGCAGTTCCATTCTA-1,CD8 T
GCGCAGTTCGAGGTAG-1,B cells
GCGCAGTTCTCGTTTA-1,CD8 T
GCGCCAAAGAGGTAGA-1,CD8 T
GCGCCAAAGCTACCGC-1,DC
GCGCCAAAGCTGCGAA-1,CD8 T
GCGCCAAAGCTTTGGT-1,Mono
GCGCCAAAGTACGTTC-1,CL 1
GCGCCAAAGTGTCCAT-1,B cells
GCGCCAACAACTTGAC-1,B cells
GCGCCAACAAGTTCTG-1,CD8 T
GCGCCAACACAGGCCT-1,CD8 T
GCGCCAACACCAGTTA-1,B cells
GCGCCAACACGTTGGC-1,Mono
GCGCCAACATAGACTC-1,B cells
GCGCCAACATCTACGA-1,B cells
GCGCCAACATCTGGTA-1,CL 1
GCGCCAAGTTCGCTAA-1,CD8 T
GCGCCAAGTTTCCACC-1,CD8 T
GCGCCAATCATTGCGA-1,CD8 T
GCGCCAATCTACCAGA-1,Mono
GCGCGATAGACACGAC-1,CD8 T
GCGCGATAGATCCGAG-1,CD8 T
GCGCGATAGATCGATA-1,CL 1
GCGCGATAGGACACCA-1,DC
GCGCGATAGGATCGCA-1,CL 1
GCGCGATCAATCTACG-1,CD8 T
GCGCGATCAATGGAGC-1,CL 1
GCGCGATCACATCTTT-1,CD8 T
GCGCGATCAGCTGCAC-1,CD8 T
GCGCGATGTACAGTTC-1,Mono
GCGCGATGTAGTGAAT-1,Mono
GCGCGATGTCAAAGAT-1,Mono
GCGCGATGTCTGGTCG-1,CD8 T
GCGCGATGTGCACTTA-1,CD8 T
GCGCGATGTTGAACTC-1,CD8 T
GCGCGATGTTTCGCTC-1,CD8 T
GCGCGATTCCCACTTG-1,Mono
GCGCGATTCGCAAACT-1,CL 1
GCGCGATTCGTTACAG-1,CD8 T
GCGCGATTCTTTCCTC-1,Mono
GCGGGTTAGAGTCGGT-1,CL 1
GCGGGTTAGGATATAC-1,Mono
GCGGGTTAGTACCGGA-1,DC
GCGGGTTCACTCAGGC-1,Mono
GCGGGTTCAGTGACAG-1,CD8 T
GCGGGTTCATTCACTT-1,CD8 T
GCGGGTTCATTCCTCG-1,CD8 T
GCGGGTTGTACTCTCC-1,NK
GCGGGTTGTCATGCCG-1,Mono
GCGGGTTGTCCCTTGT-1,Mono
GCGGGTTGTCTCTCGT-1,CD8 T
GCGGGTTGTGTCAATC-1,B cells
GCGGGTTTCATGCAAC-1,CD8 T
GCGGGTTTCCGCATAA-1,CD8 T
GCGGGTTTCCTGTACC-1,CD8 T
GCGGGTTTCTGATACG-1,Mono
GCTCCTAAGACACGAC-1,CD8 T
GCTCCTAAGCCACGCT-1,Mono
GCTCCTAAGCTGTCTA-1,B cells
GCTCCTAAGGAACTGC-1,Mono
GCTCCTAAGGACAGAA-1,B cells
GCTCCTAAGTCGTTTG-1,CD8 T
GCTCCTACAGCCTGTG-1,Mono
GCTCCTACAGCGTAAG-1,Mono
GCTCCTACAGGAATGC-1,Mono
GCTCCTACAGGTCTCG-1,DC
GCTCCTAGTCACTGGC-1,CD8 T
GCTCCTAGTGACAAAT-1,Mono
GCTCCTAGTTCGGCAC-1,Mono
GCTCCTATCACCAGGC-1,Mono
GCTCCTATCATCGATG-1,CD8 T
GCTCCTATCCAAGTAC-1,CL 1
GCTCCTATCCTATGTT-1,CL 1
GCTCCTATCCTTAATC-1,CD8 T
GCTCCTATCTTCCTTC-1,CD8 T
GCTCTGTAGAAGGGTA-1,B cells
GCTCTGTAGATATGCA-1,Mono
GCTCTGTAGATGTAAC-1,CD8 T
GCTCTGTAGGTGCAAC-1,CL 1
GCTCTGTAGTAGTGCG-1,CD8 T
GCTCTGTCAAGAGGCT-1,CL 1
GCTCTGTCAAGAGTCG-1,Mono
GCTCTGTCAATCCAAC-1,CL 1
GCTCTGTCAATGGAAT-1,Mono
GCTCTGTCACAACTGT-1,NK
GCTCTGTCATTTCAGG-1,B cells
GCTCTGTGTACCAGTT-1,Mono
GCTCTGTGTCGCGGTT-1,CD8 T
GCTCTGTGTGTGACGA-1,CD8 T
GCTCTGTTCAGTTAGC-1,B cells
GCTCTGTTCATAACCG-1,Mono
GCTCTGTTCATCGGAT-1,CD8 T
GCTCTGTTCCGAGCCA-1,DC
GCTCTGTTCCTTGCCA-1,Mono
GCTCTGTTCGTAGGTT-1,CD8 T
GCTGCAGAGCCAGGAT-1,B cells
GCTGCAGAGCCGGTAA-1,CL 1
GCTGCAGAGCTAAACA-1,Mono
GCTGCAGAGTACACCT-1,B cells
GCTGCAGCAAAGTCAA-1,B cells
GCTGCAGCACACATGT-1,CD8 T
GCTGCAGCACGGATAG-1,CL 1
GCTGCAGCACTCTGTC-1,NK
GCTGCAGCAGAGCCAA-1,CD8 T
GCTGCAGCATACTACG-1,Mono
GCTGCAGCATATACGC-1,B cells
GCTGCAGGTACAGCAG-1,CD8 T
GCTGCAGGTATCGCAT-1,CD8 T
GCTGCAGTCAGCGACC-1,CD8 T
GCTGCAGTCGAGCCCA-1,DC
GCTGCAGTCGGAGGTA-1,Mono
GCTGCAGTCTGCTTGC-1,CL 1
GCTGCGAAGACGACGT-1,Mono
GCTGCGAAGAGACGAA-1,CD8 T
GCTGCGAAGCAGGCTA-1,CD8 T
GCTGCGAAGTAGATGT-1,CL 1
GCTGCGAAGTGTTTGC-1,CL 1
GCTGCGACAGCGAACA-1,CL 1
GCTGCGACAGGCTCAC-1,Mono
GCTGCGACAGTCTTCC-1,Mono
GCTGCGAGTACTCTCC-1,NK
GCTGCGAGTCGAGTTT-1,NK
GCTGCGATCCAGGGCT-1,B cells
GCTGCGATCCGCAAGC-1,CL 1
GCTGCGATCTAAGCCA-1,Mono
GCTGCTTAGGATCGCA-1,Mono
GCTGCTTAGGCTAGGT-1,CL 1
GCTGCTTAGGTCATCT-1,CD8 T
GCTGCTTAGTCCTCCT-1,NK
GCTGCTTCAAGTCATC-1,B cells
GCTGCTTCACAGTCGC-1,CD8 T
GCTGCTTCACCGATAT-1,CD8 T
GCTGCTTCACCGTTGG-1,CD8 T
GCTGCTTCAGTACACT-1,CD8 T
GCTGCTTGTACAGACG-1,B cells
GCTGCTTGTTCGCGAC-1,NK
GCTGCTTTCCCTAATT-1,DC
GCTGCTTTCCTATTCA-1,CL 1
GCTGCTTTCCTTGGTC-1,CD8 T
GCTGCTTTCGTGGACC-1,CL 1
GCTGGGTAGAATCTCC-1,CD8 T
GCTGGGTAGATATGGT-1,CL 1
GCTGGGTAGCCAGTAG-1,Mono
GCTGGGTAGCGATTCT-1,Mono
GCTGGGTAGCTAGTCT-1,B cells
GCTGGGTAGTCGTACT-1,CD8 T
GCTGGGTCAATGTTGC-1,B cells
GCTGGGTCACGTCAGC-1,Mono
GCTGGGTCACTTAAGC-1,Mono
GCTGGGTCATTGTGCA-1,B cells
GCTGGGTGTCATATCG-1,CD8 T
GCTGGGTGTCGGCATC-1,B cells
GCTGGGTGTGACGGTA-1,Mono
GCTGGGTGTGTTCTTT-1,CD8 T
GCTGGGTGTTCCGTCT-1,CD8 T
GCTGGGTTCATAAAGG-1,CD8 T
GCTGGGTTCCTTGGTC-1,B cells
GCTGGGTTCTCACATT-1,B cells
GCTTCCAAGAATAGGG-1,B cells
GCTTCCAAGAGTACCG-1,Mono
GCTTCCAAGGGCACTA-1,NK
GCTTCCAAGTGACTCT-1,B cells
GCTTCCACAAATCCGT-1,Mono
GCTTCCACAAGCCGCT-1,B cells
GCTTCCACAGATCTGT-1,DC
GCTTCCAGTAAAGTCA-1,CD8 T
GCTTCCAGTAAGAGAG-1,CD8 T
GCTTCCAGTCGCATCG-1,CD8 T
GCTTCCAGTGACAAAT-1,B cells
GCTTCCATCCATTCTA-1,DC
GCTTCCATCCCAGGTG-1,DC
GCTTCCATCCTACAGA-1,Mono
GCTTCCATCTATCCCG-1,CL 1
GCTTCCATCTGTGCAA-1,CL 1
GCTTGAAAGACGCACA-1,CL 1
GCTTGAAAGAGTCGGT-1,CD8 T
GCTTGAAAGCGTAATA-1,CD8 T
GCTTGAAAGCGTTGCC-1,B cells
GCTTGAAAGGTGATTA-1,B cells
GCTTGAAAGTGAACAT-1,CD8 T
GCTTGAAAGTTACCCA-1,NK
GCTTGAACAAGGACTG-1,Mono
GCTTGAACAATAGAGT-1,Mono
GCTTGAACACAGACAG-1,CD8 T
GCTTGAACACATTTCT-1,CL 1
GCTTGAACACCGCTAG-1,Mono
GCTTGAACACTATCTT-1,CD8 T
GCTTGAACACTTGGAT-1,B cells
GCTTGAACAGCGTAAG-1,Mono
GCTTGAACAGCTTCGG-1,Mono
GCTTGAACATACGCTA-1,B cells
GCTTGAACATTAACCG-1,CL 1
GCTTGAAGTACCGTTA-1,Mono
GCTTGAAGTAGCTTGT-1,CD8 T
GCTTGAAGTCCATCCT-1,CL 1
GCTTGAAGTCTTGTCC-1,CL 1
GCTTGAAGTGGTAACG-1,B cells
GCTTGAAGTTTAAGCC-1,B cells
GCTTGAATCACCTTAT-1,Mono
GGAAAGCAGCCGTCGT-1,B cells
GGAAAGCAGCTATGCT-1,CL 1
GGAAAGCAGTTGAGAT-1,Mono
GGAAAGCCACTGTTAG-1,CD8 T
GGAAAGCGTCTAGCCG-1,B cells
GGAAAGCTCACTGGGC-1,CD8 T
GGAAAGCTCATGTGGT-1,CL 1
GGAAAGCTCGGTCTAA-1,CD8 T
GGAACTTAGCTAGTCT-1,CD8 T
GGAACTTAGTACACCT-1,Mono
GGAACTTAGTTGCAGG-1,CD8 T
GGAACTTCAACGATCT-1,Mono
GGAACTTCACTCGACG-1,CL 1
GGAACTTCATGACATC-1,CL 1
GGAACTTCATGCCTTC-1,CL 1
GGAACTTCATTTGCTT-1,CD8 T
GGAACTTGTACACCGC-1,CD8 T
GGAACTTGTACAGCAG-1,B cells
GGAACTTGTACTCAAC-1,CD8 T
GGAACTTGTCGTGGCT-1,CL 1
GGAACTTGTGCACGAA-1,CD8 T
GGAACTTTCAATCTCT-1,B cells
GGAACTTTCAGCCTAA-1,CD8 T
GGAACTTTCAGCTCGG-1,CL 1
GGAACTTTCATGTGGT-1,CD8 T
GGAACTTTCCTAAGTG-1,CD8 T
GGAACTTTCGCCATAA-1,CD8 T
GGAACTTTCGTTTAGG-1,Mono
GGAACTTTCTGTCTCG-1,CD8 T
GGAATAAAGGACATTA-1,Mono
GGAATAAAGGACTGGT-1,CL 1
GGAATAAAGGCTATCT-1,NK
GGAATAAAGTAACCCT-1,CL 1
GGAATAAAGTGGTAAT-1,Mono
GGAATAAAGTTCGATC-1,CD8 T
GGAATAACACTCAGGC-1,B cells
GGAATAACAGCATACT-1,B cells
GGAATAACAGCCACCA-1,Mono
GGAATAACATGGTCAT-1,CD8 T
GGAATAAGTACGCTGC-1,Mono
GGAATAAGTAGTACCT-1,B cells
GGAATAAGTATGAATG-1,CL 1
GGAATAAGTGACAAAT-1,CD8 T
GGAATAAGTGGCCCTA-1,CD8 T
GGAATAAGTGGTACAG-1,CD8 T
GGAATAATCAACGAAA-1,B cells
GGAATAATCATATCGG-1,CL 1
GGAATAATCATCGGAT-1,DC
GGAATAATCATGCTCC-1,Mono
GGAATAATCCCATTTA-1,CD8 T
GGACAAGAGAGAACAG-1,Mono
GGACAAGAGCATGGCA-1,DC
GGACAAGAGTCTCGGC-1,CL 1
GGACAAGCAAAGTGCG-1,CD8 T
GGACAAGCAAATCCGT-1,CD8 T
GGACAAGCAATTGCTG-1,CD8 T
GGACAAGCACAACTGT-1,CL 1
GGACAAGCACGTTGGC-1,B cells
GGACAAGCACTAGTAC-1,CD8 T
GGACAAGCATGCAACT-1,Mono
GGACAAGGTCTTGCGG-1,CL 1
GGACAAGGTGCATCTA-1,CL 1
GGACAAGGTGCTGTAT-1,CD8 T
GGACAAGGTGTTTGGT-1,CD8 T
GGACAAGGTTATCCGA-1,Mono
GGACAAGGTTATGTGC-1,CD8 T
GGACAAGGTTCGCTAA-1,B cells
GGACAAGTCAAACGGG-1,CL 1
GGACAAGTCCCACTTG-1,Mono
GGACAGAAGACAAGCC-1,DC
GGACAGAAGACAGACC-1,B cells
GGACAGAAGACCTAGG-1,CL 1
GGACAGAAGAGCCCAA-1,CD8 T
GGACAGAAGCTGAAAT-1,CD8 T
GGACAGAAGGCGCTCT-1,CL 1
GGACAGAAGGTAGCCA-1,B cells
GGACAGAAGTCGTACT-1,CD8 T
GGACAGAAGTCTTGCA-1,Mono
GGACAGACACGGCGTT-1,CD8 T
GGACAGACAGCCAATT-1,CL 1
GGACAGACATTGAGCT-1,Mono
GGACAGAGTTGAGGTG-1,Mono
GGACAGATCCAAAGTC-1,B cells
GGACAGATCGTCCAGG-1,CL 1
GGACAGATCTTGTATC-1,CL 1
GGACATTAGTTGTAGA-1,B cells
GGACATTCACAGCCCA-1,CD8 T
GGACATTCACCATCCT-1,B cells
GGACATTCAGACACTT-1,CL 1
GGACATTCAGGGTACA-1,CL 1
GGACATTCATCGATTG-1,CD8 T
GGACATTCATCGGAAG-1,Mono
GGACATTCATGGATGG-1,DC
GGACATTGTAACGCGA-1,CD8 T
GGACATTGTCTCAACA-1,B cells
GGACATTGTGACCAAG-1,CD8 T
GGACATTGTTTCGCTC-1,NK
GGACATTTCAACACTG-1,Mono
GGACATTTCAATACCG-1,CL 1
GGACATTTCACCATAG-1,Mono
GGACATTTCATTCACT-1,B cells
GGACATTTCGAATGCT-1,Mono
GGACATTTCTAACCGA-1,CD8 T
GGACGTCAGCATGGCA-1,CL 1
GGACGTCCAAGGACTG-1,B cells
GGACGTCCACAGACAG-1,B cells
GGACGTCCAGCGAACA-1,B cells
GGACGTCCAGTTAACC-1,CD8 T
GGACGTCGTACAGACG-1,Mono
GGACGTCGTAGAAAGG-1,CD8 T
GGACGTCGTAGCGCTC-1,Mono
GGACGTCGTCCGAATT-1,CD8 T
GGACGTCGTCTTGCGG-1,CD8 T
GGACGTCGTGACCAAG-1,CL 1
GGACGTCGTGAGCGAT-1,CD8 T
GGACGTCGTGATAAGT-1,NK
GGACGTCGTTAAGGGC-1,CL 1
GGACGTCGTTCCACGG-1,B cells
GGACGTCTCAAACGGG-1,CL 1
GGACGTCTCCGCGTTT-1,Mono
GGACGTCTCGACCAGC-1,CD8 T
GGACGTCTCGGCGGTT-1,CD8 T
GGACGTCTCTTGTACT-1,Mono
GGAGCAAAGACCGGAT-1,CL 1
GGAGCAAAGCGAAGGG-1,CL 1
GGAGCAAAGCGCTTAT-1,CL 1
GGAGCAAAGCTATGCT-1,B cells
GGAGCAAAGTCGATAA-1,CD8 T
GGAGCAACAAGCCCAC-1,CD8 T
GGAGCAACAAGTAGTA-1,CL 1
GGAGCAACACATGGGA-1,CD8 T
GGAGCAACAGGCAGTA-1,Mono
GGAGCAAGTCGCTTCT-1,DC
GGAGCAAGTTTCCACC-1,Mono
GGAGCAATCAACGCTA-1,Mono
GGAGCAATCACTCTTA-1,Mono
GGAGCAATCACTTACT-1,CL 1
GGAGCAATCAGTGTTG-1,CD8 T
GGAGCAATCGGTGTTA-1,CL 1
GGATGTTAGAGGTACC-1,CD8 T
GGATGTTAGCGTTGCC-1,CD8 T
GGATGTTAGGGAGTAA-1,CL 1
GGATGTTAGTTTCCTT-1,CL 1
GGATGTTCAAGAAGAG-1,CL 1
GGATGTTCAATCGGTT-1,CL 1
GGATGTTCACACATGT-1,CD8 T
GGATGTTCACACTGCG-1,CL 1
GGATGTTCACATGTGT-1,CL 1
GGATGTTCACGGCTAC-1,Mono
GGATGTTCAGGACCCT-1,Mono
GGATGTTCATGAACCT-1,NK
GGATGTTGTAAGTGTA-1,Mono
GGATGTTGTAGCGATG-1,CD8 T
GGATGTTGTATCACCA-1,CD8 T
GGATGTTGTTCACCTC-1,Mono
GGATGTTTCAACGGGA-1,CD8 T
GGATGTTTCACATGCA-1,NK
GGATGTTTCACCATAG-1,Mono
GGATGTTTCCAGGGCT-1,Mono
GGATGTTTCCATGAAC-1,B cells
GGATTACAGAGCTGCA-1,NK
GGATTACAGCAATCTC-1,Mono
GGATTACAGCCAACAG-1,B cells
GGATTACAGCCAGTAG-1,CD8 T
GGATTACAGTGTTGAA-1,CD8 T
GGATTACCAACAACCT-1,CD8 T
GGATTACCAATCTGCA-1,CD8 T
GGATTACCAGAGCCAA-1,CD8 T
GGATTACCAGTATGCT-1,CD8 T
GGATTACGTCAGGACA-1,CD8 T
GGATTACGTCCGTTAA-1,CD8 T
GGATTACTCACCCGAG-1,CD8 T
GGATTACTCATGCAAC-1,CD8 T
GGATTACTCCATGCTC-1,DC
GGATTACTCCCTAACC-1,CD8 T
GGATTACTCCGTACAA-1,Mono
GGATTACTCTTTACGT-1,Mono
GGCAATTAGAGAGCTC-1,Mono
GGCAATTAGGCTATCT-1,Mono
GGCAATTAGTAATCCC-1,Mono
GGCAATTAGTGAATTG-1,CD8 T
GGCAATTCAAAGTGCG-1,CD8 T
GGCAATTCAACTGCGC-1,CD8 T
GGCAATTCACGCGAAA-1,Mono
GGCAATTCACGGCGTT-1,B cells
GGCAATTCACGGTGTC-1,CD8 T
GGCAATTCACTGAAGG-1,CD8 T
GGCAATTGTCGTCTTC-1,B cells
GGCAATTTCACCCGAG-1,B cells
GGCAATTTCAGTGTTG-1,Mono
GGCAATTTCGTTGCCT-1,B cells
GGCAATTTCTCGATGA-1,B cells
GGCAATTTCTGTTGAG-1,CD8 T
GGCCGATAGCAATATG-1,B cells
GGCCGATAGCGTAGTG-1,CL 1
GGCCGATAGCTCCTCT-1,CD8 T
GGCCGATAGGCTAGGT-1,NK
GGCCGATAGTACGACG-1,CL 1
GGCCGATAGTGCGATG-1,CD8 T
GGCCGATCACACTGCG-1,CL 1
GGCCGATCACCACCAG-1,CD8 T
GGCCGATCAGCTTCGG-1,Mono
GGCCGATCAGTGGGAT-1,B cells
GGCCGATCATGAAGTA-1,CL 1
GGCCGATCATTGGCGC-1,CD8 T
GGCCGATGTAACGCGA-1,CD8 T
GGCCGATGTAAGGGAA-1,CD8 T
GGCCGATGTGATGTGG-1,DC
GGCCGATGTTATTCTC-1,B cells
GGCCGATGTTGAACTC-1,NK
GGCCGATGTTGCGCAC-1,CD8 T
GGCCGATGTTGCTCCT-1,CD8 T
GGCCGATTCCGTAGTA-1,CD8 T
GGCCGATTCCTTGGTC-1,B cells
GGCCGATTCGGCTACG-1,Mono
GGCGACTAGCGTTCCG-1,CL 1
GGCGACTAGGGCATGT-1,CD8 T
GGCGACTAGGTAAACT-1,CL 1
GGCGACTAGTCATCCA-1,Mono
GGCGACTCAATCACAC-1,Mono
GGCGACTCACTCAGGC-1,CL 1
GGCGACTCACTGTCGG-1,CD8 T
GGCGACTCAGAGCCAA-1,CD8 T
GGCGACTCAGTATGCT-1,NK
GGCGACTCATCGGTTA-1,CL 1
GGCGACTCATGGATGG-1,CD8 T
GGCGACTGTACGCACC-1,B cells
GGCGACTGTAGCGTAG-1,CD8 T
GGCGACTGTCCGAAGA-1,B cells
GGCGACTGTGAGTATA-1,Mono
GGCGACTTCACGGTTA-1,CL 1
GGCGACTTCAGCTCTC-1,B cells
GGCGACTTCCTCAATT-1,CL 1
GGCGACTTCGCGGATC-1,B cells
GGCGACTTCGTCCAGG-1,CL 1
GGCGACTTCTTTACGT-1,Mono
GGCGTGTAGCCAACAG-1,CL 1
GGCGTGTAGCCTCGTG-1,CD8 T
GGCGTGTAGCGCTTAT-1,CL 1
GGCGTGTAGGTGTTAA-1,NK
GGCGTGTCACCATGTA-1,CL 1
GGCGTGTCACGACGAA-1,B cells
GGCGTGTCACGGCCAT-1,CD8 T
GGCGTGTCAGACTCGC-1,CL 1
GGCGTGTCATCCGTGG-1,CD8 T
GGCGTGTCATGCTGGC-1,CL 1
GGCGTGTCATTGGCGC-1,B cells
GGCGTGTGTAAACGCG-1,B cells
GGCGTGTGTCAATACC-1,Mono
GGCGTGTGTCGGCTCA-1,CL 1
GGCGTGTGTGCAGTAG-1,Mono
GGCGTGTGTTAGATGA-1,B cells
GGCGTGTGTTCTGAAC-1,CL 1
GGCGTGTTCACTATTC-1,CL 1
GGCGTGTTCGACGGAA-1,CL 1
GGCGTGTTCGTACCGG-1,Mono
GGCGTGTTCTCGGACG-1,B cells
GGCTCGAAGAGGACGG-1,Mono
GGCTCGAAGAGGTAGA-1,DC
GGCTCGAAGATGCCAG-1,Mono
GGCTCGAAGGCATGGT-1,Mono
GGCTCGAAGGTCGGAT-1,CD8 T
GGCTCGAAGTCGAGTG-1,Mono
GGCTCGAAGTTATCGC-1,B cells
GGCTCGACAACTGGCC-1,NK
GGCTCGACACATTCGA-1,B cells
GGCTCGACACCACCAG-1,Mono
GGCTCGACAGCTGTAT-1,CD8 T
GGCTCGACAGGATTGG-1,CL 1
GGCTCGACAGTCGATT-1,B cells
GGCTCGACATGAGCGA-1,Mono
GGCTCGACATTAGGCT-1,CD8 T
GGCTCGAGTACAAGTA-1,B cells
GGCTCGAGTCGCGAAA-1,CD8 T
GGCTCGAGTCTACCTC-1,CD8 T
GGCTCGAGTCTTCTCG-1,CD8 T
GGCTCGAGTGCGATAG-1,Mono
GGCTCGAGTGCGGTAA-1,Mono
GGCTCGATCGGATGTT-1,Mono
GGCTCGATCTCTGCTG-1,B cells
GGCTGGTAGAAACGCC-1,Mono
GGCTGGTAGACAGACC-1,CD8 T
GGCTGGTAGGGATCTG-1,Mono
GGCTGGTAGTGTTAGA-1,Mono
GGCTGGTCAACGATGG-1,CD8 T
GGCTGGTCACCGTTGG-1,CD8 T
GGCTGGTCAGCTTCGG-1,CD8 T
GGCTGGTCAGTTCCCT-1,Mono
GGCTGGTCATCGGAAG-1,Mono
GGCTGGTCATTCCTCG-1,Mono
GGCTGGTGTACAAGTA-1,B cells
GGCTGGTGTATAGGTA-1,CD8 T
GGCTGGTGTCCTCCAT-1,CD8 T
GGCTGGTGTGCGAAAC-1,CD8 T
GGCTGGTGTTTCGCTC-1,Mono
GGCTGGTTCAGCAACT-1,CD8 T
GGCTGGTTCGCCTGTT-1,CD8 T
GGCTGGTTCGCTTAGA-1,Mono
GGCTGGTTCGTTGCCT-1,Mono
GGCTGGTTCTATGTGG-1,DC
GGCTGGTTCTGCAGTA-1,CD8 T
GGCTGGTTCTTGCATT-1,Mono
GGGAATGAGAAGGCCT-1,CL 1
GGGAATGAGATGGCGT-1,CD8 T
GGGAATGAGCCTATGT-1,B cells
GGGAATGCAAGCTGTT-1,Mono
GGGAATGCACCAGGCT-1,NK
GGGAATGCATAGTAAG-1,CD8 T
GGGAATGCATGCAACT-1,CD8 T
GGGAATGGTAAAGGAG-1,Mono
GGGAATGGTTCGTCTC-1,CL 1
GGGAATGTCACTTACT-1,CL 1
GGGAATGTCCTTGGTC-1,CL 1
GGGAATGTCGGTGTCG-1,CL 1
GGGAATGTCTGATTCT-1,Mono
GGGACCTAGGACGAAA-1,DC
GGGACCTAGTCAATAG-1,CL 1
GGGACCTCAAACTGTC-1,Mono
GGGACCTCAAGACACG-1,CL 1
GGGACCTCAAGCCGCT-1,CL 1
GGGACCTCATGATCCA-1,CD8 T
GGGACCTCATTTGCTT-1,CL 1
GGGACCTGTCAATACC-1,Mono
GGGACCTGTCACACGC-1,CD8 T
GGGACCTGTCTAGCGC-1,B cells
GGGACCTGTCTCCATC-1,B cells
GGGACCTGTTCCTCCA-1,CD8 T
GGGACCTGTTGGTTTG-1,CL 1
GGGACCTTCCCGACTT-1,Mono
GGGACCTTCGATCCCT-1,CD8 T
GGGACCTTCGCAGGCT-1,CL 1
GGGACCTTCTCAAGTG-1,CL 1
GGGACCTTCTCTAGGA-1,Mono
GGGAGATAGAATTCCC-1,Mono
GGGAGATAGAGGACGG-1,CD8 T
GGGAGATAGCATGGCA-1,CL 1
GGGAGATAGTGGGATC-1,CD8 T
GGGAGATAGTGGTCCC-1,B cells
GGGAGATCAAATTGCC-1,CD8 T
GGGAGATCACATCCGG-1,CD8 T
GGGAGATCACCTCGTT-1,Mono
GGGAGATCAGTGACAG-1,CL 1
GGGAGATCATTATCTC-1,CL 1
GGGAGATTCCAGGGCT-1,CL 1
GGGAGATTCGCGGATC-1,DC
GGGATGAAGTGGTCCC-1,CD8 T
GGGATGACATGAAGTA-1,Mono
GGGATGACATGCTAGT-1,Mono
GGGATGAGTAGCGATG-1,CL 1
GGGATGAGTAGGGACT-1,B cells
GGGATGAGTGGCTCCA-1,CL 1
GGGATGAGTTCACGGC-1,CD8 T
GGGATGATCACAATGC-1,CD8 T
GGGATGATCAGAAATG-1,CD8 T
GGGATGATCAGAGGTG-1,CL 1
GGGATGATCGCACTCT-1,CD8 T
GGGATGATCGCTAGCG-1,B cells
GGGATGATCGGTCTAA-1,CL 1
GGGATGATCGTCACGG-1,CL 1
GGGATGATCTGGTGTA-1,CL 1
GGGATGATCTTAGCCC-1,CD8 T
GGGCACTAGCTGATAA-1,Mono
GGGCACTAGTACGACG-1,CL 1
GGGCACTAGTCTCCTC-1,CD8 T
GGGCACTAGTTTAGGA-1,CL 1
GGGCACTCACCACGTG-1,CL 1
GGGCACTCAGGCAGTA-1,CL 1
GGGCACTCAGTCACTA-1,CD8 T
GGGCACTCATGCAACT-1,B cells
GGGCACTCATGCTGGC-1,B cells
GGGCACTGTAAGAGGA-1,CD8 T
GGGCACTGTACGCTGC-1,CL 1
GGGCACTGTGACCAAG-1,B cells
GGGCACTGTGCAGTAG-1,B cells
GGGCACTGTGGAAAGA-1,B cells
GGGCACTTCAGAAATG-1,Mono
GGGCACTTCCAGTAGT-1,NK
GGGCACTTCCCGACTT-1,Mono
GGGCACTTCCTTGACC-1,B cells
GGGCACTTCTAGCACA-1,CL 1
GGGCACTTCTCGTATT-1,NK
GGGCACTTCTGATTCT-1,Mono
GGGCATCAGATGAGAG-1,CL 1
GGGCATCAGGGAACGG-1,CD8 T
GGGCATCAGGTGACCA-1,B cells
GGGCATCCAATGTAAG-1,CD8 T
GGGCATCCACACGCTG-1,CL 1
GGGCATCCACCAGGTC-1,CL 1
GGGCATCCACGGATAG-1,CD8 T
GGGCATCCATAAAGGT-1,CL 1
GGGCATCGTCGCATAT-1,CD8 T
GGGCATCGTCGCTTCT-1,CD8 T
GGGCATCGTCTCACCT-1,B cells
GGGCATCGTCTTGTCC-1,CL 1
GGGCATCGTGGTACAG-1,CD8 T
GGGCATCGTTCAGGCC-1,B cells
GGGCATCTCCCGACTT-1,CD8 T
GGGCATCTCGAACTGT-1,Mono
GGGCATCTCTCTAAGG-1,CD8 T
GGGCATCTCTGCCAGG-1,CD8 T
GGGTCTGAGCCCAGCT-1,Mono
GGGTCTGAGCTGAACG-1,CD8 T
GGGTCTGAGGAGTTTA-1,CL 1
GGGTCTGAGGATCGCA-1,CD8 T
GGGTCTGAGGGAGTAA-1,CD8 T
GGGTCTGAGGTGCAAC-1,CL 1
GGGTCTGAGTCGAGTG-1,Mono
GGGTCTGAGTGACTCT-1,CD8 T
GGGTCTGCAAGAGGCT-1,B cells
GGGTCTGCACAAGACG-1,Mono
GGGTCTGCACATGGGA-1,CD8 T
GGGTCTGCACTGAAGG-1,Mono
GGGTCTGCAGACACTT-1,CD8 T
GGGTCTGCAGCTATTG-1,CD8 T
GGGTCTGCAGGTCTCG-1,Mono
GGGTCTGGTAGCGCAA-1,B cells
GGGTCTGGTAGGCATG-1,CD8 T
GGGTCTGGTCTGATCA-1,B cells
GGGTCTGGTCTGATTG-1,CD8 T
GGGTCTGGTGATAAAC-1,B cells
GGGTCTGGTTAAGACA-1,CD8 T
GGGTCTGGTTACGCGC-1,B cells
GGGTCTGTCAAACCAC-1,Mono
GGGTCTGTCACCATAG-1,Mono
GGGTCTGTCACCTTAT-1,CL 1
GGGTCTGTCCCAAGAT-1,B cells
GGGTCTGTCGAATGGG-1,B cells
GGGTCTGTCGAGAACG-1,B cells
GGGTCTGTCGTTACAG-1,Mono
GGGTCTGTCTGGCGTG-1,Mono
GGGTCTGTCTTACCTA-1,B cells
GGGTTGCAGAGCCTAG-1,CL 1
GGGTTGCAGTTCGATC-1,CL 1
GGGTTGCCAAAGTGCG-1,CL 1
GGGTTGCGTACCGTAT-1,CD8 T
GGGTTGCGTAGAAAGG-1,B cells
GGGTTGCGTCATATGC-1,CD8 T
GGGTTGCGTTCGGCAC-1,CL 1
GGGTTGCTCACCGGGT-1,B cells
GGGTTGCTCACGCATA-1,Mono
GGGTTGCTCACTCTTA-1,Mono
GGGTTGCTCAGCATGT-1,CD8 T
GGGTTGCTCAGGTAAA-1,CD8 T
GGGTTGCTCATGTGGT-1,CD8 T
GGGTTGCTCCAAAGTC-1,CD8 T
GGGTTGCTCCAGAAGG-1,NK
GGGTTGCTCCATGCTC-1,CL 1
GGGTTGCTCTATCCTA-1,CD8 T
GGGTTGCTCTTGCAAG-1,Mono
GGTATTGAGAAACCAT-1,CL 1
GGTATTGAGACCGGAT-1,DC
GGTATTGAGAGTACAT-1,CD8 T
GGTATTGAGCTCCCAG-1,DC
GGTATTGAGGTACTCT-1,B cells
GGTATTGAGGTGACCA-1,CL 1
GGTATTGAGTGGGTTG-1,B cells
GGTATTGCAACACCTA-1,CL 1
GGTATTGCAAGAAGAG-1,CL 1
GGTATTGCAATGGAAT-1,CL 1
GGTATTGCATCGGACC-1,Mono
GGTATTGGTACTCTCC-1,CD8 T
GGTATTGGTAGGCTGA-1,Mono
GGTATTGGTCGCGTGT-1,CD8 T
GGTATTGGTGGTCTCG-1,B cells
GGTATTGGTGTTTGGT-1,CD8 T
GGTATTGGTTGGTGGA-1,CL 1
GGTATTGTCGGTTCGG-1,Mono
GGTGAAGAGACTCGGA-1,CD8 T
GGTGAAGAGCCAGAAC-1,CD8 T
GGTGAAGAGCGAAGGG-1,CD8 T
GGTGAAGAGTCTCGGC-1,CL 1
GGTGAAGAGTGGGTTG-1,CD8 T
GGTGAAGAGTTACCCA-1,B cells
GGTGAAGCAAGCGCTC-1,CL 1
GGTGAAGCAGCCAGAA-1,CL 1
GGTGAAGCAGTTAACC-1,CD8 T
GGTGAAGGTAAAGGAG-1,CD8 T
GGTGAAGGTAACGTTC-1,Mono
GGTGAAGGTAAGTAGT-1,CD8 T
GGTGAAGGTCGAAAGC-1,Mono
GGTGAAGGTGGTACAG-1,Mono
GGTGAAGTCAACCATG-1,Mono
GGTGAAGTCACCCTCA-1,Mono
GGTGAAGTCACGCGGT-1,CD8 T
GGTGAAGTCCACTCCA-1,B cells
GGTGAAGTCCGTCATC-1,B cells
GGTGAAGTCGGCGGTT-1,CD8 T
GGTGAAGTCTGCTGCT-1,CL 1
GGTGCGTAGCTACCTA-1,CD8 T
GGTGCGTAGCTGATAA-1,CL 1
GGTGCGTAGTGAAGAG-1,CD8 T
GGTGCGTCACATAACC-1,Mono
GGTGCGTCACTCGACG-1,B cells
GGTGCGTCAGAGTGTG-1,CD8 T
GGTGCGTCAGTAAGAT-1,CD8 T
GGTGCGTGTACCGAGA-1,CD8 T
GGTGCGTGTCATATGC-1,Mono
GGTGCGTGTCTCAACA-1,B cells
GGTGCGTGTCTCTCTG-1,Mono
GGTGCGTGTGAGGCTA-1,CD8 T
GGTGCGTGTTACCGAT-1,Mono
GGTGCGTTCAAACCGT-1,Mono
GGTGCGTTCACATGCA-1,B cells
GGTGCGTTCACCATAG-1,NK
GGTGCGTTCCAAACAC-1,Mono
GGTGCGTTCCACGAAT-1,CD8 T
GGTGTTAAGCCACGTC-1,B cells
GGTGTTAAGGACATTA-1,CD8 T
GGTGTTAAGTATTGGA-1,CD8 T
GGTGTTAAGTGAAGTT-1,DC
GGTGTTACAAGAAAGG-1,DC
GGTGTTAGTACAGACG-1,B cells
GGTGTTAGTCGGGTCT-1,Mono
GGTGTTATCAATAAGG-1,CD8 T
GGTGTTATCACATAGC-1,DC
GGTGTTATCCAAAGTC-1,CD8 T
GGTGTTATCGAGCCCA-1,Mono
GGTGTTATCGGAAATA-1,Mono
GGTGTTATCGGCCGAT-1,CL 1
GTAACGTAGATCGATA-1,CD8 T
GTAACGTCAAGTAGTA-1,CL 1
GTAACGTCACGGATAG-1,CL 1
GTAACGTCAGACAAGC-1,NK
GTAACGTCAGCTGTGC-1,CD8 T
GTAACGTGTAGCTAAA-1,Mono
GTAACGTGTCTTGATG-1,B cells
GTAACGTGTGTGACGA-1,B cells
GTAACGTGTTACTGAC-1,Mono
GTAACGTTCGTTACAG-1,CL 1
GTAACGTTCTGCCAGG-1,CD8 T
GTAACTGAGAAGGTGA-1,CD8 T
GTAACTGAGAGCTATA-1,B cells
GTAACTGAGATGTCGG-1,CD8 T
GTAACTGAGTCACGCC-1,CL 1
GTAACTGCAAGGTTTC-1,B cells
GTAACTGCACCAGCAC-1,Mono
GTAACTGCACCAGGCT-1,B cells
GTAACTGCACTCGACG-1,Mono
GTAACTGCAGCTGCAC-1,CD8 T
GTAACTGCATAAGACA-1,CL 1
GTAACTGCATTCCTCG-1,B cells
GTAACTGGTACCTACA-1,CL 1
GTAACTGGTGGACGAT-1,CD8 T
GTAACTGTCAACTCTT-1,Mono
GTAACTGTCCAAGCCG-1,Mono
GTAACTGTCTAACGGT-1,Mono
GTACGTAAGAGACGAA-1,CD8 T
GTACGTACAAGACGTG-1,CL 1
GTACGTACAAGCCATT-1,CD8 T
GTACGTACAATCCGAT-1,CD8 T
GTACGTACACTTCGAA-1,Mono
GTACGTAGTCAACTGT-1,CL 1
GTACGTAGTCTTTCAT-1,CL 1
GTACGTAGTGACTACT-1,CL 1
GTACGTAGTTGGTGGA-1,B cells
GTACGTATCAAAGTAG-1,Mono
GTACGTATCCTCCTAG-1,Mono
GTACGTATCTTAGCCC-1,CD8 T
GTACTCCAGAAGGTGA-1,Mono
GTACTCCAGAGCCCAA-1,CL 1
GTACTCCAGAGGACGG-1,CD8 T
GTACTCCAGATAGTCA-1,CL 1
GTACTCCCACCGCTAG-1,CD8 T
GTACTCCCATCAGTAC-1,B cells
GTACTCCGTAAATGTG-1,CD8 T
GTACTCCGTCGCTTCT-1,Mono
GTACTCCGTTATCCGA-1,CD8 T
GTACTCCGTTGCTCCT-1,CL 1
GTACTCCGTTTAAGCC-1,CL 1
GTACTCCTCAGGATCT-1,CD8 T
GTACTCCTCAGGCAAG-1,CD8 T
GTACTCCTCCACTGGG-1,Mono
GTACTCCTCCTAGAAC-1,CD8 T
GTACTCCTCTGAGGGA-1,B cells
GTACTCCTCTTAACCT-1,CD8 T
GTACTCCTCTTGCATT-1,CL 1
GTACTTTAGATGTAAC-1,CD8 T
GTACTTTAGCACCGCT-1,CD8 T
GTACTTTAGCGCCTCA-1,B cells
GTACTTTAGCGCTTAT-1,B cells
GTACTTTAGCTAAGAT-1,NK
GTACTTTAGTACGCGA-1,CL 1
GTACTTTCACCGAAAG-1,NK
GTACTTTCAGATTGCT-1,Mono
GTACTTTCAGCCTGTG-1,CL 1
GTACTTTCATACTACG-1,Mono
GTACTTTGTAGCACGA-1,Mono
GTACTTTGTCTGGTCG-1,Mono
GTACTTTGTCTTGCGG-1,CL 1
GTACTTTGTGGCCCTA-1,CD8 T
GTACTTTGTTTGGCGC-1,CD8 T
GTACTTTTCAACCAAC-1,Mono
GTACTTTTCAATACCG-1,Mono
GTACTTTTCCGCAAGC-1,CL 1
GTACTTTTCGCTGATA-1,Mono
GTACTTTTCGGCTACG-1,Mono
GTACTTTTCTGCAGTA-1,CD8 T
GTAGGCCAGCGTGTCC-1,CL 1
GTAGGCCAGCTTCGCG-1,CD8 T
GTAGGCCAGTCCGTAT-1,CL 1
GTAGGCCCAATGACCT-1,Mono
GTAGGCCCAATGCCAT-1,CD8 T
GTAGGCCCACGGTAAG-1,CD8 T
GTAGGCCCACTTAACG-1,CL 1
GTAGGCCCAGGACCCT-1,Mono
GTAGGCCGTAACGTTC-1,Mono
GTAGGCCGTAGCTTGT-1,CD8 T
GTAGGCCGTATAGGGC-1,B cells
GTAGGCCGTCGCCATG-1,CL 1
GTAGGCCGTTCACCTC-1,B cells
GTAGGCCGTTGCTCCT-1,NK
GTAGGCCTCCTAGGGC-1,CD8 T
GTAGGCCTCTATCCTA-1,B cells
GTAGTCAAGAGGTTGC-1,CD8 T
GTAGTCAAGATAGTCA-1,Mono
GTAGTCAAGATTACCC-1,CD8 T
GTAGTCAAGCTGAAAT-1,CD8 T
GTAGTCAAGGACGAAA-1,Mono
GTAGTCAAGGAGTACC-1,Mono
GTAGTCAAGGGCACTA-1,NK
GTAGTCAAGGGCATGT-1,B cells
GTAGTCAAGGTCGGAT-1,CD8 T
GTAGTCAAGTCATCCA-1,CD8 T
GTAGTCAAGTTCCACA-1,Mono
GTAGTCACACCACCAG-1,CL 1
GTAGTCACAGCCTATA-1,Mono
GTAGTCACAGCCTTTC-1,NK
GTAGTCACATCCCATC-1,CD8 T
GTAGTCAGTAAAGTCA-1,B cells
GTAGTCAGTACGACCC-1,B cells
GTAGTCAGTACGCACC-1,CD8 T
GTAGTCAGTATGAAAC-1,Mono
GTAGTCAGTCCATCCT-1,CD8 T
GTAGTCAGTCTCGTTC-1,CL 1
GTAGTCAGTTAAGTAG-1,Mono
GTAGTCAGTTTGTTTC-1,CD8 T
GTAGTCATCCATTCTA-1,Mono
GTAGTCATCGACCAGC-1,CD8 T
GTAGTCATCGTCGTTC-1,CL 1
GTAGTCATCTGGGCCA-1,CD8 T
GTAGTCATCTTGCAAG-1,B cells
GTATCTTAGAAGATTC-1,CL 1
GTATCTTAGCCAGTAG-1,Mono
GTATCTTAGTATCTCG-1,B cells
GTATCTTAGTGAATTG-1,CL 1
GTATCTTAGTGCGTGA-1,CD8 T
GTATCTTAGTGTTTGC-1,Mono
GTATCTTCAATCCGAT-1,Mono
GTATCTTCACAACGTT-1,CD8 T
GTATCTTCACTGTCGG-1,CL 1
GTATCTTCAGTACACT-1,CD8 T
GTATCTTCAGTGACAG-1,B cells
GTATCTTGTCACTGGC-1,B cells
GTATCTTGTCGTGGCT-1,Mono
GTATCTTGTCTCTTTA-1,Mono
GTATCTTGTGAACCTT-1,B cells
GTATCTTGTTTGCATG-1,CL 1
GTATCTTTCAAAGTAG-1,CL 1
GTATCTTTCAGGATCT-1,DC
GTATCTTTCAGTGCAT-1,DC
GTATTCTAGACAAAGG-1,CL 1
GTATTCTAGATATACG-1,CD8 T
GTATTCTAGCGTCAAG-1,Mono
GTATTCTAGCGTTGCC-1,CD8 T
GTATTCTAGGACGAAA-1,CD8 T
GTATTCTAGGGTTTCT-1,CD8 T
GTATTCTAGTCATCCA-1,CD8 T
GTATTCTAGTTGTCGT-1,CL 1
GTATTCTCAACTGCTA-1,Mono
GTATTCTCAAGTTCTG-1,Mono
GTATTCTCACGGCGTT-1,CD8 T
GTATTCTCAGCTATTG-1,CL 1
GTATTCTGTCCGAATT-1,Mono
GTATTCTGTCTAGCGC-1,CD8 T
GTATTCTGTGCGGTAA-1,CD8 T
GTATTCTGTTGATTGC-1,CL 1
GTATTCTTCAGCTCGG-1,CD8 T
GTATTCTTCAGTGCAT-1,B cells
GTATTCTTCGGAAATA-1,CL 1
GTATTCTTCGTTGCCT-1,CL 1
GTATTCTTCTGAGTGT-1,Mono
GTATTCTTCTTCGAGA-1,CL 1
GTCAAGTAGCAATATG-1,Mono
GTCAAGTAGCCACGCT-1,Mono
GTCAAGTAGGAGTCTG-1,CD8 T
GTCAAGTAGGCAATTA-1,B cells
GTCAAGTAGGGCTCTC-1,B cells
GTCAAGTAGGTGCACA-1,Mono
GTCAAGTCAAGCGCTC-1,CD8 T
GTCAAGTCACAGGTTT-1,CL 1
GTCAAGTCACGCATCG-1,CD8 T
GTCAAGTCACTCGACG-1,CD8 T
GTCAAGTGTACAGTGG-1,NK
GTCAAGTGTATGCTTG-1,CD8 T
GTCAAGTTCATAGCAC-1,CD8 T
GTCAAGTTCATCGGAT-1,CD8 T
GTCAAGTTCTCGGACG-1,Mono
GTCAAGTTCTTCGAGA-1,B cells
GTCACAAAGACCCACC-1,CL 1
GTCACAAAGGGTCTCC-1,Mono
GTCACAAAGTACCGGA-1,Mono
GTCACAACAACGATGG-1,CD8 T
GTCACAACACAGGCCT-1,Mono
GTCACAACAGTCGTGC-1,CL 1
GTCACAACATACTCTT-1,CD8 T
GTCACAACATGCCCGA-1,CL 1
GTCACAAGTACTCAAC-1,Mono
GTCACAAGTAGATTAG-1,B cells
GTCACAAGTGCAGGTA-1,CL 1
GTCACAAGTGCAGTAG-1,Mono
GTCACAAGTGTCGCTG-1,Mono
GTCACAAGTGTTGAGG-1,B cells
GTCACAAGTTGAACTC-1,B cells
GTCACAAGTTGTCGCG-1,Mono
GTCACAATCTCTTGAT-1,CL 1
GTCACAATCTTTCCTC-1,CD8 T
GTCACGGAGGTTACCT-1,CL 1
GTCACGGAGTACGACG-1,B cells
GTCACGGCAAATTGCC-1,CL 1
GTCACGGCAAGAAGAG-1,CD8 T
GTCACGGCAAGTCTAC-1,CL 1
GTCACGGGTATGAAAC-1,Mono
GTCACGGGTCCATCCT-1,CD8 T
GTCACGGGTCGCTTTC-1,CL 1
GTCACGGGTCTAAAGA-1,CL 1
GTCACGGGTGCGGTAA-1,B cells
GTCACGGGTTGTTTGG-1,CL 1
GTCACGGTCAACACAC-1,CD8 T
GTCACGGTCAGGCAAG-1,Mono
GTCACGGTCAGTTGAC-1,CL 1
GTCACGGTCGGACAAG-1,CL 1
GTCATTTAGAAACGAG-1,Mono
GTCATTTAGGATTCGG-1,CL 1
GTCATTTAGTCTCGGC-1,CD8 T
GTCATTTAGTTTGCGT-1,CL 1
GTCATTTCAAGCCATT-1,CL 1
GTCATTTGTAATTGGA-1,CD8 T
GTCATTTGTACACCGC-1,CD8 T
GTCATTTGTCAATACC-1,NK
GTCATTTGTCCAGTTA-1,CD8 T
GTCATTTTCAGCGACC-1,CD8 T
GTCATTTTCAGTACGT-1,CL 1
GTCATTTTCCACGTGG-1,B cells
GTCATTTTCCCATTAT-1,Mono
GTCCTCAAGAATTGTG-1,CD8 T
GTCCTCAAGACGACGT-1,B cells
GTCCTCAAGATATGCA-1,Mono
GTCCTCAAGCTAGGCA-1,B cells
GTCCTCAAGTACGATA-1,CL 1
GTCCTCAAGTGGTAAT-1,Mono
GTCCTCACAATGTAAG-1,CD8 T
GTCCTCACACAGGCCT-1,B cells
GTCCTCACAGCTGGCT-1,Mono
GTCCTCACAGGTCCAC-1,B cells
GTCCTCACAGTCAGAG-1,CL 1
GTCCTCACAGTCAGCC-1,CD8 T
GTCCTCAGTCTCAACA-1,B cells
GTCCTCAGTCTTGTCC-1,CL 1
GTCCTCAGTGGAAAGA-1,CL 1
GTCCTCATCAACACCA-1,Mono
GTCCTCATCAAGCCTA-1,CD8 T
GTCCTCATCAAGGCTT-1,CD8 T
GTCCTCATCAGTTGAC-1,B cells
GTCCTCATCATGCAAC-1,CL 1
GTCCTCATCCATGCTC-1,CL 1
GTCCTCATCGAACTGT-1,CD8 T
GTCCTCATCGGCTACG-1,CD8 T
GTCCTCATCGTAGGAG-1,Mono
GTCGGGTAGACAAAGG-1,NK
GTCGGGTAGAGTCGGT-1,CL 1
GTCGGGTAGATGTCGG-1,CD8 T
GTCGGGTCAAACAACA-1,B cells
GTCGGGTCAATGGAGC-1,CD8 T
GTCGGGTCACCCTATC-1,NK
GTCGGGTCAGAGTGTG-1,CD8 T
GTCGGGTCATATACCG-1,B cells
GTCGGGTCATCCGGGT-1,CD8 T
GTCGGGTCATGGATGG-1,Mono
GTCGGGTGTAATAGCA-1,Mono
GTCGGGTGTCGGGTCT-1,Mono
GTCGGGTGTCTCGTTC-1,CL 1
GTCGGGTGTGGTAACG-1,CL 1
GTCGGGTGTGGTACAG-1,CD8 T
GTCGGGTGTTATCACG-1,Mono
GTCGGGTGTTCAGGCC-1,CL 1
GTCGGGTGTTGAGTTC-1,B cells
GTCGGGTTCAAGGCTT-1,Mono
GTCGGGTTCACCTCGT-1,Mono
GTCGGGTTCCAAACTG-1,CL 1
GTCGGGTTCCAATGGT-1,Mono
GTCGGGTTCGCTAGCG-1,B cells
GTCGGGTTCTGCGGCA-1,CD8 T
GTCGTAAAGACAAGCC-1,Mono
GTCGTAAAGACAGGCT-1,Mono
GTCGTAAAGCCACCTG-1,B cells
GTCGTAAAGCGTTGCC-1,CL 1
GTCGTAAAGGGAAACA-1,CD8 T
GTCGTAACAACTGCGC-1,CL 1
GTCGTAACAACTTGAC-1,CL 1
GTCGTAACAAGAAAGG-1,Mono
GTCGTAACAAGCTGTT-1,B cells
GTCGTAACAGTCAGAG-1,CL 1
GTCGTAACATAAGACA-1,Mono
GTCGTAACATACTACG-1,B cells
GTCGTAAGTCTCCCTA-1,DC
GTCGTAAGTGCACTTA-1,Mono
GTCGTAAGTGCCTGTG-1,CD8 T
GTCGTAAGTTGATTCG-1,CD8 T
GTCGTAATCACAACGT-1,CD8 T
GTCGTAATCACCCTCA-1,CD8 T
GTCGTAATCGTGTAGT-1,CD8 T
GTCTCGTAGAAACCGC-1,Mono
GTCTCGTAGAATGTGT-1,CD8 T
GTCTCGTAGACCTTTG-1,CL 1
GTCTCGTAGTACGCCC-1,CD8 T
GTCTCGTAGTGGGTTG-1,B cells
GTCTCGTAGTTACCCA-1,Mono
GTCTCGTCAAGCGAGT-1,CL 1
GTCTCGTCAGGCAGTA-1,Mono
GTCTCGTCATGAGCGA-1,CL 1
GTCTCGTGTATTACCG-1,CD8 T
GTCTCGTGTCTCGTTC-1,B cells
GTCTCGTGTCTCTTTA-1,Mono
GTCTCGTGTCTGATTG-1,B cells
GTCTCGTGTGGCTCCA-1,Mono
GTCTCGTTCCTTGACC-1,CL 1
GTCTCGTTCGGAGGTA-1,CD8 T
GTCTCGTTCTGCGACG-1,CL 1
GTCTCGTTCTGTTTGT-1,B cells
GTCTCGTTCTTGCCGT-1,CD8 T
GTCTTCGAGATACACA-1,CD8 T
GTCTTCGAGATGCCAG-1,CD8 T
GTCTTCGAGCAGCCTC-1,B cells
GTCTTCGAGGAACTGC-1,Mono
GTCTTCGAGGTACTCT-1,CD8 T
GTCTTCGAGTTTCCTT-1,CD8 T
GTCTTCGCAACACGCC-1,Mono
GTCTTCGGTAGAGCTG-1,B cells
GTCTTCGGTAGCACGA-1,NK
GTCTTCGGTAGCGTCC-1,CD8 T
GTCTTCGGTCTCTTAT-1,CD8 T
GTCTTCGGTGCACTTA-1,NK
GTCTTCGTCAGTACGT-1,B cells
GTCTTCGTCGTAGGTT-1,CL 1
GTCTTCGTCTACCAGA-1,Mono
GTCTTCGTCTGTCTAT-1,CL 1
GTCTTCGTCTTGAGAC-1,Mono
GTGAAGGAGAAGGCCT-1,CD8 T
GTGAAGGAGAATCTCC-1,Mono
GTGAAGGAGAATTCCC-1,Mono
GTGAAGGAGAGCAATT-1,Mono
GTGAAGGAGCCCAACC-1,B cells
GTGAAGGAGTACATGA-1,Mono
GTGAAGGCACACAGAG-1,CD8 T
GTGAAGGCAGGCAGTA-1,CD8 T
GTGAAGGCATTGTGCA-1,B cells
GTGAAGGGTATATGAG-1,CL 1
GTGAAGGGTCCCGACA-1,CL 1
GTGAAGGGTCTAGAGG-1,Mono
GTGAAGGGTTATTCTC-1,CL 1
GTGAAGGTCATCATTC-1,CD8 T
GTGAAGGTCCCTTGCA-1,Mono
GTGAAGGTCTGCGGCA-1,CL 1
GTGAAGGTCTGTCTCG-1,B cells
GTGCAGCAGACTGTAA-1,CL 1
GTGCAGCAGCGATCCC-1,B cells
GTGCAGCAGCTGCAAG-1,DC
GTGCAGCAGTAACCCT-1,CD8 T
GTGCAGCCAAACCTAC-1,Mono
GTGCAGCCAAAGCGGT-1,CD8 T
GTGCAGCCAATGACCT-1,Mono
GTGCAGCCACTTACGA-1,CD8 T
GTGCAGCCATCTGGTA-1,CD8 T
GTGCAGCGTCTTTCAT-1,CD8 T
GTGCAGCGTGACCAAG-1,CD8 T
GTGCAGCGTGTGAATA-1,CD8 T
GTGCAGCGTGTGCGTC-1,CL 1
GTGCAGCGTGTTCTTT-1,CL 1
GTGCAGCGTTAGGGTG-1,CL 1
GTGCAGCTCAGAAATG-1,CL 1
GTGCAGCTCTGGCGAC-1,CL 1
GTGCATAAGAGTAATC-1,CD8 T
GTGCATAAGCCACGTC-1,Mono
GTGCATAAGGAATCGC-1,B cells
GTGCATAAGGGAACGG-1,Mono
GTGCATAAGTAGTGCG-1,CD8 T
GTGCATACAAAGAATC-1,CD8 T
GTGCATACAAATACAG-1,CD8 T
GTGCATACAATCTGCA-1,Mono
GTGCATACAGCCTTTC-1,Mono
GTGCATACATGGATGG-1,CD8 T
GTGCATAGTAGTACCT-1,CD8 T
GTGCATAGTCTCCCTA-1,Mono
GTGCATAGTTAAAGAC-1,CL 1
GTGCATAGTTCCGGCA-1,CD8 T
GTGCATATCAAGCCTA-1,CL 1
GTGCATATCACGAAGG-1,CD8 T
GTGCATATCAGTTCGA-1,Mono
GTGCATATCCAACCAA-1,CL 1
GTGCATATCCTTTACA-1,CD8 T
GTGCATATCGTATCAG-1,B cells
GTGCATATCGTTACAG-1,CD8 T
GTGCATATCTCGATGA-1,CL 1
GTGCGGTAGAAGGCCT-1,Mono
GTGCGGTAGAGACGAA-1,Mono
GTGCGGTAGGCCCGTT-1,CD8 T
GTGCGGTCAATAGCGG-1,NK
GTGCGGTCACACGCTG-1,CD8 T
GTGCGGTCACGCCAGT-1,CL 1
GTGCGGTCAGTCGATT-1,Mono
GTGCGGTCATATACCG-1,Mono
GTGCGGTGTATTAGCC-1,CL 1
GTGCGGTGTCCGTGAC-1,CD8 T
GTGCGGTGTGATGTCT-1,Mono
GTGCGGTGTTAAGAAC-1,Mono
GTGCGGTGTTCCACGG-1,CL 1
GTGCGGTGTTTGCATG-1,CD8 T
GTGCGGTTCAGCCTAA-1,Mono
GTGCGGTTCCTATTCA-1,Mono
GTGCGGTTCGAGGTAG-1,CD8 T
GTGCGGTTCGTGGACC-1,CL 1
GTGCTTCAGGCATGTG-1,CD8 T
GTGCTTCAGGCCGAAT-1,Mono
GTGCTTCAGTCATGCT-1,Mono
GTGCTTCAGTCCGTAT-1,CD8 T
GTGCTTCCACGACGAA-1,CL 1
GTGCTTCCAGGTCCAC-1,Mono
GTGCTTCCAGTCTTCC-1,CD8 T
GTGCTTCCATAGTAAG-1,CL 1
GTGCTTCGTGATGTCT-1,CL 1
GTGCTTCGTGTTTGGT-1,B cells
GTGCTTCGTGTTTGTG-1,CD8 T
GTGCTTCTCAAGCCTA-1,B cells
GTGCTTCTCCCTCTTT-1,CD8 T
GTGCTTCTCGTTGACA-1,CL 1
GTGCTTCTCTGGTGTA-1,CD8 T
GTGCTTCTCTTGACGA-1,CL 1
GTGGGTCAGAAGATTC-1,DC
GTGGGTCAGCTAGTCT-1,CD8 T
GTGGGTCAGGAGTCTG-1,CD8 T
GTGGGTCAGGCGTACA-1,B cells
GTGGGTCCAAGTAGTA-1,CD8 T
GTGGGTCCAATCCAAC-1,CD8 T
GTGGGTCCAGTATAAG-1,Mono
GTGGGTCCATCACGTA-1,CL 1
GTGGGTCGTCAAGCGA-1,CD8 T
GTGGGTCGTCACCTAA-1,CD8 T
GTGGGTCGTCCAACTA-1,Mono
GTGGGTCGTCCGAGTC-1,NK
GTGGGTCGTGTGGTTT-1,Mono
GTGGGTCGTGTGTGCC-1,CD8 T
GTGGGTCGTTTCGCTC-1,CL 1
GTGGGTCTCATAGCAC-1,CD8 T
GTGGGTCTCATATCGG-1,B cells
GTGGGTCTCTACTTAC-1,CD8 T
GTGGGTCTCTTTACAC-1,CD8 T
GTGTGCGAGACACTAA-1,CL 1
GTGTGCGAGCGACGTA-1,Mono
GTGTGCGAGCGTGAAC-1,Mono
GTGTGCGAGCTAAGAT-1,CL 1
GTGTGCGAGGACACCA-1,Mono
GTGTGCGAGTCGAGTG-1,Mono
GTGTGCGAGTCTCCTC-1,B cells
GTGTGCGAGTTTCCTT-1,B cells
GTGTGCGCACGAAATA-1,CL 1
GTGTGCGCAGGATTGG-1,CD8 T
GTGTGCGCATCTATGG-1,NK
GTGTGCGCATGCCACG-1,DC
GTGTGCGGTACCGCTG-1,B cells
GTGTGCGGTCAGATAA-1,CD8 T
GTGTGCGGTCTCCACT-1,B cells
GTGTGCGGTTTGTTGG-1,Mono
GTGTGCGTCGAGGTAG-1,CL 1
GTGTGCGTCGCGATCG-1,CD8 T
GTGTGCGTCGTTGCCT-1,CD8 T
GTGTGCGTCTGGTTCC-1,CD8 T
GTGTTAGAGAATGTGT-1,Mono
GTGTTAGAGACAGACC-1,Mono
GTGTTAGAGAGCTGGT-1,Mono
GTGTTAGAGATAGGAG-1,Mono
GTGTTAGAGCGGATCA-1,CD8 T
GTGTTAGAGGCTCATT-1,CD8 T
GTGTTAGCAAATCCGT-1,Mono
GTGTTAGCAAGGCTCC-1,CL 1
GTGTTAGCAAGGGTCA-1,Mono
GTGTTAGCACAGATTC-1,CL 1
GTGTTAGCAGGGCATA-1,Mono
GTGTTAGCATGCAATC-1,CD8 T
GTGTTAGGTACGACCC-1,CL 1
GTGTTAGGTAGAAAGG-1,CD8 T
GTGTTAGGTAGCACGA-1,CD8 T
GTGTTAGGTCCTCCAT-1,NK
GTGTTAGGTGTCAATC-1,CD8 T
GTGTTAGGTTGATTGC-1,Mono
GTGTTAGTCAAACCAC-1,CD8 T
GTGTTAGTCGTTGCCT-1,CD8 T
GTGTTAGTCTTGAGAC-1,B cells
GTTAAGCAGATGCCTT-1,CD8 T
GTTAAGCAGCCAGAAC-1,CD8 T
GTTAAGCAGCCCTAAT-1,Mono
GTTAAGCCAATAGCGG-1,CL 1
GTTAAGCCACATGGGA-1,CD8 T
GTTAAGCCAGCTTCGG-1,CL 1
GTTAAGCCATGGGACA-1,CD8 T
GTTAAGCCATTGGTAC-1,CD8 T
GTTAAGCGTACCTACA-1,DC
GTTAAGCGTAGATTAG-1,Mono
GTTAAGCGTATATGAG-1,B cells
GTTAAGCGTCCATGAT-1,CD8 T
GTTAAGCGTTCCATGA-1,Mono
GTTAAGCTCATGGTCA-1,CL 1
GTTAAGCTCCTTAATC-1,CD8 T
GTTAAGCTCGTTTAGG-1,DC
GTTACAGAGAAACCAT-1,Mono
GTTACAGAGCAATATG-1,B cells
GTTACAGAGCCCAGCT-1,Mono
GTTACAGAGGCGCTCT-1,CD8 T
GTTACAGAGTGAAGAG-1,CD8 T
GTTACAGCAACCGCCA-1,CD8 T
GTTACAGCAAGCCTAT-1,CD8 T
GTTACAGCAGGATTGG-1,Mono
GTTACAGCATACTACG-1,CD8 T
GTTACAGGTAAACACA-1,CD8 T
GTTACAGGTAACGACG-1,B cells
GTTACAGGTAGGCTGA-1,CD8 T
GTTACAGGTCCAAGTT-1,B cells
GTTACAGGTCCTCTTG-1,CL 1
GTTACAGGTCTCTTTA-1,CD8 T
GTTACAGGTCTTCTCG-1,CL 1
GTTACAGGTGTTGAGG-1,CD8 T
GTTACAGGTGTTTGTG-1,Mono
GTTACAGTCCAGGGCT-1,CD8 T
GTTACAGTCCGAAGAG-1,Mono
GTTACAGTCGCATGAT-1,CL 1
GTTACAGTCGTCGTTC-1,Mono
GTTACAGTCTATCCTA-1,CD8 T
GTTACAGTCTCACATT-1,Mono
GTTACAGTCTCCCTGA-1,Mono
GTTCATTAGCTGATAA-1,CD8 T
GTTCATTAGGCTATCT-1,Mono
GTTCATTAGGGAAACA-1,B cells
GTTCATTCATCGTCGG-1,CL 1
GTTCATTGTACGAAAT-1,CL 1
GTTCATTGTCAATACC-1,Mono
GTTCATTGTCCAGTTA-1,CD8 T
GTTCATTGTCCGAATT-1,CD8 T
GTTCATTGTCTTCAAG-1,B cells
GTTCATTGTTCTGAAC-1,CL 1
GTTCATTTCACAAACC-1,Mono
GTTCATTTCAGCATGT-1,CD8 T
GTTCATTTCCAGTAGT-1,CL 1
GTTCATTTCCCTAACC-1,CD8 T
GTTCATTTCTTAACCT-1,DC
GTTCGGGAGCAGCGTA-1,CD8 T
GTTCGGGAGCCATCGC-1,Mono
GTTCGGGAGCGGATCA-1,CL 1
GTTCGGGAGGAGTTGC-1,B cells
GTTCGGGAGTAAGTAC-1,B cells
GTTCGGGCAAGGACAC-1,CL 1
GTTCGGGCACCAGCAC-1,CD8 T
GTTCGGGCACCTCGTT-1,CD8 T
GTTCGGGCACGAGGTA-1,Mono
GTTCGGGCAGATTGCT-1,Mono
GTTCGGGCATAACCTG-1,Mono
GTTCGGGGTAGCGTGA-1,CD8 T
GTTCGGGGTCTTCGTC-1,Mono
GTTCGGGGTGAGGCTA-1,Mono
GTTCGGGTCAGTTAGC-1,B cells
GTTCTCGAGCGTAATA-1,CD8 T
GTTCTCGAGCTTCGCG-1,CD8 T
GTTCTCGAGGACCACA-1,CD8 T
GTTCTCGAGGGTTTCT-1,Mono
GTTCTCGAGTCTCAAC-1,NK
GTTCTCGAGTGAATTG-1,Mono
GTTCTCGCACAGATTC-1,CD8 T
GTTCTCGCACCGTTGG-1,CL 1
GTTCTCGCAGCCACCA-1,CD8 T
GTTCTCGCAGGGTTAG-1,CD8 T
GTTCTCGGTGAACCTT-1,B cells
GTTCTCGGTGATAAAC-1,CD8 T
GTTCTCGGTGCAACTT-1,DC
GTTCTCGGTTAGAACA-1,CD8 T
GTTCTCGTCAGCCTAA-1,CD8 T
GTTCTCGTCCGAGCCA-1,CL 1
GTTCTCGTCGAACTGT-1,B cells
GTTCTCGTCTGCCCTA-1,CD8 T
GTTCTCGTCTTAGCCC-1,CD8 T
GTTTCTAAGAGACTTA-1,CD8 T
GTTTCTAAGGAGTCTG-1,Mono
GTTTCTAAGGATATAC-1,CD8 T
GTTTCTAAGGTGATTA-1,Mono
GTTTCTAAGTCCTCCT-1,CD8 T
GTTTCTAAGTGTCCCG-1,CD8 T
GTTTCTACACCAGGTC-1,CD8 T
GTTTCTACACGAGGTA-1,CD8 T
GTTTCTACAGCTATTG-1,CD8 T
GTTTCTAGTAACGACG-1,CD8 T
GTTTCTAGTCTTGTCC-1,DC
GTTTCTAGTTCGGCAC-1,Mono
GTTTCTATCCACTCCA-1,CL 1
GTTTCTATCCTTTCTC-1,B cells
GTTTCTATCGATGAGG-1,Mono
GTTTCTATCGTAGATC-1,B cells
GTTTCTATCTCAAACG-1,Mono
GTTTCTATCTGGAGCC-1,CL 1
GTTTCTATCTTAGCCC-1,CL 1
TAAACCGAGAAACCTA-1,CL 1
TAAACCGAGAGGACGG-1,Mono
TAAACCGAGCGTGAGT-1,CD8 T
TAAACCGCAAGTAGTA-1,CD8 T
TAAACCGCAGCTCGAC-1,CD8 T
TAAACCGCATGTCTCC-1,CD8 T
TAAACCGGTCGTGGCT-1,Mono
TAAACCGGTCTAGCCG-1,CD8 T
TAAACCGGTGTGCGTC-1,NK
TAAACCGGTGTTAAGA-1,CD8 T
TAAACCGGTTCCACGG-1,NK
TAAACCGGTTGGTAAA-1,CL 1
TAAACCGTCAGAGGTG-1,CD8 T
TAAACCGTCATCGGAT-1,CD8 T
TAAACCGTCCTCTAGC-1,B cells
TAAGAGAAGACCGGAT-1,Mono
TAAGAGAAGCTGAACG-1,CD8 T
TAAGAGAAGGCGATAC-1,CD8 T
TAAGAGACAAGAGGCT-1,CD8 T
TAAGAGACAATCGGTT-1,CD8 T
TAAGAGACACCACGTG-1,CL 1
TAAGAGACACGTTGGC-1,B cells
TAAGAGACAGGCGATA-1,CD8 T
TAAGAGACAGGGCATA-1,DC
TAAGAGACAGGTTTCA-1,CL 1
TAAGAGACATCATCCC-1,CD8 T
TAAGAGACATGACGGA-1,CD8 T
TAAGAGAGTCTTCGTC-1,CL 1
TAAGAGATCAAAGTAG-1,Mono
TAAGAGATCATAGCAC-1,Mono
TAAGAGATCGCGCCAA-1,NK
TAAGAGATCTGCGGCA-1,NK
TAAGAGATCTTGCATT-1,Mono
TAAGAGATCTTTACGT-1,B cells
TAAGCGTAGATAGCAT-1,Mono
TAAGCGTAGGAGTTTA-1,B cells
TAAGCGTAGGATGGTC-1,NK
TAAGCGTCAACTTGAC-1,B cells
TAAGCGTCAGATTGCT-1,NK
TAAGCGTCAGCTGCAC-1,Mono
TAAGCGTCATCGATGT-1,Mono
TAAGCGTCATGGGAAC-1,Mono
TAAGCGTGTACGACCC-1,Mono
TAAGCGTGTCAGCTAT-1,Mono
TAAGCGTGTGAGGGTT-1,Mono
TAAGCGTGTGCCTGGT-1,CL 1
TAAGCGTTCACTCCTG-1,CL 1
TAAGCGTTCAGCATGT-1,Mono
TAAGCGTTCGTCACGG-1,CL 1
TAAGTGCAGACACTAA-1,CL 1
TAAGTGCAGCGTTTAC-1,Mono
TAAGTGCAGGACGAAA-1,CD8 T
TAAGTGCCAACTGGCC-1,B cells
TAAGTGCCAATGACCT-1,CD8 T
TAAGTGCCACGGTAAG-1,Mono
TAAGTGCCATGACGGA-1,B cells
TAAGTGCGTCGAGATG-1,CD8 T
TAAGTGCGTCTGGTCG-1,CD8 T
TAAGTGCGTGCGGTAA-1,Mono
TAAGTGCTCACCCGAG-1,CD8 T
TAAGTGCTCAGTTTGG-1,B cells
TAAGTGCTCCCTTGCA-1,Mono
TAAGTGCTCGTACCGG-1,CD8 T
TAAGTGCTCTACTCAT-1,CD8 T
TACACGAAGACACGAC-1,B cells
TACACGAAGCAGACTG-1,CD8 T
TACACGAAGCCGGTAA-1,NK
TACACGAAGCTAGTCT-1,Mono
TACACGACAAGTAATG-1,Mono
TACACGACATCACGTA-1,B cells
TACACGACATGTTCCC-1,CL 1
TACACGAGTAAGAGGA-1,Mono
TACACGAGTCTCACCT-1,Mono
TACACGAGTGATGATA-1,CD8 T
TACACGAGTGTCGCTG-1,CL 1
TACACGATCAAACAAG-1,Mono
TACACGATCATCTGCC-1,CD8 T
TACACGATCTAACCGA-1,CD8 T
TACAGTGAGCCAGAAC-1,B cells
TACAGTGAGGACGAAA-1,CL 1
TACAGTGAGGGAAACA-1,CD8 T
TACAGTGCACACCGAC-1,CD8 T
TACAGTGCACGTGAGA-1,CD8 T
TACAGTGCATCCGCGA-1,CD8 T
TACAGTGTCACATGCA-1,Mono
TACAGTGTCATATCGG-1,B cells
TACAGTGTCATCGGAT-1,Mono
TACAGTGTCCAACCAA-1,CL 1
TACAGTGTCTTTAGGG-1,Mono
TACCTATAGAAGGCCT-1,CD8 T
TACCTATAGAGGGCTT-1,CL 1
TACCTATAGCTTATCG-1,CD8 T
TACCTATCAATGGAGC-1,CL 1
TACCTATCATGGTCTA-1,CL 1
TACCTATGTAAGTAGT-1,CD8 T
TACCTATGTATCAGTC-1,Mono
TACCTATGTCCGAGTC-1,Mono
TACCTATGTGCAGACA-1,DC
TACCTATGTTCAGCGC-1,Mono
TACCTATGTTGCTCCT-1,Mono
TACCTATTCTTCATGT-1,CD8 T
TACCTATTCTTGAGGT-1,Mono
TACCTTAAGAAGAAGC-1,CL 1
TACCTTAAGACAGGCT-1,CL 1
TACCTTAAGACCACGA-1,Mono
TACCTTAAGATGCCTT-1,CD8 T
TACCTTAAGCAGACTG-1,CL 1
TACCTTAAGCGCCTTG-1,CL 1
TACCTTAAGGTGCAAC-1,CL 1
TACCTTACAAGGCTCC-1,B cells
TACCTTACACAGATTC-1,CD8 T
TACCTTACATACAGCT-1,Mono
TACCTTACATCACAAC-1,B cells
TACCTTAGTACGACCC-1,B cells
TACCTTAGTCTCACCT-1,B cells
TACCTTAGTGTCCTCT-1,CD8 T
TACCTTAGTTCGCTAA-1,B cells
TACCTTATCAACACAC-1,Mono
TACCTTATCACCGGGT-1,B cells
TACCTTATCACTTCAT-1,Mono
TACCTTATCCAAAGTC-1,Mono
TACCTTATCCAATGGT-1,B cells
TACCTTATCGAATCCA-1,Mono
TACCTTATCGAGAACG-1,CD8 T
TACCTTATCGCCATAA-1,CD8 T
TACCTTATCTAACGGT-1,CD8 T
TACGGATAGCCCAACC-1,Mono
TACGGATAGGCTCAGA-1,Mono
TACGGATAGTAACCCT-1,Mono
TACGGATAGTCTCAAC-1,DC
TACGGATAGTGCCATT-1,DC
TACGGATCAAGTTGTC-1,CD8 T
TACGGATCAATCAGAA-1,CD8 T
TACGGATCACGGCCAT-1,NK
TACGGATCATGTAGTC-1,Mono
TACGGATGTAAGTAGT-1,CD8 T
TACGGATGTGCTCTTC-1,CD8 T
TACGGATGTTCTGAAC-1,CD8 T
TACGGATGTTTGGCGC-1,CD8 T
TACGGATTCACAAACC-1,CL 1
TACGGATTCACTTACT-1,CD8 T
TACGGATTCCGCGGTA-1,Mono
TACGGATTCCGTCATC-1,Mono
TACGGGCAGCACACAG-1,Mono
TACGGGCCAATCACAC-1,CD8 T
TACGGGCCACGTCAGC-1,DC
TACGGGCCAGATAATG-1,B cells
TACGGGCCAGCGTTCG-1,Mono
TACGGGCCATAGTAAG-1,CL 1
TACGGGCGTAGAGTGC-1,Mono
TACGGGCGTCTCACCT-1,NK
TACGGGCGTCTGGAGA-1,Mono
TACGGGCGTGATAAAC-1,DC
TACGGGCGTTATCCGA-1,NK
TACGGTAAGAAACCTA-1,Mono
TACGGTAAGAGTACCG-1,CD8 T
TACGGTAAGCCCTAAT-1,B cells
TACGGTAAGGCATGGT-1,NK
TACGGTAAGGCATGTG-1,NK
TACGGTAAGTGGGTTG-1,CD8 T
TACGGTACACATGGGA-1,CL 1
TACGGTACAGCGATCC-1,CD8 T
TACGGTACATACTCTT-1,B cells
TACGGTAGTCGGCACT-1,CL 1
TACGGTAGTGTGGCTC-1,CD8 T
TACGGTAGTTCACGGC-1,B cells
TACGGTATCAGCAACT-1,CL 1
TACTCATAGAATTGTG-1,Mono
TACTCATAGTACGACG-1,CD8 T
TACTCATCAAACCTAC-1,B cells
TACTCATCAATGTTGC-1,Mono
TACTCATCAGGTCTCG-1,B cells
TACTCATCATATACGC-1,B cells
TACTCATCATGTCTCC-1,CD8 T
TACTCATCATTTGCCC-1,NK
TACTCATGTAGGCTGA-1,CL 1
TACTCATGTCAGCTAT-1,CD8 T
TACTCATGTCATGCAT-1,CD8 T
TACTCATGTGAAGGCT-1,Mono
TACTCATGTTATGCGT-1,CD8 T
TACTCATTCAACGGCC-1,CL 1
TACTCATTCAGGTTCA-1,CD8 T
TACTCATTCATTTGGG-1,CD8 T
TACTCATTCCACGAAT-1,B cells
TACTCATTCCGTCAAA-1,Mono
TACTCATTCGCCATAA-1,CL 1
TACTCATTCGGTTCGG-1,Mono
TACTCATTCTCCCTGA-1,Mono
TACTCGCAGAATTCCC-1,CD8 T
TACTCGCAGCTCCCAG-1,CD8 T
TACTCGCAGGCCCTTG-1,NK
TACTCGCAGTGTTTGC-1,Mono
TACTCGCCAAGGTTTC-1,CD8 T
TACTCGCCAAGTTAAG-1,CD8 T
TACTCGCCACTATCTT-1,CD8 T
TACTCGCCAGGCAGTA-1,B cells
TACTCGCGTACCTACA-1,CD8 T
TACTCGCGTAGCACGA-1,Mono
TACTCGCGTCATTAGC-1,CD8 T
TACTCGCGTGTAAGTA-1,Mono
TACTCGCGTGTCTGAT-1,CL 1
TACTCGCGTGTTAAGA-1,Mono
TACTCGCGTTGAGGTG-1,Mono
TACTCGCTCCACGTGG-1,B cells
TACTCGCTCGTTACAG-1,Mono
TACTCGCTCTCGGACG-1,CL 1
TACTTACAGAAACGAG-1,CD8 T
TACTTACAGAAGGTGA-1,CD8 T
TACTTACAGCTACCTA-1,Mono
TACTTACAGGGATCTG-1,CL 1
TACTTACAGGTACTCT-1,CD8 T
TACTTACAGGTCGGAT-1,CL 1
TACTTACAGTAGTGCG-1,B cells
TACTTACCAATGGTCT-1,CL 1
TACTTACCACAAGACG-1,Mono
TACTTACCACCACCAG-1,B cells
TACTTACCACCCATTC-1,NK
TACTTACCAGCTGCAC-1,Mono
TACTTACCATGGGAAC-1,Mono
TACTTACCATTGGGCC-1,Mono
TACTTACGTATGAAAC-1,B cells
TACTTACGTTCGGGCT-1,B cells
TACTTACGTTGGAGGT-1,CD8 T
TACTTACTCCCTGACT-1,CD8 T
TACTTACTCGATAGAA-1,Mono
TACTTGTAGTCTTGCA-1,CD8 T
TACTTGTCACTTCTGC-1,Mono
TACTTGTCAGTAGAGC-1,Mono
TACTTGTCATACAGCT-1,CD8 T
TACTTGTCATCAGTCA-1,Mono
TACTTGTCATCCGGGT-1,B cells
TACTTGTGTATTCTCT-1,CD8 T
TACTTGTGTCGAAAGC-1,CD8 T
TACTTGTGTCGCGGTT-1,CD8 T
TACTTGTGTGACGCCT-1,CL 1
TACTTGTGTGATGATA-1,CL 1
TACTTGTGTGTGGCTC-1,Mono
TACTTGTGTTAAGATG-1,Mono
TACTTGTGTTAAGGGC-1,Mono
TACTTGTGTTCCACGG-1,CD8 T
TACTTGTGTTCTGAAC-1,Mono
TACTTGTTCACGCGGT-1,B cells
TACTTGTTCCGAAGAG-1,CL 1
TACTTGTTCCTAGAAC-1,B cells
TACTTGTTCCTCCTAG-1,NK
TACTTGTTCCTTGGTC-1,Mono
TACTTGTTCGAGAGCA-1,CD8 T
TACTTGTTCTCGTATT-1,CD8 T
TACTTGTTCTGCCAGG-1,CL 1
TAGACCAAGCAAATCA-1,CL 1
TAGACCAAGCCCTAAT-1,CD8 T
TAGACCAAGGGCACTA-1,CL 1
TAGACCAAGGTGCACA-1,Mono
TAGACCAAGTACGCGA-1,DC
TAGACCACACGGTGTC-1,NK
TAGACCAGTAAGCACG-1,CD8 T
TAGACCAGTACAGTGG-1,Mono
TAGACCAGTACCGCTG-1,Mono
TAGACCAGTCAACATC-1,CD8 T
TAGACCAGTCCGAACC-1,CD8 T
TAGACCAGTCGCATAT-1,CD8 T
TAGACCAGTCGGGTCT-1,Mono
TAGACCAGTCTCTTAT-1,Mono
TAGACCAGTCTGATTG-1,Mono
TAGACCAGTGCAGGTA-1,DC
TAGACCAGTGGCAAAC-1,CD8 T
TAGACCATCATGTGGT-1,Mono
TAGACCATCCCGACTT-1,Mono
TAGAGCTAGAATTGTG-1,DC
TAGAGCTAGAGCCTAG-1,Mono
TAGAGCTAGCACACAG-1,B cells
TAGAGCTAGCCACGCT-1,CD8 T
TAGAGCTAGCCACGTC-1,B cells
TAGAGCTAGCTACCGC-1,Mono
TAGAGCTAGTGTCCAT-1,Mono
TAGAGCTCAAGTCTGT-1,Mono
TAGAGCTCACTTAACG-1,CL 1
TAGAGCTCAGCGTAAG-1,Mono
TAGAGCTCATGGTAGG-1,CD8 T
TAGAGCTGTAAGGATT-1,CL 1
TAGAGCTGTCGTCTTC-1,CD8 T
TAGAGCTGTCTCTTTA-1,Mono
TAGCCGGAGAAACCTA-1,CL 1
TAGCCGGAGCTGATAA-1,CL 1
TAGCCGGAGTAATCCC-1,CD8 T
TAGCCGGCAAGACACG-1,CD8 T
TAGCCGGCACCACCAG-1,CL 1
TAGCCGGGTAGAGTGC-1,B cells
TAGCCGGGTGAGGCTA-1,Mono
TAGCCGGGTGTGAAAT-1,CD8 T
TAGCCGGTCAACACGT-1,Mono
TAGCCGGTCTGTACGA-1,B cells
TAGGCATAGCACACAG-1,NK
TAGGCATAGCCCGAAA-1,B cells
TAGGCATAGGTGCACA-1,Mono
TAGGCATAGTCAAGGC-1,CD8 T
TAGGCATAGTGTCTCA-1,CD8 T
TAGGCATCAAAGGCGT-1,CD8 T
TAGGCATCACATCCAA-1,CD8 T
TAGGCATCACATGACT-1,Mono
TAGGCATCATCAGTCA-1,CD8 T
TAGGCATGTACATCCA-1,B cells
TAGGCATGTCATGCAT-1,CD8 T
TAGGCATGTCGGCACT-1,DC
TAGGCATGTGACAAAT-1,CL 1
TAGGCATTCAAAGACA-1,Mono
TAGGCATTCACGACTA-1,Mono
TAGGCATTCACTCCTG-1,Mono
TAGGCATTCCGAAGAG-1,DC
TAGGCATTCCGCAGTG-1,CD8 T
TAGGCATTCCTTGACC-1,Mono
TAGGCATTCGATGAGG-1,CL 1
TAGGCATTCTGTCTCG-1,Mono
TAGTGGTAGAGTACAT-1,CL 1
TAGTGGTAGCAGACTG-1,CD8 T
TAGTGGTAGTGGAGTC-1,CL 1
TAGTGGTAGTTACGGG-1,CD8 T
TAGTGGTCACGCCAGT-1,Mono
TAGTGGTCAGCGATCC-1,Mono
TAGTGGTCAGCTGCTG-1,CL 1
TAGTGGTCATGTAGTC-1,Mono
TAGTGGTGTCATATGC-1,Mono
TAGTGGTGTCCAACTA-1,CL 1
TAGTGGTGTGCATCTA-1,CL 1
TAGTGGTTCACATAGC-1,CL 1
TAGTGGTTCCGCGTTT-1,CL 1
TAGTGGTTCCGTACAA-1,CL 1
TAGTGGTTCTCGGACG-1,Mono
TAGTTGGAGAAACCTA-1,B cells
TAGTTGGAGACTGGGT-1,B cells
TAGTTGGAGAGCCTAG-1,CL 1
TAGTTGGAGATCACGG-1,B cells
TAGTTGGAGATGTCGG-1,CD8 T
TAGTTGGAGTGAATTG-1,CD8 T
TAGTTGGCACATAACC-1,CD8 T
TAGTTGGCACGAAAGC-1,CD8 T
TAGTTGGCAGCAGTTT-1,B cells
TAGTTGGCATCTCGCT-1,CD8 T
TAGTTGGGTACAGCAG-1,B cells
TAGTTGGGTATCAGTC-1,NK
TAGTTGGGTCTCCCTA-1,Mono
TAGTTGGGTTACGTCA-1,CD8 T
TAGTTGGGTTCAGACT-1,Mono
TAGTTGGGTTGGTGGA-1,CD8 T
TAGTTGGTCCAGATCA-1,CL 1
TAGTTGGTCTCAACTT-1,CD8 T
TAGTTGGTCTGACCTC-1,Mono
TATCAGGAGAAAGTGG-1,CD8 T
TATCAGGAGATCTGAA-1,Mono
TATCAGGCAACTTGAC-1,CD8 T
TATCAGGCAAGGTTTC-1,B cells
TATCAGGCAGGATCGA-1,CD8 T
TATCAGGCATCCGCGA-1,CL 1
TATCAGGGTAATCGTC-1,Mono
TATCAGGGTATATGAG-1,CD8 T
TATCAGGGTCCGTTAA-1,Mono
TATCAGGGTCTCAACA-1,B cells
TATCAGGGTTCAACCA-1,CD8 T
TATCAGGTCCCGGATG-1,Mono
TATCAGGTCGAGAGCA-1,Mono
TATCAGGTCGGCATCG-1,CD8 T
TATCTCAAGCAGCCTC-1,CD8 T
TATCTCAAGCGTCTAT-1,B cells
TATCTCACAGATGGGT-1,CL 1
TATCTCACATCGGAAG-1,DC
TATCTCACATGCGCAC-1,Mono
TATCTCACATGCTAGT-1,B cells
TATCTCAGTAAGGGAA-1,CD8 T
TATCTCAGTAGAGCTG-1,CD8 T
TATCTCAGTCGCATAT-1,CL 1
TATCTCATCCACTGGG-1,Mono
TATCTCATCCCTCAGT-1,B cells
TATCTCATCCTATTCA-1,CD8 T
TATGCCCAGACACGAC-1,CD8 T
TATGCCCAGACGCAAC-1,CL 1
TATGCCCAGATGTAAC-1,CL 1
TATGCCCAGTATGACA-1,B cells
TATGCCCCACGGCTAC-1,NK
TATGCCCCATGTAGTC-1,Mono
TATGCCCTCAACACCA-1,Mono
TATGCCCTCAGGATCT-1,CD8 T
TATGCCCTCTCATTCA-1,DC
TATTACCAGCCAGAAC-1,CD8 T
TATTACCAGCCCAACC-1,CD8 T
TATTACCAGGATTCGG-1,CD8 T
TATTACCAGGCAGTCA-1,CL 1
TATTACCAGGTGTTAA-1,NK
TATTACCAGTCAAGGC-1,CD8 T
TATTACCCAAGCTGAG-1,CD8 T
TATTACCCAATAGCGG-1,CD8 T
TATTACCCACAAGTAA-1,CD8 T
TATTACCCACGAGAGT-1,Mono
TATTACCCAGCGAACA-1,NK
TATTACCCATATACGC-1,CL 1
TATTACCCATGTAGTC-1,CD8 T
TATTACCCATGTCCTC-1,CD8 T
TATTACCGTACTCAAC-1,Mono
TATTACCGTTAGGGTG-1,CD8 T
TATTACCGTTGTTTGG-1,Mono
TATTACCTCACTTCAT-1,CD8 T
TATTACCTCGGAATCT-1,Mono
TCAACGAAGAACAATC-1,CL 1
TCAACGAAGCGGCTTC-1,B cells
TCAACGAAGCTCTCGG-1,Mono
TCAACGAAGGTTACCT-1,CD8 T
TCAACGAAGTCAAGGC-1,Mono
TCAACGACAGTGACAG-1,Mono
TCAACGAGTAGAGCTG-1,Mono
TCAACGAGTCATATGC-1,Mono
TCAACGAGTGCAGACA-1,B cells
TCAACGAGTGCCTTGG-1,CD8 T
TCAACGAGTGCTAGCC-1,Mono
TCAACGAGTGTTCGAT-1,Mono
TCAACGAGTTCTGGTA-1,Mono
TCAACGAGTTGGACCC-1,Mono
TCAACGATCAGTGTTG-1,CD8 T
TCAACGATCATGTCCC-1,CD8 T
TCAACGATCTGGAGCC-1,Mono
TCAACGATCTGGTATG-1,CD8 T
TCAATCTAGAAGAAGC-1,Mono
TCAATCTAGATAGTCA-1,CL 1
TCAATCTAGCACCGTC-1,Mono
TCAATCTAGCCTTGAT-1,CL 1
TCAATCTCAACGCACC-1,Mono
TCAATCTCAAGCGATG-1,B cells
TCAATCTCAATCAGAA-1,B cells
TCAATCTCAGACAAGC-1,B cells
TCAATCTCAGCTGCAC-1,Mono
TCAATCTCATCCTAGA-1,CD8 T
TCAATCTGTAAACGCG-1,CD8 T
TCAATCTGTCATCGGC-1,B cells
TCAATCTGTGAAGGCT-1,CL 1
TCAATCTGTTCCGTCT-1,CD8 T
TCAATCTGTTGAGTTC-1,Mono
TCAATCTTCAACGGGA-1,CL 1
TCAATCTTCACCACCT-1,Mono
TCAATCTTCAGCTTAG-1,Mono
TCAATCTTCCGAAGAG-1,Mono
TCAATCTTCTCACATT-1,CL 1
TCACAAGAGAAAGTGG-1,Mono
TCACAAGAGTCGCCGT-1,CD8 T
TCACAAGCAATTCCTT-1,Mono
TCACAAGCACAACGTT-1,CL 1
TCACAAGCACGAAAGC-1,Mono
TCACAAGCAGCGTAAG-1,CL 1
TCACAAGCAGTATGCT-1,CD8 T
TCACAAGCATGGATGG-1,Mono
TCACAAGCATTAGGCT-1,Mono
TCACAAGGTATAGGTA-1,B cells
TCACAAGGTCGCATCG-1,CD8 T
TCACAAGGTGACTCAT-1,Mono
TCACAAGGTGCTAGCC-1,CD8 T
TCACAAGGTTACAGAA-1,CL 1
TCACAAGGTTGACGTT-1,CD8 T
TCACAAGTCAAGAAGT-1,Mono
TCACAAGTCAAGATCC-1,CD8 T
TCACAAGTCAATACCG-1,CD8 T
TCACAAGTCACATAGC-1,CD8 T
TCACAAGTCCTCATTA-1,Mono
TCACAAGTCGGAAACG-1,B cells
TCACGAAAGATCACGG-1,Mono
TCACGAAAGATCTGCT-1,CD8 T
TCACGAAAGCACCGCT-1,CD8 T
TCACGAAAGCGTCTAT-1,CL 1
TCACGAAAGCTATGCT-1,CD8 T
TCACGAAAGGCTCTTA-1,CD8 T
TCACGAAAGGTCGGAT-1,B cells
TCACGAACAAGTCATC-1,CL 1
TCACGAACATGGTCTA-1,CD8 T
TCACGAACATGTAAGA-1,CD8 T
TCACGAAGTCGAATCT-1,CD8 T
TCACGAAGTTCCCTTG-1,B cells
TCACGAATCAAGGTAA-1,CL 1
TCACGAATCGAATCCA-1,B cells
TCACGAATCTAGAGTC-1,B cells
TCAGATGAGCCGATTT-1,DC
TCAGATGAGGAACTGC-1,CD8 T
TCAGATGAGGCATTGG-1,CD8 T
TCAGATGAGTGAAGAG-1,Mono
TCAGATGCACGCGAAA-1,Mono
TCAGATGCACTCAGGC-1,B cells
TCAGATGCAGATTGCT-1,CD8 T
TCAGATGCAGGCTGAA-1,CD8 T
TCAGATGGTAGCGTCC-1,CD8 T
TCAGATGGTATATGAG-1,Mono
TCAGATGGTCATATGC-1,CD8 T
TCAGATGGTTAGTGGG-1,CL 1
TCAGATGGTTCCCGAG-1,DC
TCAGATGTCTATCGCC-1,B cells
TCAGCAAAGAGCCTAG-1,B cells
TCAGCAAAGCCCAGCT-1,CL 1
TCAGCAAAGGGAGTAA-1,CD8 T
TCAGCAAAGTGGGCTA-1,Mono
TCAGCAAAGTGGTAAT-1,Mono
TCAGCAACACTAAGTC-1,Mono
TCAGCAACAGCATACT-1,CL 1
TCAGCAACAGCTGTAT-1,B cells
TCAGCAAGTACGCTGC-1,B cells
TCAGCAAGTCTAGAGG-1,CL 1
TCAGCAAGTGGGTCAA-1,Mono
TCAGCAAGTTACGACT-1,CL 1
TCAGCAATCAGGATCT-1,Mono
TCAGCAATCATAAAGG-1,Mono
TCAGCTCAGACCCACC-1,CL 1
TCAGCTCAGCGATGAC-1,CD8 T
TCAGCTCAGGCCCGTT-1,CD8 T
TCAGCTCCACAAGCCC-1,CD8 T
TCAGCTCCAGACAAAT-1,CD8 T
TCAGCTCCAGTAACGG-1,B cells
TCAGCTCCATCGGGTC-1,Mono
TCAGCTCCATGCATGT-1,CD8 T
TCAGCTCCATTCCTGC-1,CL 1
TCAGCTCGTACAGTTC-1,NK
TCAGCTCGTACGACCC-1,CD8 T
TCAGCTCGTACGCTGC-1,CD8 T
TCAGCTCGTCAGATAA-1,NK
TCAGCTCGTCTCCATC-1,CD8 T
TCAGCTCGTTCAGGCC-1,CL 1
TCAGCTCGTTCGGCAC-1,Mono
TCAGCTCGTTGCCTCT-1,NK
TCAGCTCGTTTGACTG-1,CD8 T
TCAGCTCTCACCGGGT-1,B cells
TCAGCTCTCAGAAATG-1,CD8 T
TCAGCTCTCAGTTCGA-1,CL 1
TCAGCTCTCCGTAGTA-1,Mono
TCAGCTCTCCTGCAGG-1,DC
TCAGCTCTCGTTACGA-1,CD8 T
TCAGCTCTCTGAAAGA-1,CD8 T
TCAGGATAGAGTTGGC-1,CL 1
TCAGGATAGATCTGAA-1,CD8 T
TCAGGATAGCAGGCTA-1,NK
TCAGGATAGCTAGCCC-1,B cells
TCAGGATAGGACCACA-1,Mono
TCAGGATAGGATGTAT-1,B cells
TCAGGATAGGTGGGTT-1,CL 1
TCAGGATAGTCCTCCT-1,Mono
TCAGGATAGTGGGATC-1,B cells
TCAGGATCAAGCGATG-1,CD8 T
TCAGGATCAAGGTTTC-1,Mono
TCAGGATCAGTCTTCC-1,B cells
TCAGGATCATCATCCC-1,CD8 T
TCAGGATCATGGTTGT-1,Mono
TCAGGATGTACCTACA-1,B cells
TCAGGATGTCTCTTTA-1,Mono
TCAGGATGTCTTGTCC-1,CL 1
TCAGGATTCAGTGTTG-1,NK
TCAGGATTCTCCAACC-1,CD8 T
TCAGGTAAGCACACAG-1,Mono
TCAGGTAAGCGCTTAT-1,CD8 T
TCAGGTACAAGCCGTC-1,Mono
TCAGGTACAAGCGATG-1,CL 1
TCAGGTACACATGGGA-1,B cells
TCAGGTAGTAATCGTC-1,CL 1
TCAGGTAGTCGAACAG-1,CD8 T
TCAGGTAGTCTTGTCC-1,CD8 T
TCAGGTAGTTCGTGAT-1,CD8 T
TCAGGTAGTTGTTTGG-1,CL 1
TCAGGTATCAAGGTAA-1,CL 1
TCAGGTATCAGCTCGG-1,B cells
TCAGGTATCATCTGTT-1,CD8 T
TCAGGTATCCTCGCAT-1,DC
TCAGGTATCGGCGCAT-1,B cells
TCAGGTATCTACCTGC-1,CD8 T
TCAGGTATCTCTTGAT-1,CD8 T
TCAGGTATCTGTGCAA-1,CD8 T
TCAGGTATCTTGACGA-1,Mono
TCAGGTATCTTTACGT-1,CD8 T
TCATTACAGTGTGGCA-1,B cells
TCATTACAGTTACGGG-1,Mono
TCATTACCAGTATGCT-1,Mono
TCATTACCATGTAAGA-1,Mono
TCATTACGTAAAGTCA-1,B cells
TCATTACGTACACCGC-1,Mono
TCATTACGTCGACTGC-1,CD8 T
TCATTACGTCGTCTTC-1,Mono
TCATTACGTTACGTCA-1,CL 1
TCATTACGTTATCCGA-1,CD8 T
TCATTACTCACTTATC-1,Mono
TCATTACTCATTGCCC-1,CD8 T
TCATTACTCCCTTGTG-1,CL 1
TCATTACTCGACAGCC-1,B cells
TCATTACTCGTTGCCT-1,CL 1
TCATTTGAGATGAGAG-1,Mono
TCATTTGAGCTCCTCT-1,Mono
TCATTTGAGGATGTAT-1,Mono
TCATTTGAGTGTACTC-1,CL 1
TCATTTGCACGCTTTC-1,B cells
TCATTTGCACTGTCGG-1,NK
TCATTTGCAGAGCCAA-1,CL 1
TCATTTGCATCCCACT-1,CD8 T
TCATTTGCATTTGCCC-1,CL 1
TCATTTGGTAAGTAGT-1,CD8 T
TCATTTGGTCCCTTGT-1,CD8 T
TCATTTGGTCTAGCCG-1,CD8 T
TCATTTGGTGAACCTT-1,CL 1
TCATTTGGTGAGGCTA-1,B cells
TCATTTGGTGATAAAC-1,CD8 T
TCATTTGTCGTTGACA-1,B cells
TCATTTGTCTACTATC-1,B cells
TCATTTGTCTTTACGT-1,CL 1
TCCACACAGCGATAGC-1,Mono
TCCACACAGCTAGTTC-1,Mono
TCCACACAGCTTATCG-1,CD8 T
TCCACACAGGAATCGC-1,Mono
TCCACACCAATAAGCA-1,CL 1
TCCACACCAATGCCAT-1,CD8 T
TCCACACCACGGCTAC-1,Mono
TCCACACCACTATCTT-1,CD8 T
TCCACACCAGGAATGC-1,DC
TCCACACCATAAGACA-1,CL 1
TCCACACCATCCGTGG-1,CL 1
TCCACACCATGTTGAC-1,B cells
TCCACACCATTGAGCT-1,CD8 T
TCCACACGTGGGTCAA-1,CD8 T
TCCACACGTGGTACAG-1,B cells
TCCACACGTTATTCTC-1,B cells
TCCACACTCCTGCTTG-1,Mono
TCCACACTCCTTTACA-1,CD8 T
TCCCGATAGCTGATAA-1,CD8 T
TCCCGATAGTTACGGG-1,CD8 T
TCCCGATCAAGGGTCA-1,B cells
TCCCGATCACCAGTTA-1,CL 1
TCCCGATCACTGTGTA-1,B cells
TCCCGATCAGGACGTA-1,B cells
TCCCGATGTATGGTTC-1,Mono
TCCCGATGTGATGCCC-1,CD8 T
TCCCGATGTTAAGATG-1,Mono
TCCCGATGTTTAGGAA-1,CD8 T
TCCCGATTCATGCTCC-1,Mono
TCCCGATTCCAAACTG-1,Mono
TCCCGATTCCGAACGC-1,CD8 T
TCGAGGCAGCATCATC-1,CL 1
TCGAGGCAGTGAACGC-1,CL 1
TCGAGGCAGTGGTAGC-1,B cells
TCGAGGCAGTTTCCTT-1,CD8 T
TCGAGGCCAAAGGTGC-1,Mono
TCGAGGCCAAGGACTG-1,Mono
TCGAGGCCACGAAATA-1,Mono
TCGAGGCCAGGCGATA-1,CD8 T
TCGAGGCCAGGTCTCG-1,Mono
TCGAGGCGTATCACCA-1,Mono
TCGAGGCGTCGCATCG-1,Mono
TCGAGGCGTCTCTTAT-1,CL 1
TCGAGGCGTGCACCAC-1,Mono
TCGAGGCGTGTAAGTA-1,CD8 T
TCGAGGCTCACAGGCC-1,Mono
TCGAGGCTCAGAGCTT-1,CL 1
TCGAGGCTCAGCTCTC-1,CL 1
TCGAGGCTCATGCATG-1,Mono
TCGAGGCTCATGTCCC-1,CD8 T
TCGAGGCTCCGTACAA-1,B cells
TCGAGGCTCCTACAGA-1,CL 1
TCGAGGCTCCTAGAAC-1,CL 1
TCGAGGCTCGGCATCG-1,B cells
TCGAGGCTCGGTCTAA-1,CD8 T
TCGAGGCTCTGGTATG-1,CD8 T
TCGCGAGAGAAGCCCA-1,Mono
TCGCGAGAGCTAAGAT-1,NK
TCGCGAGAGTGTACCT-1,CD8 T
TCGCGAGCACAGCGTC-1,Mono
TCGCGAGCACATCCAA-1,Mono
TCGCGAGCACCGAATT-1,B cells
TCGCGAGCACTTGGAT-1,Mono
TCGCGAGCAGTATGCT-1,CD8 T
TCGCGAGCAGTTTACG-1,Mono
TCGCGAGGTGATGCCC-1,CD8 T
TCGCGAGGTGCGATAG-1,B cells
TCGCGAGGTGGTGTAG-1,CL 1
TCGCGAGGTGTAATGA-1,CL 1
TCGCGAGTCAGTTGAC-1,CL 1
TCGCGAGTCGGACAAG-1,Mono
TCGCGAGTCTGAGGGA-1,CD8 T
TCGCGTTAGATATGCA-1,CD8 T
TCGCGTTAGGACTGGT-1,CD8 T
TCGCGTTCAAGCGAGT-1,CD8 T
TCGCGTTCACACGCTG-1,CD8 T
TCGCGTTCACTTCGAA-1,CD8 T
TCGCGTTCAGTAAGCG-1,Mono
TCGCGTTCAGTTCCCT-1,B cells
TCGCGTTCATGTTCCC-1,Mono
TCGCGTTGTACATGTC-1,CL 1
TCGCGTTGTCTCAACA-1,Mono
TCGCGTTGTGCACGAA-1,CD8 T
TCGCGTTTCAGCACAT-1,CD8 T
TCGCGTTTCATCTGCC-1,CD8 T
TCGCGTTTCGCTAGCG-1,Mono
TCGCGTTTCGCTGATA-1,CL 1
TCGCGTTTCGGAATCT-1,CD8 T
TCGGGACAGCGATGAC-1,CL 1
TCGGGACAGCTAACTC-1,CD8 T
TCGGGACAGCTCAACT-1,CD8 T
TCGGGACAGCTCTCGG-1,CD8 T
TCGGGACAGGCATTGG-1,CD8 T
TCGGGACAGGTGCAAC-1,CD8 T
TCGGGACAGTCTCGGC-1,DC
TCGGGACAGTGTCTCA-1,Mono
TCGGGACCAAGAAAGG-1,CL 1
TCGGGACCAAGCGTAG-1,B cells
TCGGGACCAATGCCAT-1,B cells
TCGGGACCATCTACGA-1,CD8 T
TCGGGACCATGATCCA-1,NK
TCGGGACCATTCGACA-1,CD8 T
TCGGGACGTGCAACGA-1,Mono
TCGGGACGTGCACGAA-1,CD8 T
TCGGGACGTGTTCGAT-1,CL 1
TCGGGACGTTAGATGA-1,CD8 T
TCGGGACGTTCCGTCT-1,B cells
TCGGGACGTTGGTTTG-1,CL 1
TCGGGACTCTGCCCTA-1,B cells
TCGGGACTCTGTACGA-1,CD8 T
TCGGTAAAGCACGCCT-1,CD8 T
TCGGTAAAGGAGTTGC-1,B cells
TCGGTAAAGGTCATCT-1,CD8 T
TCGGTAACAACAACCT-1,CD8 T
TCGGTAACACTAGTAC-1,Mono
TCGGTAACATCGGAAG-1,CD8 T
TCGGTAACATGATCCA-1,CD8 T
TCGGTAACATTGCGGC-1,B cells
TCGGTAAGTAGCGTCC-1,CD8 T
TCGGTAAGTCAGCTAT-1,CD8 T
TCGGTAAGTCTGCCAG-1,Mono
TCGGTAAGTGAGGGTT-1,Mono
TCGGTAAGTGCCTGTG-1,Mono
TCGGTAAGTGTAAGTA-1,CL 1
TCGGTAAGTTCTGTTT-1,Mono
TCGGTAATCACAGTAC-1,CL 1
TCGTACCAGAAACCAT-1,CD8 T
TCGTACCAGACCTAGG-1,NK
TCGTACCAGATAGGAG-1,CD8 T
TCGTACCAGGACTGGT-1,Mono
TCGTACCAGGCTACGA-1,CL 1
TCGTACCCACCGGAAA-1,CD8 T
TCGTACCCACTGTTAG-1,CL 1
TCGTACCCAGCTGCAC-1,B cells
TCGTACCCAGTAAGAT-1,CL 1
TCGTACCCATGCAATC-1,NK
TCGTACCGTAAACCTC-1,CL 1
TCGTACCGTCAAGCGA-1,CD8 T
TCGTACCGTTGAACTC-1,CD8 T
TCGTACCGTTTCCACC-1,CD8 T
TCGTACCTCAACACAC-1,B cells
TCGTACCTCATGGTCA-1,CL 1
TCGTACCTCGACAGCC-1,CD8 T
TCGTAGAAGGACATTA-1,Mono
TCGTAGAAGTATGACA-1,CL 1
TCGTAGAAGTGGACGT-1,Mono
TCGTAGACAAGGACTG-1,B cells
TCGTAGACAGGTTTCA-1,CD8 T
TCGTAGAGTCAACTGT-1,Mono
TCGTAGAGTCAGGACA-1,CD8 T
TCGTAGAGTCTGGTCG-1,Mono
TCGTAGAGTTCGTCTC-1,Mono
TCGTAGAGTTCTGTTT-1,CD8 T
TCGTAGATCATGCAAC-1,CL 1
TCGTAGATCCCTTGCA-1,Mono
TCGTAGATCGGTGTTA-1,CD8 T
TCGTAGATCTTTAGTC-1,CD8 T
TCTATTGAGAAACGCC-1,Mono
TCTATTGAGAGTGAGA-1,Mono
TCTATTGAGCATCATC-1,CD8 T
TCTATTGAGCCTCGTG-1,CL 1
TCTATTGAGTACGCGA-1,CD8 T
TCTATTGAGTTGAGTA-1,CD8 T
TCTATTGCAATCACAC-1,CL 1
TCTATTGCACAACGCC-1,Mono
TCTATTGCACAGGTTT-1,CL 1
TCTATTGCACTTGGAT-1,Mono
TCTATTGCATCCGTGG-1,CD8 T
TCTATTGGTAAGGGAA-1,B cells
TCTATTGGTAAGTGGC-1,CD8 T
TCTATTGGTACCAGTT-1,CD8 T
TCTATTGGTATCGCAT-1,B cells
TCTATTGGTGGGTATG-1,CL 1
TCTATTGGTTATGTGC-1,CL 1
TCTATTGGTTCCTCCA-1,CL 1
TCTATTGTCAATAAGG-1,CD8 T
TCTATTGTCAGAGGTG-1,Mono
TCTATTGTCGATGAGG-1,Mono
TCTATTGTCGGTCTAA-1,CD8 T
TCTCATAAGTCGCCGT-1,Mono
TCTCATACAGAAGCAC-1,CD8 T
TCTCATACAGCTGCAC-1,CL 1
TCTCATACAGTATGCT-1,CD8 T
TCTCATACATAAGACA-1,CD8 T
TCTCATACATTGAGCT-1,CD8 T
TCTCATAGTCAACATC-1,CD8 T
TCTCATAGTGCATCTA-1,CL 1
TCTCATAGTGGCGAAT-1,DC
TCTCATAGTTAGATGA-1,Mono
TCTCATATCACAACGT-1,Mono
TCTCATATCACAGTAC-1,Mono
TCTCATATCATCTGCC-1,Mono
TCTCATATCCGATATG-1,CD8 T
TCTCATATCGGAATCT-1,CL 1
TCTCATATCTTGACGA-1,CD8 T
TCTCATATCTTTACAC-1,Mono
TCTCTAACAAGCGTAG-1,CD8 T
TCTCTAACACCATGTA-1,CD8 T
TCTCTAACACGCCAGT-1,CD8 T
TCTCTAACAGCTTCGG-1,CD8 T
TCTCTAACAGGCTCAC-1,B cells
TCTCTAACAGTAGAGC-1,Mono
TCTCTAACATCGATGT-1,CD8 T
TCTCTAACATCGGAAG-1,Mono
TCTCTAAGTAACGACG-1,B cells
TCTCTAAGTAGCAAAT-1,NK
TCTCTAAGTATCGCAT-1,B cells
TCTCTAAGTCGCTTCT-1,CD8 T
TCTCTAAGTGCTGTAT-1,Mono
TCTCTAAGTTCGGCAC-1,CD8 T
TCTCTAATCAACTCTT-1,CL 1
TCTCTAATCCTTCAAT-1,B cells
TCTCTAATCGAGGTAG-1,CL 1
TCTCTAATCGTACGGC-1,CD8 T
TCTCTAATCTTCCTTC-1,NK
TCTGAGAAGCAGCCTC-1,Mono
TCTGAGAAGCTAGGCA-1,CD8 T
TCTGAGAAGCTGATAA-1,CD8 T
TCTGAGAAGTAGATGT-1,Mono
TCTGAGACACACATGT-1,CL 1
TCTGAGACACGACTCG-1,CD8 T
TCTGAGACAGAGTGTG-1,CL 1
TCTGAGACATCCAACA-1,Mono
TCTGAGACATTACGAC-1,B cells
TCTGAGAGTACGCACC-1,CL 1
TCTGAGAGTCAATACC-1,Mono
TCTGAGAGTGTGTGCC-1,Mono
TCTGAGAGTTAAGACA-1,Mono
TCTGAGATCATCTGTT-1,Mono
TCTGAGATCCGTCAAA-1,Mono
TCTGAGATCTTATCTG-1,Mono
TCTGAGATCTTTACAC-1,CD8 T
TCTGGAAAGAATCTCC-1,CD8 T
TCTGGAAAGAGTGACC-1,Mono
TCTGGAAAGCGATTCT-1,CL 1
TCTGGAACAGACGCCT-1,CD8 T
TCTGGAACAGCATGAG-1,B cells
TCTGGAACATAAGACA-1,Mono
TCTGGAAGTCAAGCGA-1,Mono
TCTGGAAGTCGAGTTT-1,CL 1
TCTGGAAGTCTCATCC-1,Mono
TCTGGAAGTGACTCAT-1,CL 1
TCTGGAAGTGTAATGA-1,B cells
TCTGGAAGTTAGAACA-1,CL 1
TCTGGAAGTTCAGTAC-1,Mono
TCTGGAAGTTGGACCC-1,Mono
TCTGGAATCAACCATG-1,Mono
TCTGGAATCATGTCCC-1,CD8 T
TCTGGAATCCAGTAGT-1,DC
TCTGGAATCGAACGGA-1,CD8 T
TCTGGAATCTTGAGGT-1,CL 1
TCTTCGGAGACATAAC-1,CD8 T
TCTTCGGAGACGCACA-1,CD8 T
TCTTCGGAGCCCTAAT-1,Mono
TCTTCGGAGCGTTTAC-1,B cells
TCTTCGGAGCTCCTTC-1,NK
TCTTCGGAGGACATTA-1,Mono
TCTTCGGAGTGAAGTT-1,CD8 T
TCTTCGGAGTGGTAAT-1,Mono
TCTTCGGAGTTTCCTT-1,NK
TCTTCGGCAAATACAG-1,Mono
TCTTCGGCAAGGTTCT-1,Mono
TCTTCGGCACCGTTGG-1,Mono
TCTTCGGCACGAGGTA-1,Mono
TCTTCGGCAGGTCTCG-1,Mono
TCTTCGGGTATCGCAT-1,Mono
TCTTCGGGTCTCCATC-1,CD8 T
TCTTCGGGTCTTGTCC-1,CD8 T
TCTTCGGGTTTGTGTG-1,Mono
TCTTCGGTCAAGAAGT-1,CD8 T
TCTTCGGTCATTCACT-1,Mono
TCTTCGGTCCATGCTC-1,DC
TCTTTCCAGAGACGAA-1,Mono
TCTTTCCAGAGCCTAG-1,Mono
TCTTTCCAGCACAGGT-1,CL 1
TCTTTCCAGCTAAACA-1,CD8 T
TCTTTCCAGGACTGGT-1,B cells
TCTTTCCAGGCGTACA-1,CL 1
TCTTTCCAGTAGGTGC-1,Mono
TCTTTCCAGTCTTGCA-1,CD8 T
TCTTTCCCAAACGCGA-1,B cells
TCTTTCCCAAGGCTCC-1,CL 1
TCTTTCCCAATGAATG-1,B cells
TCTTTCCCACCGTTGG-1,CL 1
TCTTTCCCACGACGAA-1,B cells
TCTTTCCCAGTGACAG-1,CL 1
TCTTTCCCATCCGCGA-1,CL 1
TCTTTCCCATGATCCA-1,B cells
TCTTTCCGTAGCGATG-1,Mono
TCTTTCCGTCACCCAG-1,Mono
TCTTTCCGTCCGCTGA-1,B cells
TCTTTCCGTGATAAAC-1,Mono
TCTTTCCGTGCAACTT-1,CL 1
TCTTTCCGTTCAGCGC-1,NK
TCTTTCCGTTTCGCTC-1,CD8 T
TCTTTCCTCGACGGAA-1,CD8 T
TCTTTCCTCGTTACGA-1,CD8 T
TCTTTCCTCTAACTCT-1,Mono
TGAAAGAAGACTCGGA-1,DC
TGAAAGAAGAGCCCAA-1,CL 1
TGAAAGACAACTGCTA-1,CD8 T
TGAAAGACAATTCCTT-1,CD8 T
TGAAAGACACCAGTTA-1,CL 1
TGAAAGACACGAAATA-1,CL 1
TGAAAGACAGACAGGT-1,B cells
TGAAAGACAGATGGCA-1,CD8 T
TGAAAGACATCAGTAC-1,CD8 T
TGAAAGAGTAAACGCG-1,CD8 T
TGAAAGAGTAGGGTAC-1,CD8 T
TGAAAGAGTCCCTACT-1,Mono
TGAAAGAGTCCGAAGA-1,DC
TGAAAGAGTGACGGTA-1,Mono
TGAAAGAGTGTATGGG-1,CD8 T
TGAAAGAGTTGGTAAA-1,CL 1
TGAAAGATCAGCAACT-1,Mono
TGAAAGATCGATAGAA-1,Mono
TGAAAGATCGGAAATA-1,NK
TGAAAGATCTATCGCC-1,CD8 T
TGACAACAGGAATCGC-1,CD8 T
TGACAACAGGAGTAGA-1,CL 1
TGACAACAGGGATGGG-1,CD8 T
TGACAACCAACTGCGC-1,CD8 T
TGACAACCACAGGTTT-1,B cells
TGACAACCAGCCTATA-1,CD8 T
TGACAACCATCGATGT-1,CL 1
TGACAACGTAGGGACT-1,CL 1
TGACAACGTTCTGGTA-1,Mono
TGACAACTCAGCTCGG-1,CD8 T
TGACAACTCAGCTTAG-1,Mono
TGACAACTCCGGGTGT-1,Mono
TGACAACTCGCAAACT-1,CD8 T
TGACAACTCTAACTGG-1,B cells
TGACAACTCTACTCAT-1,CD8 T
TGACGGCAGATGGCGT-1,Mono
TGACGGCAGCTCTCGG-1,B cells
TGACGGCAGGTGTTAA-1,NK
TGACGGCCAAACGTGG-1,CD8 T
TGACGGCCACCGAAAG-1,NK
TGACGGCCATAAGACA-1,B cells
TGACGGCGTAAGAGAG-1,CL 1
TGACGGCGTAAGTGTA-1,B cells
TGACGGCGTAATAGCA-1,B cells
TGACGGCGTACCGAGA-1,Mono
TGACGGCGTCTGATCA-1,Mono
TGACGGCGTGGCGAAT-1,B cells
TGACGGCGTGGTCCGT-1,CD8 T
TGACGGCGTTCAGTAC-1,CD8 T
TGACGGCGTTGGACCC-1,Mono
TGACGGCTCCTCAATT-1,Mono
TGACGGCTCTCCCTGA-1,CD8 T
TGACTAGAGCAGATCG-1,CL 1
TGACTAGAGCAGCGTA-1,CL 1
TGACTAGAGCCACGTC-1,Mono
TGACTAGAGGTGATTA-1,Mono
TGACTAGAGTAGCCGA-1,B cells
TGACTAGCAAGCGAGT-1,Mono
TGACTAGCAGACGCTC-1,CD8 T
TGACTAGCAGCTATTG-1,CD8 T
TGACTAGGTAGGACAC-1,CL 1
TGACTAGGTCGCTTTC-1,CD8 T
TGACTAGGTCTCCATC-1,Mono
TGACTAGGTTGAGGTG-1,CL 1
TGACTAGTCAAGGCTT-1,Mono
TGACTAGTCCCACTTG-1,CD8 T
TGACTAGTCCGAGCCA-1,CD8 T
TGACTAGTCCGCATAA-1,CD8 T
TGACTAGTCCTAGTGA-1,CD8 T
TGACTAGTCCTCAATT-1,CD8 T
TGACTTTAGCACAGGT-1,B cells
TGACTTTAGGAGTACC-1,CD8 T
TGACTTTAGGTCATCT-1,CD8 T
TGACTTTCAAACTGTC-1,Mono
TGACTTTCACGAAACG-1,DC
TGACTTTCATGTAAGA-1,CL 1
TGACTTTGTGATAAAC-1,B cells
TGACTTTGTGCAGGTA-1,Mono
TGACTTTGTTTAGCTG-1,NK
TGACTTTTCAACGCTA-1,CD8 T
TGACTTTTCACCAGGC-1,CD8 T
TGACTTTTCCGCATCT-1,DC
TGACTTTTCCTTGGTC-1,CD8 T
TGACTTTTCTTCAACT-1,CD8 T
TGAGAGGAGAAGCCCA-1,Mono
TGAGAGGAGAATCTCC-1,CD8 T
TGAGAGGAGACTGGGT-1,NK
TGAGAGGAGATGTAAC-1,CD8 T
TGAGAGGAGCGAAGGG-1,CD8 T
TGAGAGGAGGTGCACA-1,CD8 T
TGAGAGGAGGTGTGGT-1,CD8 T
TGAGAGGCACGGTAAG-1,CL 1
TGAGAGGGTACTCGCG-1,CD8 T
TGAGAGGGTAGCACGA-1,CD8 T
TGAGAGGGTCCAGTGC-1,CD8 T
TGAGAGGGTCTTGTCC-1,Mono
TGAGAGGGTGACGGTA-1,B cells
TGAGAGGGTGATGCCC-1,B cells
TGAGAGGGTGCACCAC-1,CD8 T
TGAGAGGGTGTAATGA-1,Mono
TGAGAGGTCTGACCTC-1,CD8 T
TGAGCATCACCGGAAA-1,CD8 T
TGAGCATCAGGCTGAA-1,CD8 T
TGAGCATCATCCGTGG-1,Mono
TGAGCATGTAGCTCCG-1,B cells
TGAGCATGTCAGATAA-1,CL 1
TGAGCATGTCCGACGT-1,Mono
TGAGCATGTCTAGAGG-1,CL 1
TGAGCATGTGCACCAC-1,Mono
TGAGCATGTTAGAACA-1,CD8 T
TGAGCATGTTCGCGAC-1,CL 1
TGAGCATGTTCGTGAT-1,Mono
TGAGCATTCAAACAAG-1,Mono
TGAGCATTCACGACTA-1,CD8 T
TGAGCATTCAGCATGT-1,CD8 T
TGAGCATTCCCATTAT-1,CD8 T
TGAGCATTCCGCATAA-1,CD8 T
TGAGCATTCGACCAGC-1,CD8 T
TGAGCATTCGTTTGCC-1,B cells
TGAGCATTCTAACCGA-1,CD8 T
TGAGCATTCTAGAGTC-1,CL 1
TGAGCATTCTGAAAGA-1,B cells
TGAGCATTCTGTTTGT-1,Mono
TGAGCCGAGAAACCAT-1,CD8 T
TGAGCCGAGCCGCCTA-1,CD8 T
TGAGCCGAGTACGACG-1,Mono
TGAGCCGAGTAGGTGC-1,CL 1
TGAGCCGCAAACCTAC-1,CD8 T
TGAGCCGCAAAGGCGT-1,CL 1
TGAGCCGCACAACTGT-1,Mono
TGAGCCGGTCAATACC-1,CD8 T
TGAGCCGGTTTAGCTG-1,Mono
TGAGCCGTCACAAACC-1,CD8 T
TGAGCCGTCTAGCACA-1,CD8 T
TGAGCCGTCTGGTGTA-1,CL 1
TGAGCCGTCTTTACGT-1,Mono
TGAGGGAAGCAATCTC-1,CD8 T
TGAGGGAAGCCTTGAT-1,CD8 T
TGAGGGAAGCGATTCT-1,CL 1
TGAGGGAAGGTCATCT-1,CD8 T
TGAGGGAAGTGTTAGA-1,Mono
TGAGGGAAGTTTGCGT-1,Mono
TGAGGGACAACGCACC-1,Mono
TGAGGGACACCAACCG-1,Mono
TGAGGGACACCGCTAG-1,CL 1
TGAGGGACATCCAACA-1,Mono
TGAGGGACATGCTAGT-1,CD8 T
TGAGGGAGTCTGCCAG-1,CL 1
TGAGGGAGTGATGTGG-1,CL 1
TGAGGGAGTTCACGGC-1,CD8 T
TGAGGGAGTTCAGACT-1,CL 1
TGAGGGATCTACGAGT-1,CD8 T
TGAGGGATCTGACCTC-1,CD8 T
TGATTTCAGAAACCGC-1,Mono
TGATTTCAGCAATATG-1,Mono
TGATTTCAGCACAGGT-1,B cells
TGATTTCAGGACACCA-1,Mono
TGATTTCAGTGATCGG-1,Mono
TGATTTCCAAGGTGTG-1,Mono
TGATTTCCAATCTACG-1,Mono
TGATTTCCACAACTGT-1,Mono
TGATTTCCACCTCGTT-1,Mono
TGATTTCCATACGCTA-1,CL 1
TGATTTCCATCGGTTA-1,CD8 T
TGATTTCGTCCGACGT-1,B cells
TGATTTCGTGAAGGCT-1,Mono
TGATTTCGTGCGCTTG-1,CD8 T
TGATTTCGTGGTCTCG-1,Mono
TGATTTCGTGTTAAGA-1,CD8 T
TGATTTCTCACTCCTG-1,Mono
TGATTTCTCTGATTCT-1,CD8 T
TGATTTCTCTTGTATC-1,B cells
TGCACCTAGACTGGGT-1,B cells
TGCACCTAGATACACA-1,CD8 T
TGCACCTAGATCCCAT-1,CD8 T
TGCACCTAGATCTGAA-1,CL 1
TGCACCTAGCTCCCAG-1,CD8 T
TGCACCTAGCTTCGCG-1,CD8 T
TGCACCTAGGCTATCT-1,CL 1
TGCACCTAGGTCGGAT-1,NK
TGCACCTAGGTGTGGT-1,B cells
TGCACCTAGTACGCGA-1,Mono
TGCACCTAGTGGGATC-1,B cells
TGCACCTAGTTATCGC-1,Mono
TGCACCTCAATCGGTT-1,Mono
TGCACCTCATCATCCC-1,Mono
TGCACCTGTATCAGTC-1,Mono
TGCACCTGTGCACCAC-1,Mono
TGCACCTTCAGCTGGC-1,CD8 T
TGCACCTTCCACGTGG-1,CD8 T
TGCACCTTCGGAATCT-1,CL 1
TGCACCTTCGTACCGG-1,Mono
TGCACCTTCTGGTGTA-1,CD8 T
TGCCAAAAGGAGTTTA-1,CL 1
TGCCAAAAGGCATTGG-1,Mono
TGCCAAAAGTCCCACG-1,Mono
TGCCAAACAAGCCGTC-1,Mono
TGCCAAACACGCGAAA-1,CD8 T
TGCCAAACAGCGTAAG-1,CL 1
TGCCAAACAGGACGTA-1,CL 1
TGCCAAACAGTTTACG-1,Mono
TGCCAAACATACTACG-1,Mono
TGCCAAAGTACACCGC-1,Mono
TGCCAAAGTACGCACC-1,B cells
TGCCAAAGTCAGCTAT-1,B cells
TGCCAAAGTCGAACAG-1,CD8 T
TGCCAAAGTCTTGTCC-1,B cells
TGCCAAAGTGCAGACA-1,CL 1
TGCCAAAGTGTCAATC-1,CL 1
TGCCAAAGTGTGCCTG-1,CD8 T
TGCCAAATCATCGGAT-1,CL 1
TGCCAAATCCAACCAA-1,Mono
TGCCAAATCCAGTAGT-1,Mono
TGCCAAATCGAATGCT-1,CL 1
TGCCAAATCTTGCATT-1,CD8 T
TGCCCATAGCGTGTCC-1,Mono
TGCCCATAGGGAAACA-1,Mono
TGCCCATAGGGATACC-1,B cells
TGCCCATAGTTGAGTA-1,Mono
TGCCCATCAAGGTTTC-1,CL 1
TGCCCATCACGCATCG-1,Mono
TGCCCATCAGGGATTG-1,CD8 T
TGCCCATCATCTCGCT-1,CD8 T
TGCCCATCATGGAATA-1,CD8 T
TGCCCATGTATATGAG-1,Mono
TGCCCATGTCAATGTC-1,CL 1
TGCCCATGTCCATCCT-1,Mono
TGCCCATGTCTCATCC-1,B cells
TGCCCATGTGTTTGTG-1,CL 1
TGCCCATTCAACCATG-1,CD8 T
TGCCCATTCAAGGTAA-1,Mono
TGCCCATTCACTCTTA-1,Mono
TGCCCATTCATCGATG-1,B cells
TGCCCATTCCGAGCCA-1,Mono
TGCCCATTCGCCAGCA-1,CL 1
TGCCCATTCTCCCTGA-1,CD8 T
TGCCCTAAGAATGTTG-1,CD8 T
TGCCCTAAGACACGAC-1,CD8 T
TGCCCTAAGACTGGGT-1,CD8 T
TGCCCTAAGAGGTTGC-1,Mono
TGCCCTAAGATGTAAC-1,Mono
TGCCCTAAGTACATGA-1,CD8 T
TGCCCTAAGTTAGCGG-1,CD8 T
TGCCCTAAGTTATCGC-1,CD8 T
TGCCCTACAAAGGCGT-1,Mono
TGCCCTACAAATCCGT-1,B cells
TGCCCTACAATAGCGG-1,Mono
TGCCCTACACCATGTA-1,Mono
TGCCCTACAGACGCCT-1,Mono
TGCCCTACATAAAGGT-1,Mono
TGCCCTAGTATAAACG-1,Mono
TGCCCTAGTATTCGTG-1,CD8 T
TGCCCTAGTGCACTTA-1,CD8 T
TGCCCTAGTTATGTGC-1,DC
TGCCCTATCACATGCA-1,CD8 T
TGCCCTATCCAAGCCG-1,CD8 T
TGCCCTATCGCAAACT-1,NK
TGCCCTATCGTCCAGG-1,B cells
TGCCCTATCTTCAACT-1,CD8 T
TGCGCAGAGAATTGTG-1,CL 1
TGCGCAGAGCGCCTTG-1,Mono
TGCGCAGAGGGTGTTG-1,B cells
TGCGCAGAGGTGCAAC-1,CD8 T
TGCGCAGAGGTGCTAG-1,Mono
TGCGCAGAGGTGGGTT-1,CL 1
TGCGCAGCAATAAGCA-1,CD8 T
TGCGCAGCACGTTGGC-1,Mono
TGCGCAGCAGATGGGT-1,B cells
TGCGCAGCATCCTTGC-1,DC
TGCGCAGCATCGACGC-1,CD8 T
TGCGCAGCATTTGCCC-1,CD8 T
TGCGCAGGTAGCGATG-1,Mono
TGCGCAGGTGCCTTGG-1,CL 1
TGCGCAGGTTCGGGCT-1,CD8 T
TGCGCAGGTTTGTTGG-1,Mono
TGCGCAGTCCAGGGCT-1,Mono
TGCGCAGTCCGCGCAA-1,Mono
TGCGCAGTCGGCTTGG-1,CL 1
TGCGGGTAGACAGAGA-1,DC
TGCGGGTAGACTTGAA-1,NK
TGCGGGTAGCCAACAG-1,CD8 T
TGCGGGTAGGGCACTA-1,CD8 T
TGCGGGTAGTTGTCGT-1,CD8 T
TGCGGGTCAAAGGAAG-1,Mono
TGCGGGTCACCATCCT-1,CL 1
TGCGGGTCACGGATAG-1,B cells
TGCGGGTCAGCAGTTT-1,Mono
TGCGGGTCAGGGAGAG-1,Mono
TGCGGGTCATATGAGA-1,B cells
TGCGGGTCATCGATGT-1,CL 1
TGCGGGTGTACCAGTT-1,DC
TGCGGGTGTTAAGGGC-1,B cells
TGCGGGTGTTAAGTAG-1,NK
TGCGGGTGTTAGGGTG-1,Mono
TGCGGGTGTTTGTTTC-1,Mono
TGCGGGTTCACCAGGC-1,CD8 T
TGCGGGTTCCTCATTA-1,Mono
TGCGGGTTCTTATCTG-1,CL 1
TGCGTGGAGTAGATGT-1,Mono
TGCGTGGAGTTAACGA-1,B cells
TGCGTGGCAGTGGAGT-1,CL 1
TGCGTGGCATTTGCTT-1,CD8 T
TGCGTGGGTAGGAGTC-1,CD8 T
TGCGTGGGTGACCAAG-1,Mono
TGCGTGGTCAACTCTT-1,CL 1
TGCGTGGTCCGTACAA-1,NK
TGCGTGGTCGCGCCAA-1,CL 1
TGCTACCAGATGGCGT-1,CD8 T
TGCTACCAGCACCGTC-1,Mono
TGCTACCAGCTACCTA-1,CD8 T
TGCTACCAGGGTTTCT-1,Mono
TGCTACCCAAGGCTCC-1,CD8 T
TGCTACCCAATCTGCA-1,CD8 T
TGCTACCCACAAGTAA-1,B cells
TGCTACCCAGCCTTGG-1,CD8 T
TGCTACCCAGCTCGAC-1,CD8 T
TGCTACCCAGTGAGTG-1,B cells
TGCTACCCATTAGGCT-1,CL 1
TGCTACCGTCATCGGC-1,Mono
TGCTACCGTCCGACGT-1,Mono
TGCTACCGTCTAGTGT-1,B cells
TGCTACCGTCTGATCA-1,CL 1
TGCTACCGTGCAGGTA-1,CD8 T
TGCTACCGTGTTCGAT-1,CD8 T
TGCTACCTCCACGAAT-1,Mono
TGCTACCTCCTAGAAC-1,DC
TGCTACCTCGGGAGTA-1,B cells
TGCTACCTCTGTACGA-1,CL 1
TGCTGCTAGATGCCTT-1,CD8 T
TGCTGCTAGCCCAGCT-1,B cells
TGCTGCTAGGATATAC-1,B cells
TGCTGCTAGTCATGCT-1,DC
TGCTGCTCAAGTCATC-1,Mono
TGCTGCTCAAGTTGTC-1,CL 1
TGCTGCTCACCGAAAG-1,CL 1
TGCTGCTCACGAAAGC-1,CL 1
TGCTGCTCACTGAAGG-1,CL 1
TGCTGCTCAGAGCCAA-1,Mono
TGCTGCTCAGCGAACA-1,CD8 T
TGCTGCTCATCTGGTA-1,CL 1
TGCTGCTCATGACATC-1,CD8 T
TGCTGCTGTAGCAAAT-1,B cells
TGCTGCTGTAGCGTCC-1,DC
TGCTGCTGTCAAACTC-1,CD8 T
TGCTGCTGTCAGAGGT-1,B cells
TGCTGCTGTCAGATAA-1,CD8 T
TGCTGCTGTCAGCTAT-1,Mono
TGCTGCTGTTACAGAA-1,B cells
TGCTGCTGTTGGAGGT-1,CL 1
TGCTGCTGTTGGTAAA-1,CD8 T
TGCTGCTTCACAGTAC-1,Mono
TGCTGCTTCGGCATCG-1,CL 1
TGCTGCTTCGGCCGAT-1,CD8 T
TGGACGCAGCTGCAAG-1,Mono
TGGACGCAGGTGATTA-1,CL 1
TGGACGCCATCGGAAG-1,Mono
TGGACGCGTCGCATCG-1,CL 1
TGGACGCGTGAAAGAG-1,CD8 T
TGGACGCGTGTCCTCT-1,CD8 T
TGGACGCTCCAAAGTC-1,CL 1
TGGACGCTCGCATGAT-1,CD8 T
TGGACGCTCGCATGGC-1,CD8 T
TGGCCAGAGAGCTGGT-1,CD8 T
TGGCCAGAGATATGGT-1,CL 1
TGGCCAGAGCTACCTA-1,Mono
TGGCCAGAGGCAATTA-1,CL 1
TGGCCAGAGGTAGCCA-1,CL 1
TGGCCAGAGTCATCCA-1,CD8 T
TGGCCAGCAATGAATG-1,Mono
TGGCCAGCATTACGAC-1,CD8 T
TGGCCAGGTAGCTGCC-1,CD8 T
TGGCCAGGTATATGAG-1,CD8 T
TGGCCAGGTCCCTACT-1,CL 1
TGGCCAGGTCGAGTTT-1,Mono
TGGCCAGTCCAAACAC-1,CD8 T
TGGCCAGTCCGTTGTC-1,CL 1
TGGCCAGTCGGACAAG-1,CD8 T
TGGCCAGTCGGCTTGG-1,Mono
TGGCGCAAGAAGGTGA-1,CD8 T
TGGCGCAAGCTAGCCC-1,Mono
TGGCGCAAGGGATCTG-1,Mono
TGGCGCAAGTACCGGA-1,B cells
TGGCGCACACCCTATC-1,CD8 T
TGGCGCACAGCTGCAC-1,Mono
TGGCGCAGTATTACCG-1,CD8 T
TGGCGCAGTCAAACTC-1,CD8 T
TGGCGCAGTCACCCAG-1,CL 1
TGGCGCAGTGCGCTTG-1,B cells
TGGCGCAGTGTAAGTA-1,B cells
TGGCGCAGTGTCCTCT-1,CD8 T
TGGCGCAGTTACGGAG-1,CD8 T
TGGCGCAGTTTAGGAA-1,CD8 T
TGGCGCATCAAGAAGT-1,CL 1
TGGCGCATCACCAGGC-1,B cells
TGGCGCATCAGTTTGG-1,CD8 T
TGGCGCATCGTCGTTC-1,CD8 T
TGGCTGGAGAGGACGG-1,B cells
TGGCTGGAGCTAAACA-1,CD8 T
TGGCTGGAGCTGTCTA-1,CL 1
TGGCTGGAGTCATGCT-1,Mono
TGGCTGGAGTTAGCGG-1,CL 1
TGGCTGGCAAAGGCGT-1,CD8 T
TGGCTGGCACAACTGT-1,CL 1
TGGCTGGCACGAGGTA-1,CL 1
TGGCTGGCACTTCGAA-1,CD8 T
TGGCTGGCAGCTCCGA-1,CD8 T
TGGCTGGCAGTCCTTC-1,B cells
TGGCTGGCATGAAGTA-1,CD8 T
TGGCTGGGTCGTTGTA-1,CL 1
TGGCTGGGTCTAGTCA-1,B cells
TGGCTGGGTTGTCTTT-1,NK
TGGCTGGTCAGTCAGT-1,CL 1
TGGCTGGTCCATGAGT-1,CL 1
TGGCTGGTCCTAGAAC-1,CD8 T
TGGCTGGTCGCTAGCG-1,CD8 T
TGGCTGGTCGGTGTTA-1,B cells
TGGCTGGTCGGTTCGG-1,CD8 T
TGGCTGGTCGTCCAGG-1,CD8 T
TGGGAAGAGATCACGG-1,B cells
TGGGAAGAGTGTACCT-1,NK
TGGGAAGCAGATCGGA-1,B cells
TGGGAAGCATGTTGAC-1,B cells
TGGGAAGGTATCTGCA-1,B cells
TGGGAAGGTCGAACAG-1,Mono
TGGGAAGGTCTAAACC-1,Mono
TGGGAAGGTTCCCGAG-1,Mono
TGGGAAGGTTTGGGCC-1,CD8 T
TGGGAAGTCAAACAAG-1,CD8 T
TGGGAAGTCACCGGGT-1,CL 1
TGGGAAGTCAGTCAGT-1,B cells
TGGGAAGTCATCGGAT-1,Mono
TGGGAAGTCCCTAATT-1,Mono
TGGGAAGTCCTTTCTC-1,CL 1
TGGGAAGTCTGATACG-1,Mono
TGGGCGTAGACAGACC-1,CD8 T
TGGGCGTAGAGTTGGC-1,CD8 T
TGGGCGTAGATCTGAA-1,CD8 T
TGGGCGTAGCGATGAC-1,Mono
TGGGCGTAGGAGTACC-1,Mono
TGGGCGTAGGGCACTA-1,CD8 T
TGGGCGTAGTTGTCGT-1,CD8 T
TGGGCGTCAAGTCTGT-1,CD8 T
TGGGCGTCACTTCTGC-1,CD8 T
TGGGCGTCAGCTGTTA-1,CD8 T
TGGGCGTCATGGTTGT-1,CD8 T
TGGGCGTGTAGAGTGC-1,CD8 T
TGGGCGTGTCCAAGTT-1,CD8 T
TGGGCGTGTCTTCGTC-1,NK
TGGGCGTGTTATTCTC-1,Mono
TGGGCGTGTTCAACCA-1,Mono
TGGGCGTTCAGCACAT-1,Mono
TGGGCGTTCCGTCATC-1,Mono
TGGGCGTTCCTAGTGA-1,CD8 T
TGGTTAGAGATGTGGC-1,CD8 T
TGGTTAGAGGGTGTTG-1,B cells
TGGTTAGCACCAGCAC-1,Mono
TGGTTAGCACGGTAGA-1,CD8 T
TGGTTAGCACTAAGTC-1,CD8 T
TGGTTAGCACTGCCAG-1,Mono
TGGTTAGCATCACGAT-1,Mono
TGGTTAGGTAAACCTC-1,Mono
TGGTTAGGTAACGACG-1,CD8 T
TGGTTAGGTAGCGTCC-1,Mono
TGGTTAGGTGAGGCTA-1,CD8 T
TGGTTAGGTGGAAAGA-1,CD8 T
TGGTTAGGTTTCCACC-1,CD8 T
TGGTTAGTCAAAGACA-1,CL 1
TGGTTAGTCCTCCTAG-1,CD8 T
TGGTTAGTCTCGCATC-1,CL 1
TGGTTCCAGAGTGAGA-1,CD8 T
TGGTTCCAGATGTCGG-1,Mono
TGGTTCCAGCACGCCT-1,CD8 T
TGGTTCCAGTAGCCGA-1,Mono
TGGTTCCAGTCGAGTG-1,CD8 T
TGGTTCCCAGTTCATG-1,CD8 T
TGGTTCCGTCGAACAG-1,CD8 T
TGGTTCCGTGCCTGCA-1,Mono
TGGTTCCTCAGAAATG-1,B cells
TGGTTCCTCCAAAGTC-1,CL 1
TGGTTCCTCCCTCAGT-1,B cells
TGGTTCCTCCGCAAGC-1,CL 1
TGTATTCAGAATGTGT-1,DC
TGTATTCAGCCATCGC-1,Mono
TGTATTCAGTCCTCCT-1,Mono
TGTATTCCAATGAATG-1,CL 1
TGTATTCCACTCTGTC-1,CD8 T
TGTATTCCATCCCATC-1,CD8 T
TGTATTCGTAAACCTC-1,B cells
TGTATTCGTAGCCTAT-1,CD8 T
TGTATTCGTCATTAGC-1,Mono
TGTATTCGTCGGCACT-1,CL 1
TGTATTCGTGCAACTT-1,B cells
TGTATTCTCCTATGTT-1,CD8 T
TGTATTCTCGAACTGT-1,CL 1
TGTATTCTCGTCACGG-1,CL 1
TGTATTCTCTATCCTA-1,CD8 T
TGTATTCTCTTGCCGT-1,Mono
TGTCCCAAGGTAAACT-1,CD8 T
TGTCCCAAGTAGCGGT-1,Mono
TGTCCCACAACTGCTA-1,Mono
TGTCCCACAAGGTGTG-1,CD8 T
TGTCCCAGTAAGTGGC-1,CD8 T
TGTCCCAGTAAGTGTA-1,Mono
TGTCCCAGTGCACCAC-1,B cells
TGTCCCAGTGTGACCC-1,CL 1
TGTCCCATCAGTGTTG-1,CL 1
TGTCCCATCGCCAGCA-1,CD8 T
TGTCCCATCTTAGCCC-1,B cells
TGTCCCATCTTTACGT-1,CD8 T
TGTGGTAAGAAACCTA-1,CD8 T
TGTGGTAAGATGCGAC-1,CD8 T
TGTGGTAAGCGCTCCA-1,B cells
TGTGGTAAGTCCATAC-1,Mono
TGTGGTACAAGTTCTG-1,B cells
TGTGGTACACCACCAG-1,Mono
TGTGGTACACCTCGGA-1,CD8 T
TGTGGTAGTTACCGAT-1,CD8 T
TGTGGTAGTTGGTTTG-1,B cells
TGTGGTAGTTGTCGCG-1,CD8 T
TGTGGTATCACCCTCA-1,CL 1
TGTGGTATCAGCACAT-1,CL 1
TGTGGTATCTGATTCT-1,NK
TGTGGTATCTGTGCAA-1,CL 1
TGTGTTTAGGCATTGG-1,Mono
TGTGTTTAGGCCCTCA-1,CD8 T
TGTGTTTCACTCGACG-1,CD8 T
TGTGTTTCAGGATCGA-1,Mono
TGTGTTTCATATACGC-1,Mono
TGTGTTTCATGGTAGG-1,B cells
TGTGTTTGTATGAAAC-1,CL 1
TGTGTTTGTGGTTTCA-1,CD8 T
TGTGTTTGTGTTCGAT-1,CL 1
TGTGTTTTCCCTTGTG-1,Mono
TGTGTTTTCTACTCAT-1,Mono
TGTGTTTTCTGTGCAA-1,CD8 T
TGTGTTTTCTTGTTTG-1,Mono
TGTTCCGAGCTAGCCC-1,CD8 T
TGTTCCGAGTATCTCG-1,CD8 T
TGTTCCGCAATCTACG-1,Mono
TGTTCCGCACCCATTC-1,DC
TGTTCCGCACGTCAGC-1,B cells
TGTTCCGCAGCCTTGG-1,CD8 T
TGTTCCGCAGCGAACA-1,CD8 T
TGTTCCGCAGCGTTCG-1,CD8 T
TGTTCCGGTAAACACA-1,CL 1
TGTTCCGGTTTGGCGC-1,B cells
TGTTCCGTCACAATGC-1,CL 1
TGTTCCGTCGAATGGG-1,Mono
TGTTCCGTCTTTACAC-1,CL 1
TTAACTCAGAATTGTG-1,CD8 T
TTAACTCAGCTACCGC-1,CD8 T
TTAACTCAGCTTCGCG-1,B cells
TTAACTCAGTCAATAG-1,Mono
TTAACTCAGTGTACCT-1,Mono
TTAACTCAGTTGTAGA-1,CL 1
TTAACTCCAAAGAATC-1,CD8 T
TTAACTCCAAGGTTCT-1,CL 1
TTAACTCCACTAAGTC-1,NK
TTAACTCCATCCGTGG-1,CL 1
TTAACTCCATGACGGA-1,CL 1
TTAACTCCATTTCAGG-1,CD8 T
TTAACTCGTAGAAGGA-1,CD8 T
TTAACTCGTCGCGTGT-1,CD8 T
TTAACTCGTCTACCTC-1,DC
TTAACTCGTTCCGTCT-1,B cells
TTAACTCTCAGTGCAT-1,B cells
TTAACTCTCCACTCCA-1,Mono
TTAACTCTCCTAGGGC-1,NK
TTAACTCTCTCCGGTT-1,Mono
TTAGGACAGAAGGCCT-1,Mono
TTAGGACAGAGGTAGA-1,B cells
TTAGGACAGATGTGTA-1,Mono
TTAGGACAGCAGGTCA-1,CD8 T
TTAGGACAGTGTTTGC-1,CL 1
TTAGGACCAAATCCGT-1,B cells
TTAGGACCAACTTGAC-1,CD8 T
TTAGGACCAGCTGCAC-1,B cells
TTAGGACCAGGGCATA-1,CD8 T
TTAGGACCAGGGTATG-1,CL 1
TTAGGACCATCTCGCT-1,CL 1
TTAGGACGTAACGCGA-1,CD8 T
TTAGGACGTACCGCTG-1,Mono
TTAGGACGTCACCCAG-1,CL 1
TTAGGACGTCAGAAGC-1,CD8 T
TTAGGACGTCAGAGGT-1,CL 1
TTAGGACGTCATACTG-1,Mono
TTAGGACGTCGCCATG-1,CL 1
TTAGGACTCCGTCATC-1,CL 1
TTAGGACTCCTGCTTG-1,CL 1
TTAGGCAAGAAGAAGC-1,Mono
TTAGGCAAGAAGGGTA-1,CD8 T
TTAGGCACAAACCTAC-1,Mono
TTAGGCACAATGGAGC-1,Mono
TTAGGCACACGGTAAG-1,Mono
TTAGGCAGTCGGGTCT-1,Mono
TTAGGCAGTCTCATCC-1,CD8 T
TTAGGCAGTCTGGTCG-1,B cells
TTAGGCAGTTAAGACA-1,B cells
TTAGGCAGTTATGTGC-1,DC
TTAGGCAGTTTGGGCC-1,CL 1
TTAGGCATCAGCTCGG-1,B cells
TTAGGCATCAGTTAGC-1,CD8 T
TTAGGCATCATCTGCC-1,Mono
TTAGGCATCATGCAAC-1,CD8 T
TTAGGCATCCAAACAC-1,NK
TTAGGCATCCCAAGTA-1,CD8 T
TTAGGCATCTATCCTA-1,CD8 T
TTAGTTCAGAGTTGGC-1,CD8 T
TTAGTTCAGCAGGTCA-1,B cells
TTAGTTCAGGCAGGTT-1,CD8 T
TTAGTTCCAAGGACAC-1,Mono
TTAGTTCCACAGATTC-1,CL 1
TTAGTTCCACTACAGT-1,CD8 T
TTAGTTCCAGGTCTCG-1,Mono
TTAGTTCGTACATGTC-1,Mono
TTAGTTCGTATGAATG-1,Mono
TTAGTTCGTTGACGTT-1,CD8 T
TTAGTTCGTTGGGACA-1,CD8 T
TTAGTTCTCAACACGT-1,Mono
TTAGTTCTCAACACTG-1,Mono
TTAGTTCTCAGTCCCT-1,B cells
TTAGTTCTCTGACCTC-1,CD8 T
TTAGTTCTCTGTTGAG-1,NK
TTATGCTAGAAACCGC-1,B cells
TTATGCTAGACATAAC-1,CD8 T
TTATGCTAGCATCATC-1,B cells
TTATGCTAGGCACATG-1,Mono
TTATGCTAGTCTCAAC-1,B cells
TTATGCTAGTGTTAGA-1,DC
TTATGCTCAAGAAAGG-1,CD8 T
TTATGCTCAAGGACTG-1,B cells
TTATGCTCAGCCTGTG-1,NK
TTATGCTCAGCTTAAC-1,CD8 T
TTATGCTCATAAGACA-1,CD8 T
TTATGCTCATGCAATC-1,B cells
TTATGCTGTCCGTGAC-1,Mono
TTATGCTGTGTTTGGT-1,Mono
TTATGCTTCAGCTTAG-1,NK
TTATGCTTCCGTCAAA-1,CD8 T
TTATGCTTCGCCAAAT-1,Mono
TTATGCTTCGGATGGA-1,Mono
TTATGCTTCTAACGGT-1,CL 1
TTATGCTTCTGGTGTA-1,B cells
TTCCCAGAGGCGTACA-1,CD8 T
TTCCCAGAGGCTATCT-1,CD8 T
TTCCCAGAGTACGACG-1,Mono
TTCCCAGCAAGCTGGA-1,CD8 T
TTCCCAGCAATGGTCT-1,Mono
TTCCCAGCACGAGGTA-1,CD8 T
TTCCCAGCATCACGTA-1,CD8 T
TTCCCAGGTAAATACG-1,CL 1
TTCCCAGGTAAGTGTA-1,Mono
TTCCCAGGTACGCTGC-1,CD8 T
TTCCCAGGTAGCTAAA-1,CD8 T
TTCCCAGGTCCAACTA-1,Mono
TTCCCAGGTCTCAACA-1,CD8 T
TTCCCAGGTGAAATCA-1,CD8 T
TTCCCAGTCAACTCTT-1,B cells
TTCCCAGTCAGGTAAA-1,CD8 T
TTCCCAGTCGCACTCT-1,CD8 T
TTCCCAGTCTACCTGC-1,CL 1
TTCGAAGAGCTACCGC-1,CD8 T
TTCGAAGAGCTGCGAA-1,CD8 T
TTCGAAGAGGAGTCTG-1,CD8 T
TTCGAAGAGGCCCTTG-1,CL 1
TTCGAAGCACGCCAGT-1,CD8 T
TTCGAAGCACGGATAG-1,CD8 T
TTCGAAGCAGCATGAG-1,CL 1
TTCGAAGGTAGCGATG-1,Mono
TTCGAAGGTATAATGG-1,CD8 T
TTCGAAGGTCGGGTCT-1,CD8 T
TTCGAAGGTCTCAACA-1,CL 1
TTCGAAGGTGACTCAT-1,CD8 T
TTCGAAGGTGCTAGCC-1,CD8 T
TTCGAAGGTGTCCTCT-1,CD8 T
TTCGAAGTCCTAGTGA-1,CD8 T
TTCGAAGTCCTCCTAG-1,B cells
TTCGAAGTCCTGCTTG-1,CD8 T
TTCGAAGTCGGGAGTA-1,B cells
TTCGAAGTCTAGCACA-1,Mono
TTCGAAGTCTGGTTCC-1,CD8 T
TTCGGTCAGAAGGCCT-1,CL 1
TTCGGTCAGAGACGAA-1,Mono
TTCGGTCAGATGCCAG-1,CD8 T
TTCGGTCAGCATCATC-1,CL 1
TTCGGTCAGGTGACCA-1,B cells
TTCGGTCCACTAGTAC-1,Mono
TTCGGTCCAGAGTGTG-1,CD8 T
TTCGGTCCAGCCAATT-1,CD8 T
TTCGGTCCAGCTATTG-1,CD8 T
TTCGGTCCAGCTGTGC-1,CD8 T
TTCGGTCCAGTGGGAT-1,B cells
TTCGGTCGTAAGAGAG-1,CD8 T
TTCGGTCGTATTCTCT-1,CD8 T
TTCGGTCGTCATATGC-1,B cells
TTCGGTCGTCCTCTTG-1,CD8 T
TTCGGTCTCAACCAAC-1,Mono
TTCGGTCTCACCACCT-1,Mono
TTCGGTCTCAGTCCCT-1,B cells
TTCGGTCTCCTTGACC-1,CL 1
TTCGGTCTCGCGATCG-1,B cells
TTCGGTCTCGTCTGAA-1,CL 1
TTCGGTCTCTCAACTT-1,CD8 T
TTCTACAAGACCTAGG-1,CL 1
TTCTACAAGCTAACTC-1,CD8 T
TTCTACAAGCTGTTCA-1,CL 1
TTCTACAAGTCAATAG-1,CD8 T
TTCTACAAGTGTTAGA-1,CD8 T
TTCTACAAGTGTTGAA-1,CL 1
TTCTACACAACTGGCC-1,CD8 T
TTCTACACACGGATAG-1,CD8 T
TTCTACACACGTAAGG-1,Mono
TTCTACACAGACGCTC-1,B cells
TTCTACACAGTAAGAT-1,Mono
TTCTACAGTATGAAAC-1,Mono
TTCTACAGTGTATGGG-1,NK
TTCTACAGTGTGCGTC-1,CL 1
TTCTACAGTTATTCTC-1,CD8 T
TTCTACATCACTTATC-1,CL 1
TTCTACATCAGGCCCA-1,NK
TTCTACATCTCCAACC-1,CD8 T
TTCTCAAAGCACGCCT-1,Mono
TTCTCAACACTGTTAG-1,CL 1
TTCTCAACAGCTCGCA-1,CD8 T
TTCTCAACAGGCAGTA-1,CD8 T
TTCTCAACAGTGACAG-1,CD8 T
TTCTCAACATTTCAGG-1,B cells
TTCTCAAGTACAGTGG-1,CD8 T
TTCTCAAGTACATGTC-1,CD8 T
TTCTCAAGTACTTCTT-1,Mono
TTCTCAAGTGACCAAG-1,CD8 T
TTCTCAAGTGCTGTAT-1,NK
TTCTCAAGTTAGGGTG-1,Mono
TTCTCAATCATCGGAT-1,B cells
TTCTCAATCATTTGGG-1,NK
TTCTCAATCTATCCCG-1,CD8 T
TTCTCCTAGACGACGT-1,Mono
TTCTCCTAGTCAATAG-1,Mono
TTCTCCTCAAACGTGG-1,B cells
TTCTCCTCAATACGCT-1,B cells
TTCTCCTCACATGGGA-1,CL 1
TTCTCCTCAGATGGGT-1,Mono
TTCTCCTGTATATGAG-1,CD8 T
TTCTCCTGTGGAAAGA-1,CD8 T
TTCTCCTGTTACAGAA-1,NK
TTCTCCTGTTCCACAA-1,CL 1
TTCTCCTGTTTGACTG-1,Mono
TTCTCCTTCCGCGCAA-1,B cells
TTCTCCTTCGATCCCT-1,Mono
TTCTCCTTCTGAGGGA-1,CL 1
TTCTTAGAGCCAACAG-1,CL 1
TTCTTAGAGCGTGAAC-1,CD8 T
TTCTTAGCAGATCGGA-1,CD8 T
TTCTTAGCAGCCAGAA-1,CD8 T
TTCTTAGGTCACCCAG-1,CL 1
TTCTTAGGTCGAACAG-1,CD8 T
TTCTTAGGTGACTACT-1,CD8 T
TTCTTAGGTGCGATAG-1,CD8 T
TTCTTAGGTTAAGGGC-1,Mono
TTCTTAGGTTACGGAG-1,Mono
TTCTTAGTCAAACCAC-1,CD8 T
TTCTTAGTCACTGGGC-1,CL 1
TTCTTAGTCCACTCCA-1,CD8 T
TTCTTAGTCCGCATAA-1,CD8 T
TTCTTAGTCGCTTGTC-1,Mono
TTGAACGAGCCACGCT-1,Mono
TTGAACGCAAAGTCAA-1,B cells
TTGAACGCATCCCATC-1,Mono
TTGAACGCATGAAGTA-1,Mono
TTGAACGGTCGACTAT-1,CL 1
TTGAACGGTCTAGGTT-1,CD8 T
TTGAACGGTGAACCTT-1,CD8 T
TTGAACGGTGATAAAC-1,B cells
TTGAACGTCGCATGAT-1,Mono
TTGACTTAGATATGCA-1,CL 1
TTGACTTAGCACGCCT-1,Mono
TTGACTTAGGTGCACA-1,CL 1
TTGACTTAGTCAAGGC-1,CD8 T
TTGACTTCACGGCTAC-1,CD8 T
TTGACTTCACTGTCGG-1,CL 1
TTGACTTCAGACACTT-1,CL 1
TTGACTTCAGCCTATA-1,B cells
TTGACTTCAGCGAACA-1,CD8 T
TTGACTTGTAAACACA-1,B cells
TTGACTTGTACCAGTT-1,CD8 T
TTGACTTGTCGATTGT-1,CD8 T
TTGACTTGTCTGCGGT-1,CD8 T
TTGACTTGTTCAGTAC-1,CD8 T
TTGACTTGTTGTCTTT-1,CL 1
TTGACTTGTTGTTTGG-1,CD8 T
TTGACTTGTTTCCACC-1,Mono
TTGACTTGTTTGTTGG-1,DC
TTGACTTTCAACCAAC-1,Mono
TTGACTTTCACATGCA-1,B cells
TTGACTTTCCAGATCA-1,CD8 T
TTGACTTTCGGAATCT-1,CD8 T
TTGACTTTCGTGGACC-1,CD8 T
TTGACTTTCTTTACAC-1,CD8 T
TTGCCGTAGGACAGAA-1,CL 1
TTGCCGTAGTCTCGGC-1,CD8 T
TTGCCGTCAAGTAGTA-1,CD8 T
TTGCCGTCACATTAGC-1,B cells
TTGCCGTCATACTCTT-1,B cells
TTGCCGTCATGCAACT-1,B cells
TTGCCGTCATTCTTAC-1,CD8 T
TTGCCGTGTAGATTAG-1,CL 1
TTGCCGTGTCGCATAT-1,CL 1
TTGCCGTGTCTCTTTA-1,Mono
TTGCCGTGTGGCAAAC-1,CD8 T
TTGCCGTGTGTGCGTC-1,CD8 T
TTGCCGTTCCAGAAGG-1,Mono
TTGCCGTTCCCAGGTG-1,CD8 T
TTGCGTCAGGGTCGAT-1,B cells
TTGCGTCCAACACGCC-1,B cells
TTGCGTCCAAGACACG-1,CD8 T
TTGCGTCCAATCCAAC-1,CD8 T
TTGCGTCCAATGAAAC-1,DC
TTGCGTCCACATGGGA-1,CL 1
TTGCGTCCAGACAGGT-1,CD8 T
TTGCGTCCAGCCACCA-1,CD8 T
TTGCGTCCAGGGTACA-1,CD8 T
TTGCGTCCAGTGACAG-1,Mono
TTGCGTCGTCCGAACC-1,Mono
TTGCGTCGTCCTCCAT-1,CD8 T
TTGCGTCGTGATGCCC-1,NK
TTGCGTCGTTACGCGC-1,CL 1
TTGCGTCGTTAGAACA-1,CL 1
TTGCGTCTCAAACCGT-1,Mono
TTGCGTCTCCACGTTC-1,B cells
TTGCGTCTCGAATCCA-1,Mono
TTGCGTCTCGGCGGTT-1,Mono
TTGGAACAGACTTTCG-1,Mono
TTGGAACAGAGGGCTT-1,CD8 T
TTGGAACAGAGTACCG-1,CD8 T
TTGGAACAGCTGGAAC-1,CD8 T
TTGGAACCAAGCCCAC-1,CD8 T
TTGGAACCACACCGCA-1,Mono
TTGGAACCACGGACAA-1,B cells
TTGGAACCACTTAAGC-1,NK
TTGGAACCATGTCGAT-1,B cells
TTGGAACCATTGTGCA-1,NK
TTGGAACGTCATGCCG-1,CL 1
TTGGAACGTCCCTTGT-1,B cells
TTGGAACGTCGTCTTC-1,CD8 T
TTGGAACGTGACAAAT-1,B cells
TTGGAACGTGTTTGGT-1,CD8 T
TTGGAACTCTACTATC-1,CL 1
TTGGAACTCTGTACGA-1,CD8 T
TTGGCAAAGCCGCCTA-1,CD8 T
TTGGCAAAGCTAACAA-1,B cells
TTGGCAAAGTACATGA-1,CD8 T
TTGGCAACAAGCGATG-1,CD8 T
TTGGCAACAATTCCTT-1,Mono
TTGGCAAGTGAACCTT-1,CD8 T
TTGGCAAGTGTTAAGA-1,B cells
TTGGCAAGTTCGGCAC-1,B cells
TTGGCAAGTTCGTCTC-1,CD8 T
TTGGCAATCACTGGGC-1,Mono
TTGGCAATCTCCTATA-1,CL 1
TTGGCAATCTTACCTA-1,CL 1
TTGGCAATCTTCCTTC-1,Mono
TTGGCAATCTTCGAGA-1,NK
TTGTAGGAGATTACCC-1,Mono
TTGTAGGAGCCAGAAC-1,CL 1
TTGTAGGAGGTGATAT-1,B cells
TTGTAGGAGTGTACGG-1,CD8 T
TTGTAGGCACAGAGGT-1,Mono
TTGTAGGCACCAGATT-1,CD8 T
TTGTAGGCACCGTTGG-1,B cells
TTGTAGGCAGTCTTCC-1,CL 1
TTGTAGGCATCCAACA-1,B cells
TTGTAGGGTGTTGGGA-1,Mono
TTGTAGGGTTCAGACT-1,CD8 T
TTGTAGGGTTCGTCTC-1,CL 1
TTGTAGGTCACCACCT-1,B cells
TTGTAGGTCATTGCGA-1,CL 1
TTGTAGGTCCGAACGC-1,NK
TTGTAGGTCCTAAGTG-1,CL 1
TTGTAGGTCCTCCTAG-1,Mono
TTGTAGGTCGCACTCT-1,CD8 T
TTGTAGGTCTACCAGA-1,CD8 T
TTTACTGAGAATTCCC-1,CL 1
TTTACTGAGAGAGCTC-1,CL 1
TTTACTGAGCGATCCC-1,CL 1
TTTACTGAGGACGAAA-1,CL 1
TTTACTGAGGCCATAG-1,Mono
TTTACTGAGGGTGTGT-1,B cells
TTTACTGAGTGGGATC-1,CD8 T
TTTACTGAGTTGCAGG-1,B cells
TTTACTGCACGAAAGC-1,Mono
TTTACTGGTACCGTAT-1,CD8 T
TTTACTGGTTCCAACA-1,Mono
TTTACTGGTTCCCTTG-1,Mono
TTTACTGGTTGTGGAG-1,CD8 T
TTTACTGTCAGTCCCT-1,B cells
TTTACTGTCCGCATCT-1,Mono
TTTACTGTCCTTTACA-1,CD8 T
TTTACTGTCGTGGGAA-1,CL 1
TTTACTGTCGTGGTCG-1,CD8 T
TTTACTGTCTGATTCT-1,B cells
TTTACTGTCTGCAAGT-1,B cells
TTTATGCAGAAGGTTT-1,CD8 T
TTTATGCAGAGTGACC-1,CL 1
TTTATGCAGATGGGTC-1,Mono
TTTATGCAGCGATGAC-1,CD8 T
TTTATGCAGGACATTA-1,Mono
TTTATGCAGGCATGTG-1,Mono
TTTATGCCAAGCCCAC-1,CD8 T
TTTATGCCAAGGACTG-1,B cells
TTTATGCCAGCCTTTC-1,CD8 T
TTTATGCCATGACATC-1,CD8 T
TTTATGCGTACTTAGC-1,Mono
TTTATGCGTAGTAGTA-1,CL 1
TTTATGCGTCTAGCCG-1,CD8 T
TTTATGCGTTGGGACA-1,CD8 T
TTTATGCTCTCATTCA-1,DC
TTTCCTCAGACAGAGA-1,Mono
TTTCCTCAGCGTTGCC-1,B cells
TTTCCTCAGTGCGATG-1,Mono
TTTCCTCAGTGGGATC-1,CL 1
TTTCCTCCAGGGCATA-1,B cells
TTTCCTCGTAGGACAC-1,CD8 T
TTTCCTCGTCCTCCAT-1,CD8 T
TTTCCTCGTGTAATGA-1,CD8 T
TTTCCTCGTTACCGAT-1,CD8 T
TTTCCTCTCAACTCTT-1,CD8 T
TTTCCTCTCACGCATA-1,CD8 T
TTTCCTCTCCACGTGG-1,CD8 T
TTTGCGCAGACTGTAA-1,Mono
TTTGCGCAGAGTGACC-1,CD8 T
TTTGCGCAGCAGGCTA-1,Mono
TTTGCGCAGCCACGCT-1,B cells
TTTGCGCAGCTGAACG-1,CD8 T
TTTGCGCAGGGTATCG-1,Mono
TTTGCGCAGGTGGGTT-1,CL 1
TTTGCGCCAAGCGTAG-1,CD8 T
TTTGCGCCAAGGGTCA-1,Mono
TTTGCGCCACCATCCT-1,CD8 T
TTTGCGCCACTGTTAG-1,B cells
TTTGCGCGTAAACGCG-1,B cells
TTTGCGCGTAAATGAC-1,B cells
TTTGCGCGTACCGAGA-1,Mono
TTTGCGCGTAGCTGCC-1,B cells
TTTGCGCGTATAAACG-1,CD8 T
TTTGCGCGTCAAAGAT-1,CL 1
TTTGCGCGTGACGGTA-1,CL 1
TTTGCGCGTTCCGTCT-1,DC
TTTGCGCTCGCTTAGA-1,CD8 T
TTTGCGCTCGGAAATA-1,CL 1
TTTGCGCTCGTTTGCC-1,Mono
TTTGCGCTCTCTTATG-1,CD8 T
TTTGGTTAGCTATGCT-1,B cells
TTTGGTTAGGTTACCT-1,Mono
TTTGGTTCACCTCGTT-1,Mono
TTTGGTTCACTACAGT-1,Mono
TTTGGTTCAGATCCAT-1,Mono
TTTGGTTCAGGGCATA-1,CD8 T
TTTGGTTCAGTAGAGC-1,CD8 T
TTTGGTTGTAACGACG-1,Mono
TTTGGTTGTCAAGCGA-1,CL 1
TTTGGTTGTCCAACTA-1,CD8 T
TTTGGTTGTGTAATGA-1,Mono
TTTGGTTGTTTAAGCC-1,CD8 T
TTTGGTTTCAACACCA-1,CL 1
TTTGGTTTCAGCGATT-1,Mono
TTTGGTTTCCAAGCCG-1,Mono
TTTGGTTTCCAGATCA-1,CD8 T
TTTGGTTTCCTCCTAG-1,Mono
TTTGGTTTCGTGGGAA-1,CL 1
TTTGGTTTCTCATTCA-1,CD8 T
TTTGGTTTCTTCAACT-1,CL 1
TTTGTCAAGACGCACA-1,CL 1
TTTGTCAAGACTTTCG-1,Mono
TTTGTCAAGCACCGTC-1,B cells
TTTGTCAAGCGGCTTC-1,CD8 T
TTTGTCAAGCTGATAA-1,Mono
TTTGTCACAGACTCGC-1,CL 1
TTTGTCACAGCTCCGA-1,CD8 T
TTTGTCACAGGGATTG-1,CD8 T
TTTGTCAGTAGCAAAT-1,CD8 T
TTTGTCAGTCAGATAA-1,CL 1
TTTGTCAGTCGCGTGT-1,Mono
TTTGTCAGTTACCGAT-1,CD8 T
TTTGTCATCATGTCCC-1,CL 1
TTTGTCATCCGATATG-1,CD8 T
TTTGTCATCGTCTGAA-1,Mono
TTTGTCATCTCGAGTA-1,CD8 T
TTTGTCATCTGCTTGC-1,CD8 T
