barcode,predicted_label,true_raw,true_coarse
AAACCTGAGCATCATC-1,B cells,B cells,B cells
AAACCTGAGCTAACTC-1,Mono,Mono,Mono
AAACCTGAGCTAGTGG-1,T cells,CD8 T,T cells
AAACCTGCACATTAGC-1,T cells,CL 1,CL 1
AAACCTGCACTGTTAG-1,Mono,Mono,Mono
AAACCTGCATAGTAAG-1,Mono,Mono,Mono
AAACCTGCATGAACCT-1,NK,CD8 T,T cells
AAACCTGGTAAGAGGA-1,T cells,CD8 T,T cells
AAACCTGGTAGAAGGA-1,Mono,Mono,Mono
AAACCTGGTCCAGTGC-1,T cells,CD8 T,T cells
AAACCTGGTGTCTGAT-1,T cells,CD8 T,T cells
AAACCTGGTTTGCATG-1,Mono,Mono,Mono
AAACCTGGTTTGTTTC-1,T cells,CD8 T,T cells
AAACCTGTCCGTTGCT-1,B cells,B cells,B cells
AAACCTGTCCTGTAGA-1,NK,CD8 T,T cells
AAACCTGTCGCCAAAT-1,T cells,CL 1,CL 1
AAACCTGTCGTGGACC-1,Mono,Mono,Mono
AAACCTGTCTACCAGA-1,T cells,CD8 T,T cells
AAACCTGTCTCAAGTG-1,T cells,CD8 T,T cells
AAACCTGTCTCGCTTG-1,Mono,Mono,Mono
AAACCTGTCTGCGGCA-1,T cells,CD8 T,T cells
AAACGGGAGCCTCGTG-1,Mono,DC,DC
AAACGGGAGGTGTGGT-1,T cells,CD8 T,T cells
AAACGGGAGTACGATA-1,Mono,Mono,Mono
AAACGGGCAAGTAGTA-1,B cells,B cells,B cells
AAACGGGCACCTCGGA-1,B cells,B cells,B cells
AAACGGGCACGAAACG-1,T cells,CL 1,CL 1
AAACGGGCAGTAAGAT-1,B cells,B cells,B cells
AAACGGGGTACAGTTC-1,NK,NK,NK
AAACGGGGTACCCAAT-1,B cells,B cells,B cells
AAACGGGGTAGCTTGT-1,T cells,CL 1,CL 1
AAACGGGGTGCGCTTG-1,T cells,CL 1,CL 1
AAACGGGTCAGGATCT-1,Mono,Mono,Mono
AAACGGGTCCAAAGTC-1,Mono,Mono,Mono
AAACGGGTCCCTCAGT-1,Mono,Mono,Mono
AAACGGGTCCGTTGTC-1,T cells,CD8 T,T cells
AAACGGGTCTCTGTCG-1,T cells,CD8 T,T cells
AAACGGGTCTTCTGGC-1,NK,NK,NK
AAAGATGAGCGCTCCA-1,T cells,CL 1,CL 1
AAAGATGAGGGTTTCT-1,NK,CD8 T,T cells
AAAGATGAGTACGATA-1,T cells,CL 1,CL 1
AAAGATGAGTGCAAGC-1,Mono,Mono,Mono
AAAGATGCAAAGCAAT-1,T cells,CD8 T,T cells
AAAGATGCACCCTATC-1,T cells,CD8 T,T cells
AAAGATGCACTTAAGC-1,T cells,CL 1,CL 1
AAAGATGCAGCGAACA-1,T cells,CL 1,CL 1
AAAGATGCATGCCTTC-1,NK,CD8 T,T cells
AAAGATGCATTGGTAC-1,T cells,Mono,Mono
AAAGATGGTATAATGG-1,Mono,Mono,Mono
AAAGATGGTCAGAAGC-1,T cells,CD8 T,T cells
AAAGATGGTCTTTCAT-1,T cells,CD8 T,T cells
AAAGATGGTGGTGTAG-1,B cells,B cells,B cells
AAAGATGGTGTGACCC-1,B cells,B cells,B cells
AAAGATGGTTACGACT-1,T cells,CD8 T,T cells
AAAGATGGTTGTCTTT-1,Mono,Mono,Mono
AAAGATGTCCCTAATT-1,T cells,CL 1,CL 1
AAAGATGTCCGAACGC-1,NK,CD8 T,T cells
AAAGATGTCCGCAGTG-1,T cells,CL 1,CL 1
AAAGATGTCGCCAGCA-1,T cells,CL 1,CL 1
AAAGATGTCGCCTGAG-1,NK,NK,NK
AAAGATGTCGTATCAG-1,Mono,Mono,Mono
AAAGATGTCTCGAGTA-1,T cells,CL 1,CL 1
AAAGCAAAGAAACCAT-1,NK,CD8 T,T cells
AAAGCAAAGACTAGAT-1,T cells,CD8 T,T cells
AAAGCAAAGCCCTAAT-1,T cells,CL 1,CL 1
AAAGCAAAGCTAAGAT-1,Mono,Mono,Mono
AAAGCAAAGTGTCTCA-1,Mono,DC,DC
AAAGCAACAGACGCAA-1,NK,CD8 T,T cells
AAAGCAACAGCTTAAC-1,T cells,CD8 T,T cells
AAAGCAAGTCAATACC-1,NK,CD8 T,T cells
AAAGCAAGTCATGCCG-1,T cells,CD8 T,T cells
AAAGCAAGTCGCGAAA-1,Mono,Mono,Mono
AAAGCAATCAGCGACC-1,B cells,B cells,B cells
AAAGCAATCCCTGACT-1,T cells,CD8 T,T cells
AAAGCAATCGAGAACG-1,Mono,Mono,Mono
AAAGCAATCTCGCATC-1,T cells,CD8 T,T cells
AAAGTAGAGAGGTAGA-1,T cells,CL 1,CL 1
AAAGTAGAGAGTCTGG-1,T cells,CL 1,CL 1
AAAGTAGAGCAATCTC-1,T cells,CD8 T,T cells
AAAGTAGAGCGATATA-1,T cells,CL 1,CL 1
AAAGTAGAGCTACCTA-1,B cells,B cells,B cells
AAAGTAGAGGACTGGT-1,Mono,DC,DC
AAAGTAGAGTCAAGCG-1,T cells,CL 1,CL 1
AAAGTAGCAAGGGTCA-1,T cells,CD8 T,T cells
AAAGTAGCACCAACCG-1,Mono,Mono,Mono
AAAGTAGCATGTTCCC-1,T cells,CL 1,CL 1
AAAGTAGGTACACCGC-1,NK,CD8 T,T cells
AAAGTAGGTAGCCTCG-1,Mono,DC,DC
AAAGTAGGTTAAAGTG-1,Mono,Mono,Mono
AAAGTAGTCAGTGTTG-1,T cells,CL 1,CL 1
AAAGTAGTCCCACTTG-1,T cells,CD8 T,T cells
AAAGTAGTCTATCCCG-1,Mono,Mono,Mono
AAATGCCAGGCATGGT-1,T cells,CD8 T,T cells
AAATGCCAGGTCGGAT-1,Mono,Mono,Mono
AAATGCCAGTAGTGCG-1,T cells,CD8 T,T cells
AAATGCCCAACTTGAC-1,T cells,CL 1,CL 1
AAATGCCCAATACGCT-1,T cells,CD8 T,T cells
AAATGCCCACCTGGTG-1,Mono,Mono,Mono
AAATGCCGTAAATGTG-1,Mono,Mono,Mono
AAATGCCGTACCTACA-1,B cells,CL 1,CL 1
AAATGCCGTACTCGCG-1,Mono,Mono,Mono
AAATGCCGTCAAAGAT-1,T cells,CD8 T,T cells
AAATGCCTCAACACAC-1,Mono,Mono,Mono
AAATGCCTCACCAGGC-1,B cells,B cells,B cells
AAATGCCTCCAGAAGG-1,T cells,CD8 T,T cells
AAATGCCTCCTGCCAT-1,NK,CD8 T,T cells
AACACGTAGAGGTTGC-1,B cells,B cells,B cells
AACACGTAGCTAGCCC-1,T cells,CD8 T,T cells
AACACGTAGGAGTACC-1,NK,NK,NK
AACACGTCACTCTGTC-1,T cells,CD8 T,T cells
AACACGTCATGTCGAT-1,T cells,CD8 T,T cells
AACACGTGTACATGTC-1,T cells,CD8 T,T cells
AACACGTGTACCATCA-1,Mono,Mono,Mono
AACACGTGTCTCTCTG-1,NK,CD8 T,T cells
AACACGTGTCTGGAGA-1,T cells,CD8 T,T cells
AACACGTGTGGCCCTA-1,T cells,CL 1,CL 1
AACACGTGTTACGCGC-1,T cells,CL 1,CL 1
AACACGTGTTGTCTTT-1,B cells,B cells,B cells
AACACGTGTTTACTCT-1,T cells,CL 1,CL 1
AACACGTTCAGCTCTC-1,T cells,CD8 T,T cells
AACACGTTCCACGACG-1,T cells,CD8 T,T cells
AACACGTTCCACTCCA-1,T cells,CL 1,CL 1
AACACGTTCCATGCTC-1,T cells,CD8 T,T cells
AACACGTTCGGTCTAA-1,B cells,B cells,B cells
AACACGTTCGTTTATC-1,T cells,CL 1,CL 1
AACACGTTCTCTGAGA-1,B cells,B cells,B cells
AACACGTTCTTGAGAC-1,B cells,CD8 T,T cells
AACCATGAGAAGAAGC-1,B cells,B cells,B cells
AACCATGAGACTGTAA-1,NK,NK,NK
AACCATGAGGTAGCTG-1,B cells,B cells,B cells
AACCATGCAAACTGTC-1,T cells,CD8 T,T cells
AACCATGCATATGAGA-1,T cells,CL 1,CL 1
AACCATGCATCAGTCA-1,NK,CD8 T,T cells
AACCATGCATCGATGT-1,Mono,DC,DC
AACCATGGTACATGTC-1,Mono,Mono,Mono
AACCATGGTACCGTTA-1,B cells,CD8 T,T cells
AACCATGGTCTAAAGA-1,T cells,CD8 T,T cells
AACCATGGTGTCAATC-1,Mono,Mono,Mono
AACCATGTCACCTCGT-1,Mono,Mono,Mono
AACCATGTCATGGTCA-1,T cells,CD8 T,T cells
AACCATGTCGCGGATC-1,T cells,CD8 T,T cells
AACCATGTCTCGTATT-1,B cells,B cells,B cells
AACCGCGAGAGACTTA-1,B cells,B cells,B cells
AACCGCGAGAGTACCG-1,T cells,CL 1,CL 1
AACCGCGAGCACGCCT-1,T cells,CL 1,CL 1
AACCGCGAGCCGTCGT-1,T cells,CD8 T,T cells
AACCGCGAGGACAGCT-1,Mono,Mono,Mono
AACCGCGAGGAGTCTG-1,NK,CD8 T,T cells
AACCGCGAGTACGCGA-1,T cells,CL 1,CL 1
AACCGCGCACTGTGTA-1,Mono,Mono,Mono
AACCGCGCAGATCGGA-1,Mono,Mono,Mono
AACCGCGCAGCGATCC-1,T cells,CD8 T,T cells
AACCGCGCAGCGTTCG-1,NK,NK,NK
AACCGCGCAGCTGGCT-1,T cells,CL 1,CL 1
AACCGCGCATAGTAAG-1,T cells,CD8 T,T cells
AACCGCGCATGCAATC-1,Mono,Mono,Mono
AACCGCGGTATATGAG-1,Mono,Mono,Mono
AACCGCGGTCCTAGCG-1,T cells,CD8 T,T cells
AACCGCGGTGTCCTCT-1,B cells,B cells,B cells
AACCGCGGTTGTGGCC-1,B cells,B cells,B cells
AACCGCGTCAGCAACT-1,T cells,CD8 T,T cells
AACCGCGTCTCATTCA-1,T cells,CD8 T,T cells
AACCGCGTCTCGCATC-1,Mono,Mono,Mono
AACGTTGAGATCGATA-1,Mono,Mono,Mono
AACGTTGAGGCCCTCA-1,T cells,CL 1,CL 1
AACGTTGCAAGCTGTT-1,NK,NK,NK
AACGTTGCACCAGATT-1,Mono,Mono,Mono
AACGTTGCATAACCTG-1,Mono,Mono,Mono
AACGTTGGTCAAAGCG-1,B cells,B cells,B cells
AACGTTGGTTCCGGCA-1,T cells,CL 1,CL 1
AACGTTGGTTTGTTTC-1,NK,NK,NK
AACGTTGTCCATGAAC-1,B cells,CD8 T,T cells
AACGTTGTCGAATGGG-1,Mono,DC,DC
AACGTTGTCGCATGAT-1,NK,NK,NK
AACGTTGTCGTCTGCT-1,T cells,CL 1,CL 1
AACGTTGTCGTGGACC-1,T cells,CL 1,CL 1
AACTCAGAGAGAGCTC-1,T cells,CD8 T,T cells
AACTCAGAGCAGGCTA-1,B cells,B cells,B cells
AACTCAGAGCTAGTGG-1,NK,CD8 T,T cells
AACTCAGCAAATCCGT-1,B cells,B cells,B cells
AACTCAGCAAGAAAGG-1,B cells,B cells,B cells
AACTCAGCACATGGGA-1,NK,CD8 T,T cells
AACTCAGCAGACAAGC-1,B cells,CD8 T,T cells
AACTCAGCAGGGTTAG-1,NK,NK,NK
AACTCAGCAGTAAGAT-1,NK,CD8 T,T cells
AACTCAGCATCGGAAG-1,T cells,CD8 T,T cells
AACTCAGGTATAGGGC-1,NK,CD8 T,T cells
AACTCAGGTGAAAGAG-1,Mono,Mono,Mono
AACTCAGGTTACGTCA-1,NK,CD8 T,T cells
AACTCAGGTTGGACCC-1,Mono,Mono,Mono
AACTCAGTCCTTTCTC-1,Platelet,Mono,Mono
AACTCAGTCGCTTGTC-1,NK,NK,NK
AACTCAGTCTTGCCGT-1,T cells,CL 1,CL 1
AACTCCCAGAAGGGTA-1,B cells,B cells,B cells
AACTCCCAGGTGATTA-1,Mono,Mono,Mono
AACTCCCAGTCTTGCA-1,T cells,CD8 T,T cells
AACTCCCCAATGTAAG-1,Mono,DC,DC
AACTCCCCATAAGACA-1,Mono,Mono,Mono
AACTCCCCATGCCTAA-1,Mono,Mono,Mono
AACTCCCGTGAGGGTT-1,T cells,CD8 T,T cells
AACTCCCGTGGTCTCG-1,Mono,Mono,Mono
AACTCCCGTGTTGAGG-1,T cells,CL 1,CL 1
AACTCCCGTTCATGGT-1,T cells,CD8 T,T cells
AACTCCCTCATCATTC-1,T cells,CD8 T,T cells
AACTCCCTCTGGGCCA-1,T cells,CD8 T,T cells
AACTCTTAGAAGAAGC-1,T cells,CL 1,CL 1
AACTCTTAGAGTGACC-1,NK,CD8 T,T cells
AACTCTTAGCCTATGT-1,NK,NK,NK
AACTCTTAGCGATTCT-1,Mono,Mono,Mono
AACTCTTAGCTGAAAT-1,T cells,CD8 T,T cells
AACTCTTCAAGCCCAC-1,Mono,Mono,Mono
AACTCTTCAAGGACTG-1,Mono,Mono,Mono
AACTCTTCAATAGCAA-1,T cells,CL 1,CL 1
AACTCTTCACTATCTT-1,T cells,CD8 T,T cells
AACTCTTCAGACGCTC-1,Mono,Mono,Mono
AACTCTTCAGGAACGT-1,T cells,CD8 T,T cells
AACTCTTCAGGGTTAG-1,NK,CD8 T,T cells
AACTCTTCATTTGCTT-1,T cells,CL 1,CL 1
AACTCTTGTATATGAG-1,NK,CD8 T,T cells
AACTCTTGTCATATGC-1,B cells,B cells,B cells
AACTCTTGTGTGCCTG-1,NK,CD8 T,T cells
AACTCTTGTTCCATGA-1,T cells,CL 1,CL 1
AACTCTTTCAATCACG-1,T cells,CL 1,CL 1
AACTCTTTCGGACAAG-1,B cells,B cells,B cells
AACTCTTTCGTTACAG-1,Mono,Mono,Mono
AACTCTTTCTCATTCA-1,B cells,CD8 T,T cells
AACTGGTAGACTACAA-1,Mono,Mono,Mono
AACTGGTAGAGTACAT-1,Mono,Mono,Mono
AACTGGTAGCGATATA-1,T cells,CD8 T,T cells
AACTGGTAGTACGCCC-1,Mono,DC,DC
AACTGGTCAGTCCTTC-1,Mono,Mono,Mono
AACTGGTCAGTGGGAT-1,T cells,CD8 T,T cells
AACTGGTGTATAAACG-1,Mono,Mono,Mono
AACTGGTTCACAAACC-1,B cells,B cells,B cells
AACTGGTTCACTTATC-1,B cells,B cells,B cells
AACTGGTTCATAAAGG-1,Mono,Mono,Mono
AACTGGTTCCGCGTTT-1,T cells,CL 1,CL 1
AACTGGTTCTTCGAGA-1,Mono,Mono,Mono
AACTTTCAGAAAGTGG-1,NK,CD8 T,T cells
AACTTTCAGAGCTGCA-1,NK,CD8 T,T cells
AACTTTCAGCAGGTCA-1,NK,CD8 T,T cells
AACTTTCAGCCCAATT-1,B cells,CD8 T,T cells
AACTTTCAGTAACCCT-1,Platelet,Mono,Mono
AACTTTCCAAGCGCTC-1,B cells,B cells,B cells
AACTTTCCACGTGAGA-1,T cells,CL 1,CL 1
AACTTTCCAGCATACT-1,T cells,CD8 T,T cells
AACTTTCCAGTCAGAG-1,B cells,B cells,B cells
AACTTTCCAGTCAGCC-1,B cells,B cells,B cells
AACTTTCCAGTGACAG-1,T cells,CL 1,CL 1
AACTTTCCATCGATTG-1,B cells,B cells,B cells
AACTTTCCATTGTGCA-1,T cells,CL 1,CL 1
AACTTTCGTACTCGCG-1,Mono,Mono,Mono
AACTTTCGTACTTAGC-1,T cells,CD8 T,T cells
AACTTTCGTAGAGCTG-1,T cells,CD8 T,T cells
AACTTTCGTCTTTCAT-1,NK,CD8 T,T cells
AACTTTCGTGTCGCTG-1,T cells,CD8 T,T cells
AACTTTCGTGTGGCTC-1,NK,CD8 T,T cells
AACTTTCTCAACACCA-1,Mono,Mono,Mono
AACTTTCTCAGAAATG-1,T cells,CL 1,CL 1
AACTTTCTCAGGTAAA-1,T cells,CL 1,CL 1
AACTTTCTCTCCAACC-1,T cells,CD8 T,T cells
AACTTTCTCTGGGCCA-1,T cells,CL 1,CL 1
AAGACCTAGAACAATC-1,Mono,Mono,Mono
AAGACCTAGCACAGGT-1,NK,NK,NK
AAGACCTAGCCCAATT-1,T cells,CD8 T,T cells
AAGACCTAGGTGGGTT-1,Mono,Mono,Mono
AAGACCTAGTGGCACA-1,Mono,Mono,Mono
AAGACCTAGTGTTGAA-1,T cells,CL 1,CL 1
AAGACCTCAAGCGATG-1,T cells,CD8 T,T cells
AAGACCTCACAAGACG-1,B cells,B cells,B cells
AAGACCTCACAAGTAA-1,NK,CD8 T,T cells
AAGACCTCAGTTAACC-1,Mono,Mono,Mono
AAGACCTCATAAGACA-1,T cells,CD8 T,T cells
AAGACCTCATACAGCT-1,T cells,CD8 T,T cells
AAGACCTCATCACGTA-1,T cells,CD8 T,T cells
AAGACCTGTCCAAGTT-1,T cells,CL 1,CL 1
AAGACCTGTCCATGAT-1,Mono,Mono,Mono
AAGACCTTCAACACGT-1,T cells,CL 1,CL 1
AAGACCTTCACTTACT-1,B cells,CD8 T,T cells
AAGACCTTCCGCGGTA-1,NK,CD8 T,T cells
AAGACCTTCGGTCTAA-1,Mono,Mono,Mono
AAGCCGCAGCGATAGC-1,T cells,CD8 T,T cells
AAGCCGCAGCGTTCCG-1,T cells,CL 1,CL 1
AAGCCGCAGCTAAACA-1,T cells,CD8 T,T cells
AAGCCGCAGGTAGCTG-1,T cells,CD8 T,T cells
AAGCCGCAGTGTACTC-1,Mono,Mono,Mono
AAGCCGCCAAAGCAAT-1,Mono,Mono,Mono
AAGCCGCCACATGTGT-1,B cells,B cells,B cells
AAGCCGCCACTCGACG-1,NK,CD8 T,T cells
AAGCCGCCACTGCCAG-1,B cells,B cells,B cells
AAGCCGCCAGTCGTGC-1,Mono,DC,DC
AAGCCGCGTGAAAGAG-1,Mono,Mono,Mono
AAGCCGCGTTGATTGC-1,NK,CD8 T,T cells
AAGCCGCTCACATAGC-1,B cells,B cells,B cells
AAGCCGCTCATCACCC-1,T cells,CL 1,CL 1
AAGCCGCTCCATGCTC-1,T cells,CL 1,CL 1
AAGCCGCTCCGTAGTA-1,T cells,CL 1,CL 1
AAGCCGCTCGGGAGTA-1,T cells,CL 1,CL 1
AAGGAGCAGATCGATA-1,T cells,CD8 T,T cells
AAGGAGCAGTACACCT-1,T cells,CL 1,CL 1
AAGGAGCCAATGACCT-1,Mono,Mono,Mono
AAGGAGCGTATTAGCC-1,NK,CD8 T,T cells
AAGGAGCGTCGAAAGC-1,NK,CD8 T,T cells
AAGGAGCGTCTGCAAT-1,Mono,Mono,Mono
AAGGAGCGTCTTCAAG-1,NK,CD8 T,T cells
AAGGAGCGTGTTCGAT-1,T cells,CD8 T,T cells
AAGGAGCGTGTTGAGG-1,Mono,DC,DC
AAGGAGCTCACCGTAA-1,T cells,CD8 T,T cells
AAGGAGCTCCAAGTAC-1,T cells,CD8 T,T cells
AAGGCAGAGACAAGCC-1,Mono,Mono,Mono
AAGGCAGAGCTACCGC-1,NK,CD8 T,T cells
AAGGCAGAGGTGCACA-1,T cells,CD8 T,T cells
AAGGCAGAGTGTCTCA-1,T cells,CD8 T,T cells
AAGGCAGCAAATTGCC-1,B cells,B cells,B cells
AAGGCAGCAACACCTA-1,T cells,CD8 T,T cells
AAGGCAGCAGTTAACC-1,B cells,B cells,B cells
AAGGCAGCATAAAGGT-1,NK,CD8 T,T cells
AAGGCAGCATCTCCCA-1,B cells,B cells,B cells
AAGGCAGCATTCCTCG-1,T cells,CD8 T,T cells
AAGGCAGGTAAAGTCA-1,Mono,Mono,Mono
AAGGCAGGTACTCGCG-1,Mono,Mono,Mono
AAGGCAGGTAGGGTAC-1,T cells,CD8 T,T cells
AAGGCAGGTATATGGA-1,Mono,Mono,Mono
AAGGCAGGTATGAAAC-1,T cells,CL 1,CL 1
AAGGCAGTCAGGCAAG-1,NK,NK,NK
AAGGCAGTCAGGTAAA-1,NK,CD8 T,T cells
AAGGTTCAGCTCTCGG-1,B cells,B cells,B cells
AAGGTTCAGTGGGCTA-1,NK,CD8 T,T cells
AAGGTTCCAAAGGAAG-1,T cells,CD8 T,T cells
AAGGTTCCAATGTAAG-1,Mono,Mono,Mono
AAGGTTCCACAGATTC-1,T cells,CD8 T,T cells
AAGGTTCCACATTTCT-1,Mono,DC,DC
AAGGTTCGTAAGAGAG-1,Mono,Mono,Mono
AAGGTTCGTAGCGATG-1,T cells,CL 1,CL 1
AAGGTTCGTGCCTGTG-1,B cells,B cells,B cells
AAGGTTCGTGGTAACG-1,NK,NK,NK
AAGGTTCGTGGTGTAG-1,Mono,Mono,Mono
AAGGTTCTCAGAAATG-1,T cells,CL 1,CL 1
AAGGTTCTCCCTCAGT-1,T cells,CL 1,CL 1
AAGGTTCTCCGATATG-1,T cells,CD8 T,T cells
AAGGTTCTCCTTAATC-1,Mono,Mono,Mono
AAGGTTCTCTGTACGA-1,NK,CD8 T,T cells
AAGTCTGAGATGTCGG-1,T cells,CD8 T,T cells
AAGTCTGAGCTAGTTC-1,B cells,CD8 T,T cells
AAGTCTGAGGCACATG-1,B cells,DC,DC
AAGTCTGAGGTTCCTA-1,Mono,DC,DC
AAGTCTGAGTTGCAGG-1,T cells,CD8 T,T cells
AAGTCTGCAATCGGTT-1,T cells,CL 1,CL 1
AAGTCTGCACAGGTTT-1,Mono,Mono,Mono
AAGTCTGCAGTTCATG-1,T cells,CD8 T,T cells
AAGTCTGCATCGTCGG-1,Mono,Mono,Mono
AAGTCTGCATGAAGTA-1,B cells,CD8 T,T cells
AAGTCTGGTAAGTGTA-1,Mono,Mono,Mono
AAGTCTGGTCCGAAGA-1,T cells,CL 1,CL 1
AAGTCTGGTCTGATTG-1,T cells,CL 1,CL 1
AAGTCTGGTGCACTTA-1,Mono,Mono,Mono
AAGTCTGGTTCCGTCT-1,T cells,CL 1,CL 1
AAGTCTGGTTTGGGCC-1,Mono,Mono,Mono
AAGTCTGTCAAGATCC-1,NK,CD8 T,T cells
AAGTCTGTCACAGTAC-1,T cells,CL 1,CL 1
AAGTCTGTCCTCATTA-1,NK,NK,NK
AAGTCTGTCGACGGAA-1,B cells,B cells,B cells
AAGTCTGTCGCCCTTA-1,Mono,Mono,Mono
AATCCAGAGCCACGCT-1,T cells,CL 1,CL 1
AATCCAGAGTGACATA-1,T cells,CL 1,CL 1
AATCCAGCAAGTTCTG-1,Mono,Mono,Mono
AATCCAGCAGAGCCAA-1,B cells,DC,DC
AATCCAGCATCTGGTA-1,NK,CD8 T,T cells
AATCCAGGTCCCTACT-1,Mono,DC,DC
AATCCAGTCAAACCGT-1,Mono,Mono,Mono
AATCCAGTCATGTAGC-1,T cells,CD8 T,T cells
AATCCAGTCTGCCCTA-1,Mono,Mono,Mono
AATCGGTAGACGCTTT-1,Mono,Mono,Mono
AATCGGTAGAGGTTAT-1,T cells,CL 1,CL 1
AATCGGTAGCGAAGGG-1,B cells,CD8 T,T cells
AATCGGTAGGTGATTA-1,Mono,DC,DC
AATCGGTAGGTGCTAG-1,T cells,CD8 T,T cells
AATCGGTCAAGGTGTG-1,T cells,CL 1,CL 1
AATCGGTCAATCGGTT-1,T cells,CL 1,CL 1
AATCGGTCAGATCTGT-1,T cells,CD8 T,T cells
AATCGGTCATCGGACC-1,Mono,DC,DC
AATCGGTGTCAATACC-1,NK,CD8 T,T cells
AATCGGTGTGGCAAAC-1,B cells,B cells,B cells
AATCGGTGTGGTTTCA-1,T cells,CL 1,CL 1
AATCGGTGTTCGTGAT-1,B cells,B cells,B cells
AATCGGTTCCGATATG-1,B cells,B cells,B cells
AATCGGTTCTAGAGTC-1,Mono,Mono,Mono
AATCGGTTCTATCCCG-1,B cells,B cells,B cells
AATCGGTTCTCCAGGG-1,T cells,CL 1,CL 1
ACACCAAAGAGCAATT-1,T cells,CD8 T,T cells
ACACCAAAGCCACGCT-1,T cells,CL 1,CL 1
ACACCAAAGGAGTTGC-1,T cells,CL 1,CL 1
ACACCAAAGGCTAGGT-1,T cells,CD8 T,T cells
ACACCAAAGTGCCATT-1,B cells,B cells,B cells
ACACCAAAGTGGGCTA-1,B cells,B cells,B cells
ACACCAACAAAGGTGC-1,T cells,CD8 T,T cells
ACACCAACACGACGAA-1,B cells,B cells,B cells
ACACCAACAGTCTTCC-1,T cells,CL 1,CL 1
ACACCAACATTCTCAT-1,NK,NK,NK
ACACCAAGTACATGTC-1,T cells,CL 1,CL 1
ACACCAAGTCTTTCAT-1,NK,CD8 T,T cells
ACACCAATCAGTTCGA-1,B cells,B cells,B cells
ACACCAATCGAGCCCA-1,T cells,CL 1,CL 1
ACACCAATCTGGGCCA-1,Mono,Mono,Mono
ACACCCTAGAGGTACC-1,T cells,CD8 T,T cells
ACACCCTAGATAGTCA-1,NK,NK,NK
ACACCCTAGATATGCA-1,Mono,Mono,Mono
ACACCCTAGATGTGGC-1,NK,CD8 T,T cells
ACACCCTAGCCGGTAA-1,T cells,CD8 T,T cells
ACACCCTAGCGCTCCA-1,T cells,CD8 T,T cells
ACACCCTAGGATGCGT-1,T cells,CL 1,CL 1
ACACCCTAGGTGCTTT-1,B cells,B cells,B cells
ACACCCTAGTGGTAGC-1,Mono,Mono,Mono
ACACCCTCAAGACACG-1,T cells,CL 1,CL 1
ACACCCTCACGCCAGT-1,Mono,DC,DC
ACACCCTCATGCCTAA-1,T cells,CL 1,CL 1
ACACCCTGTAACGTTC-1,T cells,CD8 T,T cells
ACACCCTGTAAGTTCC-1,Mono,Mono,Mono
ACACCCTGTCATTAGC-1,T cells,CD8 T,T cells
ACACCCTTCCACGTTC-1,Mono,Mono,Mono
ACACCCTTCGGCCGAT-1,B cells,B cells,B cells
ACACCCTTCTCGATGA-1,Mono,Mono,Mono
ACACCCTTCTCTGAGA-1,B cells,B cells,B cells
ACACCCTTCTGTTTGT-1,NK,CD8 T,T cells
ACACCGGAGCTCTCGG-1,T cells,CL 1,CL 1
ACACCGGAGTATCGAA-1,T cells,CD8 T,T cells
ACACCGGAGTGAATTG-1,Mono,Mono,Mono
ACACCGGCATCGGGTC-1,T cells,CD8 T,T cells
ACACCGGGTCTCTTAT-1,Mono,Mono,Mono
ACACCGGTCAAGGCTT-1,T cells,CD8 T,T cells
ACACTGAAGAGATGAG-1,T cells,CD8 T,T cells
ACACTGAAGCCGATTT-1,T cells,CD8 T,T cells
ACACTGAAGGATATAC-1,B cells,B cells,B cells
ACACTGAAGGGAACGG-1,Mono,Mono,Mono
ACACTGAAGGGAGTAA-1,B cells,B cells,B cells
ACACTGAAGTGGACGT-1,NK,CD8 T,T cells
ACACTGACAATGTAAG-1,T cells,CL 1,CL 1
ACACTGACATGATCCA-1,T cells,CL 1,CL 1
ACACTGAGTACTTGAC-1,T cells,CL 1,CL 1
ACACTGAGTAGTGAAT-1,T cells,CL 1,CL 1
ACACTGAGTCACTTCC-1,Mono,Mono,Mono
ACACTGAGTTAGGGTG-1,T cells,CD8 T,T cells
ACACTGATCACGCATA-1,T cells,CL 1,CL 1
ACACTGATCATACGGT-1,Mono,Mono,Mono
ACACTGATCCATTCTA-1,T cells,CL 1,CL 1
ACACTGATCCCAAGAT-1,T cells,CD8 T,T cells
ACACTGATCGGAAACG-1,B cells,B cells,B cells
ACAGCCGAGAAAGTGG-1,Mono,Mono,Mono
ACAGCCGAGTGGGCTA-1,T cells,CD8 T,T cells
ACAGCCGAGTGGTAGC-1,T cells,CD8 T,T cells
ACAGCCGAGTTTCCTT-1,T cells,CL 1,CL 1
ACAGCCGCAAGGTTCT-1,T cells,CL 1,CL 1
ACAGCCGCACAGGCCT-1,Mono,Mono,Mono
ACAGCCGCACTAGTAC-1,B cells,B cells,B cells
ACAGCCGCAGATCCAT-1,Mono,Mono,Mono
ACAGCCGCAGGGTATG-1,T cells,CD8 T,T cells
ACAGCCGCATCTACGA-1,Mono,DC,DC
ACAGCCGCATGTAAGA-1,NK,NK,NK
ACAGCCGCATGTCGAT-1,NK,NK,NK
ACAGCCGCATTGTGCA-1,T cells,CL 1,CL 1
ACAGCCGGTAGCGATG-1,B cells,B cells,B cells
ACAGCCGGTGCACTTA-1,NK,CD8 T,T cells
ACAGCCGGTGGACGAT-1,B cells,B cells,B cells
ACAGCCGGTGTGACGA-1,NK,NK,NK
ACAGCCGGTTAAGTAG-1,T cells,CD8 T,T cells
ACAGCCGTCAGCTGGC-1,B cells,CD8 T,T cells
ACAGCCGTCATGGTCA-1,Mono,Mono,Mono
ACAGCCGTCCTTGACC-1,B cells,B cells,B cells
ACAGCCGTCGCGCCAA-1,B cells,B cells,B cells
ACAGCCGTCGTCGTTC-1,B cells,B cells,B cells
ACAGCTAAGAGCAATT-1,T cells,CL 1,CL 1
ACAGCTAAGGGTTCCC-1,B cells,B cells,B cells
ACAGCTAAGGTGTGGT-1,T cells,CD8 T,T cells
ACAGCTACAACGATGG-1,B cells,B cells,B cells
ACAGCTACACACTGCG-1,T cells,CD8 T,T cells
ACAGCTACAGGTCGTC-1,T cells,CL 1,CL 1
ACAGCTACATGGATGG-1,B cells,B cells,B cells
ACAGCTACATGGTCTA-1,Mono,Mono,Mono
ACAGCTAGTACCGTAT-1,T cells,CL 1,CL 1
ACAGCTAGTCAGAAGC-1,B cells,B cells,B cells
ACAGCTAGTGCATCTA-1,T cells,CL 1,CL 1
ACAGCTAGTGCGAAAC-1,Mono,Mono,Mono
ACAGCTATCCACTGGG-1,NK,CD8 T,T cells
ACAGCTATCGCCAAAT-1,T cells,CL 1,CL 1
ACAGCTATCGTCCGTT-1,T cells,CL 1,CL 1
ACAGCTATCTAACGGT-1,T cells,CD8 T,T cells
ACAGCTATCTGTTGAG-1,T cells,CD8 T,T cells
ACATACGAGAGGTTGC-1,B cells,B cells,B cells
ACATACGAGGCTACGA-1,B cells,B cells,B cells
ACATACGAGGGTGTGT-1,T cells,CL 1,CL 1
ACATACGAGTGACATA-1,NK,CD8 T,T cells
ACATACGCAAACGTGG-1,T cells,CD8 T,T cells
ACATACGCAGTATAAG-1,B cells,B cells,B cells
ACATACGCATATGGTC-1,T cells,CL 1,CL 1
ACATACGCATTAACCG-1,Mono,Mono,Mono
ACATACGGTAAGTGGC-1,B cells,B cells,B cells
ACATACGGTAGCCTCG-1,Mono,Mono,Mono
ACATACGGTGGCTCCA-1,B cells,B cells,B cells
ACATACGGTGGTACAG-1,T cells,CD8 T,T cells
ACATACGGTTCTGAAC-1,T cells,CD8 T,T cells
ACATACGTCATGTCCC-1,B cells,B cells,B cells
ACATACGTCATTTGGG-1,NK,NK,NK
ACATACGTCGGCATCG-1,T cells,CL 1,CL 1
ACATACGTCGTTACGA-1,Mono,Mono,Mono
ACATACGTCTCATTCA-1,T cells,CD8 T,T cells
ACATACGTCTCGCTTG-1,Mono,Mono,Mono
ACATACGTCTCTTGAT-1,T cells,CD8 T,T cells
ACATACGTCTTGAGGT-1,Mono,Mono,Mono
ACATCAGAGGCCCGTT-1,NK,NK,NK
ACATCAGAGTCGTACT-1,Mono,Mono,Mono
ACATCAGCAATGTAAG-1,Mono,DC,DC
ACATCAGCACAAGACG-1,Mono,Mono,Mono
ACATCAGCACATGGGA-1,Mono,Mono,Mono
ACATCAGCACATTTCT-1,T cells,CL 1,CL 1
ACATCAGCACCAACCG-1,T cells,CL 1,CL 1
ACATCAGCACTTAACG-1,Mono,Mono,Mono
ACATCAGCAGTATAAG-1,B cells,B cells,B cells
ACATCAGCATTTGCTT-1,T cells,CD8 T,T cells
ACATCAGGTACATCCA-1,Mono,Mono,Mono
ACATCAGGTTTCGCTC-1,T cells,CL 1,CL 1
ACATCAGTCCACTGGG-1,T cells,CL 1,CL 1
ACATCAGTCTGGCGTG-1,T cells,CD8 T,T cells
ACATGGTAGACTAGGC-1,NK,NK,NK
ACATGGTAGAGGGATA-1,B cells,B cells,B cells
ACATGGTAGAGTCGGT-1,B cells,B cells,B cells
ACATGGTAGATATGGT-1,T cells,CD8 T,T cells
ACATGGTAGCTAGTGG-1,B cells,B cells,B cells
ACATGGTAGTGGTAAT-1,T cells,CD8 T,T cells
ACATGGTAGTTAGCGG-1,NK,NK,NK
ACATGGTCAAGACGTG-1,Mono,Mono,Mono
ACATGGTCACATTCGA-1,T cells,CD8 T,T cells
ACATGGTCACGCATCG-1,NK,CD8 T,T cells
ACATGGTCACTGAAGG-1,T cells,CD8 T,T cells
ACATGGTCAGCCTTGG-1,T cells,CD8 T,T cells
ACATGGTCATTCACTT-1,T cells,CL 1,CL 1
ACATGGTGTAATAGCA-1,Mono,Mono,Mono
ACATGGTGTATTACCG-1,NK,CD8 T,T cells
ACATGGTGTCATGCAT-1,T cells,CL 1,CL 1
ACATGGTGTTAAGATG-1,T cells,CD8 T,T cells
ACATGGTGTTCAACCA-1,B cells,B cells,B cells
ACATGGTGTTGCGTTA-1,T cells,CD8 T,T cells
ACATGGTTCATCACCC-1,B cells,CD8 T,T cells
ACATGGTTCCACGTTC-1,B cells,CD8 T,T cells
ACATGGTTCGGCCGAT-1,T cells,CD8 T,T cells
ACATGGTTCGGTTAAC-1,T cells,CL 1,CL 1
ACATGGTTCTACCTGC-1,B cells,B cells,B cells
ACCAGTAAGACCACGA-1,Mono,Mono,Mono
ACCAGTAAGACTTTCG-1,T cells,CD8 T,T cells
ACCAGTAAGCCAGGAT-1,T cells,CD8 T,T cells
ACCAGTACAACACGCC-1,T cells,CL 1,CL 1
ACCAGTACAAGCGATG-1,Mono,Mono,Mono
ACCAGTACACCGATAT-1,T cells,CL 1,CL 1
ACCAGTACATAAAGGT-1,T cells,CL 1,CL 1
ACCAGTAGTATGAAAC-1,T cells,CD8 T,T cells
ACCAGTAGTGCTGTAT-1,Mono,Mono,Mono
ACCAGTAGTGTTAAGA-1,T cells,CD8 T,T cells
ACCAGTAGTTATCGGT-1,Mono,Mono,Mono
ACCAGTAGTTCGTTGA-1,Mono,Mono,Mono
ACCAGTAGTTGCGTTA-1,Mono,Mono,Mono
ACCAGTATCACCGGGT-1,Mono,Mono,Mono
ACCAGTATCCACTGGG-1,B cells,B cells,B cells
ACCAGTATCCTGCTTG-1,NK,CD8 T,T cells
ACCAGTATCGCCAGCA-1,T cells,CD8 T,T cells
ACCAGTATCTCGCTTG-1,T cells,CL 1,CL 1
ACCCACTAGAGTGACC-1,T cells,CD8 T,T cells
ACCCACTAGATCCCGC-1,B cells,CL 1,CL 1
ACCCACTAGATCGATA-1,Mono,DC,DC
ACCCACTAGGAACTGC-1,Mono,Mono,Mono
ACCCACTAGGATGCGT-1,T cells,CL 1,CL 1
ACCCACTCAAGTTCTG-1,Mono,Mono,Mono
ACCCACTCACAGAGGT-1,T cells,CD8 T,T cells
ACCCACTCACGAAAGC-1,T cells,CL 1,CL 1
ACCCACTCAGGAATGC-1,T cells,CD8 T,T cells
ACCCACTCATGCGCAC-1,B cells,B cells,B cells
ACCCACTCATGGAATA-1,B cells,B cells,B cells
ACCCACTGTATTCTCT-1,T cells,CD8 T,T cells
ACCCACTGTCGGGTCT-1,T cells,CD8 T,T cells
ACCCACTGTCTCGTTC-1,T cells,CD8 T,T cells
ACCCACTGTGGTGTAG-1,T cells,CD8 T,T cells
ACCCACTTCAATCACG-1,T cells,CD8 T,T cells
ACCCACTTCAGTCAGT-1,NK,NK,NK
ACCCACTTCCCTGACT-1,B cells,B cells,B cells
ACCCACTTCCTTTCTC-1,T cells,CL 1,CL 1
ACCCACTTCGCCAGCA-1,Mono,Mono,Mono
ACCCACTTCGCCATAA-1,Mono,Mono,Mono
ACCGTAAAGCACCGTC-1,NK,CD8 T,T cells
ACCGTAAAGCGTAATA-1,NK,CD8 T,T cells
ACCGTAAAGGAGCGTT-1,Mono,Mono,Mono
ACCGTAAAGTAGTGCG-1,T cells,CL 1,CL 1
ACCGTAAAGTATCTCG-1,NK,CD8 T,T cells
ACCGTAAAGTGACTCT-1,T cells,CD8 T,T cells
ACCGTAACAAGGGTCA-1,T cells,CD8 T,T cells
ACCGTAACAGACAAGC-1,T cells,CD8 T,T cells
ACCGTAACAGACTCGC-1,Mono,Mono,Mono
ACCGTAACAGCTCGAC-1,Mono,Mono,Mono
ACCGTAACAGGGAGAG-1,T cells,CD8 T,T cells
ACCGTAAGTATAGTAG-1,Mono,DC,DC
ACCGTAAGTATTACCG-1,B cells,B cells,B cells
ACCGTAAGTCTAGCCG-1,T cells,CL 1,CL 1
ACCGTAAGTTATCGGT-1,T cells,CD8 T,T cells
ACCGTAAGTTGGTTTG-1,Mono,Mono,Mono
ACCGTAATCACAATGC-1,T cells,CL 1,CL 1
ACCGTAATCCCTAATT-1,T cells,CD8 T,T cells
ACCGTAATCCTAGTGA-1,T cells,CL 1,CL 1
ACCTTTAAGACTTGAA-1,NK,CD8 T,T cells
ACCTTTAAGCGCTCCA-1,T cells,CL 1,CL 1
ACCTTTAAGTACGTAA-1,Mono,Mono,Mono
ACCTTTACACTGTGTA-1,B cells,B cells,B cells
ACCTTTACAGTTCATG-1,B cells,B cells,B cells
ACCTTTACATGTCCTC-1,Mono,Mono,Mono
ACCTTTACATTGTGCA-1,T cells,CL 1,CL 1
ACCTTTAGTATAGGTA-1,T cells,CL 1,CL 1
ACCTTTAGTCACCCAG-1,T cells,CL 1,CL 1
ACCTTTAGTCGGATCC-1,T cells,CL 1,CL 1
ACCTTTAGTCTTCTCG-1,T cells,CL 1,CL 1
ACCTTTAGTGGTGTAG-1,B cells,B cells,B cells
ACCTTTAGTGTAACGG-1,NK,CD8 T,T cells
ACCTTTAGTGTGGCTC-1,T cells,CL 1,CL 1
ACCTTTAGTTCAGGCC-1,Mono,Mono,Mono
ACCTTTAGTTGTCGCG-1,Mono,Mono,Mono
ACCTTTAGTTTAAGCC-1,T cells,CL 1,CL 1
ACCTTTATCAAGGTAA-1,B cells,B cells,B cells
ACCTTTATCAGGTAAA-1,B cells,CD8 T,T cells
ACCTTTATCCAAGCCG-1,B cells,B cells,B cells
ACGAGCCAGAGGTTGC-1,T cells,CL 1,CL 1
ACGAGCCAGCTGGAAC-1,T cells,CL 1,CL 1
ACGAGCCCAACTGCGC-1,NK,CD8 T,T cells
ACGAGCCCACGGTGTC-1,T cells,CD8 T,T cells
ACGAGCCCAGCTTAAC-1,Mono,Mono,Mono
ACGAGCCCAGGCTCAC-1,T cells,CD8 T,T cells
ACGAGCCCAGGTCTCG-1,B cells,B cells,B cells
ACGAGCCCAGGTGCCT-1,B cells,B cells,B cells
ACGAGCCCATCAGTCA-1,T cells,CD8 T,T cells
ACGAGCCGTAGAGTGC-1,T cells,CL 1,CL 1
ACGAGCCGTGCAGACA-1,Mono,Mono,Mono
ACGAGCCGTGCCTTGG-1,NK,CD8 T,T cells
ACGAGCCTCAATCTCT-1,T cells,CD8 T,T cells
ACGAGCCTCTAACGGT-1,T cells,CD8 T,T cells
ACGAGCCTCTTGTTTG-1,T cells,CD8 T,T cells
ACGAGGAAGTCGTTTG-1,Mono,Mono,Mono
ACGAGGAAGTGCAAGC-1,B cells,B cells,B cells
ACGAGGAAGTGGAGAA-1,T cells,CD8 T,T cells
ACGAGGACAATCTACG-1,T cells,CD8 T,T cells
ACGAGGACAGCCAATT-1,NK,CD8 T,T cells
ACGAGGACAGGGAGAG-1,T cells,CD8 T,T cells
ACGAGGAGTGCTAGCC-1,Mono,DC,DC
ACGAGGAGTGGCCCTA-1,B cells,B cells,B cells
ACGAGGAGTTCAGACT-1,NK,NK,NK
ACGAGGAGTTCCACGG-1,T cells,CD8 T,T cells
ACGAGGATCAACCAAC-1,T cells,CL 1,CL 1
ACGAGGATCGAATCCA-1,B cells,B cells,B cells
ACGATACAGATCTGCT-1,T cells,CL 1,CL 1
ACGATACAGCCACCTG-1,T cells,CL 1,CL 1
ACGATACAGCTACCTA-1,Mono,Mono,Mono
ACGATACAGCTCTCGG-1,B cells,B cells,B cells
ACGATACAGCTGTTCA-1,T cells,CD8 T,T cells
ACGATACAGGCGCTCT-1,Mono,Mono,Mono
ACGATACCAACTGGCC-1,Mono,Mono,Mono
ACGATACCACGGACAA-1,T cells,CD8 T,T cells
ACGATACCACTCGACG-1,NK,CD8 T,T cells
ACGATACGTCTACCTC-1,B cells,B cells,B cells
ACGATACGTTCACCTC-1,B cells,B cells,B cells
ACGATACTCAGCAACT-1,Mono,Mono,Mono
ACGATACTCATATCGG-1,T cells,CL 1,CL 1
ACGATACTCCCTTGTG-1,B cells,B cells,B cells
ACGATACTCCTACAGA-1,Mono,Mono,Mono
ACGATACTCGCTTAGA-1,T cells,CL 1,CL 1
ACGATACTCGGACAAG-1,Mono,Mono,Mono
ACGATACTCGGATGTT-1,Mono,Mono,Mono
ACGATGTAGCAGACTG-1,Mono,Mono,Mono
ACGATGTAGCGATTCT-1,B cells,B cells,B cells
ACGATGTAGGATATAC-1,T cells,CL 1,CL 1
ACGATGTAGGCGACAT-1,T cells,CD8 T,T cells
ACGATGTAGGGCATGT-1,Mono,Mono,Mono
ACGATGTAGGGTTTCT-1,Mono,DC,DC
ACGATGTAGTGCTGCC-1,T cells,CD8 T,T cells
ACGATGTCAAACTGTC-1,T cells,CL 1,CL 1
ACGATGTCAAGACACG-1,T cells,CL 1,CL 1
ACGATGTCAATCCAAC-1,T cells,CD8 T,T cells
ACGATGTCACAGCCCA-1,Mono,Mono,Mono
ACGATGTCACCAGGTC-1,T cells,CL 1,CL 1
ACGATGTCAGACACTT-1,NK,NK,NK
ACGATGTCAGTCAGAG-1,Mono,Mono,Mono
ACGATGTCAGTCTTCC-1,B cells,B cells,B cells
ACGATGTGTCAGTGGA-1,NK,NK,NK
ACGATGTGTCGCATAT-1,T cells,CL 1,CL 1
ACGATGTGTCTGATTG-1,Mono,Mono,Mono
ACGATGTGTTACAGAA-1,T cells,CL 1,CL 1
ACGATGTTCAAGGCTT-1,Mono,Mono,Mono
ACGATGTTCCATGAAC-1,Mono,Mono,Mono
ACGATGTTCTCTTATG-1,NK,NK,NK
ACGCAGCAGACGCACA-1,Mono,Mono,Mono
ACGCAGCAGAGTGAGA-1,T cells,CD8 T,T cells
ACGCAGCCAACACCTA-1,Mono,Mono,Mono
ACGCAGCCACAACGTT-1,Mono,Mono,Mono
ACGCAGCCACGACTCG-1,T cells,CD8 T,T cells
ACGCAGCCATGGGACA-1,NK,CD8 T,T cells
ACGCAGCGTAAACCTC-1,T cells,CL 1,CL 1
ACGCAGCGTCATGCCG-1,T cells,CL 1,CL 1
ACGCAGCGTCTACCTC-1,T cells,CD8 T,T cells
ACGCAGCGTCTAGTCA-1,T cells,CL 1,CL 1
ACGCAGCGTGTGACCC-1,NK,CD8 T,T cells
ACGCAGCGTTAAAGAC-1,B cells,B cells,B cells
ACGCAGCGTTCAACCA-1,NK,CD8 T,T cells
ACGCAGCTCACGACTA-1,Mono,Mono,Mono
ACGCAGCTCCATGCTC-1,T cells,CL 1,CL 1
ACGCAGCTCCCAAGTA-1,B cells,B cells,B cells
ACGCAGCTCGGCTACG-1,Mono,Mono,Mono
ACGCAGCTCTAACCGA-1,T cells,CD8 T,T cells
ACGCAGCTCTACTCAT-1,B cells,B cells,B cells
ACGCCAGAGAACTCGG-1,Mono,DC,DC
ACGCCAGAGAAGATTC-1,T cells,CL 1,CL 1
ACGCCAGAGAGGTACC-1,NK,CD8 T,T cells
ACGCCAGAGGAGTCTG-1,NK,CD8 T,T cells
ACGCCAGAGGCCCTTG-1,Mono,DC,DC
ACGCCAGAGGGAGTAA-1,T cells,CD8 T,T cells
ACGCCAGAGGGTGTTG-1,NK,NK,NK
ACGCCAGCAAAGAATC-1,Mono,Mono,Mono
ACGCCAGCACATAACC-1,Mono,Mono,Mono
ACGCCAGCACCAGGCT-1,Mono,Mono,Mono
ACGCCAGCACTACAGT-1,Mono,Mono,Mono
ACGCCAGCATGCCTAA-1,T cells,CL 1,CL 1
ACGCCAGGTACAGCAG-1,T cells,CD8 T,T cells
ACGCCAGGTACATGTC-1,T cells,CL 1,CL 1
ACGCCAGGTACCGGCT-1,T cells,CL 1,CL 1
ACGCCAGGTAGAAAGG-1,Mono,Mono,Mono
ACGCCAGGTAGGGTAC-1,Mono,Mono,Mono
ACGCCAGGTGCGATAG-1,T cells,CD8 T,T cells
ACGCCAGGTGGTAACG-1,T cells,CD8 T,T cells
ACGCCAGGTTATCGGT-1,B cells,B cells,B cells
ACGCCAGTCAGGTTCA-1,T cells,CL 1,CL 1
ACGCCAGTCGCATGAT-1,B cells,B cells,B cells
ACGCCAGTCTACCTGC-1,T cells,CD8 T,T cells
ACGCCGAAGCTGAACG-1,T cells,CL 1,CL 1
ACGCCGAAGTTTGCGT-1,T cells,CL 1,CL 1
ACGCCGACAAGAAAGG-1,T cells,CD8 T,T cells
ACGCCGACAAGACACG-1,T cells,CL 1,CL 1
ACGCCGACACAGGCCT-1,Mono,Mono,Mono
ACGCCGACACCACCAG-1,T cells,CD8 T,T cells
ACGCCGACAGACAGGT-1,T cells,CL 1,CL 1
ACGCCGACAGGGTATG-1,NK,CD8 T,T cells
ACGCCGACATCTATGG-1,T cells,CD8 T,T cells
ACGCCGACATTGGCGC-1,Mono,Mono,Mono
ACGCCGACATTGGGCC-1,Mono,Mono,Mono
ACGCCGAGTCATCCCT-1,B cells,B cells,B cells
ACGCCGAGTGTCTGAT-1,NK,CD8 T,T cells
ACGCCGATCACATAGC-1,Mono,Mono,Mono
ACGCCGATCAGCAACT-1,B cells,B cells,B cells
ACGCCGATCCACGTTC-1,B cells,B cells,B cells
ACGCCGATCCCATTAT-1,T cells,CD8 T,T cells
ACGCCGATCTCCCTGA-1,T cells,CD8 T,T cells
ACGGAGAAGAAACGCC-1,T cells,CD8 T,T cells
ACGGAGAAGCAGGCTA-1,Mono,Mono,Mono
ACGGAGAAGCCCAACC-1,T cells,CD8 T,T cells
ACGGAGAAGGTAGCTG-1,Mono,Mono,Mono
ACGGAGAAGTAATCCC-1,Mono,Mono,Mono
ACGGAGAAGTCCATAC-1,Mono,Mono,Mono
ACGGAGAAGTCTTGCA-1,Mono,Mono,Mono
ACGGAGAAGTGTTTGC-1,B cells,B cells,B cells
ACGGAGACAATCAGAA-1,NK,CD8 T,T cells
ACGGAGACAATCCAAC-1,Mono,Mono,Mono
ACGGAGACACCACCAG-1,Mono,Mono,Mono
ACGGAGACAGGGTATG-1,B cells,B cells,B cells
ACGGAGACAGTAAGCG-1,Mono,Mono,Mono
ACGGAGACATTATCTC-1,T cells,CD8 T,T cells
ACGGAGAGTAGGACAC-1,Mono,Mono,Mono
ACGGAGAGTCAGAATA-1,T cells,CL 1,CL 1
ACGGAGAGTGATGATA-1,B cells,B cells,B cells
ACGGAGAGTGGCTCCA-1,B cells,B cells,B cells
ACGGAGAGTTCGTGAT-1,T cells,CD8 T,T cells
ACGGAGAGTTGGAGGT-1,NK,CD8 T,T cells
ACGGAGAGTTTAAGCC-1,Mono,Mono,Mono
ACGGAGAGTTTCGCTC-1,Mono,Mono,Mono
ACGGAGATCACGGTTA-1,Mono,Mono,Mono
ACGGAGATCAGCGATT-1,T cells,CL 1,CL 1
ACGGAGATCATCGCTC-1,Mono,Mono,Mono
ACGGAGATCCTCGCAT-1,B cells,B cells,B cells
ACGGAGATCGCGTAGC-1,T cells,CD8 T,T cells
ACGGAGATCGGACAAG-1,T cells,CD8 T,T cells
ACGGCCAAGATATACG-1,T cells,CD8 T,T cells
ACGGCCAAGCGTTCCG-1,B cells,B cells,B cells
ACGGCCAAGGATGGAA-1,Mono,Mono,Mono
ACGGCCAAGGCCATAG-1,B cells,B cells,B cells
ACGGCCAAGGCCGAAT-1,T cells,CL 1,CL 1
ACGGCCAAGGTACTCT-1,T cells,CD8 T,T cells
ACGGCCAAGTACATGA-1,Mono,Mono,Mono
ACGGCCACAACGCACC-1,T cells,CD8 T,T cells
ACGGCCACAAGTTAAG-1,Mono,DC,DC
ACGGCCACAATCTGCA-1,NK,CD8 T,T cells
ACGGCCACACACAGAG-1,B cells,CD8 T,T cells
ACGGCCACACGAGGTA-1,Mono,Mono,Mono
ACGGCCACAGGGTTAG-1,Mono,Mono,Mono
ACGGCCAGTCTGGAGA-1,T cells,CD8 T,T cells
ACGGCCAGTTCAACCA-1,T cells,CD8 T,T cells
ACGGCCATCACTTATC-1,T cells,CL 1,CL 1
ACGGCCATCTTCATGT-1,B cells,B cells,B cells
ACGGCCATCTTTACAC-1,T cells,CD8 T,T cells
ACGGGCTAGAATGTGT-1,Mono,Mono,Mono
ACGGGCTAGCGCCTTG-1,Mono,Mono,Mono
ACGGGCTAGCGCTTAT-1,Mono,DC,DC
ACGGGCTAGGAGCGAG-1,T cells,CD8 T,T cells
ACGGGCTAGGTGTTAA-1,T cells,CD8 T,T cells
ACGGGCTAGTGGAGTC-1,B cells,CD8 T,T cells
ACGGGCTCAAACCCAT-1,NK,CD8 T,T cells
ACGGGCTCAAGGCTCC-1,T cells,CL 1,CL 1
ACGGGCTCAATAGCGG-1,T cells,CD8 T,T cells
ACGGGCTCACACTGCG-1,B cells,B cells,B cells
ACGGGCTCACATGGGA-1,B cells,CD8 T,T cells
ACGGGCTCACCAGCAC-1,B cells,B cells,B cells
ACGGGCTCAGTCAGAG-1,NK,NK,NK
ACGGGCTCAGTCGATT-1,T cells,CL 1,CL 1
ACGGGCTCATTACGAC-1,Mono,Mono,Mono
ACGGGCTGTAAACGCG-1,B cells,B cells,B cells
ACGGGCTGTAGTACCT-1,B cells,CD8 T,T cells
ACGGGCTGTATGGTTC-1,T cells,CL 1,CL 1
ACGGGCTTCATTATCC-1,T cells,CD8 T,T cells
ACGGGCTTCCAGTATG-1,Mono,Mono,Mono
ACGGGCTTCCGGCACA-1,Mono,Mono,Mono
ACGGGCTTCCTCATTA-1,T cells,CL 1,CL 1
ACGGGCTTCTTTACGT-1,B cells,B cells,B cells
ACGGGTCAGATCGATA-1,Mono,Mono,Mono
ACGGGTCAGCAATATG-1,Mono,Mono,Mono
ACGGGTCAGGGAGTAA-1,T cells,CL 1,CL 1
ACGGGTCAGTGTACCT-1,T cells,CD8 T,T cells
ACGGGTCAGTGTTTGC-1,T cells,CL 1,CL 1
ACGGGTCGTCACCCAG-1,NK,NK,NK
ACGGGTCGTGTTCGAT-1,T cells,CL 1,CL 1
ACGGGTCGTGTTGGGA-1,T cells,CL 1,CL 1
ACGGGTCGTTCACGGC-1,B cells,B cells,B cells
ACGGGTCGTTCAGCGC-1,T cells,CD8 T,T cells
ACGGGTCTCTGAGGGA-1,T cells,CD8 T,T cells
ACGGGTCTCTTTAGGG-1,Platelet,Mono,Mono
ACGTCAAAGATGCGAC-1,B cells,B cells,B cells
ACGTCAAAGCACACAG-1,T cells,CL 1,CL 1
ACGTCAAAGTCCGTAT-1,B cells,B cells,B cells
ACGTCAAAGTTATCGC-1,T cells,CD8 T,T cells
ACGTCAACAAATTGCC-1,Mono,Mono,Mono
ACGTCAACAAGTCATC-1,Mono,Mono,Mono
ACGTCAACAAGTTCTG-1,NK,CD8 T,T cells
ACGTCAACAATCGAAA-1,Mono,Mono,Mono
ACGTCAACACGTGAGA-1,T cells,CD8 T,T cells
ACGTCAACATAGGATA-1,Mono,Mono,Mono
ACGTCAACATTACGAC-1,NK,NK,NK
ACGTCAAGTATCTGCA-1,Mono,Mono,Mono
ACGTCAAGTCGACTGC-1,Mono,Mono,Mono
ACGTCAAGTGGAAAGA-1,B cells,B cells,B cells
ACGTCAAGTTAAAGTG-1,Mono,Mono,Mono
ACGTCAAGTTAAGAAC-1,B cells,CD8 T,T cells
ACGTCAATCCATGAAC-1,B cells,B cells,B cells
ACGTCAATCCCGGATG-1,Mono,DC,DC
ACGTCAATCGCGGATC-1,T cells,CD8 T,T cells
ACGTCAATCGGTTAAC-1,T cells,CD8 T,T cells
ACTATCTAGACTAAGT-1,T cells,CD8 T,T cells
ACTATCTAGATGGGTC-1,Platelet,Mono,Mono
ACTATCTAGCTCCCAG-1,T cells,CL 1,CL 1
ACTATCTAGCTGCAAG-1,NK,NK,NK
ACTATCTAGGAATTAC-1,B cells,B cells,B cells
ACTATCTCAGCCTTTC-1,Mono,DC,DC
ACTATCTCAGTCAGAG-1,NK,CD8 T,T cells
ACTATCTCATCTATGG-1,T cells,CD8 T,T cells
ACTATCTCATGACGGA-1,NK,CD8 T,T cells
ACTATCTGTACTCAAC-1,Mono,Mono,Mono
ACTATCTGTGGTCCGT-1,T cells,CD8 T,T cells
ACTATCTGTGTCAATC-1,NK,CD8 T,T cells
ACTATCTGTGTTTGGT-1,Mono,Mono,Mono
ACTATCTGTTACGGAG-1,B cells,B cells,B cells
ACTATCTGTTATGCGT-1,T cells,CD8 T,T cells
ACTATCTTCAGATAAG-1,Mono,Mono,Mono
ACTATCTTCGCAGGCT-1,Mono,Mono,Mono
ACTGAACAGAAGCCCA-1,B cells,CL 1,CL 1
ACTGAACAGACCTAGG-1,T cells,CD8 T,T cells
ACTGAACAGACGCACA-1,NK,CD8 T,T cells
ACTGAACAGGGTGTGT-1,B cells,B cells,B cells
ACTGAACCAACTGGCC-1,T cells,CD8 T,T cells
ACTGAACCACAGATTC-1,Mono,Mono,Mono
ACTGAACCACGAGGTA-1,NK,CD8 T,T cells
ACTGAACCACTATCTT-1,T cells,CD8 T,T cells
ACTGAACGTCCAGTAT-1,T cells,CL 1,CL 1
ACTGAACTCCACTGGG-1,Mono,Mono,Mono
ACTGAACTCCGAACGC-1,T cells,CD8 T,T cells
ACTGAGTAGAGACGAA-1,NK,CD8 T,T cells
ACTGAGTAGGCATTGG-1,T cells,CL 1,CL 1
ACTGAGTAGTATCGAA-1,Mono,Mono,Mono
ACTGAGTCAACACCTA-1,Mono,DC,DC
ACTGAGTCACCTCGGA-1,T cells,CD8 T,T cells
ACTGAGTCAGCTGTTA-1,B cells,B cells,B cells
ACTGAGTGTAAGCACG-1,B cells,CD8 T,T cells
ACTGAGTGTACAGCAG-1,T cells,CD8 T,T cells
ACTGAGTGTACCGTTA-1,NK,CD8 T,T cells
ACTGAGTGTCAAACTC-1,T cells,CD8 T,T cells
ACTGAGTGTCAGTGGA-1,T cells,CL 1,CL 1
ACTGAGTGTGACCAAG-1,B cells,B cells,B cells
ACTGAGTGTGTATGGG-1,B cells,B cells,B cells
ACTGAGTGTGTGGCTC-1,T cells,CD8 T,T cells
ACTGAGTGTTACTGAC-1,NK,NK,NK
ACTGATGAGAAGAAGC-1,T cells,CL 1,CL 1
ACTGATGAGATCCGAG-1,T cells,CL 1,CL 1
ACTGATGAGCCCAACC-1,T cells,CL 1,CL 1
ACTGATGAGCTAGTCT-1,T cells,CD8 T,T cells
ACTGATGAGGAGTCTG-1,B cells,B cells,B cells
ACTGATGAGTGCCATT-1,T cells,CL 1,CL 1
ACTGATGAGTTAAGTG-1,T cells,CD8 T,T cells
ACTGATGCAAACGCGA-1,T cells,CL 1,CL 1
ACTGATGCAACTGGCC-1,B cells,B cells,B cells
ACTGATGCACACCGAC-1,T cells,CD8 T,T cells
ACTGATGCACTGAAGG-1,T cells,CD8 T,T cells
ACTGATGCACTGTGTA-1,T cells,CD8 T,T cells
ACTGATGCAGTCCTTC-1,Mono,Mono,Mono
ACTGATGCAGTGACAG-1,B cells,B cells,B cells
ACTGATGCATCGGGTC-1,Mono,Mono,Mono
ACTGATGGTACGAAAT-1,B cells,DC,DC
ACTGATGGTCTTGTCC-1,T cells,CL 1,CL 1
ACTGATGTCACATGCA-1,Mono,Mono,Mono
ACTGATGTCCGTTGTC-1,T cells,CD8 T,T cells
ACTGATGTCGCCATAA-1,Mono,Mono,Mono
ACTGATGTCGTCCAGG-1,T cells,CD8 T,T cells
ACTGATGTCTTGCATT-1,T cells,CD8 T,T cells
ACTGCTCAGAAACCAT-1,Mono,Mono,Mono
ACTGCTCAGACAGAGA-1,T cells,CD8 T,T cells
ACTGCTCAGAGTACCG-1,Mono,Mono,Mono
ACTGCTCAGTGAACAT-1,T cells,CL 1,CL 1
ACTGCTCCAAGCTGAG-1,T cells,CD8 T,T cells
ACTGCTCCAAGGTGTG-1,T cells,CD8 T,T cells
ACTGCTCCAGTATCTG-1,T cells,CD8 T,T cells
ACTGCTCCATTCTCAT-1,T cells,CL 1,CL 1
ACTGCTCGTACTCAAC-1,Mono,Mono,Mono
ACTGCTCGTCGGCATC-1,T cells,CL 1,CL 1
ACTGCTCGTCTCTTAT-1,T cells,CL 1,CL 1
ACTGCTCGTGTGACCC-1,T cells,CL 1,CL 1
ACTGCTCGTGTTTGTG-1,T cells,CD8 T,T cells
ACTGCTCGTTCTGTTT-1,Mono,Mono,Mono
ACTGCTCTCCCGACTT-1,Mono,Mono,Mono
ACTGCTCTCCCTAATT-1,Mono,Mono,Mono
ACTGCTCTCGAATGGG-1,T cells,CL 1,CL 1
ACTGCTCTCGGATGGA-1,T cells,CD8 T,T cells
ACTGCTCTCGGTTAAC-1,Mono,Mono,Mono
ACTGCTCTCGTCGTTC-1,B cells,B cells,B cells
ACTGCTCTCTGCGACG-1,T cells,CL 1,CL 1
ACTGCTCTCTTGCCGT-1,T cells,CD8 T,T cells
ACTGTCCAGATGGGTC-1,T cells,CD8 T,T cells
ACTGTCCAGATGTTAG-1,NK,CD8 T,T cells
ACTGTCCAGCACGCCT-1,T cells,CD8 T,T cells
ACTGTCCAGCAGACTG-1,Mono,Mono,Mono
ACTGTCCAGCGCCTTG-1,T cells,CL 1,CL 1
ACTGTCCAGCGCTTAT-1,T cells,CD8 T,T cells
ACTGTCCAGCGTTGCC-1,Mono,Mono,Mono
ACTGTCCAGTGTTGAA-1,B cells,B cells,B cells
ACTGTCCCATAAGACA-1,B cells,B cells,B cells
ACTGTCCGTACGAAAT-1,T cells,CL 1,CL 1
ACTGTCCGTCAGTGGA-1,Mono,Mono,Mono
ACTGTCCGTTCGGCAC-1,T cells,CD8 T,T cells
ACTGTCCTCAAGGTAA-1,T cells,CL 1,CL 1
ACTGTCCTCATAAAGG-1,Mono,Mono,Mono
ACTGTCCTCATCGCTC-1,Mono,Mono,Mono
ACTGTCCTCGGATGGA-1,T cells,CL 1,CL 1
ACTGTCCTCTAGAGTC-1,T cells,CD8 T,T cells
ACTTACTAGAGTAAGG-1,Mono,Mono,Mono
ACTTACTAGCCGGTAA-1,T cells,CD8 T,T cells
ACTTACTAGGATCGCA-1,NK,NK,NK
ACTTACTAGGCATGTG-1,Mono,Mono,Mono
ACTTACTAGTACTTGC-1,Mono,Mono,Mono
ACTTACTCAAGTAATG-1,Platelet,Mono,Mono
ACTTACTCAATCAGAA-1,Mono,Mono,Mono
ACTTACTCACACCGCA-1,Mono,Mono,Mono
ACTTACTCATCATCCC-1,Mono,Mono,Mono
ACTTACTGTACTTGAC-1,T cells,CD8 T,T cells
ACTTACTGTCCCTACT-1,T cells,CD8 T,T cells
ACTTACTGTCGTTGTA-1,T cells,CD8 T,T cells
ACTTACTGTGACGCCT-1,T cells,CL 1,CL 1
ACTTACTGTGAGCGAT-1,B cells,B cells,B cells
ACTTACTGTTAAGGGC-1,T cells,CD8 T,T cells
ACTTACTGTTCTGAAC-1,T cells,CL 1,CL 1
ACTTACTTCAGAGGTG-1,B cells,B cells,B cells
ACTTACTTCCCACTTG-1,Mono,DC,DC
ACTTACTTCCTTAATC-1,T cells,CD8 T,T cells
ACTTACTTCGCCCTTA-1,NK,CD8 T,T cells
ACTTACTTCGTTGACA-1,B cells,B cells,B cells
ACTTACTTCTGGTTCC-1,T cells,CL 1,CL 1
ACTTGTTAGACTTGAA-1,Mono,Mono,Mono
ACTTGTTAGAGACTAT-1,NK,NK,NK
ACTTGTTAGCAGACTG-1,Mono,Mono,Mono
ACTTGTTAGGATCGCA-1,NK,NK,NK
ACTTGTTAGGATTCGG-1,Mono,Mono,Mono
ACTTGTTAGTTAGGTA-1,Mono,Mono,Mono
ACTTGTTCACCAGATT-1,T cells,CD8 T,T cells
ACTTGTTCACCATCCT-1,B cells,B cells,B cells
ACTTGTTCAGACTCGC-1,T cells,CL 1,CL 1
ACTTGTTCAGGACGTA-1,B cells,B cells,B cells
ACTTGTTCATATACGC-1,T cells,CL 1,CL 1
ACTTGTTCATCCTTGC-1,Mono,Mono,Mono
ACTTGTTCATTGGTAC-1,T cells,CD8 T,T cells
ACTTGTTGTCCCGACA-1,Mono,Mono,Mono
ACTTGTTGTGCACCAC-1,T cells,CL 1,CL 1
ACTTGTTGTGCTGTAT-1,T cells,CL 1,CL 1
ACTTGTTGTGTTAAGA-1,T cells,CD8 T,T cells
ACTTGTTGTTGCTCCT-1,Mono,DC,DC
ACTTGTTGTTTGGGCC-1,Mono,Mono,Mono
ACTTGTTTCCCTGACT-1,T cells,CL 1,CL 1
ACTTGTTTCCTCAACC-1,B cells,B cells,B cells
ACTTGTTTCTCCAACC-1,NK,CD8 T,T cells
ACTTGTTTCTCTTATG-1,Mono,Mono,Mono
ACTTGTTTCTGGTGTA-1,T cells,CD8 T,T cells
ACTTGTTTCTTCGGTC-1,Mono,Mono,Mono
ACTTTCAAGCACCGTC-1,B cells,B cells,B cells
ACTTTCAAGCCCAACC-1,B cells,B cells,B cells
ACTTTCACACGTAAGG-1,T cells,CD8 T,T cells
ACTTTCACACGTCAGC-1,T cells,CL 1,CL 1
ACTTTCACACTGAAGG-1,T cells,CD8 T,T cells
ACTTTCACAGACTCGC-1,B cells,B cells,B cells
ACTTTCACAGGTTTCA-1,T cells,CL 1,CL 1
ACTTTCACATCACAAC-1,T cells,CL 1,CL 1
ACTTTCAGTCATGCCG-1,B cells,B cells,B cells
ACTTTCAGTCGCCATG-1,T cells,CD8 T,T cells
ACTTTCATCAATCTCT-1,Mono,Mono,Mono
ACTTTCATCACTCTTA-1,NK,CD8 T,T cells
ACTTTCATCACTGGGC-1,T cells,CD8 T,T cells
ACTTTCATCGAGGTAG-1,T cells,CD8 T,T cells
ACTTTCATCTTCGGTC-1,Mono,Mono,Mono
AGAATAGAGAGTAATC-1,Mono,DC,DC
AGAATAGAGCTGCAAG-1,NK,CD8 T,T cells
AGAATAGAGGAGTTGC-1,Mono,Mono,Mono
AGAATAGAGGCTATCT-1,T cells,CD8 T,T cells
AGAATAGAGTCTTGCA-1,T cells,CD8 T,T cells
AGAATAGCAATGTAAG-1,NK,NK,NK
AGAATAGCAATTCCTT-1,T cells,NK,NK
AGAATAGCACACCGAC-1,NK,CD8 T,T cells
AGAATAGCAGATGGCA-1,T cells,CL 1,CL 1
AGAATAGCAGTTAACC-1,Mono,Mono,Mono
AGAATAGCATTCTTAC-1,T cells,CL 1,CL 1
AGAATAGGTAGCAAAT-1,Mono,DC,DC
AGAATAGGTGCCTTGG-1,T cells,CL 1,CL 1
AGAATAGGTTCAACCA-1,T cells,CD8 T,T cells
AGAATAGTCAACCAAC-1,T cells,CD8 T,T cells
AGAATAGTCACCACCT-1,T cells,CL 1,CL 1
AGAATAGTCCACTGGG-1,Mono,Mono,Mono
AGAATAGTCGTGGGAA-1,Mono,DC,DC
AGAATAGTCTGGTTCC-1,T cells,CL 1,CL 1
AGACGTTAGCGATTCT-1,T cells,CD8 T,T cells
AGACGTTAGGCTAGAC-1,Mono,Mono,Mono
AGACGTTAGTGAAGTT-1,T cells,CL 1,CL 1
AGACGTTAGTGCAAGC-1,T cells,CL 1,CL 1
AGACGTTAGTGTACCT-1,B cells,B cells,B cells
AGACGTTCAAAGGTGC-1,T cells,CL 1,CL 1
AGACGTTCACGCCAGT-1,NK,CD8 T,T cells
AGACGTTCACTACAGT-1,T cells,CD8 T,T cells
AGACGTTCAGGATCGA-1,T cells,CD8 T,T cells
AGACGTTGTAAGTAGT-1,T cells,CD8 T,T cells
AGACGTTGTAAGTGGC-1,Mono,Mono,Mono
AGACGTTGTACTTAGC-1,Mono,Mono,Mono
AGACGTTGTCCCTACT-1,T cells,CD8 T,T cells
AGACGTTGTTGAGGTG-1,T cells,CD8 T,T cells
AGACGTTTCAGTGTTG-1,B cells,B cells,B cells
AGACGTTTCCAAATGC-1,T cells,CL 1,CL 1
AGACGTTTCGGTCCGA-1,Mono,Mono,Mono
AGACGTTTCGTCCGTT-1,T cells,CD8 T,T cells
AGAGCGAAGCTGTCTA-1,Mono,Mono,Mono
AGAGCGAAGGATGGTC-1,Mono,Mono,Mono
AGAGCGAAGTGAACGC-1,T cells,CD8 T,T cells
AGAGCGAAGTTGAGTA-1,T cells,CL 1,CL 1
AGAGCGACATATACGC-1,B cells,B cells,B cells
AGAGCGACATGTTCCC-1,B cells,B cells,B cells
AGAGCGAGTCCATGAT-1,Mono,DC,DC
AGAGCGAGTCTGCCAG-1,T cells,CD8 T,T cells
AGAGCGATCACTCTTA-1,T cells,CL 1,CL 1
AGAGCGATCAGGCCCA-1,Mono,Mono,Mono
AGAGCTTAGAACAATC-1,B cells,B cells,B cells
AGAGCTTAGCAGGTCA-1,T cells,CD8 T,T cells
AGAGCTTAGCTGTCTA-1,T cells,CD8 T,T cells
AGAGCTTAGCTTCGCG-1,T cells,CD8 T,T cells
AGAGCTTAGGATATAC-1,T cells,CD8 T,T cells
AGAGCTTAGGCTACGA-1,NK,NK,NK
AGAGCTTCAAGGTTCT-1,Mono,CD8 T,T cells
AGAGCTTCACATTAGC-1,Mono,DC,DC
AGAGCTTCACCAGATT-1,Mono,DC,DC
AGAGCTTCACGGTGTC-1,T cells,CD8 T,T cells
AGAGCTTCAGATCGGA-1,B cells,CD8 T,T cells
AGAGCTTCATGGTCTA-1,Mono,Mono,Mono
AGAGCTTCATGTCTCC-1,T cells,CD8 T,T cells
AGAGCTTGTCGACTGC-1,T cells,CL 1,CL 1
AGAGCTTGTGCACGAA-1,Mono,DC,DC
AGAGCTTGTGCTAGCC-1,T cells,CD8 T,T cells
AGAGCTTGTTATCACG-1,T cells,CD8 T,T cells
AGAGCTTGTTCGCTAA-1,Mono,Mono,Mono
AGAGCTTTCAGAGACG-1,B cells,B cells,B cells
AGAGCTTTCATGTAGC-1,Mono,Mono,Mono
AGAGCTTTCCAAACTG-1,NK,CD8 T,T cells
AGAGCTTTCCTTTACA-1,T cells,CD8 T,T cells
AGAGCTTTCGTACCGG-1,Mono,Mono,Mono
AGAGCTTTCGTTACGA-1,T cells,CL 1,CL 1
AGAGCTTTCTAACTGG-1,Mono,DC,DC
AGAGCTTTCTAGCACA-1,T cells,CL 1,CL 1
AGAGCTTTCTATCCTA-1,Mono,Mono,Mono
AGAGCTTTCTGGAGCC-1,B cells,B cells,B cells
AGAGTGGAGGACTGGT-1,NK,CD8 T,T cells
AGAGTGGCAAGCCCAC-1,T cells,CD8 T,T cells
AGAGTGGCACTCTGTC-1,Mono,DC,DC
AGAGTGGCAGAGTGTG-1,T cells,CD8 T,T cells
AGAGTGGCAGGATCGA-1,B cells,B cells,B cells
AGAGTGGCAGGGTTAG-1,NK,CD8 T,T cells
AGAGTGGCAGGTGCCT-1,T cells,CD8 T,T cells
AGAGTGGCAGGTGGAT-1,Mono,Mono,Mono
AGAGTGGCATGTAAGA-1,T cells,CL 1,CL 1
AGAGTGGCATGTAGTC-1,T cells,CL 1,CL 1
AGAGTGGGTACCGCTG-1,B cells,B cells,B cells
AGAGTGGGTACTCTCC-1,T cells,CD8 T,T cells
AGAGTGGGTCAGATAA-1,NK,NK,NK
AGAGTGGGTCCGACGT-1,Mono,Mono,Mono
AGAGTGGGTGCAACTT-1,Mono,Mono,Mono
AGAGTGGGTTCTGGTA-1,T cells,CD8 T,T cells
AGAGTGGGTTTACTCT-1,T cells,CD8 T,T cells
AGAGTGGTCAGTTTGG-1,T cells,CL 1,CL 1
AGAGTGGTCATCGATG-1,T cells,CD8 T,T cells
AGAGTGGTCGGAGCAA-1,Mono,DC,DC
AGAGTGGTCTGGTATG-1,T cells,CL 1,CL 1
AGAGTGGTCTTGACGA-1,T cells,CD8 T,T cells
AGAGTGGTCTTGTACT-1,Mono,Mono,Mono
AGATCTGAGCTGAACG-1,Mono,DC,DC
AGATCTGAGGTACTCT-1,B cells,B cells,B cells
AGATCTGCAACTGCTA-1,T cells,Mono,Mono
AGATCTGCACCAGCAC-1,Mono,DC,DC
AGATCTGCACCTGGTG-1,Mono,Mono,Mono
AGATCTGCAGGGATTG-1,T cells,CD8 T,T cells
AGATCTGGTAGCCTCG-1,T cells,CL 1,CL 1
AGATCTGGTGCCTGGT-1,T cells,CL 1,CL 1
AGATCTGGTGTGCGTC-1,B cells,B cells,B cells
AGATCTGGTTAAAGAC-1,NK,CD8 T,T cells
AGATCTGTCAACCATG-1,B cells,B cells,B cells
AGATCTGTCACCCTCA-1,Mono,Mono,Mono
AGATCTGTCTTTCCTC-1,T cells,CL 1,CL 1
AGATTGCAGGATTCGG-1,NK,CD8 T,T cells
AGATTGCCAATGAAAC-1,T cells,CD8 T,T cells
AGATTGCCACCCATTC-1,B cells,B cells,B cells
AGATTGCCACGGATAG-1,T cells,CL 1,CL 1
AGATTGCCACTTAACG-1,B cells,B cells,B cells
AGATTGCCAGTAGAGC-1,T cells,CL 1,CL 1
AGATTGCCATCGACGC-1,Mono,Mono,Mono
AGATTGCCATGTTCCC-1,Mono,Mono,Mono
AGATTGCGTATTAGCC-1,T cells,CL 1,CL 1
AGATTGCGTCAGGACA-1,NK,CD8 T,T cells
AGATTGCGTGATAAAC-1,T cells,CD8 T,T cells
AGATTGCGTTGCCTCT-1,T cells,CL 1,CL 1
AGATTGCTCACCACCT-1,B cells,CD8 T,T cells
AGATTGCTCAGGTAAA-1,T cells,CD8 T,T cells
AGATTGCTCAGTTGAC-1,B cells,CD8 T,T cells
AGATTGCTCCTACAGA-1,B cells,B cells,B cells
AGATTGCTCCTTTACA-1,T cells,CD8 T,T cells
AGATTGCTCTGGTTCC-1,T cells,CL 1,CL 1
AGATTGCTCTTCGAGA-1,NK,NK,NK
AGCAGCCAGAGAACAG-1,B cells,CD8 T,T cells
AGCAGCCAGAGCTTCT-1,T cells,CL 1,CL 1
AGCAGCCAGTGTGAAT-1,Mono,Mono,Mono
AGCAGCCCAAGTCTGT-1,T cells,CL 1,CL 1
AGCAGCCCACCCATGG-1,B cells,B cells,B cells
AGCAGCCCACGGTAAG-1,Mono,Mono,Mono
AGCAGCCCACTTAAGC-1,Mono,Mono,Mono
AGCAGCCCAGTCTTCC-1,B cells,B cells,B cells
AGCAGCCGTAACGCGA-1,NK,NK,NK
AGCAGCCGTAGGACAC-1,T cells,CL 1,CL 1
AGCAGCCGTCTAAAGA-1,T cells,CD8 T,T cells
AGCAGCCGTTATCCGA-1,T cells,CD8 T,T cells
AGCAGCCGTTTGGCGC-1,B cells,B cells,B cells
AGCAGCCTCACCATAG-1,B cells,B cells,B cells
AGCAGCCTCCATGAGT-1,T cells,CL 1,CL 1
AGCAGCCTCCCACTTG-1,Mono,Mono,Mono
AGCAGCCTCCTGTACC-1,T cells,CL 1,CL 1
AGCAGCCTCGGAAATA-1,T cells,CL 1,CL 1
AGCAGCCTCGTGGTCG-1,T cells,CD8 T,T cells
AGCATACAGACACTAA-1,B cells,B cells,B cells
AGCATACAGCCTTGAT-1,T cells,CL 1,CL 1
AGCATACAGGCTACGA-1,Mono,Mono,Mono
AGCATACAGGGAGTAA-1,T cells,CD8 T,T cells
AGCATACAGGGTTTCT-1,Mono,Mono,Mono
AGCATACAGGTGCACA-1,T cells,CD8 T,T cells
AGCATACAGTGCGATG-1,Mono,Mono,Mono
AGCATACAGTGGAGTC-1,T cells,CD8 T,T cells
AGCATACCAAAGCAAT-1,Mono,Mono,Mono
AGCATACCAATGACCT-1,Mono,Mono,Mono
AGCATACCAGGTCGTC-1,Mono,Mono,Mono
AGCATACCATGACGGA-1,Mono,Mono,Mono
AGCATACCATGCTGGC-1,Mono,DC,DC
AGCATACGTCGCTTTC-1,Mono,Mono,Mono
AGCATACGTGAGTGAC-1,B cells,CD8 T,T cells
AGCATACTCACGCGGT-1,B cells,B cells,B cells
AGCATACTCCATTCTA-1,B cells,B cells,B cells
AGCATACTCGCTGATA-1,T cells,CL 1,CL 1
AGCATACTCTACTCAT-1,B cells,B cells,B cells
AGCCTAAAGAGATGAG-1,NK,CD8 T,T cells
AGCCTAAAGATAGTCA-1,T cells,CD8 T,T cells
AGCCTAAAGATTACCC-1,Mono,Mono,Mono
AGCCTAAAGCAATCTC-1,B cells,B cells,B cells
AGCCTAAAGCTGTCTA-1,T cells,CL 1,CL 1
AGCCTAAAGGCGATAC-1,T cells,CL 1,CL 1
AGCCTAAAGTAGCCGA-1,NK,NK,NK
AGCCTAAAGTCGATAA-1,Mono,Mono,Mono
AGCCTAAAGTGAATTG-1,Mono,Mono,Mono
AGCCTAACAATCAGAA-1,B cells,CD8 T,T cells
AGCCTAACACAGATTC-1,T cells,CL 1,CL 1
AGCCTAACACATCCGG-1,T cells,CD8 T,T cells
AGCCTAACACTATCTT-1,T cells,CL 1,CL 1
AGCCTAAGTAAGGGAA-1,T cells,CD8 T,T cells
AGCCTAAGTATATGAG-1,Mono,Mono,Mono
AGCCTAAGTCTAAAGA-1,Mono,Mono,Mono
AGCCTAAGTGCTCTTC-1,Mono,Mono,Mono
AGCCTAATCACATGCA-1,Mono,Mono,Mono
AGCCTAATCATGCTCC-1,T cells,CD8 T,T cells
AGCCTAATCCCGGATG-1,B cells,B cells,B cells
AGCGGTCAGAAGGTGA-1,T cells,CD8 T,T cells
AGCGGTCAGAGCTGGT-1,B cells,B cells,B cells
AGCGGTCAGCTGGAAC-1,NK,CD8 T,T cells
AGCGGTCCAATGTAAG-1,Mono,Mono,Mono
AGCGGTCCACAGTCGC-1,NK,CD8 T,T cells
AGCGGTCCACCAGGCT-1,NK,CD8 T,T cells
AGCGGTCCACCATCCT-1,NK,CD8 T,T cells
AGCGGTCCAGTGGAGT-1,Mono,Mono,Mono
AGCGGTCCATACTCTT-1,Mono,Mono,Mono
AGCGGTCCATATGCTG-1,Mono,Mono,Mono
AGCGGTCCATGTCTCC-1,T cells,CD8 T,T cells
AGCGGTCGTATTAGCC-1,T cells,CL 1,CL 1
AGCGGTCGTCCTAGCG-1,T cells,CD8 T,T cells
AGCGGTCGTGGCCCTA-1,NK,NK,NK
AGCGGTCGTGGGTCAA-1,Mono,Mono,Mono
AGCGGTCGTGGTCTCG-1,T cells,CD8 T,T cells
AGCGGTCGTGGTGTAG-1,Mono,Mono,Mono
AGCGGTCGTTTGACTG-1,T cells,CD8 T,T cells
AGCGGTCTCCGAGCCA-1,T cells,CL 1,CL 1
AGCGGTCTCGTGGGAA-1,Mono,Mono,Mono
AGCGTATAGAAACGAG-1,Mono,Mono,Mono
AGCGTATAGACCGGAT-1,Mono,Mono,Mono
AGCGTATAGATAGGAG-1,T cells,CD8 T,T cells
AGCGTATAGGCAGGTT-1,T cells,CD8 T,T cells
AGCGTATAGTACGCCC-1,Mono,Mono,Mono
AGCGTATAGTTTAGGA-1,Mono,Mono,Mono
AGCGTATCACAAGACG-1,Mono,Mono,Mono
AGCGTATCACAGACTT-1,Mono,Mono,Mono
AGCGTATCACATAACC-1,T cells,CD8 T,T cells
AGCGTATCACCTCGGA-1,T cells,CL 1,CL 1
AGCGTATCACGTGAGA-1,T cells,CD8 T,T cells
AGCGTATCAGTGAGTG-1,T cells,CD8 T,T cells
AGCGTATGTACCGTAT-1,Mono,Mono,Mono
AGCGTATGTGGTAACG-1,T cells,CL 1,CL 1
AGCGTATTCAGCTTAG-1,B cells,B cells,B cells
AGCGTATTCCCAACGG-1,T cells,CD8 T,T cells
AGCGTATTCCTTGACC-1,Mono,Mono,Mono
AGCGTATTCGCGCCAA-1,B cells,B cells,B cells
AGCGTATTCTCACATT-1,NK,CD8 T,T cells
AGCGTCGAGATGTAAC-1,Mono,DC,DC
AGCGTCGAGTTAACGA-1,B cells,B cells,B cells
AGCGTCGAGTTCGCAT-1,T cells,CD8 T,T cells
AGCGTCGGTCCAAGTT-1,B cells,B cells,B cells
AGCGTCGGTTGGAGGT-1,Mono,Mono,Mono
AGCGTCGTCACCGGGT-1,T cells,CD8 T,T cells
AGCGTCGTCCTTGACC-1,T cells,CD8 T,T cells
AGCGTCGTCGTGACAT-1,T cells,CD8 T,T cells
AGCGTCGTCTCTGTCG-1,Mono,Mono,Mono
AGCGTCGTCTGCAGTA-1,Mono,Mono,Mono
AGCGTCGTCTTGTACT-1,T cells,CD8 T,T cells
AGCTCCTAGACTACAA-1,B cells,B cells,B cells
AGCTCCTAGCCCAATT-1,T cells,CL 1,CL 1
AGCTCCTAGCTCAACT-1,Mono,Mono,Mono
AGCTCCTAGGTGACCA-1,B cells,B cells,B cells
AGCTCCTAGTCGAGTG-1,T cells,CL 1,CL 1
AGCTCCTCAAGGACTG-1,T cells,CD8 T,T cells
AGCTCCTCAAGTAGTA-1,T cells,CL 1,CL 1
AGCTCCTCAATGGAGC-1,B cells,B cells,B cells
AGCTCCTCACCTATCC-1,NK,CD8 T,T cells
AGCTCCTCACCTGGTG-1,B cells,B cells,B cells
AGCTCCTCAGCGTTCG-1,NK,NK,NK
AGCTCCTGTACATGTC-1,T cells,CD8 T,T cells
AGCTCCTGTACCGTAT-1,NK,CD8 T,T cells
AGCTCCTGTTCGGGCT-1,T cells,CD8 T,T cells
AGCTCCTGTTGCCTCT-1,T cells,CL 1,CL 1
AGCTCCTTCCAGAGGA-1,B cells,B cells,B cells
AGCTCCTTCGCTTGTC-1,Mono,Mono,Mono
AGCTCCTTCTCAAGTG-1,B cells,B cells,B cells
AGCTCTCAGTACGTTC-1,NK,CD8 T,T cells
AGCTCTCCAAGGTTCT-1,Mono,Mono,Mono
AGCTCTCCAGCTGGCT-1,B cells,B cells,B cells
AGCTCTCCAGTCGTGC-1,T cells,CD8 T,T cells
AGCTCTCCATGTAGTC-1,T cells,CL 1,CL 1
AGCTCTCGTAGGGACT-1,NK,CD8 T,T cells
AGCTCTCGTCGAAAGC-1,B cells,B cells,B cells
AGCTCTCGTGCCTGCA-1,NK,CD8 T,T cells
AGCTCTCGTTCGGGCT-1,T cells,CD8 T,T cells
AGCTCTCTCCAGAAGG-1,B cells,B cells,B cells
AGCTCTCTCCCTTGTG-1,T cells,CL 1,CL 1
AGCTCTCTCCGATATG-1,Mono,Mono,Mono
AGCTTGAAGAAGGTGA-1,T cells,CD8 T,T cells
AGCTTGACAAACGTGG-1,T cells,CL 1,CL 1
AGCTTGACAACTGCTA-1,B cells,B cells,B cells
AGCTTGACAAGCGATG-1,T cells,CD8 T,T cells
AGCTTGACACCAGCAC-1,Mono,Mono,Mono
AGCTTGACACCATCCT-1,T cells,CD8 T,T cells
AGCTTGACACCGTTGG-1,T cells,CD8 T,T cells
AGCTTGACAGATCCAT-1,T cells,CD8 T,T cells
AGCTTGACATTCCTCG-1,T cells,CD8 T,T cells
AGCTTGAGTAGCGCAA-1,Mono,Mono,Mono
AGCTTGAGTCATATGC-1,Mono,Mono,Mono
AGCTTGAGTGACGGTA-1,T cells,CD8 T,T cells
AGCTTGAGTGTCTGAT-1,NK,CD8 T,T cells
AGCTTGAGTGTGCGTC-1,T cells,CL 1,CL 1
AGCTTGAGTTAAGAAC-1,T cells,CD8 T,T cells
AGCTTGAGTTTGGCGC-1,B cells,B cells,B cells
AGCTTGATCACCATAG-1,B cells,B cells,B cells
AGCTTGATCCTCCTAG-1,T cells,CD8 T,T cells
AGCTTGATCGATCCCT-1,T cells,CL 1,CL 1
AGGCCACAGCACACAG-1,Mono,Mono,Mono
AGGCCACAGCCTCGTG-1,T cells,CD8 T,T cells
AGGCCACAGCTAACTC-1,T cells,CD8 T,T cells
AGGCCACAGGCCCTCA-1,B cells,B cells,B cells
AGGCCACAGTTCGCAT-1,B cells,B cells,B cells
AGGCCACCAAGCCCAC-1,T cells,CD8 T,T cells
AGGCCACCACCGAAAG-1,NK,CD8 T,T cells
AGGCCACCAGCGTCCA-1,T cells,CD8 T,T cells
AGGCCACCAGCTGTTA-1,Mono,Mono,Mono
AGGCCACCATTGGCGC-1,T cells,CD8 T,T cells
AGGCCACGTACATCCA-1,Mono,Mono,Mono
AGGCCACGTATAAACG-1,B cells,B cells,B cells
AGGCCACGTCATCCCT-1,T cells,CD8 T,T cells
AGGCCACGTTATCACG-1,B cells,B cells,B cells
AGGCCACGTTCGCGAC-1,Mono,Mono,Mono
AGGCCACGTTCGGCAC-1,T cells,CD8 T,T cells
AGGCCACTCATCTGCC-1,NK,NK,NK
AGGCCACTCATGTCTT-1,Mono,Mono,Mono
AGGCCACTCGAACGGA-1,T cells,CD8 T,T cells
AGGCCACTCGCGTTTC-1,Mono,Mono,Mono
AGGCCACTCGTAGGTT-1,T cells,CD8 T,T cells
AGGCCACTCTGGGCCA-1,T cells,CD8 T,T cells
AGGCCACTCTTGAGGT-1,T cells,CL 1,CL 1
AGGCCACTCTTGCATT-1,Mono,Mono,Mono
AGGCCACTCTTTAGGG-1,B cells,CD8 T,T cells
AGGCCGTAGAAGGGTA-1,Mono,Mono,Mono
AGGCCGTAGACAAAGG-1,B cells,B cells,B cells
AGGCCGTAGCTGATAA-1,Mono,Mono,Mono
AGGCCGTAGGAGTACC-1,T cells,CD8 T,T cells
AGGCCGTAGTAATCCC-1,Mono,Mono,Mono
AGGCCGTCAATGGAGC-1,T cells,CD8 T,T cells
AGGCCGTCACAGATTC-1,T cells,CL 1,CL 1
AGGCCGTCATATGAGA-1,B cells,B cells,B cells
AGGCCGTGTAAGTGTA-1,T cells,CL 1,CL 1
AGGCCGTGTCGCGAAA-1,T cells,CD8 T,T cells
AGGCCGTGTTGAGGTG-1,T cells,CD8 T,T cells
AGGCCGTTCACATACG-1,Mono,Mono,Mono
AGGCCGTTCGACGGAA-1,NK,NK,NK
AGGCCGTTCGCAAGCC-1,T cells,CD8 T,T cells
AGGCCGTTCGCAGGCT-1,B cells,B cells,B cells
AGGGAGTAGAGAGCTC-1,T cells,CD8 T,T cells
AGGGAGTAGATGCGAC-1,T cells,CL 1,CL 1
AGGGAGTAGCCAGGAT-1,Mono,Mono,Mono
AGGGAGTAGCGTCTAT-1,Mono,Mono,Mono
AGGGAGTAGTCGATAA-1,Mono,Mono,Mono
AGGGAGTCAACACGCC-1,NK,NK,NK
AGGGAGTCAACTGCTA-1,T cells,CL 1,CL 1
AGGGAGTCACGGTGTC-1,Mono,Mono,Mono
AGGGAGTCATATGCTG-1,NK,CD8 T,T cells
AGGGAGTGTAAATGTG-1,B cells,B cells,B cells
AGGGAGTGTAATAGCA-1,Mono,Mono,Mono
AGGGAGTGTACAGTGG-1,B cells,B cells,B cells
AGGGAGTGTAGGCTGA-1,T cells,CD8 T,T cells
AGGGAGTGTGTTCTTT-1,Mono,Mono,Mono
AGGGAGTGTTCCACAA-1,T cells,CL 1,CL 1
AGGGAGTTCTCTGTCG-1,T cells,CD8 T,T cells
AGGGATGAGCACCGTC-1,Mono,Mono,Mono
AGGGATGAGCATGGCA-1,Mono,Mono,Mono
AGGGATGCAAAGTCAA-1,B cells,DC,DC
AGGGATGCAAGGTTCT-1,Mono,Mono,Mono
AGGGATGCAAGTAGTA-1,B cells,B cells,B cells
AGGGATGCATCCGCGA-1,B cells,CD8 T,T cells
AGGGATGCATGGATGG-1,T cells,CL 1,CL 1
AGGGATGGTCAATACC-1,T cells,CD8 T,T cells
AGGGATGGTCATATGC-1,B cells,B cells,B cells
AGGGATGGTCCGCTGA-1,Mono,Mono,Mono
AGGGATGTCCAGATCA-1,Mono,Mono,Mono
AGGGATGTCGCGTAGC-1,T cells,CL 1,CL 1
AGGGATGTCTTCGGTC-1,T cells,CD8 T,T cells
AGGGTGAAGAGGGCTT-1,B cells,B cells,B cells
AGGGTGAAGGCATGTG-1,T cells,CL 1,CL 1
AGGGTGAAGTGGGATC-1,T cells,CD8 T,T cells
AGGGTGACAAGAGTCG-1,Mono,Mono,Mono
AGGGTGACAAGGGTCA-1,Mono,Mono,Mono
AGGGTGACAATGAAAC-1,Mono,Mono,Mono
AGGGTGACACACCGAC-1,NK,CD8 T,T cells
AGGGTGACACCAACCG-1,NK,NK,NK
AGGGTGACACTACAGT-1,Mono,Mono,Mono
AGGGTGACAGGCAGTA-1,T cells,CL 1,CL 1
AGGGTGACAGTTTACG-1,B cells,B cells,B cells
AGGGTGAGTAAACGCG-1,T cells,CD8 T,T cells
AGGGTGAGTAACGCGA-1,NK,CD8 T,T cells
AGGGTGAGTAAGTAGT-1,Mono,Mono,Mono
AGGGTGAGTACCGTTA-1,B cells,B cells,B cells
AGGGTGAGTCGATTGT-1,Mono,Mono,Mono
AGGGTGAGTGCAGACA-1,T cells,CL 1,CL 1
AGGGTGAGTGCGGTAA-1,T cells,CD8 T,T cells
AGGGTGAGTGTGGCTC-1,NK,NK,NK
AGGGTGAGTTGATTCG-1,Mono,Mono,Mono
AGGGTGATCACCTTAT-1,T cells,CD8 T,T cells
AGGGTGATCCATGAGT-1,T cells,CD8 T,T cells
AGGGTGATCCGCAGTG-1,Mono,Mono,Mono
AGGGTGATCCGGCACA-1,T cells,CL 1,CL 1
AGGGTGATCCTGTACC-1,Mono,Mono,Mono
AGGGTGATCGCCAAAT-1,T cells,CL 1,CL 1
AGGTCATAGCTAAGAT-1,Mono,DC,DC
AGGTCATAGGATGTAT-1,Mono,Mono,Mono
AGGTCATAGTCTCCTC-1,B cells,CD8 T,T cells
AGGTCATCAACACCTA-1,T cells,CL 1,CL 1
AGGTCATCACATTCGA-1,B cells,B cells,B cells
AGGTCATCACCGAAAG-1,Mono,Mono,Mono
AGGTCATCACTGCCAG-1,T cells,CD8 T,T cells
AGGTCATCATTCACTT-1,B cells,B cells,B cells
AGGTCATGTAAGGGAA-1,T cells,CL 1,CL 1
AGGTCATGTCAAAGAT-1,NK,CD8 T,T cells
AGGTCATGTCAGCTAT-1,NK,CD8 T,T cells
AGGTCATGTGGCCCTA-1,T cells,CD8 T,T cells
AGGTCATGTTCCGGCA-1,Mono,Mono,Mono
AGGTCATTCAGAGGTG-1,B cells,B cells,B cells
AGGTCATTCATTGCGA-1,NK,NK,NK
AGGTCATTCCACGTTC-1,Mono,Mono,Mono
AGGTCATTCGGATGGA-1,T cells,CD8 T,T cells
AGGTCCGAGAATTGTG-1,T cells,CD8 T,T cells
AGGTCCGAGCCTCGTG-1,T cells,CD8 T,T cells
AGGTCCGAGCTAACTC-1,NK,CD8 T,T cells
AGGTCCGAGCTACCTA-1,B cells,CD8 T,T cells
AGGTCCGAGGAATGGA-1,T cells,CD8 T,T cells
AGGTCCGAGGTACTCT-1,B cells,B cells,B cells
AGGTCCGAGTAGGCCA-1,Mono,Mono,Mono
AGGTCCGCATCGGGTC-1,NK,CD8 T,T cells
AGGTCCGCATGAACCT-1,T cells,CD8 T,T cells
AGGTCCGGTAACGACG-1,NK,CD8 T,T cells
AGGTCCGGTACCGCTG-1,Mono,Mono,Mono
AGGTCCGGTACGACCC-1,T cells,CD8 T,T cells
AGGTCCGGTATGCTTG-1,T cells,CD8 T,T cells
AGGTCCGTCCATGAAC-1,Mono,Mono,Mono
AGGTCCGTCCGCGGTA-1,Mono,Mono,Mono
AGGTCCGTCGATCCCT-1,T cells,CL 1,CL 1
AGTAGTCAGAGCTGCA-1,T cells,CD8 T,T cells
AGTAGTCAGAGGGCTT-1,NK,CD8 T,T cells
AGTAGTCAGATATGGT-1,Mono,Mono,Mono
AGTAGTCAGCAATATG-1,NK,CD8 T,T cells
AGTAGTCAGCCACGTC-1,T cells,CL 1,CL 1
AGTAGTCCAAGCCTAT-1,Mono,Mono,Mono
AGTAGTCCAATAAGCA-1,Mono,Mono,Mono
AGTAGTCCAATTGCTG-1,Platelet,Mono,Mono
AGTAGTCCACCTGGTG-1,T cells,CD8 T,T cells
AGTAGTCCAGCTGTTA-1,T cells,CL 1,CL 1
AGTAGTCCATACTCTT-1,B cells,CD8 T,T cells
AGTAGTCGTAAGGGAA-1,T cells,CD8 T,T cells
AGTAGTCGTACTTCTT-1,NK,NK,NK
AGTAGTCGTATAGTAG-1,B cells,B cells,B cells
AGTAGTCGTATGGTTC-1,Mono,Mono,Mono
AGTAGTCGTTAAGGGC-1,T cells,CD8 T,T cells
AGTAGTCTCACGACTA-1,B cells,B cells,B cells
AGTAGTCTCGATAGAA-1,T cells,CL 1,CL 1
AGTAGTCTCTACCTGC-1,T cells,CD8 T,T cells
AGTCTTTAGAATAGGG-1,T cells,CD8 T,T cells
AGTCTTTAGAGTCGGT-1,T cells,CL 1,CL 1
AGTCTTTAGGGATGGG-1,NK,NK,NK
AGTCTTTCACAGATTC-1,T cells,CL 1,CL 1
AGTCTTTCATCTACGA-1,Mono,Mono,Mono
AGTCTTTCATGGGAAC-1,Mono,Mono,Mono
AGTCTTTCATGTCTCC-1,T cells,CD8 T,T cells
AGTCTTTGTAAATGAC-1,Mono,Mono,Mono
AGTCTTTGTCCAGTAT-1,B cells,B cells,B cells
AGTCTTTGTTCAGCGC-1,T cells,CL 1,CL 1
AGTCTTTTCCACGTTC-1,T cells,CD8 T,T cells
AGTCTTTTCGGTGTCG-1,B cells,B cells,B cells
AGTCTTTTCGTAGGTT-1,Mono,Mono,Mono
AGTCTTTTCTCTTGAT-1,T cells,CD8 T,T cells
AGTCTTTTCTGTCAAG-1,T cells,CL 1,CL 1
AGTCTTTTCTGTTTGT-1,Mono,Mono,Mono
AGTCTTTTCTTACCTA-1,B cells,B cells,B cells
AGTCTTTTCTTCTGGC-1,Mono,Mono,Mono
AGTGAGGAGCATGGCA-1,Mono,Mono,Mono
AGTGAGGAGGTCATCT-1,T cells,CL 1,CL 1
AGTGAGGAGTAAGTAC-1,T cells,CL 1,CL 1
AGTGAGGAGTCTCCTC-1,T cells,CD8 T,T cells
AGTGAGGCAACTGCTA-1,B cells,B cells,B cells
AGTGAGGCAAGAGGCT-1,B cells,B cells,B cells
AGTGAGGCACAGGTTT-1,B cells,DC,DC
AGTGAGGCACATCTTT-1,Mono,Mono,Mono
AGTGAGGCACCACGTG-1,T cells,CD8 T,T cells
AGTGAGGCACCCATGG-1,B cells,B cells,B cells
AGTGAGGCACGCTTTC-1,T cells,CD8 T,T cells
AGTGAGGCACTAGTAC-1,T cells,CD8 T,T cells
AGTGAGGCAGTATCTG-1,Mono,Mono,Mono
AGTGAGGGTGCAACGA-1,B cells,CD8 T,T cells
AGTGAGGGTGGTACAG-1,T cells,CD8 T,T cells
AGTGAGGGTTTAAGCC-1,Mono,Mono,Mono
AGTGAGGGTTTGTTGG-1,T cells,CL 1,CL 1
AGTGAGGTCACTGGGC-1,Mono,Mono,Mono
AGTGAGGTCACTTCAT-1,T cells,CL 1,CL 1
AGTGAGGTCCAAGCCG-1,Mono,Mono,Mono
AGTGAGGTCCAGAAGG-1,T cells,CD8 T,T cells
AGTGAGGTCCGCATAA-1,NK,NK,NK
AGTGAGGTCGACAGCC-1,NK,CD8 T,T cells
AGTGAGGTCGGCGCAT-1,T cells,CL 1,CL 1
AGTGAGGTCGTATCAG-1,Mono,Mono,Mono
AGTGAGGTCGTCACGG-1,T cells,CD8 T,T cells
AGTGAGGTCGTTACGA-1,T cells,CL 1,CL 1
AGTGAGGTCTGTTGAG-1,Mono,Mono,Mono
AGTGGGAAGAACAACT-1,B cells,B cells,B cells
AGTGGGAAGTCGTTTG-1,T cells,CL 1,CL 1
AGTGGGACAGACAGGT-1,NK,CD8 T,T cells
AGTGGGACAGTAACGG-1,T cells,CD8 T,T cells
AGTGGGACATCCGGGT-1,NK,CD8 T,T cells
AGTGGGACATTCTTAC-1,B cells,B cells,B cells
AGTGGGAGTACTCGCG-1,B cells,B cells,B cells
AGTGGGAGTAGAGTGC-1,NK,NK,NK
AGTGGGAGTCACCCAG-1,B cells,CL 1,CL 1
AGTGGGAGTCGGCACT-1,Mono,Mono,Mono
AGTGGGAGTTCCATGA-1,T cells,CL 1,CL 1
AGTGGGATCATTATCC-1,NK,NK,NK
AGTGGGATCTGCTGTC-1,T cells,CL 1,CL 1
AGTGTCAAGACGACGT-1,T cells,CD8 T,T cells
AGTGTCAAGTATCTCG-1,B cells,B cells,B cells
AGTGTCAAGTCTCGGC-1,B cells,B cells,B cells
AGTGTCAAGTGTACTC-1,Mono,Mono,Mono
AGTGTCACAAGTTAAG-1,Mono,Mono,Mono
AGTGTCACACGGCCAT-1,T cells,CD8 T,T cells
AGTGTCACAGCTATTG-1,B cells,B cells,B cells
AGTGTCAGTAAGAGAG-1,Mono,Mono,Mono
AGTGTCAGTAAGAGGA-1,B cells,B cells,B cells
AGTGTCAGTCCTCTTG-1,B cells,B cells,B cells
AGTGTCAGTCGCGTGT-1,B cells,B cells,B cells
AGTGTCAGTCTCGTTC-1,T cells,CL 1,CL 1
AGTGTCAGTGTTTGGT-1,T cells,CD8 T,T cells
AGTGTCAGTTAAAGTG-1,T cells,CD8 T,T cells
AGTGTCAGTTATCCGA-1,Mono,Mono,Mono
AGTGTCAGTTCAGACT-1,NK,CD8 T,T cells
AGTGTCAGTTGAGTTC-1,Mono,Mono,Mono
AGTGTCATCGACGGAA-1,NK,CD8 T,T cells
AGTGTCATCTCTGAGA-1,NK,CD8 T,T cells
AGTGTCATCTGCGTAA-1,B cells,B cells,B cells
AGTTGGTAGACCGGAT-1,T cells,CL 1,CL 1
AGTTGGTAGGCATGGT-1,B cells,B cells,B cells
AGTTGGTCAAAGTCAA-1,T cells,CL 1,CL 1
AGTTGGTCAGTGGAGT-1,T cells,CL 1,CL 1
AGTTGGTGTATGGTTC-1,NK,CD8 T,T cells
AGTTGGTGTCCGAAGA-1,NK,NK,NK
AGTTGGTGTCGCCATG-1,B cells,B cells,B cells
AGTTGGTGTCTAGTCA-1,T cells,CD8 T,T cells
AGTTGGTGTTGAGGTG-1,B cells,B cells,B cells
AGTTGGTGTTGGAGGT-1,NK,NK,NK
AGTTGGTGTTGGTGGA-1,NK,CD8 T,T cells
AGTTGGTTCATGTCTT-1,T cells,CL 1,CL 1
AGTTGGTTCCGTAGTA-1,NK,NK,NK
AGTTGGTTCGCGTTTC-1,T cells,CD8 T,T cells
AGTTGGTTCTAACGGT-1,T cells,CD8 T,T cells
ATAACGCAGCGCCTCA-1,NK,CD8 T,T cells
ATAACGCCACGGACAA-1,B cells,B cells,B cells
ATAACGCCACGGTAGA-1,NK,CD8 T,T cells
ATAACGCCAGGCAGTA-1,B cells,B cells,B cells
ATAACGCCATGCCCGA-1,NK,CD8 T,T cells
ATAACGCGTCTCCCTA-1,Mono,Mono,Mono
ATAACGCGTTGTCTTT-1,Mono,Mono,Mono
ATAACGCTCACCCGAG-1,T cells,CD8 T,T cells
ATAACGCTCAGTCAGT-1,Mono,Mono,Mono
ATAACGCTCGAATCCA-1,T cells,CD8 T,T cells
ATAACGCTCGGTTCGG-1,T cells,CL 1,CL 1
ATAAGAGAGCGTCAAG-1,B cells,B cells,B cells
ATAAGAGAGGTCATCT-1,Mono,Mono,Mono
ATAAGAGAGTACGATA-1,T cells,CD8 T,T cells
ATAAGAGCAAGCGTAG-1,Mono,Mono,Mono
ATAAGAGCACTGTCGG-1,Mono,Mono,Mono
ATAAGAGCATCGGACC-1,T cells,CD8 T,T cells
ATAAGAGCATTGAGCT-1,NK,CD8 T,T cells
ATAAGAGGTAAACACA-1,Mono,Mono,Mono
ATAAGAGGTACCATCA-1,NK,NK,NK
ATAAGAGGTCATACTG-1,T cells,CD8 T,T cells
ATAAGAGTCACTGGGC-1,NK,NK,NK
ATAAGAGTCAGGTTCA-1,B cells,B cells,B cells
ATAGACCAGAATTCCC-1,NK,CD8 T,T cells
ATAGACCAGATGCGAC-1,T cells,CL 1,CL 1
ATAGACCAGTCCGGTC-1,B cells,B cells,B cells
ATAGACCAGTGTACGG-1,Mono,Mono,Mono
ATAGACCCAGCTGTTA-1,B cells,B cells,B cells
ATAGACCCAGGAATCG-1,T cells,CD8 T,T cells
ATAGACCCATATGAGA-1,B cells,B cells,B cells
ATAGACCCATATGCTG-1,T cells,CL 1,CL 1
ATAGACCGTATGAAAC-1,T cells,CD8 T,T cells
ATAGACCGTCTAGCGC-1,T cells,CD8 T,T cells
ATAGACCGTGCCTGCA-1,Mono,Mono,Mono
ATAGACCGTTCAACCA-1,B cells,B cells,B cells
ATAGACCTCAGGCGAA-1,Mono,Mono,Mono
ATAGACCTCGAGAACG-1,T cells,CD8 T,T cells
ATAGACCTCTGCCCTA-1,T cells,CL 1,CL 1
ATCACGAAGACACTAA-1,T cells,CD8 T,T cells
ATCACGAAGAGGTAGA-1,T cells,CD8 T,T cells
ATCACGAAGAGGTTGC-1,T cells,CL 1,CL 1
ATCACGAAGCTTATCG-1,Mono,Mono,Mono
ATCACGAAGGAGCGTT-1,T cells,CD8 T,T cells
ATCACGAAGGGCACTA-1,T cells,CL 1,CL 1
ATCACGACAAGTTGTC-1,NK,CD8 T,T cells
ATCACGACACAGGTTT-1,Mono,Mono,Mono
ATCACGACAGGTCGTC-1,Mono,Mono,Mono
ATCACGACATGCAATC-1,Mono,Mono,Mono
ATCACGACATGGTAGG-1,Mono,Mono,Mono
ATCACGAGTACCGAGA-1,T cells,CL 1,CL 1
ATCACGAGTACCGGCT-1,NK,B cells,B cells
ATCACGAGTACTTAGC-1,Mono,Mono,Mono
ATCACGAGTATGAATG-1,Mono,DC,DC
ATCACGAGTCCAGTTA-1,T cells,CD8 T,T cells
ATCACGAGTCCATCCT-1,T cells,CD8 T,T cells
ATCACGAGTCTTCAAG-1,Mono,Mono,Mono
ATCACGAGTGAGGCTA-1,T cells,CD8 T,T cells
ATCACGAGTTTCGCTC-1,T cells,CL 1,CL 1
ATCACGATCAGCATGT-1,Mono,Mono,Mono
ATCACGATCCACGTGG-1,NK,CD8 T,T cells
ATCACGATCTAAGCCA-1,Mono,Mono,Mono
ATCACGATCTTGTTTG-1,B cells,B cells,B cells
ATCATCTAGACAATAC-1,T cells,CD8 T,T cells
ATCATCTAGCCAACAG-1,B cells,B cells,B cells
ATCATCTAGCTAACAA-1,T cells,CL 1,CL 1
ATCATCTAGGAATGGA-1,T cells,CD8 T,T cells
ATCATCTAGTCATCCA-1,T cells,CD8 T,T cells
ATCATCTAGTCCGTAT-1,Mono,Mono,Mono
ATCATCTAGTGAACGC-1,T cells,CD8 T,T cells
ATCATCTCAAAGGAAG-1,T cells,CD8 T,T cells
ATCATCTCAAGCCATT-1,Mono,DC,DC
ATCATCTCACATTCGA-1,Mono,Mono,Mono
ATCATCTCACGAAACG-1,T cells,CD8 T,T cells
ATCATCTCAGACTCGC-1,B cells,CD8 T,T cells
ATCATCTCAGGGTATG-1,NK,CD8 T,T cells
ATCATCTGTCTGATTG-1,T cells,CL 1,CL 1
ATCATCTGTGCACCAC-1,T cells,CD8 T,T cells
ATCATCTTCAACACGT-1,NK,CD8 T,T cells
ATCATCTTCACAATGC-1,T cells,CD8 T,T cells
ATCATCTTCACGAAGG-1,T cells,CL 1,CL 1
ATCATCTTCCGTACAA-1,B cells,B cells,B cells
ATCATCTTCCGTCAAA-1,T cells,CD8 T,T cells
ATCATCTTCGAACTGT-1,Mono,Mono,Mono
ATCATCTTCGGAATCT-1,T cells,CL 1,CL 1
ATCATCTTCGGCTTGG-1,T cells,CD8 T,T cells
ATCATCTTCTCATTCA-1,B cells,B cells,B cells
ATCATCTTCTGAAAGA-1,T cells,CD8 T,T cells
ATCATGGAGACAGGCT-1,Mono,Mono,Mono
ATCATGGAGATGTGGC-1,Mono,Mono,Mono
ATCATGGAGCGATCCC-1,Mono,Mono,Mono
ATCATGGAGCTAGTCT-1,T cells,CL 1,CL 1
ATCATGGAGGATTCGG-1,NK,CD8 T,T cells
ATCATGGAGTGTCTCA-1,T cells,CL 1,CL 1
ATCATGGAGTTAACGA-1,Mono,Mono,Mono
ATCATGGCAATGGATA-1,Mono,Mono,Mono
ATCATGGCACACAGAG-1,B cells,B cells,B cells
ATCATGGCACATGTGT-1,Mono,Mono,Mono
ATCATGGCAGCTGTAT-1,T cells,CL 1,CL 1
ATCATGGGTACAGCAG-1,Mono,Mono,Mono
ATCATGGGTGAGCGAT-1,T cells,Mono,Mono
ATCATGGGTTACTGAC-1,Mono,Mono,Mono
ATCATGGGTTGTCGCG-1,NK,NK,NK
ATCATGGTCACTTATC-1,Mono,Mono,Mono
ATCATGGTCATAACCG-1,T cells,CD8 T,T cells
ATCATGGTCCACGAAT-1,Mono,Mono,Mono
ATCATGGTCTGTTGAG-1,T cells,CD8 T,T cells
ATCATGGTCTTGCATT-1,T cells,CD8 T,T cells
ATCCACCAGCGGATCA-1,NK,CD8 T,T cells
ATCCACCAGGATGCGT-1,T cells,CL 1,CL 1
ATCCACCCAACGATGG-1,T cells,CL 1,CL 1
ATCCACCCAAGTAATG-1,B cells,B cells,B cells
ATCCACCCAATCGGTT-1,Mono,DC,DC
ATCCACCCAATCTGCA-1,Mono,Mono,Mono
ATCCACCCATAACCTG-1,NK,CD8 T,T cells
ATCCACCCATCCAACA-1,T cells,CL 1,CL 1
ATCCACCGTACTTGAC-1,T cells,CL 1,CL 1
ATCCACCGTAGGCTGA-1,T cells,CD8 T,T cells
ATCCACCGTCGGCACT-1,Mono,Mono,Mono
ATCCACCGTTTCGCTC-1,T cells,CL 1,CL 1
ATCCGAAAGAAACGAG-1,T cells,CL 1,CL 1
ATCCGAAAGCACAGGT-1,T cells,CL 1,CL 1
ATCCGAAAGGCCATAG-1,T cells,CL 1,CL 1
ATCCGAAAGTACGTAA-1,Platelet,Mono,Mono
ATCCGAAAGTAGTGCG-1,T cells,CD8 T,T cells
ATCCGAACACAAGTAA-1,B cells,B cells,B cells
ATCCGAACATTACCTT-1,T cells,CL 1,CL 1
ATCCGAAGTCTGCCAG-1,NK,CD8 T,T cells
ATCCGAATCACAGGCC-1,Mono,Mono,Mono
ATCCGAATCCAGATCA-1,B cells,B cells,B cells
ATCCGAATCCTGCTTG-1,NK,CD8 T,T cells
ATCGAGTAGAGTCTGG-1,T cells,CD8 T,T cells
ATCGAGTAGATGTGGC-1,Mono,Mono,Mono
ATCGAGTAGGAGTTTA-1,Mono,Mono,Mono
ATCGAGTAGGTGATAT-1,T cells,CL 1,CL 1
ATCGAGTCACAGCGTC-1,T cells,CL 1,CL 1
ATCGAGTCACCAACCG-1,Mono,Mono,Mono
ATCGAGTGTCAAAGCG-1,NK,NK,NK
ATCGAGTGTCATGCAT-1,B cells,B cells,B cells
ATCGAGTGTCTTCAAG-1,Mono,Mono,Mono
ATCGAGTGTTATGCGT-1,T cells,CL 1,CL 1
ATCGAGTTCAGGCAAG-1,Mono,DC,DC
ATCGAGTTCGGACAAG-1,Mono,Mono,Mono
ATCGAGTTCGGTGTTA-1,Mono,Mono,Mono
ATCGAGTTCTTACCTA-1,Mono,Mono,Mono
ATCTACTAGACACGAC-1,T cells,CL 1,CL 1
ATCTACTAGCTACCGC-1,T cells,CD8 T,T cells
ATCTACTAGGCTCAGA-1,T cells,CD8 T,T cells
ATCTACTAGTACGATA-1,Mono,Mono,Mono
ATCTACTAGTACGCCC-1,NK,CD8 T,T cells
ATCTACTAGTTGTAGA-1,T cells,CD8 T,T cells
ATCTACTAGTTTCCTT-1,NK,NK,NK
ATCTACTCACGCCAGT-1,Mono,Mono,Mono
ATCTACTCAGGCAGTA-1,Mono,Mono,Mono
ATCTACTCATGCAATC-1,T cells,CL 1,CL 1
ATCTACTCATGCCACG-1,T cells,CD8 T,T cells
ATCTACTGTAAGGGCT-1,NK,CD8 T,T cells
ATCTACTGTAATAGCA-1,Mono,Mono,Mono
ATCTACTGTCCTCTTG-1,T cells,CL 1,CL 1
ATCTACTGTTGTTTGG-1,T cells,CL 1,CL 1
ATCTACTTCACAACGT-1,Mono,Mono,Mono
ATCTACTTCGTTTATC-1,Mono,Mono,Mono
ATCTGCCAGACAGGCT-1,Mono,Mono,Mono
ATCTGCCAGATGCCAG-1,NK,NK,NK
ATCTGCCAGCCACCTG-1,T cells,CD8 T,T cells
ATCTGCCAGCCATCGC-1,T cells,CD8 T,T cells
ATCTGCCAGGTAGCTG-1,B cells,CD8 T,T cells
ATCTGCCCAAACAACA-1,T cells,CD8 T,T cells
ATCTGCCCAAACGTGG-1,T cells,CD8 T,T cells
ATCTGCCCACACCGAC-1,T cells,CD8 T,T cells
ATCTGCCCAGATCTGT-1,B cells,B cells,B cells
ATCTGCCCATCTATGG-1,T cells,CD8 T,T cells
ATCTGCCGTAAATGAC-1,Mono,Mono,Mono
ATCTGCCGTCAGATAA-1,T cells,CL 1,CL 1
ATCTGCCGTCGCTTTC-1,T cells,CD8 T,T cells
ATCTGCCGTCTAGGTT-1,Mono,Mono,Mono
ATCTGCCGTTACGCGC-1,T cells,CD8 T,T cells
ATCTGCCGTTACTGAC-1,T cells,CD8 T,T cells
ATCTGCCGTTCTGTTT-1,Mono,Mono,Mono
ATCTGCCGTTGGAGGT-1,B cells,B cells,B cells
ATCTGCCGTTTCGCTC-1,T cells,CL 1,CL 1
ATCTGCCTCACCCGAG-1,Platelet,Mono,Mono
ATCTGCCTCCATGCTC-1,Mono,DC,DC
ATCTGCCTCTGTCAAG-1,NK,CD8 T,T cells
ATCTGCCTCTGTCTCG-1,T cells,CL 1,CL 1
ATCTGCCTCTTCAACT-1,T cells,CL 1,CL 1
ATGAGGGAGACCCACC-1,Platelet,Mono,Mono
ATGAGGGAGGAATCGC-1,Mono,Mono,Mono
ATGAGGGAGGACTGGT-1,NK,CD8 T,T cells
ATGAGGGAGTAATCCC-1,Mono,Mono,Mono
ATGAGGGAGTAGGTGC-1,T cells,CL 1,CL 1
ATGAGGGAGTCCTCCT-1,NK,CD8 T,T cells
ATGAGGGCAATCACAC-1,T cells,CL 1,CL 1
ATGAGGGCACCGATAT-1,T cells,CL 1,CL 1
ATGAGGGCACCTCGTT-1,Mono,Mono,Mono
ATGAGGGCACTCGACG-1,B cells,B cells,B cells
ATGAGGGCATCCGGGT-1,B cells,B cells,B cells
ATGAGGGCATGCGCAC-1,T cells,CD8 T,T cells
ATGAGGGGTACCTACA-1,T cells,CD8 T,T cells
ATGAGGGTCACGACTA-1,T cells,CL 1,CL 1
ATGCGATAGACATAAC-1,T cells,CD8 T,T cells
ATGCGATAGATCACGG-1,B cells,B cells,B cells
ATGCGATCAATGAAAC-1,Mono,Mono,Mono
ATGCGATCAATGGAAT-1,NK,NK,NK
ATGCGATCACCTTGTC-1,T cells,CL 1,CL 1
ATGCGATCACGTTGGC-1,Mono,Mono,Mono
ATGCGATGTCACAAGG-1,B cells,DC,DC
ATGCGATGTTTGCATG-1,T cells,CL 1,CL 1
ATGCGATTCAGCATGT-1,Mono,Mono,Mono
ATGCGATTCGGAAATA-1,Mono,Mono,Mono
ATGCGATTCGGAGCAA-1,Mono,Mono,Mono
ATGGGAGAGACGACGT-1,Mono,Mono,Mono
ATGGGAGAGCGTTGCC-1,B cells,B cells,B cells
ATGGGAGAGCTAAACA-1,Mono,Mono,Mono
ATGGGAGAGGCTAGCA-1,Mono,Mono,Mono
ATGGGAGAGGGATGGG-1,B cells,B cells,B cells
ATGGGAGAGTACGTTC-1,Mono,Mono,Mono
ATGGGAGAGTTAGCGG-1,T cells,CL 1,CL 1
ATGGGAGCAATGGATA-1,T cells,CL 1,CL 1
ATGGGAGCACAGACAG-1,NK,NK,NK
ATGGGAGCACGAAAGC-1,T cells,CD8 T,T cells
ATGGGAGCATGGATGG-1,T cells,CD8 T,T cells
ATGGGAGGTAAGTGGC-1,Mono,Mono,Mono
ATGGGAGGTGTTCTTT-1,Mono,Mono,Mono
ATGGGAGGTTCCCGAG-1,T cells,CD8 T,T cells
ATGGGAGTCAGTTAGC-1,B cells,B cells,B cells
ATGGGAGTCCCTCTTT-1,B cells,B cells,B cells
ATGGGAGTCCCTTGTG-1,B cells,CL 1,CL 1
ATGGGAGTCTCCAGGG-1,T cells,CD8 T,T cells
ATGGGAGTCTGCCAGG-1,T cells,CD8 T,T cells
ATGGGAGTCTTATCTG-1,Mono,Mono,Mono
ATGTGTGAGCAACGGT-1,T cells,CL 1,CL 1
ATGTGTGAGCCCAGCT-1,T cells,CD8 T,T cells
ATGTGTGCAGGACGTA-1,Mono,Mono,Mono
ATGTGTGCAGTTTACG-1,B cells,B cells,B cells
ATGTGTGCATCACCCT-1,T cells,CD8 T,T cells
ATGTGTGGTCAAACTC-1,Mono,Mono,Mono
ATGTGTGGTGCTCTTC-1,Mono,Mono,Mono
ATGTGTGTCACAACGT-1,T cells,CD8 T,T cells
ATGTGTGTCCGTAGTA-1,B cells,B cells,B cells
ATGTGTGTCTCGATGA-1,NK,CD8 T,T cells
ATTACTCAGCAAATCA-1,B cells,B cells,B cells
ATTACTCAGCTGATAA-1,Mono,Mono,Mono
ATTACTCAGGAGTTTA-1,NK,CD8 T,T cells
ATTACTCAGGTACTCT-1,NK,NK,NK
ATTACTCCAACGATCT-1,T cells,CD8 T,T cells
ATTACTCCACGAGAGT-1,Mono,Mono,Mono
ATTACTCCAGATAATG-1,T cells,CD8 T,T cells
ATTACTCCAGATCTGT-1,T cells,CL 1,CL 1
ATTACTCCATGAACCT-1,Mono,Mono,Mono
ATTACTCCATTACGAC-1,B cells,B cells,B cells
ATTACTCGTCCAGTAT-1,B cells,B cells,B cells
ATTACTCGTCTAGCCG-1,Mono,Mono,Mono
ATTACTCGTTTGTTGG-1,Mono,Mono,Mono
ATTACTCTCAGTTTGG-1,T cells,CD8 T,T cells
ATTACTCTCCTAGTGA-1,B cells,B cells,B cells
ATTATCCAGGCTAGGT-1,B cells,B cells,B cells
ATTATCCCAAGTAATG-1,B cells,B cells,B cells
ATTATCCCAGACAGGT-1,T cells,CL 1,CL 1
ATTATCCCAGTGGAGT-1,B cells,B cells,B cells
ATTATCCGTAGAAAGG-1,B cells,B cells,B cells
ATTATCCGTCCCGACA-1,Mono,Mono,Mono
ATTATCCGTGTTAAGA-1,T cells,CD8 T,T cells
ATTATCCTCGAGGTAG-1,T cells,CL 1,CL 1
ATTATCCTCTTGTACT-1,T cells,CL 1,CL 1
ATTCTACAGAAGATTC-1,B cells,B cells,B cells
ATTCTACAGAGCTATA-1,T cells,CL 1,CL 1
ATTCTACCAAATACAG-1,Mono,Mono,Mono
ATTCTACCAAGACACG-1,T cells,CD8 T,T cells
ATTCTACCAAGAGGCT-1,NK,CD8 T,T cells
ATTCTACCAAGCGTAG-1,T cells,CD8 T,T cells
ATTCTACCAGACGTAG-1,NK,CD8 T,T cells
ATTCTACCAGCCTTGG-1,Mono,Mono,Mono
ATTCTACCATCGATGT-1,Mono,DC,DC
ATTCTACGTACCAGTT-1,T cells,CD8 T,T cells
ATTCTACGTAGCCTAT-1,Mono,Mono,Mono
ATTCTACGTCTCACCT-1,B cells,CD8 T,T cells
ATTCTACTCCGGGTGT-1,Mono,Mono,Mono
ATTCTACTCCTTTCTC-1,T cells,CL 1,CL 1
ATTCTACTCTCAAACG-1,B cells,B cells,B cells
ATTGGACAGACGCAAC-1,Mono,Mono,Mono
ATTGGACAGCTAGTTC-1,B cells,B cells,B cells
ATTGGACAGCTGCAAG-1,T cells,CL 1,CL 1
ATTGGACAGTGGAGTC-1,T cells,CD8 T,T cells
ATTGGACGTACCGAGA-1,T cells,CD8 T,T cells
ATTGGACGTAGGGTAC-1,T cells,CD8 T,T cells
ATTGGACTCAAGAAGT-1,T cells,CD8 T,T cells
ATTGGACTCACAAACC-1,NK,CD8 T,T cells
ATTGGACTCCGCGCAA-1,T cells,CD8 T,T cells
ATTGGACTCCTGCAGG-1,B cells,B cells,B cells
ATTGGACTCGTAGGTT-1,NK,CD8 T,T cells
ATTGGACTCTCGAGTA-1,B cells,CD8 T,T cells
ATTGGACTCTGGCGAC-1,T cells,CD8 T,T cells
ATTGGTGAGCGAGAAA-1,Mono,Mono,Mono
ATTGGTGAGTACGACG-1,B cells,B cells,B cells
ATTGGTGCAAAGTGCG-1,B cells,B cells,B cells
ATTGGTGCAAGCGATG-1,T cells,CL 1,CL 1
ATTGGTGCAAGTAATG-1,Mono,DC,DC
ATTGGTGCAAGTTAAG-1,Mono,Mono,Mono
ATTGGTGCACAACGTT-1,T cells,CD8 T,T cells
ATTGGTGCATTTGCCC-1,T cells,CL 1,CL 1
ATTGGTGGTCACCCAG-1,T cells,CD8 T,T cells
ATTGGTGGTCTGGAGA-1,T cells,CD8 T,T cells
ATTGGTGGTGATGATA-1,Mono,CD8 T,T cells
ATTGGTGGTTCGCTAA-1,Mono,Mono,Mono
ATTGGTGTCCTGTAGA-1,Mono,DC,DC
ATTGGTGTCCTTAATC-1,Mono,DC,DC
ATTGGTGTCGCTTGTC-1,B cells,B cells,B cells
ATTGGTGTCGTACCGG-1,NK,CD8 T,T cells
ATTGGTGTCGTAGGAG-1,T cells,CL 1,CL 1
ATTTCTGAGAGCCCAA-1,T cells,CL 1,CL 1
ATTTCTGAGGTAGCTG-1,T cells,CD8 T,T cells
ATTTCTGAGTACGCGA-1,T cells,CD8 T,T cells
ATTTCTGAGTATCGAA-1,NK,NK,NK
ATTTCTGAGTATGACA-1,B cells,B cells,B cells
ATTTCTGAGTTAACGA-1,Mono,Mono,Mono
ATTTCTGCAATGGAGC-1,Mono,Mono,Mono
ATTTCTGCACGGTGTC-1,Mono,Mono,Mono
ATTTCTGCACTCGACG-1,T cells,CD8 T,T cells
ATTTCTGCAGCGTAAG-1,T cells,CD8 T,T cells
ATTTCTGCAGGTGCCT-1,Mono,Mono,Mono
ATTTCTGCATAAAGGT-1,B cells,B cells,B cells
ATTTCTGCATACGCTA-1,T cells,CD8 T,T cells
ATTTCTGCATGCGCAC-1,NK,CD8 T,T cells
ATTTCTGCATTTGCTT-1,Mono,Mono,Mono
ATTTCTGGTCATGCCG-1,B cells,B cells,B cells
ATTTCTGGTCCCTACT-1,NK,NK,NK
ATTTCTGGTGAACCTT-1,T cells,CD8 T,T cells
ATTTCTGGTGGTCCGT-1,B cells,CD8 T,T cells
ATTTCTGTCCCACTTG-1,B cells,B cells,B cells
ATTTCTGTCCGAATGT-1,T cells,CD8 T,T cells
ATTTCTGTCCTGTACC-1,Mono,Mono,Mono
ATTTCTGTCGTTGACA-1,T cells,CL 1,CL 1
ATTTCTGTCTGCTGTC-1,Mono,Mono,Mono
ATTTCTGTCTGTGCAA-1,T cells,CL 1,CL 1
CAACCAACAAATCCGT-1,T cells,CD8 T,T cells
CAACCAACAGTGGGAT-1,B cells,B cells,B cells
CAACCAACAGTTAACC-1,T cells,CL 1,CL 1
CAACCAACATTTGCTT-1,B cells,B cells,B cells
CAACCAAGTATCGCAT-1,T cells,CD8 T,T cells
CAACCAAGTCAAACTC-1,Mono,DC,DC
CAACCAAGTCACTGGC-1,B cells,CD8 T,T cells
CAACCAAGTCAGCTAT-1,Mono,Mono,Mono
CAACCAAGTCGAACAG-1,Mono,Mono,Mono
CAACCAAGTCTGGAGA-1,Mono,Mono,Mono
CAACCAAGTGCTTCTC-1,T cells,CL 1,CL 1
CAACCAAGTGTTGAGG-1,Mono,Mono,Mono
CAACCAATCAGGCAAG-1,T cells,CD8 T,T cells
CAACCAATCATCATTC-1,Mono,Mono,Mono
CAACCAATCCACTGGG-1,T cells,CD8 T,T cells
CAACCAATCGTCTGAA-1,Mono,Mono,Mono
CAACCAATCTAACTGG-1,T cells,CL 1,CL 1
CAACCTCAGAGACGAA-1,T cells,CL 1,CL 1
CAACCTCAGGCACATG-1,NK,NK,NK
CAACCTCAGGGAACGG-1,B cells,B cells,B cells
CAACCTCAGTGGTAGC-1,T cells,CD8 T,T cells
CAACCTCCAAGCCTAT-1,B cells,B cells,B cells
CAACCTCCAAGCTGTT-1,T cells,CL 1,CL 1
CAACCTCCAATGTAAG-1,T cells,CD8 T,T cells
CAACCTCCACCAGGCT-1,Mono,Mono,Mono
CAACCTCCACTATCTT-1,Mono,Mono,Mono
CAACCTCCACTGAAGG-1,Mono,Mono,Mono
CAACCTCCAGATCCAT-1,T cells,CL 1,CL 1
CAACCTCCAGTAACGG-1,B cells,B cells,B cells
CAACCTCCATTCTCAT-1,Mono,Mono,Mono
CAACCTCGTAGCGCAA-1,B cells,B cells,B cells
CAACCTCGTAGTAGTA-1,NK,CD8 T,T cells
CAACCTCGTCTTGATG-1,T cells,CD8 T,T cells
CAACCTCGTTCCTCCA-1,Mono,Mono,Mono
CAACCTCGTTCGGCAC-1,T cells,CD8 T,T cells
CAACCTCTCCAGAAGG-1,Mono,Mono,Mono
CAACCTCTCTGCGTAA-1,B cells,B cells,B cells
CAACCTCTCTGTTGAG-1,Mono,Mono,Mono
CAACTAGAGAGCAATT-1,Mono,Mono,Mono
CAACTAGCAAGCGATG-1,NK,CD8 T,T cells
CAACTAGCAAGTCATC-1,T cells,CD8 T,T cells
CAACTAGCACAGACTT-1,T cells,CD8 T,T cells
CAACTAGCACAGGTTT-1,Mono,Mono,Mono
CAACTAGCAGCCAGAA-1,T cells,CL 1,CL 1
CAACTAGGTAGCACGA-1,B cells,B cells,B cells
CAACTAGGTCATCGGC-1,T cells,CD8 T,T cells
CAACTAGGTTGCCTCT-1,T cells,CL 1,CL 1
CAACTAGTCACCTTAT-1,T cells,CL 1,CL 1
CAACTAGTCAGAGACG-1,T cells,CD8 T,T cells
CAACTAGTCGCATGAT-1,T cells,CL 1,CL 1
CAAGAAAAGAGCAATT-1,B cells,B cells,B cells
CAAGAAAAGCGGCTTC-1,Mono,Mono,Mono
CAAGAAACACACCGCA-1,T cells,CD8 T,T cells
CAAGAAACACATGTGT-1,B cells,B cells,B cells
CAAGAAACACCACGTG-1,T cells,CL 1,CL 1
CAAGAAACATTCTTAC-1,NK,CD8 T,T cells
CAAGAAAGTCAAAGCG-1,T cells,CD8 T,T cells
CAAGAAAGTCCAGTAT-1,Mono,Mono,Mono
CAAGAAAGTCGCGTGT-1,Mono,Mono,Mono
CAAGAAAGTCGGGTCT-1,T cells,CD8 T,T cells
CAAGAAAGTCTGGTCG-1,Mono,Mono,Mono
CAAGAAAGTTAAGTAG-1,T cells,CD8 T,T cells
CAAGAAAGTTCCTCCA-1,T cells,CD8 T,T cells
CAAGAAAGTTGAGTTC-1,B cells,B cells,B cells
CAAGAAAGTTTAAGCC-1,T cells,CD8 T,T cells
CAAGAAATCACGCGGT-1,B cells,B cells,B cells
CAAGAAATCTTCAACT-1,T cells,CL 1,CL 1
CAAGATCAGACCACGA-1,B cells,B cells,B cells
CAAGATCAGGACTGGT-1,B cells,B cells,B cells
CAAGATCAGTATTGGA-1,NK,NK,NK
CAAGATCAGTTGAGTA-1,Mono,Mono,Mono
CAAGATCCACGTTGGC-1,T cells,CD8 T,T cells
CAAGATCCAGCTCGAC-1,T cells,CD8 T,T cells
CAAGATCGTAAGGGAA-1,T cells,CD8 T,T cells
CAAGATCGTCAACTGT-1,Mono,Mono,Mono
CAAGATCGTCAGAATA-1,T cells,CD8 T,T cells
CAAGATCGTGCACCAC-1,T cells,CL 1,CL 1
CAAGATCGTGTGTGCC-1,NK,CD8 T,T cells
CAAGATCGTTAGGGTG-1,B cells,B cells,B cells
CAAGATCGTTGCTCCT-1,T cells,CD8 T,T cells
CAAGATCTCACAATGC-1,T cells,CD8 T,T cells
CAAGATCTCACATAGC-1,Mono,Mono,Mono
CAAGATCTCGCCAGCA-1,B cells,B cells,B cells
CAAGGCCAGAGGTTAT-1,T cells,CD8 T,T cells
CAAGGCCAGCAGGCTA-1,B cells,B cells,B cells
CAAGGCCAGGGATACC-1,NK,CD8 T,T cells
CAAGGCCAGGGTCGAT-1,B cells,B cells,B cells
CAAGGCCAGGTAGCCA-1,T cells,CD8 T,T cells
CAAGGCCCAACACGCC-1,Mono,Mono,Mono
CAAGGCCCACCTGGTG-1,B cells,CD8 T,T cells
CAAGGCCCACGTGAGA-1,Mono,Mono,Mono
CAAGGCCCAGCAGTTT-1,B cells,B cells,B cells
CAAGGCCCAGTGGAGT-1,T cells,CL 1,CL 1
CAAGGCCCATCCCACT-1,Mono,DC,DC
CAAGGCCCATGTCCTC-1,T cells,CL 1,CL 1
CAAGGCCGTACAGTGG-1,NK,CD8 T,T cells
CAAGGCCGTCACAAGG-1,T cells,CD8 T,T cells
CAAGGCCGTCGAGTTT-1,Mono,Mono,Mono
CAAGGCCGTTATGCGT-1,T cells,CL 1,CL 1
CAAGGCCTCTCAAGTG-1,T cells,CL 1,CL 1
CAAGGCCTCTTCGGTC-1,Mono,Mono,Mono
CAAGTTGAGAGTAATC-1,Mono,Mono,Mono
CAAGTTGAGCTGCCCA-1,T cells,CD8 T,T cells
CAAGTTGAGTCTCGGC-1,T cells,CL 1,CL 1
CAAGTTGAGTGACTCT-1,B cells,B cells,B cells
CAAGTTGAGTTAGCGG-1,B cells,B cells,B cells
CAAGTTGCAAACTGTC-1,T cells,CD8 T,T cells
CAAGTTGCAATCGGTT-1,Mono,Mono,Mono
CAAGTTGCAATTGCTG-1,NK,CD8 T,T cells
CAAGTTGCACAGCGTC-1,B cells,B cells,B cells
CAAGTTGCACCCAGTG-1,T cells,CL 1,CL 1
CAAGTTGCAGTAAGCG-1,T cells,CD8 T,T cells
CAAGTTGCATCTACGA-1,Mono,Mono,Mono
CAAGTTGGTACTTAGC-1,NK,NK,NK
CAAGTTGGTATAAACG-1,Mono,Mono,Mono
CAAGTTGGTCGACTGC-1,T cells,CD8 T,T cells
CAAGTTGGTCGCATAT-1,Mono,Mono,Mono
CAAGTTGGTCGGCTCA-1,NK,CD8 T,T cells
CAAGTTGGTCTCGTTC-1,Mono,Mono,Mono
CAAGTTGGTCTTCAAG-1,T cells,CL 1,CL 1
CAAGTTGGTGTGCGTC-1,B cells,B cells,B cells
CAAGTTGTCATAAAGG-1,T cells,CD8 T,T cells
CAAGTTGTCGGCCGAT-1,T cells,CD8 T,T cells
CAAGTTGTCGGGAGTA-1,T cells,CD8 T,T cells
CAAGTTGTCTCTTGAT-1,T cells,CL 1,CL 1
CACAAACAGCTACCGC-1,Mono,Mono,Mono
CACAAACAGTAGGTGC-1,Mono,Mono,Mono
CACAAACCACGCTTTC-1,B cells,B cells,B cells
CACAAACCACTGTGTA-1,B cells,B cells,B cells
CACAAACCATAAGACA-1,B cells,CD8 T,T cells
CACAAACCATACTCTT-1,B cells,CD8 T,T cells
CACAAACGTCGCATAT-1,T cells,CL 1,CL 1
CACAAACGTTAAAGTG-1,NK,NK,NK
CACAAACTCCAGAGGA-1,Mono,Mono,Mono
CACAAACTCCGGCACA-1,Mono,Mono,Mono
CACACAAAGACTGTAA-1,B cells,B cells,B cells
CACACAAAGGTTCCTA-1,T cells,CL 1,CL 1
CACACAACAATCTACG-1,T cells,CD8 T,T cells
CACACAACAATGGTCT-1,T cells,CD8 T,T cells
CACACAACAGCGAACA-1,T cells,CL 1,CL 1
CACACAACATCGATTG-1,Mono,Mono,Mono
CACACAACATGGTTGT-1,Mono,DC,DC
CACACAAGTAAGGGAA-1,B cells,B cells,B cells
CACACAAGTAGCGATG-1,B cells,B cells,B cells
CACACAAGTGACCAAG-1,T cells,CD8 T,T cells
CACACAATCACCATAG-1,Mono,Mono,Mono
CACACAATCCGCAAGC-1,T cells,CD8 T,T cells
CACACAATCCGTAGGC-1,Mono,Mono,Mono
CACACAATCCTATGTT-1,Mono,Mono,Mono
CACACAATCGACAGCC-1,B cells,B cells,B cells
CACACAATCGAGAACG-1,NK,CD8 T,T cells
CACACCTAGGCACATG-1,NK,CD8 T,T cells
CACACCTAGGCCGAAT-1,T cells,CD8 T,T cells
CACACCTCAAGGTTCT-1,B cells,B cells,B cells
CACACCTCAGAAGCAC-1,T cells,CD8 T,T cells
CACACCTCATAAAGGT-1,Mono,Mono,Mono
CACACCTCATCCAACA-1,Mono,Mono,Mono
CACACCTCATGAGCGA-1,Mono,Mono,Mono
CACACCTGTATGGTTC-1,T cells,CL 1,CL 1
CACACCTGTCAGAAGC-1,T cells,CD8 T,T cells
CACACCTGTCTAAACC-1,Mono,DC,DC
CACACCTGTCTGATCA-1,Mono,Mono,Mono
CACACCTTCAAAGACA-1,Mono,Mono,Mono
CACACCTTCAGTCCCT-1,Mono,DC,DC
CACACCTTCCCGGATG-1,Mono,Mono,Mono
CACACCTTCGAGGTAG-1,Mono,DC,DC
CACACTCAGAAGAAGC-1,T cells,CL 1,CL 1
CACACTCAGCCACCTG-1,Mono,Mono,Mono
CACACTCAGCCATCGC-1,T cells,CD8 T,T cells
CACACTCAGCTAAGAT-1,T cells,CD8 T,T cells
CACACTCAGGTGTTAA-1,B cells,B cells,B cells
CACACTCAGTACGTTC-1,T cells,CD8 T,T cells
CACACTCAGTTTGCGT-1,Mono,Mono,Mono
CACACTCCACAGATTC-1,T cells,CD8 T,T cells
CACACTCCACGTTGGC-1,NK,CD8 T,T cells
CACACTCCATATGGTC-1,Mono,Mono,Mono
CACACTCGTACGAAAT-1,T cells,CD8 T,T cells
CACACTCGTAGAGCTG-1,T cells,CL 1,CL 1
CACACTCGTCCAGTAT-1,T cells,CL 1,CL 1
CACACTCGTCTAGTGT-1,B cells,B cells,B cells
CACACTCGTCTCATCC-1,Mono,Mono,Mono
CACACTCGTGTAAGTA-1,T cells,CL 1,CL 1
CACACTCGTTTACTCT-1,T cells,CD8 T,T cells
CACACTCTCAGGCCCA-1,T cells,CL 1,CL 1
CACACTCTCCCTAACC-1,T cells,CD8 T,T cells
CACACTCTCCTTTCTC-1,B cells,B cells,B cells
CACACTCTCGCAAACT-1,T cells,CL 1,CL 1
CACAGGCAGACCGGAT-1,Mono,Mono,Mono
CACAGGCAGAGCTATA-1,T cells,CD8 T,T cells
CACAGGCAGCCACGTC-1,Mono,Mono,Mono
CACAGGCAGTGAACGC-1,T cells,CL 1,CL 1
CACAGGCCAAATTGCC-1,T cells,CL 1,CL 1
CACAGGCCAAGCCCAC-1,T cells,CL 1,CL 1
CACAGGCCAATGCCAT-1,T cells,CD8 T,T cells
CACAGGCCACCAGGTC-1,T cells,CD8 T,T cells
CACAGGCCACCTCGGA-1,T cells,CD8 T,T cells
CACAGGCTCAGCGATT-1,Mono,Mono,Mono
CACAGGCTCCAAGCCG-1,T cells,CL 1,CL 1
CACAGGCTCCGCAGTG-1,Mono,Mono,Mono
CACAGGCTCTCTTGAT-1,NK,NK,NK
CACAGGCTCTGCAGTA-1,T cells,CD8 T,T cells
CACAGTAAGTACGATA-1,Mono,Mono,Mono
CACAGTAAGTGAACGC-1,T cells,CL 1,CL 1
CACAGTACAAGACGTG-1,Mono,Mono,Mono
CACAGTACACATAACC-1,T cells,CD8 T,T cells
CACAGTACATCGGTTA-1,B cells,B cells,B cells
CACAGTAGTCCCTACT-1,B cells,B cells,B cells
CACAGTAGTCGGCATC-1,B cells,B cells,B cells
CACAGTAGTGCTTCTC-1,T cells,CL 1,CL 1
CACAGTATCAGGCCCA-1,Mono,Mono,Mono
CACAGTATCCCAACGG-1,T cells,CD8 T,T cells
CACATAGAGACCCACC-1,Mono,Mono,Mono
CACATAGAGGCTAGGT-1,B cells,B cells,B cells
CACATAGAGTAATCCC-1,Mono,Mono,Mono
CACATAGCAAGACGTG-1,B cells,B cells,B cells
CACATAGCAAGTCTGT-1,Mono,Mono,Mono
CACATAGGTATTACCG-1,NK,CD8 T,T cells
CACATAGGTCAGTGGA-1,B cells,B cells,B cells
CACATAGTCATCACCC-1,Mono,Mono,Mono
CACATAGTCCGCATAA-1,B cells,B cells,B cells
CACATTTAGCACCGTC-1,T cells,CD8 T,T cells
CACATTTAGGGTGTGT-1,B cells,B cells,B cells
CACATTTAGTAGCGGT-1,Mono,Mono,Mono
CACATTTAGTTACGGG-1,Platelet,Mono,Mono
CACATTTCAGATTGCT-1,T cells,CD8 T,T cells
CACATTTGTAATCACC-1,B cells,B cells,B cells
CACATTTGTACTCAAC-1,Mono,Mono,Mono
CACATTTGTCACACGC-1,Mono,DC,DC
CACATTTGTCACCTAA-1,B cells,CD8 T,T cells
CACATTTGTCTCCATC-1,NK,CD8 T,T cells
CACATTTTCAGTTAGC-1,T cells,CL 1,CL 1
CACATTTTCGGAAATA-1,B cells,B cells,B cells
CACATTTTCTGAGGGA-1,NK,CD8 T,T cells
CACATTTTCTTGCAAG-1,T cells,CD8 T,T cells
CACCACTAGACTTGAA-1,NK,NK,NK
CACCACTAGAGGACGG-1,NK,CD8 T,T cells
CACCACTAGATAGTCA-1,T cells,CD8 T,T cells
CACCACTAGATCACGG-1,Mono,Mono,Mono
CACCACTAGCCGTCGT-1,T cells,CD8 T,T cells
CACCACTAGTACGACG-1,Mono,Mono,Mono
CACCACTAGTGCGATG-1,T cells,CD8 T,T cells
CACCACTCAGTATGCT-1,Mono,Mono,Mono
CACCACTCATGTCCTC-1,B cells,B cells,B cells
CACCACTCATTCGACA-1,Mono,Mono,Mono
CACCACTGTAGTAGTA-1,Mono,Mono,Mono
CACCACTGTATGGTTC-1,T cells,CL 1,CL 1
CACCACTGTTGTCGCG-1,T cells,CD8 T,T cells
CACCACTTCTATCCCG-1,NK,NK,NK
CACCACTTCTTCATGT-1,NK,CD8 T,T cells
CACCAGGAGAAGGGTA-1,T cells,CL 1,CL 1
CACCAGGAGAGCTGGT-1,Mono,Mono,Mono
CACCAGGAGCCAGGAT-1,B cells,B cells,B cells
CACCAGGAGGTAGCTG-1,Mono,Mono,Mono
CACCAGGAGTATCGAA-1,T cells,CL 1,CL 1
CACCAGGAGTCGAGTG-1,B cells,CL 1,CL 1
CACCAGGAGTTCGCGC-1,NK,CD8 T,T cells
CACCAGGAGTTTGCGT-1,T cells,CD8 T,T cells
CACCAGGCAACTGCGC-1,Mono,Mono,Mono
CACCAGGCACAGCGTC-1,T cells,CL 1,CL 1
CACCAGGCACGTCAGC-1,T cells,CD8 T,T cells
CACCAGGCAGTCAGAG-1,T cells,CL 1,CL 1
CACCAGGCAGTCCTTC-1,Mono,Mono,Mono
CACCAGGCAGTCTTCC-1,B cells,B cells,B cells
CACCAGGGTATCAGTC-1,Platelet,Mono,Mono
CACCAGGGTTCCCGAG-1,T cells,CD8 T,T cells
CACCAGGGTTCGCGAC-1,NK,CD8 T,T cells
CACCAGGTCGTACCGG-1,B cells,B cells,B cells
CACCAGGTCTACTATC-1,T cells,CD8 T,T cells
CACCAGGTCTGTTGAG-1,T cells,CL 1,CL 1
CACCAGGTCTTCAACT-1,T cells,CD8 T,T cells
CACCTTGAGAACTGTA-1,T cells,CL 1,CL 1
CACCTTGAGACAGAGA-1,T cells,CD8 T,T cells
CACCTTGAGAGACGAA-1,T cells,CL 1,CL 1
CACCTTGAGCAGACTG-1,T cells,CD8 T,T cells
CACCTTGAGCAGCGTA-1,Mono,Mono,Mono
CACCTTGAGGCCCTCA-1,Mono,Mono,Mono
CACCTTGAGTGGAGAA-1,B cells,B cells,B cells
CACCTTGAGTGTACCT-1,B cells,B cells,B cells
CACCTTGCAGCTGCTG-1,B cells,B cells,B cells
CACCTTGGTAAGAGGA-1,T cells,CD8 T,T cells
CACCTTGGTATGGTTC-1,B cells,B cells,B cells
CACCTTGGTCCATGAT-1,T cells,CL 1,CL 1
CACCTTGGTCTTTCAT-1,Mono,Mono,Mono
CACCTTGGTGGCTCCA-1,Mono,Mono,Mono
CACCTTGGTGTGGCTC-1,NK,NK,NK
CACCTTGGTTGCCTCT-1,NK,NK,NK
CACCTTGGTTTACTCT-1,NK,NK,NK
CACCTTGTCAGAAATG-1,Mono,Mono,Mono
CACCTTGTCAGCTGGC-1,T cells,CD8 T,T cells
CACCTTGTCATTTGGG-1,Mono,Mono,Mono
CACCTTGTCCGTTGCT-1,T cells,CL 1,CL 1
CACCTTGTCCTGCAGG-1,T cells,CD8 T,T cells
CACCTTGTCTACTCAT-1,Mono,Mono,Mono
CACCTTGTCTCTGAGA-1,B cells,B cells,B cells
CACTCCAAGAGCTTCT-1,NK,CD8 T,T cells
CACTCCAAGAGGTACC-1,NK,CD8 T,T cells
CACTCCAAGATGCGAC-1,T cells,CL 1,CL 1
CACTCCAAGCGATGAC-1,Mono,Mono,Mono
CACTCCAAGTGGTAGC-1,Mono,DC,DC
CACTCCACAAGCGTAG-1,Mono,Mono,Mono
CACTCCACACAAGCCC-1,Mono,Mono,Mono
CACTCCACACCTATCC-1,T cells,CL 1,CL 1
CACTCCACACGCGAAA-1,T cells,CL 1,CL 1
CACTCCACATACTACG-1,B cells,B cells,B cells
CACTCCACATTCCTCG-1,T cells,CL 1,CL 1
CACTCCAGTACAGTGG-1,Mono,Mono,Mono
CACTCCAGTCGCGGTT-1,Mono,Mono,Mono
CACTCCAGTGAAATCA-1,T cells,CD8 T,T cells
CACTCCAGTGATAAGT-1,Mono,Mono,Mono
CACTCCAGTGATGATA-1,T cells,CD8 T,T cells
CACTCCAGTGTCGCTG-1,T cells,CL 1,CL 1
CACTCCAGTTATCGGT-1,Mono,Mono,Mono
CACTCCATCGCCAAAT-1,Mono,Mono,Mono
CACTCCATCGGACAAG-1,T cells,CD8 T,T cells
CACTCCATCTCTTATG-1,NK,CD8 T,T cells
CACTCCATCTGTCAAG-1,B cells,B cells,B cells
CAGAATCAGAAACCAT-1,Mono,Mono,Mono
CAGAATCAGCGGCTTC-1,B cells,B cells,B cells
CAGAATCAGTATGACA-1,T cells,CD8 T,T cells
CAGAATCAGTCCCACG-1,T cells,CL 1,CL 1
CAGAATCCAAAGAATC-1,B cells,B cells,B cells
CAGAATCCACCGGAAA-1,T cells,CD8 T,T cells
CAGAATCCACGGTGTC-1,Mono,DC,DC
CAGAATCCACTGAAGG-1,B cells,B cells,B cells
CAGAATCCACTGTGTA-1,T cells,CD8 T,T cells
CAGAATCCAGCCTATA-1,T cells,CD8 T,T cells
CAGAATCCATCGGGTC-1,Mono,Mono,Mono
CAGAATCGTACTTAGC-1,B cells,CD8 T,T cells
CAGAATCGTATATGAG-1,Mono,Mono,Mono
CAGAATCGTATCGCAT-1,B cells,CD8 T,T cells
CAGAATCGTATGAAAC-1,T cells,CL 1,CL 1
CAGAATCGTCGTCTTC-1,B cells,B cells,B cells
CAGAATCGTGATGCCC-1,B cells,B cells,B cells
CAGAATCGTGGGTATG-1,T cells,CL 1,CL 1
CAGAATCGTTTCGCTC-1,T cells,CD8 T,T cells
CAGAATCTCACCGTAA-1,T cells,CL 1,CL 1
CAGAATCTCCACTGGG-1,NK,CD8 T,T cells
CAGAATCTCGGCGCAT-1,T cells,CD8 T,T cells
CAGAATCTCTATGTGG-1,Mono,Mono,Mono
CAGAATCTCTGAGGGA-1,B cells,B cells,B cells
CAGAATCTCTTCGGTC-1,Mono,Mono,Mono
CAGAGAGAGAGTGAGA-1,B cells,CD8 T,T cells
CAGAGAGAGATAGTCA-1,T cells,CD8 T,T cells
CAGAGAGAGCGTGAGT-1,B cells,B cells,B cells
CAGAGAGAGCTACCTA-1,B cells,B cells,B cells
CAGAGAGAGGAGTTGC-1,T cells,CL 1,CL 1
CAGAGAGAGGCGTACA-1,Mono,Mono,Mono
CAGAGAGAGTAATCCC-1,Mono,Mono,Mono
CAGAGAGAGTACACCT-1,Mono,Mono,Mono
CAGAGAGCATAAAGGT-1,T cells,CD8 T,T cells
CAGAGAGGTAAGTAGT-1,B cells,CD8 T,T cells
CAGAGAGGTCAACTGT-1,Mono,Mono,Mono
CAGAGAGGTTTACTCT-1,Mono,Mono,Mono
CAGAGAGTCAATACCG-1,NK,CD8 T,T cells
CAGAGAGTCCCAAGAT-1,NK,CD8 T,T cells
CAGAGAGTCGGCGCTA-1,B cells,CD8 T,T cells
CAGAGAGTCTGGTGTA-1,B cells,B cells,B cells
CAGATCAAGACTAAGT-1,Mono,Mono,Mono
CAGATCAAGCCACCTG-1,Mono,Mono,Mono
CAGATCAAGCCAGGAT-1,Mono,Mono,Mono
CAGATCAAGCGTAATA-1,Mono,DC,DC
CAGATCAAGGCGATAC-1,T cells,CD8 T,T cells
CAGATCAAGGGTCGAT-1,Mono,Mono,Mono
CAGATCAAGTGTCCAT-1,T cells,CD8 T,T cells
CAGATCACAAAGGTGC-1,B cells,B cells,B cells
CAGATCACAATGTTGC-1,NK,NK,NK
CAGATCACAGACGCAA-1,Mono,Mono,Mono
CAGATCAGTACAGTGG-1,NK,NK,NK
CAGATCAGTACCGTAT-1,NK,CD8 T,T cells
CAGATCAGTCTGGAGA-1,T cells,CD8 T,T cells
CAGATCAGTGCACTTA-1,NK,CD8 T,T cells
CAGATCAGTTCAGCGC-1,T cells,CD8 T,T cells
CAGATCATCATCACCC-1,T cells,CD8 T,T cells
CAGATCATCTGCTGCT-1,Mono,DC,DC
CAGCAGCAGATGTCGG-1,T cells,CD8 T,T cells
CAGCAGCAGGTGCACA-1,T cells,CD8 T,T cells
CAGCAGCCACCGAATT-1,T cells,CD8 T,T cells
CAGCAGCCACGAGGTA-1,Mono,Mono,Mono
CAGCAGCCAGGGATTG-1,T cells,CD8 T,T cells
CAGCAGCGTAATAGCA-1,Mono,Mono,Mono
CAGCAGCGTATAAACG-1,Mono,Mono,Mono
CAGCAGCGTCAGAATA-1,Mono,DC,DC
CAGCAGCGTGCATCTA-1,Mono,Mono,Mono
CAGCAGCGTTCGCTAA-1,Mono,Mono,Mono
CAGCAGCGTTCGGCAC-1,B cells,B cells,B cells
CAGCAGCTCAACGAAA-1,B cells,B cells,B cells
CAGCAGCTCAAGGCTT-1,T cells,CD8 T,T cells
CAGCAGCTCCGTACAA-1,T cells,CD8 T,T cells
CAGCAGCTCGTGGTCG-1,T cells,CD8 T,T cells
CAGCATAAGACATAAC-1,B cells,B cells,B cells
CAGCATAAGGATCGCA-1,T cells,CL 1,CL 1
CAGCATAAGGCTCATT-1,Mono,Mono,Mono
CAGCATACACATTAGC-1,T cells,CD8 T,T cells
CAGCATACAGCGTTCG-1,Mono,Mono,Mono
CAGCATACAGGTCCAC-1,B cells,B cells,B cells
CAGCATAGTACCGCTG-1,B cells,B cells,B cells
CAGCATAGTACGAAAT-1,T cells,CD8 T,T cells
CAGCATATCACTTATC-1,T cells,CD8 T,T cells
CAGCATATCAGTGCAT-1,B cells,B cells,B cells
CAGCATATCAGTGTTG-1,B cells,CD8 T,T cells
CAGCATATCCCTAATT-1,Mono,Mono,Mono
CAGCATATCTTCGAGA-1,T cells,CL 1,CL 1
CAGCCGAAGATGTTAG-1,T cells,CL 1,CL 1
CAGCCGAAGCAGGCTA-1,T cells,CD8 T,T cells
CAGCCGAAGCCTATGT-1,Mono,Mono,Mono
CAGCCGAAGGCAAAGA-1,T cells,CL 1,CL 1
CAGCCGAAGGTCATCT-1,T cells,CL 1,CL 1
CAGCCGACAGACGCCT-1,T cells,CD8 T,T cells
CAGCCGACATGTTGAC-1,Mono,DC,DC
CAGCCGAGTAGGAGTC-1,B cells,CL 1,CL 1
CAGCCGAGTCAGAAGC-1,T cells,CL 1,CL 1
CAGCCGAGTCGTCTTC-1,T cells,CD8 T,T cells
CAGCCGAGTCTTGATG-1,Mono,Mono,Mono
CAGCCGAGTTGATTCG-1,T cells,CL 1,CL 1
CAGCCGAGTTGTCTTT-1,Mono,Mono,Mono
CAGCCGATCATCGGAT-1,B cells,B cells,B cells
CAGCCGATCATTATCC-1,T cells,CD8 T,T cells
CAGCGACAGATCCGAG-1,T cells,CL 1,CL 1
CAGCGACAGTCAAGGC-1,B cells,B cells,B cells
CAGCGACAGTTGAGAT-1,Mono,Mono,Mono
CAGCGACCAGCTCGAC-1,B cells,B cells,B cells
CAGCGACGTAGTACCT-1,B cells,CD8 T,T cells
CAGCGACGTCCGTCAG-1,B cells,B cells,B cells
CAGCGACGTCTAGCGC-1,NK,CD8 T,T cells
CAGCGACGTTATCCGA-1,T cells,CL 1,CL 1
CAGCGACGTTTAGGAA-1,T cells,CL 1,CL 1
CAGCGACTCCACGAAT-1,T cells,CL 1,CL 1
CAGCGACTCGGATGGA-1,T cells,CL 1,CL 1
CAGCGACTCTGTTTGT-1,T cells,CL 1,CL 1
CAGCGACTCTTAGAGC-1,NK,NK,NK
CAGCTAAAGCCCAATT-1,T cells,CL 1,CL 1
CAGCTAAAGGCAAAGA-1,NK,CD8 T,T cells
CAGCTAACAAATACAG-1,T cells,CL 1,CL 1
CAGCTAACAAGTAGTA-1,B cells,B cells,B cells
CAGCTAACACTTCTGC-1,B cells,B cells,B cells
CAGCTAACATGCAACT-1,T cells,CD8 T,T cells
CAGCTAAGTCCTAGCG-1,B cells,B cells,B cells
CAGCTAATCAGCACAT-1,NK,NK,NK
CAGCTAATCGTCGTTC-1,T cells,CL 1,CL 1
CAGCTAATCTGTCAAG-1,T cells,CL 1,CL 1
CAGCTGGAGAAACCTA-1,B cells,B cells,B cells
CAGCTGGAGATCTGCT-1,T cells,CD8 T,T cells
CAGCTGGAGGATGGAA-1,Mono,Mono,Mono
CAGCTGGCAAACCTAC-1,NK,NK,NK
CAGCTGGCAAGTCTAC-1,NK,CD8 T,T cells
CAGCTGGCACCAGGCT-1,NK,NK,NK
CAGCTGGCACCGATAT-1,T cells,CD8 T,T cells
CAGCTGGCACGTCAGC-1,NK,NK,NK
CAGCTGGCAGCGAACA-1,Mono,Mono,Mono
CAGCTGGGTACCGCTG-1,Mono,Mono,Mono
CAGCTGGGTATTCTCT-1,Mono,Mono,Mono
CAGCTGGGTCGGCACT-1,NK,NK,NK
CAGCTGGGTCGTTGTA-1,NK,CD8 T,T cells
CAGCTGGGTCTAAACC-1,T cells,CL 1,CL 1
CAGCTGGGTCTCATCC-1,Mono,Mono,Mono
CAGCTGGGTTACTGAC-1,T cells,CL 1,CL 1
CAGCTGGGTTATCGGT-1,Mono,Mono,Mono
CAGCTGGGTTGAACTC-1,T cells,CL 1,CL 1
CAGCTGGTCACGGTTA-1,Mono,Mono,Mono
CAGCTGGTCAGAAATG-1,Mono,DC,DC
CAGCTGGTCAGCACAT-1,Mono,Mono,Mono
CAGCTGGTCAGTGTTG-1,T cells,CL 1,CL 1
CAGGTGCAGAGCTGGT-1,T cells,CD8 T,T cells
CAGGTGCAGAGGGCTT-1,B cells,B cells,B cells
CAGGTGCAGATCGGGT-1,T cells,CL 1,CL 1
CAGGTGCAGGCGTACA-1,Mono,Mono,Mono
CAGGTGCAGTGTTTGC-1,T cells,CD8 T,T cells
CAGGTGCCACAACGCC-1,T cells,CD8 T,T cells
CAGGTGCCACCTATCC-1,T cells,CL 1,CL 1
CAGGTGCGTAACGCGA-1,T cells,CL 1,CL 1
CAGGTGCGTATTACCG-1,Mono,DC,DC
CAGGTGCGTGTGAATA-1,T cells,CL 1,CL 1
CAGGTGCTCATCGATG-1,B cells,CD8 T,T cells
CAGGTGCTCCCGACTT-1,Mono,DC,DC
CAGGTGCTCTGGTATG-1,T cells,CD8 T,T cells
CAGTAACAGAGCCCAA-1,T cells,CD8 T,T cells
CAGTAACAGGCCCTCA-1,B cells,B cells,B cells
CAGTAACAGTGTGGCA-1,T cells,CL 1,CL 1
CAGTAACCACAGGCCT-1,T cells,CL 1,CL 1
CAGTAACCAGACTCGC-1,Mono,Mono,Mono
CAGTAACCAGGACGTA-1,NK,CD8 T,T cells
CAGTAACCAGTCAGAG-1,Mono,DC,DC
CAGTAACGTAAGAGAG-1,T cells,CD8 T,T cells
CAGTAACGTCGCTTCT-1,T cells,CL 1,CL 1
CAGTAACGTGCATCTA-1,T cells,CL 1,CL 1
CAGTAACGTTTGTTTC-1,T cells,CD8 T,T cells
CAGTAACTCCTGTACC-1,Mono,Mono,Mono
CAGTAACTCGGACAAG-1,Mono,Mono,Mono
CAGTAACTCGGTCCGA-1,Mono,Mono,Mono
CAGTAACTCTTTACGT-1,NK,CD8 T,T cells
CAGTCCTAGAAGGACA-1,B cells,B cells,B cells
CAGTCCTAGACGCAAC-1,T cells,CL 1,CL 1
CAGTCCTAGATGTCGG-1,T cells,CL 1,CL 1
CAGTCCTAGCAATCTC-1,T cells,CL 1,CL 1
CAGTCCTAGTTGAGTA-1,T cells,CL 1,CL 1
CAGTCCTCAATGGATA-1,T cells,CD8 T,T cells
CAGTCCTCACACGCTG-1,T cells,CL 1,CL 1
CAGTCCTCACATGTGT-1,T cells,CD8 T,T cells
CAGTCCTCAGCTGTGC-1,T cells,CL 1,CL 1
CAGTCCTCATGCGCAC-1,Mono,Mono,Mono
CAGTCCTCATGTCCTC-1,NK,NK,NK
CAGTCCTCATTTGCTT-1,T cells,CL 1,CL 1
CAGTCCTTCTCAAGTG-1,NK,CD8 T,T cells
CAGTCCTTCTGCGTAA-1,T cells,CD8 T,T cells
CAGTCCTTCTTCAACT-1,T cells,CD8 T,T cells
CATATGGAGAACAACT-1,T cells,CD8 T,T cells
CATATGGAGGAGTAGA-1,T cells,CL 1,CL 1
CATATGGAGGCTCTTA-1,T cells,CD8 T,T cells
CATATGGAGGTCATCT-1,T cells,CD8 T,T cells
CATATGGAGTCACGCC-1,B cells,B cells,B cells
CATATGGAGTGCCAGA-1,B cells,B cells,B cells
CATATGGAGTGTTAGA-1,B cells,CD8 T,T cells
CATATGGCAACACCCG-1,NK,CD8 T,T cells
CATATGGCAAGCCGTC-1,NK,CD8 T,T cells
CATATGGCACGGCCAT-1,B cells,B cells,B cells
CATATGGCAGGGTATG-1,Mono,Mono,Mono
CATATGGCAGTAAGCG-1,NK,CD8 T,T cells
CATATGGGTGAGCGAT-1,B cells,B cells,B cells
CATATGGGTTGATTGC-1,Mono,Mono,Mono
CATATGGTCAGGCGAA-1,B cells,B cells,B cells
CATATGGTCCGCGTTT-1,T cells,CL 1,CL 1
CATATGGTCGCAGGCT-1,Mono,Mono,Mono
CATATGGTCGGCTACG-1,Mono,Mono,Mono
CATATGGTCTATCCCG-1,T cells,CD8 T,T cells
CATATGGTCTCAAACG-1,T cells,CD8 T,T cells
CATATGGTCTCGCTTG-1,NK,CD8 T,T cells
CATATGGTCTTGTCAT-1,T cells,CD8 T,T cells
CATATTCAGAGGTACC-1,T cells,CL 1,CL 1
CATATTCAGCTCCCAG-1,T cells,CD8 T,T cells
CATATTCAGGGAACGG-1,T cells,CL 1,CL 1
CATATTCAGGTGATTA-1,B cells,B cells,B cells
CATATTCAGTGAACAT-1,T cells,CD8 T,T cells
CATATTCCAATCGAAA-1,T cells,CD8 T,T cells
CATATTCCACCTATCC-1,T cells,CD8 T,T cells
CATATTCCATCGTCGG-1,NK,CD8 T,T cells
CATATTCCATTAGCCA-1,Mono,Mono,Mono
CATATTCGTGAGGCTA-1,Mono,Mono,Mono
CATATTCGTGTAAGTA-1,T cells,CD8 T,T cells
CATATTCGTTGTCGCG-1,B cells,B cells,B cells
CATATTCTCACAATGC-1,B cells,B cells,B cells
CATATTCTCACAGTAC-1,T cells,CL 1,CL 1
CATATTCTCATCGGAT-1,T cells,CL 1,CL 1
CATATTCTCCTGCTTG-1,Mono,Mono,Mono
CATCAAGAGATATACG-1,B cells,B cells,B cells
CATCAAGAGCCACCTG-1,NK,CD8 T,T cells
CATCAAGAGTCCATAC-1,B cells,B cells,B cells
CATCAAGAGTTGCAGG-1,Mono,Mono,Mono
CATCAAGAGTTGTCGT-1,NK,NK,NK
CATCAAGCAAGCGAGT-1,B cells,CD8 T,T cells
CATCAAGCACGACGAA-1,Mono,Mono,Mono
CATCAAGCACGGTAAG-1,Mono,Mono,Mono
CATCAAGCAGGTCCAC-1,T cells,CL 1,CL 1
CATCAAGCATGCCACG-1,Mono,Mono,Mono
CATCAAGGTCGAATCT-1,Mono,Mono,Mono
CATCAAGGTCGACTGC-1,B cells,B cells,B cells
CATCAAGGTGAACCTT-1,B cells,CD8 T,T cells
CATCAAGGTGTCCTCT-1,T cells,CL 1,CL 1
CATCAAGGTTGACGTT-1,B cells,B cells,B cells
CATCAAGTCAACGCTA-1,Mono,Mono,Mono
CATCAAGTCGTCCGTT-1,T cells,CD8 T,T cells
CATCAAGTCTCCAACC-1,Mono,Mono,Mono
CATCAAGTCTCTGAGA-1,NK,CD8 T,T cells
CATCAGAAGCGTAGTG-1,T cells,CD8 T,T cells
CATCAGAAGCTATGCT-1,Mono,Mono,Mono
CATCAGAAGGCAGGTT-1,T cells,CD8 T,T cells
CATCAGAAGGCCGAAT-1,NK,CD8 T,T cells
CATCAGAAGTGATCGG-1,T cells,CD8 T,T cells
CATCAGACAACTGCGC-1,T cells,CL 1,CL 1
CATCAGACAAGGTTCT-1,T cells,CL 1,CL 1
CATCAGACAAGTCATC-1,Mono,Mono,Mono
CATCAGACACAAGACG-1,NK,CD8 T,T cells
CATCAGACAGATAATG-1,B cells,B cells,B cells
CATCAGACATATACCG-1,T cells,CL 1,CL 1
CATCAGAGTAACGACG-1,B cells,B cells,B cells
CATCAGAGTAATAGCA-1,T cells,CL 1,CL 1
CATCAGAGTAGGGACT-1,B cells,B cells,B cells
CATCAGAGTCGAACAG-1,Mono,Mono,Mono
CATCAGAGTGTCTGAT-1,Mono,Mono,Mono
CATCAGAGTTCCCGAG-1,T cells,CD8 T,T cells
CATCAGATCATCGGAT-1,T cells,CL 1,CL 1
CATCAGATCATGCATG-1,T cells,CD8 T,T cells
CATCAGATCCGTAGGC-1,T cells,CD8 T,T cells
CATCAGATCGGAAATA-1,T cells,CD8 T,T cells
CATCAGATCGTAGATC-1,T cells,CD8 T,T cells
CATCCACAGAAACCGC-1,NK,CD8 T,T cells
CATCCACAGTGCGTGA-1,T cells,CL 1,CL 1
CATCCACAGTGTACGG-1,T cells,CL 1,CL 1
CATCCACCACAACTGT-1,T cells,CD8 T,T cells
CATCCACCACGGTAAG-1,Mono,Mono,Mono
CATCCACCATCATCCC-1,NK,NK,NK
CATCCACGTACTCAAC-1,T cells,CL 1,CL 1
CATCCACGTAGCCTCG-1,T cells,CD8 T,T cells
CATCCACGTCGCTTCT-1,B cells,B cells,B cells
CATCCACGTCGGATCC-1,NK,NK,NK
CATCCACGTGCTGTAT-1,NK,CD8 T,T cells
CATCCACTCAGTGTTG-1,Mono,Mono,Mono
CATCCACTCATTGCCC-1,NK,NK,NK
CATCCACTCCGAACGC-1,T cells,CD8 T,T cells
CATCCACTCGAATCCA-1,NK,CD8 T,T cells
CATCGAAAGGCGCTCT-1,T cells,CD8 T,T cells
CATCGAAAGGGATCTG-1,T cells,CD8 T,T cells
CATCGAACATTTGCTT-1,T cells,CD8 T,T cells
CATCGAAGTGGCGAAT-1,B cells,B cells,B cells
CATCGAAGTTCTGTTT-1,T cells,CD8 T,T cells
CATCGAATCAACACTG-1,NK,NK,NK
CATCGAATCACAGGCC-1,Mono,Mono,Mono
CATCGGGAGAGAACAG-1,NK,NK,NK
CATCGGGAGATAGCAT-1,B cells,B cells,B cells
CATCGGGAGCAGGCTA-1,T cells,CD8 T,T cells
CATCGGGAGGCGCTCT-1,B cells,B cells,B cells
CATCGGGAGTGGTAGC-1,T cells,CL 1,CL 1
CATCGGGCAAGAAGAG-1,T cells,CD8 T,T cells
CATCGGGGTACAGTGG-1,Mono,Mono,Mono
CATCGGGGTAGCGCAA-1,NK,CD8 T,T cells
CATCGGGGTTAAAGTG-1,T cells,CD8 T,T cells
CATCGGGGTTCCGTCT-1,NK,NK,NK
CATCGGGGTTGGGACA-1,T cells,CD8 T,T cells
CATCGGGGTTGTGGCC-1,Mono,Mono,Mono
CATCGGGTCACATGCA-1,B cells,B cells,B cells
CATCGGGTCACGCGGT-1,Mono,Mono,Mono
CATCGGGTCCGCAGTG-1,Mono,Mono,Mono
CATCGGGTCCTCAATT-1,T cells,CL 1,CL 1
CATCGGGTCGCCTGAG-1,T cells,CL 1,CL 1
CATCGGGTCTCTGAGA-1,T cells,CD8 T,T cells
CATCGGGTCTGACCTC-1,T cells,CD8 T,T cells
CATCGGGTCTGCCCTA-1,T cells,CD8 T,T cells
CATCGGGTCTGTCAAG-1,T cells,CL 1,CL 1
CATGACAAGCGGCTTC-1,T cells,CL 1,CL 1
CATGACAAGGCATTGG-1,T cells,CD8 T,T cells
CATGACAAGGGTATCG-1,T cells,CL 1,CL 1
CATGACACAAGCCGCT-1,T cells,CD8 T,T cells
CATGACACAATCCAAC-1,T cells,CL 1,CL 1
CATGACACACGGTAGA-1,Mono,Mono,Mono
CATGACACAGGAATGC-1,T cells,CD8 T,T cells
CATGACACATAAGACA-1,NK,NK,NK
CATGACAGTAAGTGGC-1,T cells,CL 1,CL 1
CATGACAGTAGAAGGA-1,Mono,Mono,Mono
CATGACAGTGGGTCAA-1,T cells,CD8 T,T cells
CATGACAGTTCCACAA-1,Mono,Mono,Mono
CATGACAGTTCCATGA-1,B cells,B cells,B cells
CATGACATCACGATGT-1,Mono,Mono,Mono
CATGACATCAGCAACT-1,B cells,B cells,B cells
CATGACATCAGTGCAT-1,T cells,CD8 T,T cells
CATGACATCTCCTATA-1,Mono,Mono,Mono
CATGACATCTGTCTCG-1,B cells,B cells,B cells
CATGCCTAGGCATGGT-1,Mono,Mono,Mono
CATGCCTCACCAGTTA-1,NK,CD8 T,T cells
CATGCCTCACCTCGGA-1,Mono,Mono,Mono
CATGCCTCACTATCTT-1,B cells,B cells,B cells
CATGCCTCATCTCGCT-1,T cells,CD8 T,T cells
CATGCCTGTACCAGTT-1,B cells,B cells,B cells
CATGCCTGTCTGGAGA-1,T cells,CD8 T,T cells
CATGCCTGTGCCTGTG-1,T cells,CD8 T,T cells
CATGCCTGTGTAAGTA-1,T cells,CD8 T,T cells
CATGCCTTCAACACAC-1,T cells,CL 1,CL 1
CATGCCTTCACCCGAG-1,Mono,DC,DC
CATGCCTTCACCGGGT-1,Mono,Mono,Mono
CATGCCTTCAGCTCGG-1,B cells,B cells,B cells
CATGCCTTCCGGGTGT-1,T cells,CD8 T,T cells
CATGCCTTCCTTGCCA-1,T cells,CL 1,CL 1
CATGCCTTCGATAGAA-1,B cells,B cells,B cells
CATGCCTTCGGAAATA-1,T cells,CD8 T,T cells
CATGCCTTCGGTTCGG-1,T cells,CL 1,CL 1
CATGCCTTCTGCCCTA-1,NK,NK,NK
CATGGCGAGGAGTTTA-1,B cells,CD8 T,T cells
CATGGCGAGTCCTCCT-1,T cells,CL 1,CL 1
CATGGCGCAATCCGAT-1,Mono,Mono,Mono
CATGGCGCACACGCTG-1,B cells,B cells,B cells
CATGGCGCAGATGGGT-1,T cells,CD8 T,T cells
CATGGCGCAGCTGTAT-1,T cells,CL 1,CL 1
CATGGCGCAGGTCCAC-1,T cells,CL 1,CL 1
CATGGCGGTCTAGTGT-1,B cells,CD8 T,T cells
CATGGCGTCACGGTTA-1,B cells,B cells,B cells
CATTATCAGAGTGACC-1,Mono,Mono,Mono
CATTATCAGCGTCTAT-1,Mono,Mono,Mono
CATTATCAGGAGTTGC-1,Mono,Mono,Mono
CATTATCAGGTGTGGT-1,B cells,B cells,B cells
CATTATCAGTCTTGCA-1,NK,NK,NK
CATTATCCAACAACCT-1,T cells,CD8 T,T cells
CATTATCCACGCATCG-1,T cells,CL 1,CL 1
CATTATCCACGGATAG-1,B cells,B cells,B cells
CATTATCCACTGCCAG-1,T cells,CL 1,CL 1
CATTATCCAGTTCATG-1,NK,CD8 T,T cells
CATTATCCATAACCTG-1,Mono,Mono,Mono
CATTATCCATCTACGA-1,NK,B cells,B cells
CATTATCCATCTGGTA-1,Mono,Mono,Mono
CATTATCCATGCCACG-1,T cells,CD8 T,T cells
CATTATCCATGCCCGA-1,T cells,CD8 T,T cells
CATTATCGTGTGCGTC-1,Mono,Mono,Mono
CATTATCTCACAACGT-1,Mono,Mono,Mono
CATTCGCAGACTTTCG-1,T cells,CL 1,CL 1
CATTCGCAGAGAGCTC-1,Mono,Mono,Mono
CATTCGCAGCGTGAGT-1,T cells,CD8 T,T cells
CATTCGCAGCTAACAA-1,NK,CD8 T,T cells
CATTCGCAGGATATAC-1,T cells,CL 1,CL 1
CATTCGCAGGTGTTAA-1,T cells,CL 1,CL 1
CATTCGCCAATGTTGC-1,T cells,CL 1,CL 1
CATTCGCCATTTGCTT-1,T cells,CD8 T,T cells
CATTCGCGTACCGTTA-1,Mono,Mono,Mono
CATTCGCGTAGGCATG-1,T cells,CL 1,CL 1
CATTCGCGTCTTCGTC-1,T cells,CL 1,CL 1
CATTCGCGTGAACCTT-1,Mono,Mono,Mono
CATTCGCTCAACCAAC-1,NK,CD8 T,T cells
CATTCGCTCAGAGGTG-1,B cells,B cells,B cells
CATTCGCTCAGTTTGG-1,NK,NK,NK
CATTCGCTCGAACGGA-1,B cells,B cells,B cells
CATTCGCTCGCTTAGA-1,B cells,B cells,B cells
CATTCGCTCGGAGGTA-1,T cells,CD8 T,T cells
CATTCGCTCTCGCTTG-1,B cells,B cells,B cells
CATTCGCTCTTCTGGC-1,B cells,CL 1,CL 1
CCAATCCAGAAACCAT-1,NK,NK,NK
CCAATCCAGACCACGA-1,T cells,CL 1,CL 1
CCAATCCAGCACCGTC-1,T cells,CL 1,CL 1
CCAATCCAGCAGCGTA-1,Mono,Mono,Mono
CCAATCCAGGACACCA-1,NK,CD8 T,T cells
CCAATCCAGGCACATG-1,Mono,Mono,Mono
CCAATCCAGTGGAGAA-1,T cells,CD8 T,T cells
CCAATCCCACTGTGTA-1,Mono,DC,DC
CCAATCCGTCCCTTGT-1,Mono,Mono,Mono
CCAATCCGTCCTAGCG-1,T cells,CL 1,CL 1
CCAATCCGTCGACTGC-1,T cells,CD8 T,T cells
CCAATCCGTGATGTGG-1,T cells,CD8 T,T cells
CCAATCCGTGCTTCTC-1,T cells,CD8 T,T cells
CCAATCCGTTACCGAT-1,Mono,Mono,Mono
CCAATCCGTTCCCGAG-1,B cells,B cells,B cells
CCAATCCTCAACGAAA-1,B cells,B cells,B cells
CCAATCCTCACTATTC-1,Mono,Mono,Mono
CCAATCCTCAGGCGAA-1,T cells,CD8 T,T cells
CCAATCCTCATGGTCA-1,T cells,CL 1,CL 1
CCAATCCTCCGCATCT-1,T cells,CD8 T,T cells
CCACCTAAGACAAGCC-1,T cells,CD8 T,T cells
CCACCTAAGACAGACC-1,Mono,Mono,Mono
CCACCTAAGCTGAAAT-1,T cells,CD8 T,T cells
CCACCTAAGCTTATCG-1,B cells,B cells,B cells
CCACCTAAGGAGCGAG-1,Mono,Mono,Mono
CCACCTAAGGTGATTA-1,Mono,Mono,Mono
CCACCTAAGTATCGAA-1,B cells,B cells,B cells
CCACCTAAGTCCGTAT-1,T cells,CL 1,CL 1
CCACCTAAGTTAGGTA-1,B cells,CD8 T,T cells
CCACCTACAATGGTCT-1,Mono,Mono,Mono
CCACCTACAGGGATTG-1,T cells,CD8 T,T cells
CCACCTACAGTCGTGC-1,Mono,Mono,Mono
CCACCTACAGTTTACG-1,NK,CD8 T,T cells
CCACCTAGTTAAGGGC-1,T cells,CD8 T,T cells
CCACCTAGTTCCCGAG-1,Mono,Mono,Mono
CCACCTATCCTGTACC-1,Mono,Mono,Mono
CCACGGAAGATAGCAT-1,B cells,CD8 T,T cells
CCACGGAAGCCGGTAA-1,B cells,B cells,B cells
CCACGGAAGGTGTTAA-1,Mono,Mono,Mono
CCACGGACACGGCCAT-1,T cells,CL 1,CL 1
CCACGGACACGTCAGC-1,Mono,Mono,Mono
CCACGGAGTAAATGTG-1,B cells,B cells,B cells
CCACGGAGTATAGGTA-1,T cells,CL 1,CL 1
CCACGGAGTCGCTTTC-1,Mono,Mono,Mono
CCACGGAGTCTCTTTA-1,B cells,B cells,B cells
CCACGGAGTTAGGGTG-1,Mono,Mono,Mono
CCACGGATCACCTTAT-1,Mono,Mono,Mono
CCACGGATCATAAAGG-1,Mono,DC,DC
CCACGGATCCTTTCGG-1,T cells,CD8 T,T cells
CCACGGATCGCAGGCT-1,B cells,CD8 T,T cells
CCACGGATCTCCAGGG-1,Mono,DC,DC
CCACGGATCTGGAGCC-1,T cells,CD8 T,T cells
CCACGGATCTTACCTA-1,NK,CD8 T,T cells
CCACGGATCTTTAGTC-1,T cells,CD8 T,T cells
CCACTACAGCCCAACC-1,Mono,Mono,Mono
CCACTACAGCTACCTA-1,T cells,CD8 T,T cells
CCACTACAGGGTCTCC-1,T cells,CL 1,CL 1
CCACTACAGTGTGAAT-1,NK,CD8 T,T cells
CCACTACCAATGGAAT-1,T cells,CL 1,CL 1
CCACTACCAGCTGTTA-1,B cells,CD8 T,T cells
CCACTACCAGTCCTTC-1,T cells,CL 1,CL 1
CCACTACCATTTCAGG-1,T cells,CD8 T,T cells
CCACTACGTCCAGTAT-1,T cells,CL 1,CL 1
CCACTACGTTCTGGTA-1,T cells,CL 1,CL 1
CCACTACTCCGTCAAA-1,NK,CD8 T,T cells
CCACTACTCTTGACGA-1,Mono,Mono,Mono
CCAGCGAAGATGTTAG-1,Mono,Mono,Mono
CCAGCGAAGGGCTTGA-1,T cells,CD8 T,T cells
CCAGCGAAGTCACGCC-1,T cells,CD8 T,T cells
CCAGCGACAAAGTGCG-1,T cells,CD8 T,T cells
CCAGCGACAAGCGCTC-1,NK,NK,NK
CCAGCGACAAGCGTAG-1,B cells,CD8 T,T cells
CCAGCGACACATGTGT-1,Mono,Mono,Mono
CCAGCGACAGTGGAGT-1,T cells,CD8 T,T cells
CCAGCGAGTATAGGGC-1,B cells,B cells,B cells
CCAGCGAGTCACCTAA-1,NK,NK,NK
CCAGCGAGTCTAGGTT-1,T cells,CD8 T,T cells
CCAGCGAGTGATGTCT-1,T cells,CL 1,CL 1
CCAGCGAGTTGCTCCT-1,T cells,CL 1,CL 1
CCAGCGATCAACGGCC-1,T cells,CL 1,CL 1
CCAGCGATCCGAACGC-1,T cells,CL 1,CL 1
CCAGCGATCCGTTGCT-1,T cells,CL 1,CL 1
CCAGCGATCCTAGTGA-1,NK,CD8 T,T cells
CCAGCGATCGAGGTAG-1,T cells,CD8 T,T cells
CCATGTCAGAGTCTGG-1,T cells,CD8 T,T cells
CCATGTCAGGCAGTCA-1,Mono,Mono,Mono
CCATGTCAGGCGTACA-1,T cells,CD8 T,T cells
CCATGTCCACCACCAG-1,T cells,CL 1,CL 1
CCATGTCCAGGCTCAC-1,NK,NK,NK
CCATGTCCATGCCCGA-1,B cells,B cells,B cells
CCATGTCGTAGAAAGG-1,Mono,Mono,Mono
CCATGTCGTCAGAAGC-1,T cells,CL 1,CL 1
CCATGTCGTTCGGGCT-1,B cells,CD8 T,T cells
CCATGTCTCAACACTG-1,Mono,Mono,Mono
CCATGTCTCAATCTCT-1,T cells,CL 1,CL 1
CCATGTCTCCAAATGC-1,Mono,Mono,Mono
CCATTCGAGACAAAGG-1,Mono,Mono,Mono
CCATTCGAGATGCCAG-1,NK,NK,NK
CCATTCGAGTAATCCC-1,NK,CD8 T,T cells
CCATTCGCAACTGCTA-1,T cells,CD8 T,T cells
CCATTCGCACAGGAGT-1,T cells,CD8 T,T cells
CCATTCGCATACTACG-1,NK,CD8 T,T cells
CCATTCGCATGTCGAT-1,Mono,Mono,Mono
CCATTCGGTGTGCGTC-1,Mono,Mono,Mono
CCATTCGTCATATCGG-1,T cells,CL 1,CL 1
CCATTCGTCCACTGGG-1,B cells,B cells,B cells
CCATTCGTCGCCCTTA-1,Mono,Mono,Mono
CCATTCGTCGCGGATC-1,B cells,B cells,B cells
CCATTCGTCTCAACTT-1,T cells,CL 1,CL 1
CCATTCGTCTCCAACC-1,T cells,CL 1,CL 1
CCCAATCAGAAGGTGA-1,T cells,CL 1,CL 1
CCCAATCAGACAGGCT-1,T cells,CD8 T,T cells
CCCAATCAGATCACGG-1,B cells,B cells,B cells
CCCAATCAGATCCCGC-1,Mono,Mono,Mono
CCCAATCAGCTTCGCG-1,NK,NK,NK
CCCAATCCAAGAAGAG-1,B cells,B cells,B cells
CCCAATCCACCACGTG-1,NK,CD8 T,T cells
CCCAATCCAGAGTGTG-1,T cells,CL 1,CL 1
CCCAATCCATCTCCCA-1,Mono,Mono,Mono
CCCAATCCATTTCACT-1,T cells,CL 1,CL 1
CCCAATCGTCACACGC-1,B cells,B cells,B cells
CCCAATCGTCAGAATA-1,Mono,Mono,Mono
CCCAATCGTGCTGTAT-1,T cells,CD8 T,T cells
CCCAATCGTTACCAGT-1,T cells,CL 1,CL 1
CCCAATCGTTGTACAC-1,Mono,Mono,Mono
CCCAATCTCAGTGTTG-1,T cells,CL 1,CL 1
CCCAATCTCGCGTTTC-1,B cells,B cells,B cells
CCCAGTTAGAAACCTA-1,T cells,CL 1,CL 1
CCCAGTTAGATGAGAG-1,T cells,CL 1,CL 1
CCCAGTTAGTGTCCAT-1,Mono,Mono,Mono
CCCAGTTCAAGAGGCT-1,B cells,B cells,B cells
CCCAGTTCAATAGCAA-1,B cells,B cells,B cells
CCCAGTTCACCATGTA-1,T cells,CD8 T,T cells
CCCAGTTCACGGATAG-1,Mono,Mono,Mono
CCCAGTTCAGGAATGC-1,T cells,CD8 T,T cells
CCCAGTTCAGGTGGAT-1,Mono,Mono,Mono
CCCAGTTGTACATGTC-1,T cells,CD8 T,T cells
CCCAGTTGTGTCGCTG-1,Mono,Mono,Mono
CCCAGTTGTTATGTGC-1,T cells,CD8 T,T cells
CCCAGTTGTTGTACAC-1,T cells,CD8 T,T cells
CCCAGTTTCAGCATGT-1,T cells,CL 1,CL 1
CCCAGTTTCCACGAAT-1,T cells,CD8 T,T cells
CCCAGTTTCCCTAACC-1,B cells,CD8 T,T cells
CCCAGTTTCCTCAACC-1,T cells,CL 1,CL 1
CCCATACAGCTTCGCG-1,T cells,CD8 T,T cells
CCCATACAGTCTTGCA-1,T cells,CD8 T,T cells
CCCATACAGTGGTAGC-1,Mono,Mono,Mono
CCCATACAGTTGAGTA-1,Mono,Mono,Mono
CCCATACCAAGCGATG-1,Mono,DC,DC
CCCATACCAAGGACTG-1,Mono,Mono,Mono
CCCATACCACCTGGTG-1,Mono,Mono,Mono
CCCATACCACGAGAGT-1,B cells,B cells,B cells
CCCATACCAGTTTACG-1,T cells,CL 1,CL 1
CCCATACGTAGGACAC-1,Mono,Mono,Mono
CCCATACGTCATACTG-1,NK,NK,NK
CCCATACGTCCGTCAG-1,Mono,Mono,Mono
CCCATACGTGAGGGAG-1,NK,CD8 T,T cells
CCCATACGTGTTCGAT-1,T cells,CD8 T,T cells
CCCATACGTTGTCTTT-1,Mono,Mono,Mono
CCCATACTCTGAAAGA-1,B cells,CD8 T,T cells
CCCTCCTAGAAGGGTA-1,T cells,CL 1,CL 1
CCCTCCTAGACAAAGG-1,NK,NK,NK
CCCTCCTAGACCCACC-1,B cells,B cells,B cells
CCCTCCTAGACTGGGT-1,NK,CD8 T,T cells
CCCTCCTAGAGTCGGT-1,T cells,CL 1,CL 1
CCCTCCTAGCACGCCT-1,T cells,CL 1,CL 1
CCCTCCTAGGCAGGTT-1,Mono,Mono,Mono
CCCTCCTAGGCGCTCT-1,NK,CD8 T,T cells
CCCTCCTAGTCGCCGT-1,Platelet,Mono,Mono
CCCTCCTCAAGAGTCG-1,T cells,CD8 T,T cells
CCCTCCTCAATCAGAA-1,T cells,CL 1,CL 1
CCCTCCTCAGATCCAT-1,B cells,B cells,B cells
CCCTCCTCAGGGTATG-1,Mono,Mono,Mono
CCCTCCTCAGTAACGG-1,T cells,CL 1,CL 1
CCCTCCTCATTTCAGG-1,B cells,B cells,B cells
CCCTCCTGTAATAGCA-1,B cells,B cells,B cells
CCCTCCTGTACCCAAT-1,Mono,Mono,Mono
CCCTCCTGTCAGTGGA-1,T cells,CD8 T,T cells
CCCTCCTGTGAGGGTT-1,T cells,CD8 T,T cells
CCCTCCTGTGCAGTAG-1,Mono,Mono,Mono
CCCTCCTGTGTGACCC-1,Mono,Mono,Mono
CCCTCCTTCAGTCAGT-1,Mono,Mono,Mono
CCCTCCTTCCAGATCA-1,T cells,CD8 T,T cells
CCCTCCTTCGCCTGAG-1,Mono,Mono,Mono
CCCTCCTTCGTCTGCT-1,T cells,CL 1,CL 1
CCCTCCTTCTCCCTGA-1,NK,CD8 T,T cells
CCGGGATCAAACCCAT-1,Mono,Mono,Mono
CCGGGATCAAAGGAAG-1,T cells,CD8 T,T cells
CCGGGATCAGATAATG-1,T cells,CL 1,CL 1
CCGGGATCAGCGTCCA-1,B cells,CD8 T,T cells
CCGGGATCAGCTGCAC-1,T cells,CL 1,CL 1
CCGGGATCATAGGATA-1,T cells,CL 1,CL 1
CCGGGATCATCCGGGT-1,T cells,CD8 T,T cells
CCGGGATGTAAAGTCA-1,Mono,Mono,Mono
CCGGGATGTAAGGGAA-1,T cells,CL 1,CL 1
CCGGGATGTACCGTAT-1,T cells,CL 1,CL 1
CCGGGATGTACTCGCG-1,T cells,CL 1,CL 1
CCGGGATGTAGCTTGT-1,T cells,CD8 T,T cells
CCGGGATGTATTCGTG-1,Mono,Mono,Mono
CCGGGATGTCCGTTAA-1,T cells,CL 1,CL 1
CCGGGATGTGATGATA-1,B cells,B cells,B cells
CCGGGATGTTACTGAC-1,B cells,B cells,B cells
CCGGGATGTTCGTCTC-1,Mono,Mono,Mono
CCGGGATTCAACGAAA-1,B cells,B cells,B cells
CCGGGATTCATAGCAC-1,B cells,B cells,B cells
CCGGGATTCCCAGGTG-1,T cells,CL 1,CL 1
CCGGGATTCCGTAGGC-1,Mono,Mono,Mono
CCGGGATTCTCAACTT-1,Mono,Mono,Mono
CCGGTAGAGCCAGAAC-1,Mono,Mono,Mono
CCGGTAGAGCTCCTCT-1,B cells,B cells,B cells
CCGGTAGAGCTTATCG-1,T cells,CL 1,CL 1
CCGGTAGAGGCTAGAC-1,T cells,CD8 T,T cells
CCGGTAGAGTCCGTAT-1,T cells,CD8 T,T cells
CCGGTAGCAAACGCGA-1,T cells,CD8 T,T cells
CCGGTAGCAGACGCTC-1,T cells,CL 1,CL 1
CCGGTAGCAGTAGAGC-1,T cells,CD8 T,T cells
CCGGTAGCATATGAGA-1,T cells,CD8 T,T cells
CCGGTAGCATCGATGT-1,NK,CD8 T,T cells
CCGGTAGCATTACCTT-1,Platelet,Mono,Mono
CCGGTAGGTAACGTTC-1,B cells,B cells,B cells
CCGGTAGGTTGAGTTC-1,B cells,B cells,B cells
CCGGTAGTCAACACGT-1,B cells,CL 1,CL 1
CCGGTAGTCGAGCCCA-1,B cells,B cells,B cells
CCGGTAGTCGTCTGAA-1,B cells,B cells,B cells
CCGGTAGTCTCTTATG-1,Mono,Mono,Mono
CCGTACTAGAGACTTA-1,NK,CD8 T,T cells
CCGTACTAGAGCTATA-1,T cells,CL 1,CL 1
CCGTACTAGCTACCTA-1,B cells,CL 1,CL 1
CCGTACTAGCTCTCGG-1,T cells,CD8 T,T cells
CCGTACTCAGACGCTC-1,T cells,CL 1,CL 1
CCGTACTCAGCCAATT-1,Mono,Mono,Mono
CCGTACTCAGTCAGCC-1,B cells,B cells,B cells
CCGTACTGTAAATACG-1,B cells,B cells,B cells
CCGTACTGTAACGTTC-1,T cells,CL 1,CL 1
CCGTACTGTACCGGCT-1,T cells,CD8 T,T cells
CCGTACTGTCGGGTCT-1,B cells,B cells,B cells
CCGTACTGTCTAAACC-1,Mono,Mono,Mono
CCGTACTGTTCCTCCA-1,NK,NK,NK
CCGTACTGTTTGCATG-1,T cells,CL 1,CL 1
CCGTACTTCAGTTGAC-1,NK,CD8 T,T cells
CCGTACTTCATAACCG-1,Mono,Mono,Mono
CCGTACTTCCTCATTA-1,T cells,CL 1,CL 1
CCGTACTTCGGTGTTA-1,T cells,CD8 T,T cells
CCGTACTTCTGTCCGT-1,T cells,CD8 T,T cells
CCGTGGAAGATCGGGT-1,T cells,CD8 T,T cells
CCGTGGAAGCAGCGTA-1,Mono,Mono,Mono
CCGTGGAAGCAGGCTA-1,T cells,CD8 T,T cells
CCGTGGACAACACCTA-1,Mono,Mono,Mono
CCGTGGACAATGTTGC-1,T cells,CL 1,CL 1
CCGTGGACACCCATGG-1,Mono,Mono,Mono
CCGTGGACAGATCTGT-1,B cells,CD8 T,T cells
CCGTGGACAGGATCGA-1,T cells,CD8 T,T cells
CCGTGGACAGTCAGCC-1,T cells,CL 1,CL 1
CCGTGGACAGTGACAG-1,T cells,CL 1,CL 1
CCGTGGACAGTTCATG-1,Mono,Mono,Mono
CCGTGGACATCCTTGC-1,Mono,Mono,Mono
CCGTGGAGTCATGCAT-1,T cells,CL 1,CL 1
CCGTGGAGTCTAGCGC-1,B cells,B cells,B cells
CCGTGGAGTTACGCGC-1,T cells,CL 1,CL 1
CCGTGGATCGTACCGG-1,T cells,CD8 T,T cells
CCGTTCAAGACTTGAA-1,T cells,CD8 T,T cells
CCGTTCAAGAGAACAG-1,T cells,CD8 T,T cells
CCGTTCAAGGCTCAGA-1,B cells,B cells,B cells
CCGTTCAAGGTAGCTG-1,T cells,CD8 T,T cells
CCGTTCAAGTCTCAAC-1,T cells,CD8 T,T cells
CCGTTCACAAGGCTCC-1,NK,CD8 T,T cells
CCGTTCACACCCATGG-1,Mono,Mono,Mono
CCGTTCACAGTAACGG-1,T cells,CD8 T,T cells
CCGTTCACATGCCACG-1,NK,CD8 T,T cells
CCGTTCACATGCCTAA-1,Mono,DC,DC
CCGTTCACATGGAATA-1,T cells,CL 1,CL 1
CCGTTCAGTCCTAGCG-1,T cells,CL 1,CL 1
CCGTTCAGTGAGGGAG-1,T cells,CD8 T,T cells
CCGTTCAGTGCACGAA-1,T cells,CD8 T,T cells
CCGTTCAGTGCGCTTG-1,B cells,B cells,B cells
CCGTTCAGTGCTCTTC-1,T cells,CL 1,CL 1
CCGTTCAGTTGGAGGT-1,T cells,CL 1,CL 1
CCGTTCATCACCACCT-1,NK,CD8 T,T cells
CCGTTCATCACTCCTG-1,Mono,Mono,Mono
CCGTTCATCCACGCAG-1,Mono,Mono,Mono
CCGTTCATCCATGAAC-1,B cells,B cells,B cells
CCGTTCATCGGTCTAA-1,B cells,B cells,B cells
CCGTTCATCTTACCTA-1,T cells,CL 1,CL 1
CCGTTCATCTTCTGGC-1,T cells,CD8 T,T cells
CCTAAAGAGAATGTTG-1,T cells,CD8 T,T cells
CCTAAAGAGCACACAG-1,Mono,Mono,Mono
CCTAAAGAGCCAGTAG-1,T cells,CD8 T,T cells
CCTAAAGAGCTCCCAG-1,T cells,CD8 T,T cells
CCTAAAGAGGGTCGAT-1,T cells,CD8 T,T cells
CCTAAAGAGTAATCCC-1,T cells,CD8 T,T cells
CCTAAAGAGTGGTAAT-1,T cells,CD8 T,T cells
CCTAAAGCAAGTAGTA-1,T cells,CD8 T,T cells
CCTAAAGCACACAGAG-1,B cells,B cells,B cells
CCTAAAGCACCTGGTG-1,T cells,CL 1,CL 1
CCTAAAGCAGCATACT-1,NK,NK,NK
CCTAAAGCAGCTCCGA-1,Mono,Mono,Mono
CCTAAAGCAGGTTTCA-1,Mono,Mono,Mono
CCTAAAGCAGTGACAG-1,T cells,CD8 T,T cells
CCTAAAGCATGAACCT-1,T cells,CL 1,CL 1
CCTAAAGCATTAGGCT-1,T cells,CD8 T,T cells
CCTAAAGCATTTCACT-1,NK,CD8 T,T cells
CCTAAAGGTCAGAGGT-1,Mono,Mono,Mono
CCTAAAGTCGTTTGCC-1,T cells,CD8 T,T cells
CCTAAAGTCTCAAACG-1,NK,CD8 T,T cells
CCTAAAGTCTGAGTGT-1,B cells,B cells,B cells
CCTACACAGAATTCCC-1,B cells,B cells,B cells
CCTACACAGATGTGTA-1,Mono,Mono,Mono
CCTACACAGCTACCGC-1,T cells,CD8 T,T cells
CCTACACCAAGCCGTC-1,NK,CD8 T,T cells
CCTACACCACGCCAGT-1,T cells,CD8 T,T cells
CCTACACCAGCTCCGA-1,T cells,CD8 T,T cells
CCTACACCAGTTCCCT-1,NK,CD8 T,T cells
CCTACACCATCTCCCA-1,B cells,B cells,B cells
CCTACACGTACCAGTT-1,T cells,CD8 T,T cells
CCTACACGTATCAGTC-1,T cells,CD8 T,T cells
CCTACACGTCTAAAGA-1,Mono,Mono,Mono
CCTACACGTTCGAATC-1,Mono,Mono,Mono
CCTACACTCAACGGCC-1,T cells,CD8 T,T cells
CCTACACTCGAATCCA-1,Mono,DC,DC
CCTACACTCGGCGGTT-1,T cells,CD8 T,T cells
CCTACCAAGACTCGGA-1,T cells,CD8 T,T cells
CCTACCAAGCCAGTTT-1,Mono,Mono,Mono
CCTACCAAGCGGCTTC-1,Mono,Mono,Mono
CCTACCAAGCTGGAAC-1,T cells,CD8 T,T cells
CCTACCAAGGCTCATT-1,Mono,Mono,Mono
CCTACCAAGGTGCACA-1,T cells,CD8 T,T cells
CCTACCACAAATACAG-1,NK,CD8 T,T cells
CCTACCACAAGTAGTA-1,T cells,CL 1,CL 1
CCTACCACAGCTATTG-1,T cells,CL 1,CL 1
CCTACCACAGTAAGCG-1,Mono,Mono,Mono
CCTACCACATGAACCT-1,T cells,CL 1,CL 1
CCTACCACATTCACTT-1,T cells,CD8 T,T cells
CCTACCAGTAGCTGCC-1,T cells,CL 1,CL 1
CCTACCAGTATCGCAT-1,T cells,CD8 T,T cells
CCTACCAGTCCCTACT-1,Mono,Mono,Mono
CCTACCAGTCTAGAGG-1,B cells,CL 1,CL 1
CCTACCAGTCTGATTG-1,T cells,CL 1,CL 1
CCTACCAGTGGTCTCG-1,T cells,CD8 T,T cells
CCTACCAGTGTTTGGT-1,NK,CD8 T,T cells
CCTACCAGTTTAAGCC-1,T cells,CD8 T,T cells
CCTACCATCCAAATGC-1,T cells,CL 1,CL 1
CCTACCATCCCATTTA-1,Mono,Mono,Mono
CCTACCATCCTCCTAG-1,T cells,CD8 T,T cells
CCTACCATCGGAATCT-1,NK,CD8 T,T cells
CCTAGCTAGAGACGAA-1,T cells,CD8 T,T cells
CCTAGCTAGAGGTTAT-1,T cells,CD8 T,T cells
CCTAGCTAGATGCGAC-1,Mono,Mono,Mono
CCTAGCTAGCTTCGCG-1,B cells,B cells,B cells
CCTAGCTAGTGTACGG-1,Mono,Mono,Mono
CCTAGCTAGTTTGCGT-1,NK,CD8 T,T cells
CCTAGCTCAATAACGA-1,T cells,CL 1,CL 1
CCTAGCTCAATCGGTT-1,NK,NK,NK
CCTAGCTCACCTCGTT-1,Mono,Mono,Mono
CCTAGCTCATAGACTC-1,NK,CD8 T,T cells
CCTAGCTCATGCGCAC-1,B cells,B cells,B cells
CCTAGCTGTGCACTTA-1,NK,CD8 T,T cells
CCTAGCTGTGGTTTCA-1,Mono,Mono,Mono
CCTAGCTGTTAAGATG-1,T cells,CL 1,CL 1
CCTAGCTGTTGGAGGT-1,Mono,Mono,Mono
CCTAGCTGTTTGGCGC-1,B cells,B cells,B cells
CCTAGCTTCAAACCGT-1,T cells,CD8 T,T cells
CCTAGCTTCAGCACAT-1,NK,CD8 T,T cells
CCTAGCTTCCCATTAT-1,Mono,Mono,Mono
CCTAGCTTCCGAACGC-1,Mono,Mono,Mono
CCTATTAAGTACTTGC-1,Mono,Mono,Mono
CCTATTAAGTCTCAAC-1,T cells,CL 1,CL 1
CCTATTACATCTACGA-1,T cells,CD8 T,T cells
CCTATTACATTGAGCT-1,T cells,CL 1,CL 1
CCTATTAGTAAATACG-1,Mono,Mono,Mono
CCTATTAGTGACAAAT-1,B cells,B cells,B cells
CCTATTAGTGTGGTTT-1,Mono,Mono,Mono
CCTATTATCACGCGGT-1,Mono,Mono,Mono
CCTATTATCGATGAGG-1,NK,NK,NK
CCTATTATCGCGCCAA-1,T cells,CD8 T,T cells
CCTATTATCGTTGACA-1,NK,CD8 T,T cells
CCTATTATCTGGCGTG-1,Mono,Mono,Mono
CCTATTATCTTACCGC-1,Mono,Mono,Mono
CCTCAGTAGGATGTAT-1,Mono,Mono,Mono
CCTCAGTAGGCTATCT-1,T cells,CD8 T,T cells
CCTCAGTAGGGAACGG-1,Mono,Mono,Mono
CCTCAGTAGTCCATAC-1,T cells,CD8 T,T cells
CCTCAGTCAAACGCGA-1,Mono,Mono,Mono
CCTCAGTCAACACCCG-1,B cells,CD8 T,T cells
CCTCAGTCAAGCCTAT-1,T cells,CL 1,CL 1
CCTCAGTCACCATCCT-1,NK,CD8 T,T cells
CCTCAGTGTACATCCA-1,B cells,B cells,B cells
CCTCAGTGTAGAAAGG-1,T cells,CD8 T,T cells
CCTCAGTGTATCTGCA-1,T cells,CD8 T,T cells
CCTCAGTGTGCAGGTA-1,T cells,CD8 T,T cells
CCTCAGTTCCACGCAG-1,Mono,Mono,Mono
CCTCAGTTCGTTTATC-1,T cells,CD8 T,T cells
CCTCAGTTCTGACCTC-1,Platelet,Mono,Mono
CCTCAGTTCTGAGGGA-1,T cells,CD8 T,T cells
CCTCAGTTCTTGTACT-1,T cells,CL 1,CL 1
CCTCTGAAGACCACGA-1,T cells,CL 1,CL 1
CCTCTGAAGCGTCAAG-1,T cells,CD8 T,T cells
CCTCTGACACATTCGA-1,T cells,CD8 T,T cells
CCTCTGACACCTTGTC-1,Mono,Mono,Mono
CCTCTGACAGCTTAAC-1,NK,NK,NK
CCTCTGACAGGGTTAG-1,Mono,Mono,Mono
CCTCTGACATCGATGT-1,Mono,Mono,Mono
CCTCTGACATGGAATA-1,B cells,B cells,B cells
CCTCTGACATGGATGG-1,T cells,CL 1,CL 1
CCTCTGAGTCTTCGTC-1,Mono,Mono,Mono
CCTCTGAGTTGACGTT-1,Mono,Mono,Mono
CCTCTGATCAAGGCTT-1,NK,NK,NK
CCTCTGATCTAAGCCA-1,T cells,CL 1,CL 1
CCTCTGATCTACCAGA-1,Mono,Mono,Mono
CCTTACGAGCAACGGT-1,B cells,B cells,B cells
CCTTACGAGTCTCAAC-1,Mono,Mono,Mono
CCTTACGAGTGTACTC-1,Mono,Mono,Mono
CCTTACGCAAGCGCTC-1,T cells,CD8 T,T cells
CCTTACGCACATTTCT-1,Mono,Mono,Mono
CCTTACGCACGTCAGC-1,T cells,CD8 T,T cells
CCTTACGCAGCGAACA-1,T cells,CD8 T,T cells
CCTTACGCATAGACTC-1,T cells,CD8 T,T cells
CCTTACGCATTGTGCA-1,T cells,CD8 T,T cells
CCTTACGGTACAAGTA-1,NK,NK,NK
CCTTACGGTCAATACC-1,B cells,B cells,B cells
CCTTACGGTGTCTGAT-1,T cells,CL 1,CL 1
CCTTACGGTGTTAAGA-1,T cells,CD8 T,T cells
CCTTACGTCAATCTCT-1,B cells,NK,NK
CCTTACGTCAGCCTAA-1,Mono,Mono,Mono
CCTTACGTCATGCTCC-1,T cells,CL 1,CL 1
CCTTACGTCCCAAGAT-1,T cells,CL 1,CL 1
CCTTACGTCCTACAGA-1,Mono,Mono,Mono
CCTTACGTCGCTTGTC-1,Mono,Mono,Mono
CCTTACGTCGGAAACG-1,T cells,CD8 T,T cells
CCTTACGTCTCAAGTG-1,Mono,Mono,Mono
CCTTCCCAGAGTGAGA-1,Mono,Mono,Mono
CCTTCCCAGCTGAACG-1,B cells,B cells,B cells
CCTTCCCAGCTTATCG-1,T cells,CL 1,CL 1
CCTTCCCAGGCAATTA-1,B cells,B cells,B cells
CCTTCCCCAATAGCAA-1,Mono,DC,DC
CCTTCCCCAATGACCT-1,Mono,Mono,Mono
CCTTCCCCACAGATTC-1,Mono,Mono,Mono
CCTTCCCCATAGGATA-1,B cells,B cells,B cells
CCTTCCCGTACACCGC-1,Mono,Mono,Mono
CCTTCCCGTCGGCTCA-1,T cells,CD8 T,T cells
CCTTCCCGTTTACTCT-1,Mono,DC,DC
CCTTCCCTCACGAAGG-1,T cells,CD8 T,T cells
CCTTCCCTCAGCTTAG-1,T cells,CL 1,CL 1
CCTTCCCTCATCTGTT-1,T cells,CD8 T,T cells
CCTTCCCTCCTTTCTC-1,Mono,Mono,Mono
CCTTCGAAGACTAAGT-1,T cells,CD8 T,T cells
CCTTCGAAGAGCTGCA-1,B cells,B cells,B cells
CCTTCGAAGCTAACTC-1,Mono,Mono,Mono
CCTTCGAAGGCGTACA-1,NK,CD8 T,T cells
CCTTCGAAGGTGCTTT-1,T cells,CL 1,CL 1
CCTTCGAAGTCCAGGA-1,NK,CD8 T,T cells
CCTTCGAAGTGCTGCC-1,T cells,CD8 T,T cells
CCTTCGACAACAACCT-1,T cells,CL 1,CL 1
CCTTCGACACAGACAG-1,T cells,CD8 T,T cells
CCTTCGACATGTTCCC-1,Mono,Mono,Mono
CCTTCGAGTAAGTAGT-1,B cells,B cells,B cells
CCTTCGAGTCGAGATG-1,NK,CD8 T,T cells
CCTTCGAGTCGAGTTT-1,T cells,CD8 T,T cells
CCTTCGAGTTCCCGAG-1,Mono,Mono,Mono
CCTTCGATCCAAGCCG-1,T cells,CL 1,CL 1
CCTTCGATCGGCGCTA-1,T cells,CD8 T,T cells
CCTTCGATCTTGTCAT-1,B cells,CL 1,CL 1
CCTTTCTAGCCAGTTT-1,NK,CD8 T,T cells
CCTTTCTAGGCAAAGA-1,T cells,CD8 T,T cells
CCTTTCTAGTAGATGT-1,T cells,CL 1,CL 1
CCTTTCTAGTGTGAAT-1,Mono,DC,DC
CCTTTCTCACAGAGGT-1,NK,NK,NK
CCTTTCTCACATAACC-1,T cells,CL 1,CL 1
CCTTTCTCACGTCAGC-1,NK,CD8 T,T cells
CCTTTCTGTCTTTCAT-1,Mono,Mono,Mono
CCTTTCTGTGCGATAG-1,Mono,Mono,Mono
CCTTTCTGTGCGGTAA-1,NK,NK,NK
CCTTTCTGTGTGAATA-1,Mono,DC,DC
CCTTTCTTCAATCTCT-1,Mono,Mono,Mono
CCTTTCTTCGCCTGTT-1,Mono,Mono,Mono
CCTTTCTTCGGTCCGA-1,Mono,Mono,Mono
CGAACATAGAAACCGC-1,T cells,CD8 T,T cells
CGAACATAGCCGATTT-1,Mono,DC,DC
CGAACATAGGCCCGTT-1,T cells,CL 1,CL 1
CGAACATAGGTAAACT-1,T cells,CD8 T,T cells
CGAACATAGTAGCCGA-1,NK,CD8 T,T cells
CGAACATCAAACCCAT-1,T cells,CL 1,CL 1
CGAACATCAAGTAATG-1,T cells,CL 1,CL 1
CGAACATCAGATGGGT-1,T cells,CL 1,CL 1
CGAACATCATCATCCC-1,B cells,B cells,B cells
CGAACATCATCGATGT-1,Mono,Mono,Mono
CGAACATCATTCGACA-1,NK,CD8 T,T cells
CGAACATGTAAGTTCC-1,B cells,B cells,B cells
CGAACATGTCAAAGAT-1,Mono,Mono,Mono
CGAACATGTCATCGGC-1,T cells,CL 1,CL 1
CGAACATGTCCAAGTT-1,T cells,CD8 T,T cells
CGAACATGTCTTGATG-1,Mono,Mono,Mono
CGAACATGTGCAGTAG-1,B cells,DC,DC
CGAACATGTGGCCCTA-1,Mono,Mono,Mono
CGAACATGTTAAGGGC-1,T cells,CL 1,CL 1
CGAACATTCAACACAC-1,B cells,B cells,B cells
CGAACATTCACATAGC-1,Mono,Mono,Mono
CGAACATTCCAAGCCG-1,T cells,CL 1,CL 1
CGAACATTCCCAAGTA-1,NK,NK,NK
CGAACATTCCGATATG-1,T cells,CD8 T,T cells
CGAACATTCTTACCTA-1,B cells,B cells,B cells
CGAATGTAGACCTAGG-1,Mono,Mono,Mono
CGAATGTAGAGTCTGG-1,T cells,CL 1,CL 1
CGAATGTAGTCCATAC-1,T cells,CL 1,CL 1
CGAATGTCATTGCGGC-1,NK,CD8 T,T cells
CGAATGTGTGAGGCTA-1,T cells,CL 1,CL 1
CGAATGTGTGCAGACA-1,Mono,Mono,Mono
CGAATGTGTTTCGCTC-1,NK,CD8 T,T cells
CGAATGTGTTTGGGCC-1,T cells,CD8 T,T cells
CGAATGTTCAACGAAA-1,B cells,B cells,B cells
CGAATGTTCCGAGCCA-1,B cells,B cells,B cells
CGAATGTTCGTACGGC-1,Mono,Mono,Mono
CGAATGTTCTATCGCC-1,NK,CD8 T,T cells
CGACCTTAGATCTGCT-1,T cells,CL 1,CL 1
CGACCTTAGCCTTGAT-1,NK,CD8 T,T cells
CGACCTTCACGTTGGC-1,NK,CD8 T,T cells
CGACCTTCAGCGATCC-1,B cells,B cells,B cells
CGACCTTCAGCTATTG-1,Mono,Mono,Mono
CGACCTTCATCCAACA-1,T cells,CD8 T,T cells
CGACCTTCATCCCATC-1,Mono,Mono,Mono
CGACCTTCATCTGGTA-1,T cells,CD8 T,T cells
CGACCTTCATGCAATC-1,T cells,CL 1,CL 1
CGACCTTCATTACGAC-1,T cells,CD8 T,T cells
CGACCTTGTACCGGCT-1,T cells,CD8 T,T cells
CGACCTTGTCAACATC-1,T cells,CD8 T,T cells
CGACCTTGTCCTCCAT-1,Mono,DC,DC
CGACCTTGTGGTGTAG-1,Mono,Mono,Mono
CGACCTTTCCACGTGG-1,T cells,CL 1,CL 1
CGACCTTTCCGCGCAA-1,T cells,CD8 T,T cells
CGACTTCAGAAGGCCT-1,T cells,CD8 T,T cells
CGACTTCAGACCCACC-1,T cells,CL 1,CL 1
CGACTTCAGTACGTAA-1,T cells,CD8 T,T cells
CGACTTCCAAAGCGGT-1,B cells,CD8 T,T cells
CGACTTCCACGACGAA-1,NK,CD8 T,T cells
CGACTTCCACGGCTAC-1,T cells,CL 1,CL 1
CGACTTCCATACTCTT-1,B cells,B cells,B cells
CGACTTCCATCCGCGA-1,T cells,CL 1,CL 1
CGACTTCGTAGATTAG-1,T cells,CL 1,CL 1
CGACTTCGTATGAAAC-1,NK,CD8 T,T cells
CGACTTCGTTCCACAA-1,Mono,Mono,Mono
CGACTTCTCAGGCAAG-1,T cells,CL 1,CL 1
CGACTTCTCAGGTTCA-1,T cells,CD8 T,T cells
CGACTTCTCGATCCCT-1,T cells,CL 1,CL 1
CGACTTCTCGGAAACG-1,B cells,B cells,B cells
CGACTTCTCGTGGTCG-1,T cells,CD8 T,T cells
CGAGAAGAGATATGGT-1,T cells,CL 1,CL 1
CGAGAAGAGCGGCTTC-1,T cells,CL 1,CL 1
CGAGAAGAGGTACTCT-1,B cells,B cells,B cells
CGAGAAGAGTACGCCC-1,NK,CD8 T,T cells
CGAGAAGCAGTAAGCG-1,B cells,B cells,B cells
CGAGAAGCATCTGGTA-1,T cells,CD8 T,T cells
CGAGAAGGTAAGTAGT-1,T cells,CD8 T,T cells
CGAGAAGGTACCCAAT-1,B cells,B cells,B cells
CGAGAAGGTACCGTTA-1,Mono,Mono,Mono
CGAGAAGGTAGGACAC-1,T cells,CL 1,CL 1
CGAGAAGGTGTTTGGT-1,B cells,B cells,B cells
CGAGAAGGTTATCACG-1,NK,CD8 T,T cells
CGAGAAGTCACGGTTA-1,NK,NK,NK
CGAGAAGTCACTTCAT-1,NK,NK,NK
CGAGAAGTCAGTGTTG-1,T cells,CL 1,CL 1
CGAGAAGTCATCTGTT-1,T cells,CL 1,CL 1
CGAGAAGTCTGACCTC-1,Mono,Mono,Mono
CGAGCACAGGCTCATT-1,Mono,Mono,Mono
CGAGCACAGTCGTTTG-1,NK,NK,NK
CGAGCACCAACTTGAC-1,B cells,B cells,B cells
CGAGCACCAAGGACAC-1,Mono,Mono,Mono
CGAGCACCACGGTAAG-1,B cells,B cells,B cells
CGAGCACCAGATAATG-1,Mono,Mono,Mono
CGAGCACCAGTGACAG-1,Mono,Mono,Mono
CGAGCACGTAAGGATT-1,NK,CD8 T,T cells
CGAGCACGTGCACCAC-1,B cells,B cells,B cells
CGAGCACGTGTAAGTA-1,T cells,CD8 T,T cells
CGAGCACTCAGCTCGG-1,T cells,CD8 T,T cells
CGAGCACTCGACCAGC-1,NK,CD8 T,T cells
CGAGCACTCGCGATCG-1,Mono,Mono,Mono
CGAGCCAAGATAGTCA-1,B cells,B cells,B cells
CGAGCCAAGATGCGAC-1,Mono,Mono,Mono
CGAGCCAAGCCACGTC-1,T cells,CD8 T,T cells
CGAGCCAAGGAATTAC-1,Mono,Mono,Mono
CGAGCCAAGTGGACGT-1,T cells,CD8 T,T cells
CGAGCCACACCCTATC-1,B cells,B cells,B cells
CGAGCCACACGTGAGA-1,Mono,Mono,Mono
CGAGCCACAGGAACGT-1,B cells,B cells,B cells
CGAGCCACAGGTGGAT-1,Mono,Mono,Mono
CGAGCCACATGAACCT-1,B cells,B cells,B cells
CGAGCCACATGCCCGA-1,T cells,CL 1,CL 1
CGAGCCACATGTTGAC-1,T cells,CL 1,CL 1
CGAGCCAGTAAGTGGC-1,B cells,B cells,B cells
CGAGCCAGTAGCCTCG-1,T cells,CD8 T,T cells
CGAGCCAGTCCATCCT-1,Mono,Mono,Mono
CGAGCCAGTCCGAGTC-1,T cells,CL 1,CL 1
CGAGCCAGTGACGGTA-1,Mono,Mono,Mono
CGAGCCATCACGATGT-1,B cells,B cells,B cells
CGAGCCATCCATTCTA-1,T cells,CL 1,CL 1
CGAGCCATCCCTAACC-1,T cells,CD8 T,T cells
CGAGCCATCCCTGACT-1,NK,CD8 T,T cells
CGAGCCATCCTTGACC-1,T cells,CD8 T,T cells
CGAGCCATCGCTTGTC-1,T cells,CD8 T,T cells
CGAGCCATCGGAGGTA-1,NK,NK,NK
CGAGCCATCTCGAGTA-1,NK,CD8 T,T cells
CGAGCCATCTGGAGCC-1,T cells,CD8 T,T cells
CGAGCCATCTTACCTA-1,T cells,CL 1,CL 1
CGATCGGAGTATCTCG-1,Mono,Mono,Mono
CGATCGGAGTCAAGCG-1,NK,NK,NK
CGATCGGAGTCCAGGA-1,Platelet,Mono,Mono
CGATCGGAGTGAACAT-1,Mono,Mono,Mono
CGATCGGCACAAGACG-1,B cells,B cells,B cells
CGATCGGCACACCGAC-1,Mono,Mono,Mono
CGATCGGCACACCGCA-1,T cells,CD8 T,T cells
CGATCGGCACATCCAA-1,B cells,B cells,B cells
CGATCGGCATTGGTAC-1,B cells,B cells,B cells
CGATCGGGTACCCAAT-1,Mono,Mono,Mono
CGATCGGGTACCGGCT-1,T cells,CL 1,CL 1
CGATCGGGTAGAGGAA-1,NK,CD8 T,T cells
CGATCGGGTATAGGTA-1,Mono,Mono,Mono
CGATCGGGTCCAGTAT-1,Mono,Mono,Mono
CGATCGGGTCTAGCCG-1,Mono,Mono,Mono
CGATCGGGTGCGCTTG-1,T cells,CD8 T,T cells
CGATCGGGTTGCCTCT-1,Mono,DC,DC
CGATCGGTCAGTTTGG-1,Mono,Mono,Mono
CGATCGGTCATAAAGG-1,NK,NK,NK
CGATCGGTCTCTGCTG-1,B cells,CD8 T,T cells
CGATGGCAGCACCGTC-1,T cells,CD8 T,T cells
CGATGGCAGGAATCGC-1,B cells,B cells,B cells
CGATGGCAGGTAGCCA-1,B cells,B cells,B cells
CGATGGCAGTGAACAT-1,NK,NK,NK
CGATGGCAGTTGAGTA-1,T cells,CD8 T,T cells
CGATGGCCACAGACTT-1,B cells,B cells,B cells
CGATGGCCACATCCAA-1,NK,NK,NK
CGATGGCCACGAAAGC-1,B cells,B cells,B cells
CGATGGCCAGGGAGAG-1,T cells,CD8 T,T cells
CGATGGCCATCACGAT-1,T cells,CD8 T,T cells
CGATGGCCATGGTTGT-1,T cells,CD8 T,T cells
CGATGGCGTAGCGATG-1,Mono,Mono,Mono
CGATGGCGTAGCGCTC-1,Mono,Mono,Mono
CGATGGCGTCGAACAG-1,T cells,CD8 T,T cells
CGATGGCTCAACACTG-1,Mono,Mono,Mono
CGATGGCTCACCAGGC-1,T cells,CD8 T,T cells
CGATGGCTCTTGACGA-1,T cells,CL 1,CL 1
CGATGTAAGAAACCAT-1,B cells,B cells,B cells
CGATGTAAGCTAGTGG-1,B cells,B cells,B cells
CGATGTAAGGGCTTCC-1,Mono,Mono,Mono
CGATGTACACTCAGGC-1,Mono,Mono,Mono
CGATGTAGTAGCTAAA-1,T cells,CL 1,CL 1
CGATGTAGTATCAGTC-1,T cells,CD8 T,T cells
CGATGTATCACCTTAT-1,Mono,Mono,Mono
CGATGTATCGTGGGAA-1,Mono,Mono,Mono
CGATGTATCTCAACTT-1,T cells,CD8 T,T cells
CGATTGAAGCGTAGTG-1,B cells,B cells,B cells
CGATTGAAGGTGTTAA-1,T cells,CD8 T,T cells
CGATTGAAGTTCGCAT-1,Mono,Mono,Mono
CGATTGACAAGCCGCT-1,Mono,Mono,Mono
CGATTGACAGAGTGTG-1,T cells,CD8 T,T cells
CGATTGACATAGAAAC-1,B cells,CD8 T,T cells
CGATTGAGTAAACCTC-1,B cells,B cells,B cells
CGATTGAGTACAGTGG-1,B cells,B cells,B cells
CGATTGAGTAGCGATG-1,Mono,Mono,Mono
CGATTGAGTCCGAATT-1,T cells,CL 1,CL 1
CGATTGAGTCTGCAAT-1,Mono,Mono,Mono
CGATTGAGTCTTTCAT-1,T cells,CL 1,CL 1
CGATTGAGTGACAAAT-1,B cells,B cells,B cells
CGATTGATCGTAGGAG-1,Mono,Mono,Mono
CGATTGATCGTGGACC-1,B cells,B cells,B cells
CGATTGATCTGTGCAA-1,Mono,Mono,Mono
CGCCAAGAGAAGAAGC-1,Mono,Mono,Mono
CGCCAAGAGCTAGTCT-1,B cells,B cells,B cells
CGCCAAGAGCTGAACG-1,T cells,CL 1,CL 1
CGCCAAGAGGCATGTG-1,NK,CD8 T,T cells
CGCCAAGCACTCTGTC-1,T cells,CL 1,CL 1
CGCCAAGCATATGGTC-1,B cells,B cells,B cells
CGCCAAGCATCTCGCT-1,Mono,Mono,Mono
CGCCAAGCATGAAGTA-1,NK,CD8 T,T cells
CGCCAAGCATTAGGCT-1,B cells,B cells,B cells
CGCCAAGGTAAAGGAG-1,T cells,CD8 T,T cells
CGCCAAGGTAGGAGTC-1,T cells,CD8 T,T cells
CGCCAAGGTTACGCGC-1,T cells,CL 1,CL 1
CGCCAAGTCACCCGAG-1,B cells,CD8 T,T cells
CGCCAAGTCAGCGATT-1,B cells,B cells,B cells
CGCCAAGTCCATGCTC-1,NK,NK,NK
CGCCAAGTCCGAACGC-1,Mono,Mono,Mono
CGCCAAGTCGGTCTAA-1,B cells,B cells,B cells
CGCCAAGTCGTACCGG-1,T cells,CL 1,CL 1
CGCCAAGTCTACCAGA-1,Mono,Mono,Mono
CGCGGTAAGAAACCAT-1,T cells,CL 1,CL 1
CGCGGTAAGAGTACCG-1,NK,NK,NK
CGCGGTAAGCAAATCA-1,T cells,CD8 T,T cells
CGCGGTAAGGTGCAAC-1,T cells,CD8 T,T cells
CGCGGTAAGTGCCATT-1,T cells,CL 1,CL 1
CGCGGTACAAGCCATT-1,T cells,CL 1,CL 1
CGCGGTACAAGCCGTC-1,T cells,CD8 T,T cells
CGCGGTACAGTACACT-1,T cells,CD8 T,T cells
CGCGGTAGTACTCGCG-1,Mono,Mono,Mono
CGCGGTAGTATCTGCA-1,NK,CD8 T,T cells
CGCGGTAGTCAACTGT-1,T cells,CD8 T,T cells
CGCGGTAGTGGGTCAA-1,Mono,Mono,Mono
CGCGGTATCAGAAATG-1,T cells,CL 1,CL 1
CGCGGTATCGCCAAAT-1,T cells,CL 1,CL 1
CGCGGTATCGTAGGAG-1,B cells,CD8 T,T cells
CGCGGTATCTGCAAGT-1,Mono,DC,DC
CGCGGTATCTTTACAC-1,Mono,Mono,Mono
CGCGTTTAGACAGACC-1,Mono,Mono,Mono
CGCGTTTAGGACATTA-1,Mono,Mono,Mono
CGCGTTTAGGTGTTAA-1,NK,CD8 T,T cells
CGCGTTTAGTTGAGTA-1,Mono,Mono,Mono
CGCGTTTCACAGTCGC-1,B cells,CD8 T,T cells
CGCGTTTCACGTCTCT-1,T cells,CL 1,CL 1
CGCGTTTCACTGTCGG-1,Mono,Mono,Mono
CGCGTTTCAGAAGCAC-1,T cells,CL 1,CL 1
CGCGTTTCAGCTTAAC-1,B cells,CD8 T,T cells
CGCGTTTCATAACCTG-1,T cells,CL 1,CL 1
CGCGTTTCATGTAAGA-1,B cells,B cells,B cells
CGCGTTTGTCAAACTC-1,T cells,CD8 T,T cells
CGCGTTTGTCACTTCC-1,T cells,CD8 T,T cells
CGCGTTTGTCGCTTCT-1,T cells,CD8 T,T cells
CGCGTTTGTCGGATCC-1,NK,NK,NK
CGCGTTTGTCTGCCAG-1,T cells,CD8 T,T cells
CGCGTTTGTCTTGCGG-1,NK,CD8 T,T cells
CGCGTTTGTGTCGCTG-1,T cells,CD8 T,T cells
CGCGTTTGTGTTCTTT-1,NK,CD8 T,T cells
CGCGTTTGTTTAGCTG-1,T cells,CL 1,CL 1
CGCGTTTTCCGCGGTA-1,NK,CD8 T,T cells
CGCGTTTTCGCTGATA-1,Mono,Mono,Mono
CGCGTTTTCGTGACAT-1,T cells,CD8 T,T cells
CGCTATCAGAATTCCC-1,T cells,CD8 T,T cells
CGCTATCAGCAGATCG-1,Mono,Mono,Mono
CGCTATCAGCGATATA-1,Mono,Mono,Mono
CGCTATCAGTACCGGA-1,B cells,B cells,B cells
CGCTATCCACTTAACG-1,T cells,CD8 T,T cells
CGCTATCCAGGCTCAC-1,T cells,CL 1,CL 1
CGCTATCCAGTGGAGT-1,T cells,CD8 T,T cells
CGCTATCCATCGGGTC-1,NK,CL 1,CL 1
CGCTATCCATGCTGGC-1,B cells,CD8 T,T cells
CGCTATCGTATTCGTG-1,T cells,CD8 T,T cells
CGCTATCGTCAGAGGT-1,B cells,B cells,B cells
CGCTATCGTGAGGGTT-1,NK,NK,NK
CGCTATCGTTTGTTGG-1,T cells,CL 1,CL 1
CGCTATCTCTAGCACA-1,T cells,CD8 T,T cells
CGCTATCTCTGGAGCC-1,NK,NK,NK
CGCTATCTCTGTCCGT-1,NK,NK,NK
CGCTGGAAGCGAAGGG-1,Mono,Mono,Mono
CGCTGGAAGCTAGCCC-1,Mono,Mono,Mono
CGCTGGAAGGACAGCT-1,T cells,CD8 T,T cells
CGCTGGAAGGCTACGA-1,Mono,Mono,Mono
CGCTGGACACAGCCCA-1,T cells,CD8 T,T cells
CGCTGGACACATAACC-1,NK,CD8 T,T cells
CGCTGGACAGTCGTGC-1,Mono,Mono,Mono
CGCTGGACATATGGTC-1,B cells,B cells,B cells
CGCTGGATCGTCTGAA-1,T cells,CD8 T,T cells
CGCTGGATCTCTTGAT-1,T cells,CL 1,CL 1
CGCTGGATCTTGCATT-1,T cells,CD8 T,T cells
CGCTTCAAGTGACATA-1,T cells,CL 1,CL 1
CGCTTCAAGTTCGATC-1,Mono,Mono,Mono
CGCTTCACAATCGGTT-1,Mono,Mono,Mono
CGCTTCACAGGTCCAC-1,T cells,CD8 T,T cells
CGCTTCACATAGGATA-1,T cells,CD8 T,T cells
CGCTTCACATGAGCGA-1,Mono,Mono,Mono
CGCTTCAGTAGCGTGA-1,T cells,CD8 T,T cells
CGCTTCAGTCCGCTGA-1,B cells,B cells,B cells
CGCTTCAGTGCGCTTG-1,Mono,Mono,Mono
CGCTTCAGTTCCACTC-1,Mono,Mono,Mono
CGCTTCATCCGGCACA-1,Mono,Mono,Mono
CGCTTCATCGCATGAT-1,NK,CD8 T,T cells
CGCTTCATCTTGTACT-1,T cells,CD8 T,T cells
CGGACACAGAACTGTA-1,B cells,B cells,B cells
CGGACACAGAATAGGG-1,Mono,DC,DC
CGGACACAGATACACA-1,NK,CD8 T,T cells
CGGACACAGTACGTTC-1,NK,CD8 T,T cells
CGGACACAGTCCGTAT-1,T cells,CD8 T,T cells
CGGACACCAAATTGCC-1,NK,CD8 T,T cells
CGGACACCAGGTGGAT-1,T cells,CL 1,CL 1
CGGACACGTAGAAAGG-1,T cells,CD8 T,T cells
CGGACACGTCGAAAGC-1,T cells,CD8 T,T cells
CGGACACGTGTTTGGT-1,T cells,CD8 T,T cells
CGGACACTCAGCTGGC-1,Mono,Mono,Mono
CGGACACTCCCTCAGT-1,T cells,CD8 T,T cells
CGGACACTCGCCCTTA-1,T cells,CD8 T,T cells
CGGACACTCTTACCGC-1,Mono,Mono,Mono
CGGACGTAGACAAAGG-1,T cells,CD8 T,T cells
CGGACGTAGACACTAA-1,Mono,Mono,Mono
CGGACGTAGCGTCTAT-1,T cells,CD8 T,T cells
CGGACGTAGTAACCCT-1,B cells,CD8 T,T cells
CGGACGTAGTGGGCTA-1,Mono,DC,DC
CGGACGTCAAATTGCC-1,NK,CD8 T,T cells
CGGACGTCACAACGTT-1,T cells,CD8 T,T cells
CGGACGTCACATTCGA-1,T cells,CD8 T,T cells
CGGACGTCACCGATAT-1,T cells,CL 1,CL 1
CGGACGTCACCTGGTG-1,T cells,CD8 T,T cells
CGGACGTCACGGACAA-1,T cells,CL 1,CL 1
CGGACGTCATCTCCCA-1,B cells,CD8 T,T cells
CGGACGTCATGAAGTA-1,T cells,CD8 T,T cells
CGGACGTGTACCATCA-1,T cells,CD8 T,T cells
CGGACGTGTCACCCAG-1,T cells,CL 1,CL 1
CGGACGTGTGCTTCTC-1,T cells,CL 1,CL 1
CGGACGTGTGGGTATG-1,Mono,Mono,Mono
CGGACGTGTGTCAATC-1,T cells,CL 1,CL 1
CGGACGTTCACAATGC-1,B cells,B cells,B cells
CGGACGTTCACATGCA-1,NK,CD8 T,T cells
CGGACGTTCCATGAGT-1,Mono,Mono,Mono
CGGACGTTCCTCATTA-1,T cells,CD8 T,T cells
CGGACGTTCGCGGATC-1,T cells,CD8 T,T cells
CGGACGTTCTTCATGT-1,Mono,DC,DC
CGGACTGAGCGATTCT-1,T cells,CL 1,CL 1
CGGACTGAGTACTTGC-1,T cells,CD8 T,T cells
CGGACTGAGTCGCCGT-1,T cells,CD8 T,T cells
CGGACTGCAACTGGCC-1,T cells,CD8 T,T cells
CGGACTGCAAGAGTCG-1,Mono,Mono,Mono
CGGACTGCACACGCTG-1,Mono,Mono,Mono
CGGACTGGTAAGGGAA-1,B cells,CD8 T,T cells
CGGACTGTCAACGCTA-1,T cells,CL 1,CL 1
CGGAGCTAGAATTCCC-1,B cells,B cells,B cells
CGGAGCTAGAGACTTA-1,T cells,CD8 T,T cells
CGGAGCTAGATGTGTA-1,T cells,CL 1,CL 1
CGGAGCTAGCCCAGCT-1,Mono,Mono,Mono
CGGAGCTCAAACCCAT-1,NK,NK,NK
CGGAGCTGTAACGCGA-1,T cells,CL 1,CL 1
CGGAGCTGTAATTGGA-1,T cells,CD8 T,T cells
CGGAGCTGTAGCGATG-1,B cells,B cells,B cells
CGGAGCTGTATATGGA-1,B cells,B cells,B cells
CGGAGCTGTCTCAACA-1,B cells,B cells,B cells
CGGAGCTGTGCAACGA-1,T cells,CL 1,CL 1
CGGAGCTGTGGACGAT-1,Mono,Mono,Mono
CGGAGCTGTTACCAGT-1,B cells,B cells,B cells
CGGAGCTGTTATGTGC-1,T cells,CD8 T,T cells
CGGAGCTTCAGTGTTG-1,T cells,CD8 T,T cells
CGGAGTCAGCTGAAAT-1,T cells,CL 1,CL 1
CGGAGTCAGGGAACGG-1,T cells,CD8 T,T cells
CGGAGTCCAAGCCGCT-1,B cells,B cells,B cells
CGGAGTCCACGAAATA-1,T cells,CD8 T,T cells
CGGAGTCCAGCGTCCA-1,T cells,CL 1,CL 1
CGGAGTCCAGGAATGC-1,T cells,CL 1,CL 1
CGGAGTCCATCCCATC-1,T cells,CD8 T,T cells
CGGAGTCGTAATCACC-1,Mono,Mono,Mono
CGGAGTCGTGTGTGCC-1,Mono,Mono,Mono
CGGAGTCTCAGATAAG-1,Mono,Mono,Mono
CGGAGTCTCATGCATG-1,NK,CD8 T,T cells
CGGAGTCTCCAAACAC-1,Mono,Mono,Mono
CGGAGTCTCGCAAACT-1,T cells,CD8 T,T cells
CGGAGTCTCGGTTAAC-1,Mono,Mono,Mono
CGGAGTCTCTTCGGTC-1,T cells,CL 1,CL 1
CGGCTAGAGACGCAAC-1,B cells,B cells,B cells
CGGCTAGAGCAATATG-1,B cells,B cells,B cells
CGGCTAGAGGGTATCG-1,T cells,CD8 T,T cells
CGGCTAGAGTGATCGG-1,B cells,B cells,B cells
CGGCTAGAGTGTTGAA-1,T cells,CD8 T,T cells
CGGCTAGCACCATCCT-1,T cells,CL 1,CL 1
CGGCTAGCAGCATGAG-1,Mono,DC,DC
CGGCTAGCATCGACGC-1,T cells,CD8 T,T cells
CGGCTAGCATCGGGTC-1,T cells,CD8 T,T cells
CGGCTAGCATTAGGCT-1,Mono,Mono,Mono
CGGCTAGGTACGCTGC-1,B cells,B cells,B cells
CGGCTAGGTCAGATAA-1,Mono,Mono,Mono
CGGCTAGGTCCCTACT-1,NK,NK,NK
CGGCTAGGTCGAGTTT-1,B cells,DC,DC
CGGCTAGGTGATGATA-1,T cells,CL 1,CL 1
CGGCTAGGTTAAAGAC-1,Mono,DC,DC
CGGCTAGGTTGGGACA-1,T cells,CL 1,CL 1
CGGCTAGTCACAACGT-1,Mono,Mono,Mono
CGGCTAGTCACCTCGT-1,T cells,CL 1,CL 1
CGGCTAGTCTATCGCC-1,T cells,CL 1,CL 1
CGGCTAGTCTCAACTT-1,T cells,CL 1,CL 1
CGGGTCAAGAGAGCTC-1,B cells,B cells,B cells
CGGGTCAAGATAGGAG-1,Mono,Mono,Mono
CGGGTCAAGATGGCGT-1,Mono,Mono,Mono
CGGGTCAAGCTAACAA-1,T cells,CL 1,CL 1
CGGGTCAAGGCACATG-1,T cells,CL 1,CL 1
CGGGTCAAGGGTCGAT-1,T cells,CD8 T,T cells
CGGGTCAAGGGTCTCC-1,B cells,CD8 T,T cells
CGGGTCAAGTATCGAA-1,B cells,B cells,B cells
CGGGTCAAGTATCTCG-1,B cells,B cells,B cells
CGGGTCAAGTGTACGG-1,T cells,CL 1,CL 1
CGGGTCACAATTCCTT-1,T cells,CD8 T,T cells
CGGGTCACATTGGGCC-1,Mono,Mono,Mono
CGGGTCAGTCACTGGC-1,T cells,CL 1,CL 1
CGGGTCAGTCTCTTAT-1,NK,CD8 T,T cells
CGGGTCAGTCTGATCA-1,T cells,CL 1,CL 1
CGGGTCAGTTCATGGT-1,B cells,B cells,B cells
CGGGTCATCATCACCC-1,T cells,CD8 T,T cells
CGGTTAAAGAGTAAGG-1,T cells,CD8 T,T cells
CGGTTAAAGCGATTCT-1,B cells,B cells,B cells
CGGTTAAAGCTACCTA-1,T cells,CL 1,CL 1
CGGTTAAAGTAAGTAC-1,B cells,B cells,B cells
CGGTTAACAAGTCTAC-1,NK,CD8 T,T cells
CGGTTAACAATGAATG-1,Mono,Mono,Mono
CGGTTAACATCCGGGT-1,Mono,Mono,Mono
CGGTTAAGTACTCGCG-1,Mono,Mono,Mono
CGGTTAAGTAGTGAAT-1,NK,CD8 T,T cells
CGGTTAAGTGCAGTAG-1,Mono,Mono,Mono
CGGTTAAGTGGTCCGT-1,T cells,CL 1,CL 1
CGGTTAAGTTTGGGCC-1,Mono,Mono,Mono
CGGTTAATCAGAAATG-1,Mono,Mono,Mono
CGGTTAATCAGCACAT-1,T cells,CL 1,CL 1
CGGTTAATCCAAACAC-1,B cells,CD8 T,T cells
CGGTTAATCCATGAGT-1,B cells,DC,DC
CGGTTAATCCCTAATT-1,T cells,CD8 T,T cells
CGGTTAATCCGTAGGC-1,Mono,Mono,Mono
CGGTTAATCGAGCCCA-1,B cells,B cells,B cells
CGGTTAATCGCGTTTC-1,Mono,Mono,Mono
CGTAGCGAGAAACGCC-1,T cells,CL 1,CL 1
CGTAGCGAGAACAACT-1,Mono,Mono,Mono
CGTAGCGAGCACGCCT-1,T cells,CL 1,CL 1
CGTAGCGAGCGATAGC-1,T cells,CD8 T,T cells
CGTAGCGAGGACAGCT-1,T cells,CL 1,CL 1
CGTAGCGAGGGATACC-1,NK,CD8 T,T cells
CGTAGCGAGTATCTCG-1,T cells,CD8 T,T cells
CGTAGCGCAGGCTCAC-1,B cells,B cells,B cells
CGTAGCGCAGTACACT-1,Mono,Mono,Mono
CGTAGCGGTCCGAGTC-1,Mono,Mono,Mono
CGTAGCGGTCGAGATG-1,T cells,CL 1,CL 1
CGTAGCGTCAGAGGTG-1,B cells,CL 1,CL 1
CGTAGCGTCATGTGGT-1,NK,NK,NK
CGTAGCGTCATTTGGG-1,T cells,CD8 T,T cells
CGTAGCGTCGTAGGTT-1,T cells,CD8 T,T cells
CGTAGGCAGCCACGTC-1,T cells,CD8 T,T cells
CGTAGGCAGCTCCCAG-1,T cells,CL 1,CL 1
CGTAGGCAGTATCGAA-1,Mono,Mono,Mono
CGTAGGCAGTCTCAAC-1,NK,CD8 T,T cells
CGTAGGCAGTGTGAAT-1,T cells,CL 1,CL 1
CGTAGGCCACAGGTTT-1,Mono,Mono,Mono
CGTAGGCCACCAACCG-1,NK,CD8 T,T cells
CGTAGGCCACGAAATA-1,Mono,DC,DC
CGTAGGCCAGGACCCT-1,T cells,CD8 T,T cells
CGTAGGCCAGTAAGCG-1,Mono,Mono,Mono
CGTAGGCCATAGAAAC-1,Mono,DC,DC
CGTAGGCCATATACGC-1,T cells,CD8 T,T cells
CGTAGGCGTACGACCC-1,Mono,Mono,Mono
CGTAGGCGTCAGGACA-1,Mono,Mono,Mono
CGTAGGCGTCCGTGAC-1,T cells,CD8 T,T cells
CGTAGGCGTCGGCACT-1,T cells,CL 1,CL 1
CGTAGGCTCGTTACGA-1,T cells,CD8 T,T cells
CGTCACTAGCACGCCT-1,Mono,Mono,Mono
CGTCACTAGGAGTAGA-1,B cells,B cells,B cells
CGTCACTAGTGAACGC-1,T cells,CL 1,CL 1
CGTCACTCAAACAACA-1,T cells,CD8 T,T cells
CGTCACTCACTGTGTA-1,NK,NK,NK
CGTCACTCAGCTTCGG-1,B cells,B cells,B cells
CGTCACTGTAAAGTCA-1,T cells,CL 1,CL 1
CGTCACTGTCCAGTAT-1,Mono,Mono,Mono
CGTCACTGTCGCTTCT-1,T cells,CD8 T,T cells
CGTCACTGTGATAAGT-1,T cells,CD8 T,T cells
CGTCACTGTGGCGAAT-1,B cells,B cells,B cells
CGTCACTTCACCTTAT-1,NK,NK,NK
CGTCACTTCGGAATCT-1,T cells,CD8 T,T cells
CGTCACTTCGGTTCGG-1,B cells,B cells,B cells
CGTCACTTCTCCAACC-1,T cells,CD8 T,T cells
CGTCACTTCTCGATGA-1,Mono,Mono,Mono
CGTCACTTCTCTGTCG-1,T cells,CL 1,CL 1
CGTCAGGAGCAGCCTC-1,Mono,Mono,Mono
CGTCAGGAGCCACGCT-1,T cells,CD8 T,T cells
CGTCAGGAGGACAGCT-1,B cells,B cells,B cells
CGTCAGGAGTCTTGCA-1,NK,NK,NK
CGTCAGGAGTGGGTTG-1,Mono,Mono,Mono
CGTCAGGCAAGGCTCC-1,T cells,CL 1,CL 1
CGTCAGGCAATAGCGG-1,T cells,CL 1,CL 1
CGTCAGGCACCCAGTG-1,T cells,CD8 T,T cells
CGTCAGGCACCTTGTC-1,T cells,CL 1,CL 1
CGTCAGGCACGGCCAT-1,T cells,CL 1,CL 1
CGTCAGGCACTGTCGG-1,T cells,CD8 T,T cells
CGTCAGGGTCATGCCG-1,NK,CD8 T,T cells
CGTCAGGGTCTCTTTA-1,NK,NK,NK
CGTCAGGTCTATGTGG-1,T cells,CD8 T,T cells
CGTCCATAGAAACGCC-1,T cells,CD8 T,T cells
CGTCCATAGATGCCTT-1,T cells,CL 1,CL 1
CGTCCATAGCTTTGGT-1,T cells,CD8 T,T cells
CGTCCATAGTAGCCGA-1,T cells,CD8 T,T cells
CGTCCATAGTTTGCGT-1,NK,CD8 T,T cells
CGTCCATGTAGCTCCG-1,T cells,CD8 T,T cells
CGTCCATGTCTTCGTC-1,T cells,CL 1,CL 1
CGTCCATGTGACAAAT-1,T cells,CD8 T,T cells
CGTCCATGTGCAACGA-1,B cells,CD8 T,T cells
CGTCCATGTTGGTTTG-1,T cells,CL 1,CL 1
CGTCCATTCAGGTTCA-1,T cells,CD8 T,T cells
CGTCCATTCCAACCAA-1,Mono,Mono,Mono
CGTCCATTCCACTGGG-1,NK,NK,NK
CGTCCATTCGGTGTTA-1,NK,CD8 T,T cells
CGTCCATTCTAACTCT-1,Mono,Mono,Mono
CGTCCATTCTGCTTGC-1,B cells,B cells,B cells
CGTCTACAGAGACGAA-1,T cells,CD8 T,T cells
CGTCTACAGCTCAACT-1,T cells,CD8 T,T cells
CGTCTACAGGATGTAT-1,T cells,CL 1,CL 1
CGTCTACAGTGCCATT-1,Mono,Mono,Mono
CGTCTACAGTTACCCA-1,Mono,Mono,Mono
CGTCTACCAAAGCAAT-1,Mono,Mono,Mono
CGTCTACCAAGGACTG-1,T cells,CL 1,CL 1
CGTCTACCAGGTGCCT-1,Mono,Mono,Mono
CGTCTACGTAATTGGA-1,T cells,CD8 T,T cells
CGTCTACGTGATAAAC-1,T cells,CD8 T,T cells
CGTCTACGTTAGTGGG-1,T cells,CL 1,CL 1
CGTCTACTCCTATTCA-1,T cells,CD8 T,T cells
CGTCTACTCGCGTAGC-1,B cells,B cells,B cells
CGTCTACTCTACTTAC-1,T cells,CD8 T,T cells
CGTGAGCAGAGGTTAT-1,T cells,CL 1,CL 1
CGTGAGCAGCCGGTAA-1,B cells,B cells,B cells
CGTGAGCAGGAATTAC-1,T cells,CL 1,CL 1
CGTGAGCCACGCCAGT-1,B cells,B cells,B cells
CGTGAGCCATCACGAT-1,Mono,Mono,Mono
CGTGAGCGTATGGTTC-1,Mono,Mono,Mono
CGTGAGCGTCTCCACT-1,B cells,CD8 T,T cells
CGTGAGCTCAGTTCGA-1,T cells,CL 1,CL 1
CGTGAGCTCATCTGCC-1,T cells,CL 1,CL 1
CGTGAGCTCCAAACAC-1,T cells,CD8 T,T cells
CGTGAGCTCCAATGGT-1,T cells,CL 1,CL 1
CGTGAGCTCCACGTGG-1,T cells,CL 1,CL 1
CGTGAGCTCGCATGGC-1,Mono,DC,DC
CGTGAGCTCGCTTGTC-1,T cells,CL 1,CL 1
CGTGAGCTCTATCGCC-1,NK,NK,NK
CGTGAGCTCTCTAAGG-1,T cells,CL 1,CL 1
CGTGTAAAGACTACAA-1,T cells,CD8 T,T cells
CGTGTAAAGCAGGTCA-1,B cells,B cells,B cells
CGTGTAAAGCGATCCC-1,Mono,Mono,Mono
CGTGTAAAGGCAGGTT-1,Mono,Mono,Mono
CGTGTAACAACTGCTA-1,Mono,DC,DC
CGTGTAACAATGAATG-1,B cells,B cells,B cells
CGTGTAACACAGGAGT-1,B cells,B cells,B cells
CGTGTAACACCTGGTG-1,T cells,CL 1,CL 1
CGTGTAACACCTTGTC-1,Mono,Mono,Mono
CGTGTAACATCTATGG-1,T cells,CD8 T,T cells
CGTGTAACATGGTAGG-1,Mono,DC,DC
CGTGTAAGTAAACGCG-1,Mono,Mono,Mono
CGTGTAAGTAGCAAAT-1,Mono,Mono,Mono
CGTGTAAGTAGCCTAT-1,T cells,CL 1,CL 1
CGTGTAAGTATAATGG-1,NK,NK,NK
CGTGTAAGTGATAAAC-1,T cells,CL 1,CL 1
CGTGTAAGTGCCTGCA-1,T cells,CL 1,CL 1
CGTGTAAGTGCTGTAT-1,T cells,CD8 T,T cells
CGTGTAAGTTCACGGC-1,T cells,CD8 T,T cells
CGTGTAATCAGATAAG-1,T cells,CL 1,CL 1
CGTGTAATCCAAAGTC-1,NK,NK,NK
CGTGTAATCGGGAGTA-1,T cells,CL 1,CL 1
CGTGTCTAGCGTGAGT-1,T cells,CD8 T,T cells
CGTGTCTAGTAGTGCG-1,NK,CD8 T,T cells
CGTGTCTCAAAGGAAG-1,B cells,B cells,B cells
CGTGTCTCAAGTTGTC-1,Mono,Mono,Mono
CGTGTCTCACATAACC-1,T cells,CL 1,CL 1
CGTGTCTCACCGAAAG-1,B cells,B cells,B cells
CGTGTCTCAGCGATCC-1,B cells,B cells,B cells
CGTGTCTCATGGTAGG-1,Mono,Mono,Mono
CGTGTCTGTAAGAGAG-1,Mono,Mono,Mono
CGTGTCTGTATTCTCT-1,T cells,CL 1,CL 1
CGTGTCTGTCCGAGTC-1,NK,NK,NK
CGTGTCTGTTCATGGT-1,Mono,Mono,Mono
CGTGTCTGTTGCCTCT-1,T cells,CD8 T,T cells
CGTGTCTGTTTGTTGG-1,Mono,Mono,Mono
CGTGTCTTCATCGATG-1,B cells,B cells,B cells
CGTGTCTTCCTTAATC-1,T cells,CL 1,CL 1
CGTGTCTTCTACGAGT-1,T cells,CD8 T,T cells
CGTTAGAAGATAGGAG-1,T cells,CD8 T,T cells
CGTTAGAAGCTGGAAC-1,T cells,CD8 T,T cells
CGTTAGACAACACGCC-1,T cells,CL 1,CL 1
CGTTAGACACTCGACG-1,T cells,CL 1,CL 1
CGTTAGACAGGCAGTA-1,Mono,Mono,Mono
CGTTAGACAGGGCATA-1,T cells,CL 1,CL 1
CGTTAGACATCTCCCA-1,Mono,Mono,Mono
CGTTAGACATGTCGAT-1,Mono,Mono,Mono
CGTTAGACATTCTCAT-1,B cells,B cells,B cells
CGTTAGAGTACTTAGC-1,T cells,CD8 T,T cells
CGTTAGAGTGACGCCT-1,T cells,CD8 T,T cells
CGTTAGATCATGCTCC-1,T cells,CL 1,CL 1
CGTTCTGAGAGCCCAA-1,T cells,CD8 T,T cells
CGTTCTGAGGGTCGAT-1,Mono,Mono,Mono
CGTTCTGAGTAGCGGT-1,T cells,CD8 T,T cells
CGTTCTGAGTATCGAA-1,T cells,CD8 T,T cells
CGTTCTGAGTCCGTAT-1,T cells,CL 1,CL 1
CGTTCTGCAAGTTCTG-1,NK,NK,NK
CGTTCTGCAGACAGGT-1,T cells,CL 1,CL 1
CGTTCTGCAGTAGAGC-1,T cells,CD8 T,T cells
CGTTCTGGTACAGTGG-1,B cells,B cells,B cells
CGTTCTGGTCACCTAA-1,Mono,Mono,Mono
CGTTCTGGTCGTTGTA-1,B cells,B cells,B cells
CGTTCTGGTCTGGTCG-1,NK,CD8 T,T cells
CGTTCTGGTTGCTCCT-1,B cells,B cells,B cells
CGTTCTGTCACAAACC-1,NK,CD8 T,T cells
CGTTCTGTCACCGGGT-1,Mono,Mono,Mono
CGTTCTGTCACGACTA-1,T cells,CL 1,CL 1
CGTTCTGTCAGGCGAA-1,T cells,CD8 T,T cells
CGTTCTGTCCTGTACC-1,NK,CD8 T,T cells
CGTTCTGTCGCCCTTA-1,T cells,CL 1,CL 1
CGTTGGGAGAAACCTA-1,NK,CD8 T,T cells
CGTTGGGAGAACAATC-1,T cells,CD8 T,T cells
CGTTGGGAGAAGGTGA-1,T cells,CD8 T,T cells
CGTTGGGAGAGCCTAG-1,Mono,Mono,Mono
CGTTGGGAGCTCTCGG-1,B cells,B cells,B cells
CGTTGGGAGGTGATTA-1,NK,NK,NK
CGTTGGGCAACACGCC-1,B cells,B cells,B cells
CGTTGGGCAATGGAAT-1,B cells,B cells,B cells
CGTTGGGCACGTGAGA-1,Mono,Mono,Mono
CGTTGGGCAGGCTGAA-1,NK,CD8 T,T cells
CGTTGGGCATCCGTGG-1,NK,CD8 T,T cells
CGTTGGGCATTTCACT-1,NK,CD8 T,T cells
CGTTGGGGTGAGGCTA-1,T cells,CD8 T,T cells
CGTTGGGGTGAGGGTT-1,Mono,Mono,Mono
CGTTGGGGTGTAAGTA-1,T cells,CL 1,CL 1
CGTTGGGGTTCAGTAC-1,B cells,B cells,B cells
CGTTGGGGTTCCGTCT-1,T cells,CL 1,CL 1
CGTTGGGTCAAACAAG-1,Mono,Mono,Mono
CGTTGGGTCCAGGGCT-1,Mono,Mono,Mono
CGTTGGGTCCGGCACA-1,Mono,Mono,Mono
CGTTGGGTCTGAGTGT-1,T cells,CD8 T,T cells
CTAACTTAGACTTTCG-1,T cells,CD8 T,T cells
CTAACTTAGAGAGCTC-1,Mono,DC,DC
CTAACTTAGATAGGAG-1,NK,CD8 T,T cells
CTAACTTAGCCCGAAA-1,T cells,CD8 T,T cells
CTAACTTAGCTTATCG-1,Mono,Mono,Mono
CTAACTTAGGTGATAT-1,T cells,CD8 T,T cells
CTAACTTAGTCATCCA-1,T cells,CL 1,CL 1
CTAACTTAGTCCCACG-1,T cells,CD8 T,T cells
CTAACTTAGTGTACGG-1,T cells,CD8 T,T cells
CTAACTTCAGATGAGC-1,B cells,B cells,B cells
CTAACTTCAGTCGTGC-1,T cells,CD8 T,T cells
CTAACTTCATGAAGTA-1,B cells,B cells,B cells
CTAACTTGTCAACTGT-1,B cells,CD8 T,T cells
CTAACTTGTCTCGTTC-1,Mono,Mono,Mono
CTAACTTTCCTCCTAG-1,T cells,CD8 T,T cells
CTAACTTTCCTTGGTC-1,T cells,CL 1,CL 1
CTAACTTTCGAGGTAG-1,Mono,Mono,Mono
CTAACTTTCTCGTATT-1,Mono,Mono,Mono
CTAACTTTCTGATTCT-1,T cells,CD8 T,T cells
CTAACTTTCTTCGAGA-1,T cells,CD8 T,T cells
CTAAGACAGATATGCA-1,T cells,CD8 T,T cells
CTAAGACAGCAGCGTA-1,NK,NK,NK
CTAAGACAGCTGCCCA-1,T cells,CL 1,CL 1
CTAAGACAGGGTATCG-1,Mono,Mono,Mono
CTAAGACCAACACGCC-1,Mono,Mono,Mono
CTAAGACCAATCGAAA-1,Mono,Mono,Mono
CTAAGACCAGTCTTCC-1,T cells,CD8 T,T cells
CTAAGACCAGTTCCCT-1,T cells,CL 1,CL 1
CTAAGACCATTAGCCA-1,Mono,Mono,Mono
CTAAGACGTCGACTGC-1,Mono,DC,DC
CTAAGACGTCGAGATG-1,NK,B cells,B cells
CTAAGACGTTAGTGGG-1,Mono,Mono,Mono
CTAAGACTCACGCGGT-1,Mono,DC,DC
CTAAGACTCCACGTTC-1,T cells,CD8 T,T cells
CTAAGACTCCGTAGGC-1,Mono,Mono,Mono
CTAAGACTCGCCCTTA-1,Mono,Mono,Mono
CTAAGACTCTGTCTAT-1,T cells,CL 1,CL 1
CTAATGGAGGTCGGAT-1,T cells,CD8 T,T cells
CTAATGGAGTACGTTC-1,B cells,B cells,B cells
CTAATGGAGTCGTTTG-1,NK,NK,NK
CTAATGGAGTTCGCAT-1,T cells,CD8 T,T cells
CTAATGGCAAGCGATG-1,T cells,CD8 T,T cells
CTAATGGCAATGAAAC-1,B cells,B cells,B cells
CTAATGGCACCATCCT-1,T cells,CL 1,CL 1
CTAATGGCACGACTCG-1,B cells,B cells,B cells
CTAATGGCAGATTGCT-1,Mono,Mono,Mono
CTAATGGCAGCCAATT-1,T cells,CD8 T,T cells
CTAATGGCATTGAGCT-1,Mono,Mono,Mono
CTAATGGGTACCGGCT-1,T cells,CD8 T,T cells
CTAATGGGTCCGTTAA-1,NK,NK,NK
CTAATGGGTCGCCATG-1,Mono,Mono,Mono
CTAATGGGTGGGTCAA-1,T cells,CL 1,CL 1
CTAATGGGTTACGTCA-1,NK,CD8 T,T cells
CTAATGGGTTCAGGCC-1,T cells,CL 1,CL 1
CTAATGGTCCAAACAC-1,T cells,CD8 T,T cells
CTAATGGTCGACAGCC-1,B cells,B cells,B cells
CTACACCAGAGCTGCA-1,B cells,B cells,B cells
CTACACCAGCACCGCT-1,NK,CD8 T,T cells
CTACACCAGCCAGAAC-1,B cells,CD8 T,T cells
CTACACCAGGCAATTA-1,Mono,Mono,Mono
CTACACCCAATGTTGC-1,T cells,CL 1,CL 1
CTACACCCACAGCGTC-1,Mono,Mono,Mono
CTACACCCAGCGTTCG-1,NK,CD8 T,T cells
CTACACCCATTCCTGC-1,T cells,CL 1,CL 1
CTACACCCATTGTGCA-1,T cells,CD8 T,T cells
CTACACCGTAGGACAC-1,NK,CD8 T,T cells
CTACACCGTCAGAGGT-1,NK,CD8 T,T cells
CTACACCGTCGTCTTC-1,T cells,CL 1,CL 1
CTACACCGTCTAAACC-1,T cells,CD8 T,T cells
CTACACCGTGATAAAC-1,B cells,CD8 T,T cells
CTACACCGTGTGCGTC-1,B cells,B cells,B cells
CTACACCTCAGCTTAG-1,NK,CD8 T,T cells
CTACACCTCCCATTTA-1,T cells,CD8 T,T cells
CTACACCTCTGTCAAG-1,Mono,Mono,Mono
CTACACCTCTTATCTG-1,B cells,B cells,B cells
CTACACCTCTTGACGA-1,T cells,CD8 T,T cells
CTACATTAGAATAGGG-1,T cells,CL 1,CL 1
CTACATTAGACTAAGT-1,Mono,Mono,Mono
CTACATTAGAGCTTCT-1,T cells,CL 1,CL 1
CTACATTAGCCCGAAA-1,B cells,B cells,B cells
CTACATTAGCGTGAGT-1,T cells,CL 1,CL 1
CTACATTAGGCTAGGT-1,T cells,CL 1,CL 1
CTACATTAGTTATCGC-1,T cells,CD8 T,T cells
CTACATTCAAGACGTG-1,Mono,Mono,Mono
CTACATTCAAGAGGCT-1,Mono,Mono,Mono
CTACATTCACCCAGTG-1,B cells,B cells,B cells
CTACATTCAGACACTT-1,T cells,CD8 T,T cells
CTACATTGTAAGTGGC-1,Mono,Mono,Mono
CTACATTGTAATAGCA-1,B cells,B cells,B cells
CTACATTGTAGAGGAA-1,T cells,CL 1,CL 1
CTACATTGTATTAGCC-1,Mono,CL 1,CL 1
CTACATTGTCTACCTC-1,NK,CD8 T,T cells
CTACATTGTCTAGAGG-1,B cells,B cells,B cells
CTACATTGTGTTTGGT-1,T cells,CD8 T,T cells
CTACATTGTTACGCGC-1,B cells,B cells,B cells
CTACATTGTTCGGCAC-1,B cells,B cells,B cells
CTACATTTCACTCTTA-1,NK,CD8 T,T cells
CTACATTTCGTGGGAA-1,B cells,B cells,B cells
CTACATTTCTGGCGAC-1,T cells,CD8 T,T cells
CTACCCAAGAAACCTA-1,NK,CD8 T,T cells
CTACCCAAGACGCACA-1,T cells,CL 1,CL 1
CTACCCAAGAGCTTCT-1,T cells,CD8 T,T cells
CTACCCAAGATGGCGT-1,T cells,CD8 T,T cells
CTACCCAAGCCAGTAG-1,B cells,B cells,B cells
CTACCCAAGCGACGTA-1,T cells,CL 1,CL 1
CTACCCAAGTGAACAT-1,Mono,Mono,Mono
CTACCCACAACTGCTA-1,Mono,Mono,Mono
CTACCCACAAGTACCT-1,T cells,CD8 T,T cells
CTACCCACACCCATGG-1,Mono,Mono,Mono
CTACCCACAGTGACAG-1,Mono,Mono,Mono
CTACCCAGTAATCACC-1,T cells,CD8 T,T cells
CTACCCAGTCAGGACA-1,T cells,CD8 T,T cells
CTACCCAGTGCAGACA-1,T cells,CL 1,CL 1
CTACCCAGTGGCCCTA-1,T cells,CL 1,CL 1
CTACCCAGTTTAGGAA-1,B cells,B cells,B cells
CTACCCATCCGAATGT-1,Mono,Mono,Mono
CTACCCATCGATAGAA-1,Mono,Mono,Mono
CTACCCATCGGCTACG-1,Mono,Mono,Mono
CTACCCATCTGATTCT-1,Mono,Mono,Mono
CTACGTCAGGCTAGGT-1,T cells,CD8 T,T cells
CTACGTCAGTAGCCGA-1,NK,CD8 T,T cells
CTACGTCAGTATGACA-1,T cells,CD8 T,T cells
CTACGTCCAATGACCT-1,T cells,CL 1,CL 1
CTACGTCCACGACTCG-1,Mono,DC,DC
CTACGTCCATGCAATC-1,NK,NK,NK
CTACGTCCATGTAAGA-1,T cells,CD8 T,T cells
CTACGTCGTACCAGTT-1,T cells,CL 1,CL 1
CTACGTCGTCGGCACT-1,T cells,CL 1,CL 1
CTACGTCGTGAGGGAG-1,Mono,Mono,Mono
CTACGTCGTTAAGACA-1,T cells,CD8 T,T cells
CTACGTCGTTGTCGCG-1,NK,NK,NK
CTACGTCGTTTGGGCC-1,T cells,CD8 T,T cells
CTACGTCTCAACACTG-1,T cells,CL 1,CL 1
CTACGTCTCCCAACGG-1,NK,CD8 T,T cells
CTAGAGTAGACGCACA-1,T cells,CD8 T,T cells
CTAGAGTAGCCAGGAT-1,Mono,Mono,Mono
CTAGAGTAGGTTCCTA-1,T cells,CL 1,CL 1
CTAGAGTAGTAGGTGC-1,T cells,CD8 T,T cells
CTAGAGTCAACTGGCC-1,T cells,CD8 T,T cells
CTAGAGTCAAGCGATG-1,T cells,CL 1,CL 1
CTAGAGTCAAGCGCTC-1,T cells,CL 1,CL 1
CTAGAGTCAAGCTGTT-1,T cells,CL 1,CL 1
CTAGAGTCAAGTACCT-1,T cells,CL 1,CL 1
CTAGAGTCAATGGTCT-1,NK,CD8 T,T cells
CTAGAGTCACGTAAGG-1,T cells,CL 1,CL 1
CTAGAGTCACTTCGAA-1,T cells,CD8 T,T cells
CTAGAGTGTCATGCAT-1,B cells,B cells,B cells
CTAGAGTGTCTAGCCG-1,T cells,CL 1,CL 1
CTAGAGTGTGTTGGGA-1,T cells,CD8 T,T cells
CTAGAGTTCATCATTC-1,Mono,Mono,Mono
CTAGAGTTCCGTTGTC-1,T cells,CD8 T,T cells
CTAGAGTTCCTAGTGA-1,T cells,CL 1,CL 1
CTAGCCTAGAGTAAGG-1,B cells,B cells,B cells
CTAGCCTAGCGATATA-1,B cells,B cells,B cells
CTAGCCTAGCTTCGCG-1,B cells,B cells,B cells
CTAGCCTAGTACACCT-1,NK,NK,NK
CTAGCCTCACCGATAT-1,T cells,CL 1,CL 1
CTAGCCTCAGAAGCAC-1,Mono,Mono,Mono
CTAGCCTGTCAAACTC-1,T cells,CD8 T,T cells
CTAGCCTGTCATATGC-1,T cells,CD8 T,T cells
CTAGCCTGTCTCGTTC-1,Mono,Mono,Mono
CTAGCCTTCACAAACC-1,T cells,CL 1,CL 1
CTAGCCTTCACTTCAT-1,T cells,CD8 T,T cells
CTAGCCTTCCAAAGTC-1,Mono,Mono,Mono
CTAGCCTTCCTTCAAT-1,Mono,Mono,Mono
CTAGCCTTCGATCCCT-1,B cells,B cells,B cells
CTAGCCTTCGCGCCAA-1,T cells,CL 1,CL 1
CTAGCCTTCGGTCTAA-1,T cells,CD8 T,T cells
CTAGCCTTCGGTTCGG-1,NK,CD8 T,T cells
CTAGCCTTCGTGGTCG-1,T cells,CL 1,CL 1
CTAGTGAAGTGTCCAT-1,Mono,Mono,Mono
CTAGTGACAAACCTAC-1,Mono,DC,DC
CTAGTGACACGAAGCA-1,B cells,B cells,B cells
CTAGTGACAGTAAGCG-1,T cells,CD8 T,T cells
CTAGTGACAGTCTTCC-1,Mono,Mono,Mono
CTAGTGAGTAAGCACG-1,T cells,CL 1,CL 1
CTAGTGAGTCAGTGGA-1,T cells,CL 1,CL 1
CTAGTGAGTTGTCGCG-1,T cells,CL 1,CL 1
CTAGTGATCTCGAGTA-1,NK,CD8 T,T cells
CTAGTGATCTTGTACT-1,T cells,CD8 T,T cells
CTCACACAGATGTCGG-1,T cells,CL 1,CL 1
CTCACACAGTACATGA-1,Mono,Mono,Mono
CTCACACAGTGTCCCG-1,T cells,CL 1,CL 1
CTCACACAGTGTGAAT-1,T cells,CL 1,CL 1
CTCACACAGTTGAGAT-1,T cells,CL 1,CL 1
CTCACACCAAAGAATC-1,T cells,CD8 T,T cells
CTCACACCAAGGTGTG-1,Mono,Mono,Mono
CTCACACCACAAGCCC-1,T cells,CD8 T,T cells
CTCACACCACTGTCGG-1,Mono,Mono,Mono
CTCACACCAGCTCCGA-1,Mono,Mono,Mono
CTCACACCATGTCTCC-1,T cells,CL 1,CL 1
CTCACACGTACTTAGC-1,T cells,CD8 T,T cells
CTCACACGTGGCTCCA-1,T cells,CD8 T,T cells
CTCACACGTGGTCCGT-1,T cells,CD8 T,T cells
CTCACACGTTGTTTGG-1,T cells,CL 1,CL 1
CTCACACTCCACGAAT-1,T cells,CL 1,CL 1
CTCACACTCGAATGCT-1,T cells,CL 1,CL 1
CTCACACTCGCGATCG-1,T cells,CL 1,CL 1
CTCACACTCTAGAGTC-1,T cells,CL 1,CL 1
CTCACACTCTGGTTCC-1,Mono,Mono,Mono
CTCAGAAAGACAATAC-1,T cells,CD8 T,T cells
CTCAGAAAGCCACTAT-1,T cells,CD8 T,T cells
CTCAGAAAGGTGCACA-1,B cells,B cells,B cells
CTCAGAAAGTCATGCT-1,B cells,B cells,B cells
CTCAGAAAGTCTTGCA-1,Mono,Mono,Mono
CTCAGAACAAATACAG-1,B cells,B cells,B cells
CTCAGAACACGAAAGC-1,T cells,CL 1,CL 1
CTCAGAACAGCGTAAG-1,Mono,Mono,Mono
CTCAGAAGTACTCGCG-1,T cells,CL 1,CL 1
CTCAGAAGTGTTCGAT-1,Mono,Mono,Mono
CTCAGAATCCGTTGTC-1,B cells,B cells,B cells
CTCAGAATCCTAGGGC-1,T cells,CL 1,CL 1
CTCATTAAGTCTTGCA-1,Mono,Mono,Mono
CTCATTAAGTGGAGAA-1,Mono,Mono,Mono
CTCATTAAGTTACCCA-1,T cells,CD8 T,T cells
CTCATTAAGTTCGATC-1,T cells,CL 1,CL 1
CTCATTACAAATTGCC-1,T cells,CL 1,CL 1
CTCATTACAAGTAATG-1,Mono,Mono,Mono
CTCATTACAATCCAAC-1,T cells,CL 1,CL 1
CTCATTACACCTGGTG-1,T cells,CD8 T,T cells
CTCATTACACGGCTAC-1,B cells,B cells,B cells
CTCATTACACGTGAGA-1,Mono,Mono,Mono
CTCATTACAGCTCGCA-1,Mono,Mono,Mono
CTCATTACAGCTGTGC-1,B cells,B cells,B cells
CTCATTACATATGAGA-1,T cells,CL 1,CL 1
CTCATTACATGCCTTC-1,NK,CD8 T,T cells
CTCATTACATTCACTT-1,Mono,Mono,Mono
CTCATTAGTAGGACAC-1,T cells,CL 1,CL 1
CTCATTAGTCGGCTCA-1,T cells,CD8 T,T cells
CTCATTAGTTCAGGCC-1,T cells,CL 1,CL 1
CTCATTATCTTCGGTC-1,B cells,B cells,B cells
CTCCTAGAGGAATCGC-1,T cells,CL 1,CL 1
CTCCTAGAGGACATTA-1,T cells,CL 1,CL 1
CTCCTAGAGTAAGTAC-1,NK,CD8 T,T cells
CTCCTAGAGTGGTAGC-1,B cells,B cells,B cells
CTCCTAGCATAAGACA-1,NK,CD8 T,T cells
CTCCTAGGTCCGAAGA-1,NK,CD8 T,T cells
CTCCTAGGTCTCCATC-1,T cells,CD8 T,T cells
CTCCTAGGTGAGTGAC-1,Mono,Mono,Mono
CTCCTAGTCAATACCG-1,Mono,Mono,Mono
CTCCTAGTCATGTAGC-1,Mono,Mono,Mono
CTCCTAGTCGAGAGCA-1,T cells,CD8 T,T cells
CTCCTAGTCGTGGTCG-1,Mono,Mono,Mono
CTCCTAGTCTAACTGG-1,NK,CD8 T,T cells
CTCGAAAAGACTAGGC-1,Mono,Mono,Mono
CTCGAAAAGCAGGTCA-1,Mono,Mono,Mono
CTCGAAAAGGCCCGTT-1,NK,CD8 T,T cells
CTCGAAACACTGTGTA-1,B cells,B cells,B cells
CTCGAAACAGTAACGG-1,Mono,Mono,Mono
CTCGAAACATGTCTCC-1,Mono,Mono,Mono
CTCGAAAGTACAGTTC-1,T cells,CL 1,CL 1
CTCGAAAGTACTCTCC-1,NK,CD8 T,T cells
CTCGAAAGTAGAGCTG-1,B cells,B cells,B cells
CTCGAAAGTCTCCATC-1,Mono,Mono,Mono
CTCGAAAGTGCTTCTC-1,B cells,B cells,B cells
CTCGAAAGTGGCTCCA-1,B cells,B cells,B cells
CTCGAAAGTTGGAGGT-1,B cells,B cells,B cells
CTCGAAAGTTTCCACC-1,T cells,CL 1,CL 1
CTCGAAATCAGTACGT-1,B cells,B cells,B cells
CTCGAAATCGTTGCCT-1,B cells,CD8 T,T cells
CTCGAAATCGTTTGCC-1,Mono,Mono,Mono
CTCGAAATCTCGCATC-1,T cells,CD8 T,T cells
CTCGAGGAGAGGTTGC-1,B cells,B cells,B cells
CTCGAGGAGCTACCTA-1,T cells,CL 1,CL 1
CTCGAGGAGTGTCTCA-1,B cells,B cells,B cells
CTCGAGGCACTGTCGG-1,Mono,Mono,Mono
CTCGAGGGTAAACCTC-1,Mono,Mono,Mono
CTCGAGGGTCTTGATG-1,Mono,Mono,Mono
CTCGAGGGTGCTCTTC-1,T cells,CL 1,CL 1
CTCGAGGGTTGAGTTC-1,Mono,DC,DC
CTCGAGGTCCTCCTAG-1,T cells,CL 1,CL 1
CTCGAGGTCCTGTACC-1,B cells,B cells,B cells
CTCGAGGTCGCCAGCA-1,NK,CD8 T,T cells
CTCGAGGTCGTTACAG-1,T cells,CD8 T,T cells
CTCGAGGTCTCTTATG-1,B cells,CL 1,CL 1
CTCGGAGAGACAAAGG-1,Mono,Mono,Mono
CTCGGAGAGGACATTA-1,B cells,CD8 T,T cells
CTCGGAGAGGGCTCTC-1,T cells,CL 1,CL 1
CTCGGAGAGTAGCCGA-1,T cells,CL 1,CL 1
CTCGGAGCAACTTGAC-1,T cells,CL 1,CL 1
CTCGGAGCACCACGTG-1,T cells,CD8 T,T cells
CTCGGAGCAGGCTCAC-1,T cells,CL 1,CL 1
CTCGGAGCAGTTCATG-1,T cells,CD8 T,T cells
CTCGGAGGTAACGCGA-1,T cells,CD8 T,T cells
CTCGGAGGTCAGTGGA-1,Mono,Mono,Mono
CTCGGAGGTGGCCCTA-1,NK,NK,NK
CTCGGAGGTTGATTCG-1,B cells,CD8 T,T cells
CTCGGAGGTTGGGACA-1,T cells,CL 1,CL 1
CTCGGAGGTTGTCGCG-1,T cells,CL 1,CL 1
CTCGGAGTCGCCTGAG-1,Mono,Mono,Mono
CTCGGAGTCGGCGCAT-1,B cells,B cells,B cells
CTCGGAGTCTATCCCG-1,NK,CD8 T,T cells
CTCGGGAAGAATAGGG-1,T cells,CD8 T,T cells
CTCGGGAAGTGCGATG-1,B cells,B cells,B cells
CTCGGGACAAGCCATT-1,Mono,Mono,Mono
CTCGGGACACTAAGTC-1,T cells,CD8 T,T cells
CTCGGGACAGTTAACC-1,B cells,CD8 T,T cells
CTCGGGACATAAAGGT-1,Mono,Mono,Mono
CTCGGGACATCCCATC-1,T cells,CL 1,CL 1
CTCGGGACATTCCTCG-1,B cells,B cells,B cells
CTCGGGAGTCGAGTTT-1,B cells,B cells,B cells
CTCGGGAGTGAAAGAG-1,T cells,CL 1,CL 1
CTCGGGAGTTAAAGAC-1,NK,CD8 T,T cells
CTCGGGAGTTCTGAAC-1,T cells,CD8 T,T cells
CTCGGGATCCATGAGT-1,B cells,B cells,B cells
CTCGGGATCCCAGGTG-1,T cells,CL 1,CL 1
CTCGGGATCTGCTGCT-1,T cells,CD8 T,T cells
CTCGGGATCTGTGCAA-1,B cells,B cells,B cells
CTCGGGATCTTACCGC-1,T cells,CL 1,CL 1
CTCGTACAGAAACCTA-1,Mono,CD8 T,T cells
CTCGTACAGTCACGCC-1,T cells,CL 1,CL 1
CTCGTACAGTTCGCGC-1,B cells,B cells,B cells
CTCGTACCAACGATCT-1,B cells,B cells,B cells
CTCGTACCAAGGACAC-1,NK,CD8 T,T cells
CTCGTACCACTATCTT-1,T cells,CD8 T,T cells
CTCGTACCAGTAAGAT-1,Mono,DC,DC
CTCGTACCATAGACTC-1,T cells,CL 1,CL 1
CTCGTACGTACAGACG-1,T cells,CL 1,CL 1
CTCGTACGTAGCGTCC-1,B cells,B cells,B cells
CTCGTACGTCAGTGGA-1,T cells,CL 1,CL 1
CTCGTACGTCCGAACC-1,B cells,B cells,B cells
CTCGTACGTGACGGTA-1,T cells,CD8 T,T cells
CTCGTACGTTAAGTAG-1,B cells,B cells,B cells
CTCGTACGTTATGTGC-1,T cells,CD8 T,T cells
CTCGTACTCCGAGCCA-1,Mono,Mono,Mono
CTCGTACTCCTAGTGA-1,Mono,Mono,Mono
CTCGTACTCGCGCCAA-1,Mono,Mono,Mono
CTCGTACTCTACTATC-1,T cells,CL 1,CL 1
CTCGTCAAGACACTAA-1,T cells,CD8 T,T cells
CTCGTCAAGATATGGT-1,T cells,CL 1,CL 1
CTCGTCAAGCACACAG-1,Mono,Mono,Mono
CTCGTCAAGCGATCCC-1,NK,CD8 T,T cells
CTCGTCAAGCTAGTTC-1,T cells,CD8 T,T cells
CTCGTCAAGGAACTGC-1,B cells,B cells,B cells
CTCGTCACAAAGGTGC-1,T cells,CD8 T,T cells
CTCGTCACAACTGGCC-1,T cells,CD8 T,T cells
CTCGTCACAATAGCAA-1,T cells,CD8 T,T cells
CTCGTCACAATGTTGC-1,Mono,Mono,Mono
CTCGTCACACGAAAGC-1,T cells,CD8 T,T cells
CTCGTCACACGTGAGA-1,Mono,DC,DC
CTCGTCACAGGACCCT-1,Mono,Mono,Mono
CTCGTCACATCTCGCT-1,T cells,CD8 T,T cells
CTCGTCAGTACCATCA-1,NK,NK,NK
CTCGTCAGTCAAACTC-1,B cells,B cells,B cells
CTCGTCAGTCATCCCT-1,T cells,CD8 T,T cells
CTCGTCAGTCTTTCAT-1,B cells,B cells,B cells
CTCGTCATCCAAACTG-1,T cells,CD8 T,T cells
CTCGTCATCCATGAAC-1,NK,CD8 T,T cells
CTCGTCATCCCTGACT-1,B cells,B cells,B cells
CTCGTCATCCTAGAAC-1,NK,CD8 T,T cells
CTCGTCATCGGATGTT-1,Mono,Mono,Mono
CTCGTCATCGGTCCGA-1,B cells,CD8 T,T cells
CTCGTCATCTGTCCGT-1,T cells,CL 1,CL 1
CTCTAATAGACCTTTG-1,T cells,CL 1,CL 1
CTCTAATAGTGGAGAA-1,B cells,B cells,B cells
CTCTAATCACACGCTG-1,B cells,B cells,B cells
CTCTAATCACCCATGG-1,Mono,Mono,Mono
CTCTAATCACGCTTTC-1,T cells,CL 1,CL 1
CTCTAATCAGCTGTGC-1,Mono,Mono,Mono
CTCTAATCAGGATCGA-1,Mono,Mono,Mono
CTCTAATCATCGGAAG-1,B cells,B cells,B cells
CTCTAATCATGACGGA-1,Mono,Mono,Mono
CTCTAATGTACCTACA-1,Mono,Mono,Mono
CTCTAATGTAGCGTCC-1,Mono,Mono,Mono
CTCTAATGTATTAGCC-1,T cells,CD8 T,T cells
CTCTAATGTCAATGTC-1,B cells,B cells,B cells
CTCTAATGTCAGTGGA-1,T cells,CD8 T,T cells
CTCTAATGTGCTTCTC-1,T cells,CD8 T,T cells
CTCTAATGTGTAATGA-1,T cells,CD8 T,T cells
CTCTAATGTGTGAAAT-1,Mono,DC,DC
CTCTAATGTTGAGTTC-1,T cells,CD8 T,T cells
CTCTAATGTTTGTTGG-1,B cells,B cells,B cells
CTCTAATTCATCGCTC-1,T cells,CL 1,CL 1
CTCTAATTCTCTGAGA-1,T cells,CL 1,CL 1
CTCTACGAGGTGTGGT-1,Mono,Mono,Mono
CTCTACGCAAGCTGAG-1,T cells,CD8 T,T cells
CTCTACGCACAAGCCC-1,Mono,Mono,Mono
CTCTACGCAGTGACAG-1,B cells,DC,DC
CTCTACGGTCAGAGGT-1,T cells,CD8 T,T cells
CTCTACGGTGGTAACG-1,B cells,B cells,B cells
CTCTACGGTTTAGCTG-1,NK,NK,NK
CTCTACGTCAGGATCT-1,T cells,CD8 T,T cells
CTCTACGTCGGTTAAC-1,T cells,CD8 T,T cells
CTCTACGTCGTCGTTC-1,T cells,CD8 T,T cells
CTCTACGTCTGCGGCA-1,T cells,CL 1,CL 1
CTCTGGTAGCTCCTTC-1,B cells,B cells,B cells
CTCTGGTAGTTTGCGT-1,NK,NK,NK
CTCTGGTCACAAGCCC-1,T cells,CD8 T,T cells
CTCTGGTCACCTTGTC-1,T cells,CD8 T,T cells
CTCTGGTCATGGTCAT-1,B cells,B cells,B cells
CTCTGGTGTAAGTAGT-1,B cells,B cells,B cells
CTCTGGTGTCATGCAT-1,T cells,CD8 T,T cells
CTCTGGTTCCACGACG-1,B cells,B cells,B cells
CTCTGGTTCTCTAGGA-1,T cells,CD8 T,T cells
CTCTGGTTCTGGTGTA-1,T cells,CD8 T,T cells
CTCTGGTTCTTGTTTG-1,NK,CD8 T,T cells
CTGAAACAGAACAATC-1,T cells,CD8 T,T cells
CTGAAACAGAGGACGG-1,T cells,CL 1,CL 1
CTGAAACAGATGTTAG-1,NK,CD8 T,T cells
CTGAAACAGCCACTAT-1,T cells,CD8 T,T cells
CTGAAACCAAACAACA-1,B cells,B cells,B cells
CTGAAACCAACTGGCC-1,T cells,CL 1,CL 1
CTGAAACCACACTGCG-1,Mono,DC,DC
CTGAAACCACATTAGC-1,T cells,CD8 T,T cells
CTGAAACCATTAGGCT-1,T cells,CD8 T,T cells
CTGAAACCATTTCACT-1,Mono,DC,DC
CTGAAACGTATAGGTA-1,T cells,CD8 T,T cells
CTGAAACGTCTCACCT-1,T cells,CD8 T,T cells
CTGAAACGTGGTGTAG-1,T cells,CD8 T,T cells
CTGAAACGTTCCGGCA-1,NK,NK,NK
CTGAAACTCAGCGACC-1,NK,CD8 T,T cells
CTGAAACTCCCTTGCA-1,B cells,B cells,B cells
CTGAAACTCTTGAGGT-1,B cells,CD8 T,T cells
CTGAAGTAGCAGCCTC-1,T cells,CL 1,CL 1
CTGAAGTAGGCGCTCT-1,Mono,Mono,Mono
CTGAAGTAGGCTACGA-1,T cells,CL 1,CL 1
CTGAAGTCAACTGGCC-1,B cells,CD8 T,T cells
CTGAAGTCAATAGAGT-1,T cells,CD8 T,T cells
CTGAAGTCATCATCCC-1,NK,CD8 T,T cells
CTGAAGTCATGGAATA-1,B cells,CD8 T,T cells
CTGAAGTCATGTTCCC-1,Mono,Mono,Mono
CTGAAGTGTAAAGGAG-1,NK,CD8 T,T cells
CTGAAGTGTAGCTAAA-1,NK,NK,NK
CTGAAGTTCATGCTCC-1,Mono,Mono,Mono
CTGAAGTTCCCATTTA-1,NK,CD8 T,T cells
CTGATAGAGATCCCGC-1,Mono,Mono,Mono
CTGATAGAGCGCCTCA-1,B cells,B cells,B cells
CTGATAGAGGACCACA-1,T cells,CL 1,CL 1
CTGATAGAGTGATCGG-1,T cells,CL 1,CL 1
CTGATAGCAAGAGTCG-1,T cells,CD8 T,T cells
CTGATAGCATGGGACA-1,T cells,CL 1,CL 1
CTGATAGGTACAGCAG-1,T cells,CD8 T,T cells
CTGATAGGTAGCCTAT-1,Mono,Mono,Mono
CTGATAGGTATCACCA-1,NK,CD8 T,T cells
CTGATAGGTCATGCAT-1,B cells,B cells,B cells
CTGATAGGTTGAGGTG-1,Mono,Mono,Mono
CTGATAGTCAAACCAC-1,T cells,CD8 T,T cells
CTGATAGTCACAGGCC-1,Mono,Mono,Mono
CTGATAGTCACCCGAG-1,Mono,DC,DC
CTGATAGTCAGCACAT-1,Mono,Mono,Mono
CTGATAGTCCGTCAAA-1,T cells,CD8 T,T cells
CTGATCCAGAAGGCCT-1,T cells,CD8 T,T cells
CTGATCCAGACGCTTT-1,Mono,Mono,Mono
CTGATCCAGATAGCAT-1,Mono,Mono,Mono
CTGATCCAGCGTTGCC-1,T cells,CL 1,CL 1
CTGATCCAGGACATTA-1,NK,CD8 T,T cells
CTGATCCAGGCCCGTT-1,T cells,CD8 T,T cells
CTGATCCCACATCTTT-1,T cells,CL 1,CL 1
CTGATCCCACGAAAGC-1,T cells,CD8 T,T cells
CTGATCCCACTTCTGC-1,T cells,CL 1,CL 1
CTGATCCCAGACAGGT-1,T cells,CL 1,CL 1
CTGATCCCAGACTCGC-1,T cells,CD8 T,T cells
CTGATCCGTACCCAAT-1,Mono,Mono,Mono
CTGATCCGTGAGCGAT-1,B cells,B cells,B cells
CTGATCCGTTTCCACC-1,B cells,B cells,B cells
CTGATCCGTTTCGCTC-1,T cells,CD8 T,T cells
CTGATCCGTTTGTTGG-1,NK,CD8 T,T cells
CTGATCCTCAAACGGG-1,B cells,B cells,B cells
CTGATCCTCCTCATTA-1,T cells,CD8 T,T cells
CTGCCTAAGAAACGCC-1,Mono,Mono,Mono
CTGCCTAAGAGGGCTT-1,Mono,Mono,Mono
CTGCCTAAGCGGATCA-1,T cells,CD8 T,T cells
CTGCCTAAGCTAGGCA-1,Mono,Mono,Mono
CTGCCTAAGCTGAAAT-1,NK,CD8 T,T cells
CTGCCTAAGGACAGCT-1,T cells,CL 1,CL 1
CTGCCTAAGGCTAGAC-1,T cells,CD8 T,T cells
CTGCCTAAGGGCTTCC-1,T cells,CL 1,CL 1
CTGCCTACAAAGGAAG-1,NK,NK,NK
CTGCCTACAAAGGCGT-1,B cells,B cells,B cells
CTGCCTACAACACCTA-1,NK,NK,NK
CTGCCTACACTCGACG-1,T cells,CD8 T,T cells
CTGCCTACACTGTCGG-1,B cells,CD8 T,T cells
CTGCCTACATGGAATA-1,T cells,CL 1,CL 1
CTGCCTACATTAGCCA-1,Mono,Mono,Mono
CTGCCTAGTAGCACGA-1,B cells,B cells,B cells
CTGCCTAGTCGGGTCT-1,Mono,Mono,Mono
CTGCCTATCCGTTGCT-1,T cells,CD8 T,T cells
CTGCCTATCCTGCAGG-1,NK,NK,NK
CTGCCTATCCTTGGTC-1,B cells,B cells,B cells
CTGCCTATCTGTTTGT-1,T cells,CL 1,CL 1
CTGCCTATCTTTAGTC-1,T cells,CL 1,CL 1
CTGCGGAAGAGTGACC-1,NK,CD8 T,T cells
CTGCGGAAGATATGCA-1,Mono,Mono,Mono
CTGCGGAAGCGATCCC-1,T cells,CD8 T,T cells
CTGCGGAAGCTAAACA-1,T cells,CD8 T,T cells
CTGCGGAAGGACTGGT-1,Mono,Mono,Mono
CTGCGGAAGGGTTTCT-1,Mono,Mono,Mono
CTGCGGAAGTGGACGT-1,T cells,CD8 T,T cells
CTGCGGAAGTGTACTC-1,Mono,Mono,Mono
CTGCGGACAAACCCAT-1,T cells,CD8 T,T cells
CTGCGGACAGATAATG-1,NK,NK,NK
CTGCGGACAGGGTATG-1,Mono,Mono,Mono
CTGCGGACATCCCACT-1,Mono,Mono,Mono
CTGCGGACATGCGCAC-1,B cells,B cells,B cells
CTGCGGAGTACTCAAC-1,Mono,DC,DC
CTGCGGAGTCGCTTCT-1,T cells,CL 1,CL 1
CTGCGGAGTCGCTTTC-1,Mono,Mono,Mono
CTGCGGAGTCTCTTAT-1,NK,CD8 T,T cells
CTGCGGAGTTATCGGT-1,T cells,CD8 T,T cells
CTGCGGAGTTCGCGAC-1,NK,CD8 T,T cells
CTGCGGATCAATCACG-1,T cells,CD8 T,T cells
CTGCGGATCAGTTGAC-1,T cells,CD8 T,T cells
CTGCGGATCCACTGGG-1,Mono,Mono,Mono
CTGCGGATCCGCTGTT-1,T cells,CD8 T,T cells
CTGCGGATCGTTTATC-1,NK,CD8 T,T cells
CTGCGGATCTAACGGT-1,T cells,CD8 T,T cells
CTGCTGTAGATAGGAG-1,NK,CD8 T,T cells
CTGCTGTAGATTACCC-1,T cells,CD8 T,T cells
CTGCTGTAGGCCCGTT-1,NK,NK,NK
CTGCTGTAGGGATACC-1,T cells,CL 1,CL 1
CTGCTGTAGTCCATAC-1,T cells,CD8 T,T cells
CTGCTGTCAAAGCGGT-1,T cells,CL 1,CL 1
CTGCTGTCAATCCAAC-1,T cells,CL 1,CL 1
CTGCTGTCACAACGCC-1,T cells,CL 1,CL 1
CTGCTGTCACCAGATT-1,Mono,Mono,Mono
CTGCTGTCACGAAACG-1,T cells,CL 1,CL 1
CTGCTGTCACGGTTTA-1,Mono,Mono,Mono
CTGCTGTCACTAGTAC-1,B cells,B cells,B cells
CTGCTGTCAGATCGGA-1,B cells,B cells,B cells
CTGCTGTGTCAACATC-1,Mono,DC,DC
CTGCTGTGTCGGCACT-1,Mono,Mono,Mono
CTGCTGTGTCTGGAGA-1,T cells,CL 1,CL 1
CTGCTGTGTGATGTCT-1,T cells,CL 1,CL 1
CTGCTGTTCCAAGCCG-1,T cells,CD8 T,T cells
CTGCTGTTCTTTACGT-1,NK,NK,NK
CTGGTCTAGAGAGCTC-1,T cells,CD8 T,T cells
CTGGTCTAGCTAAGAT-1,T cells,CD8 T,T cells
CTGGTCTAGGAGCGAG-1,NK,CD8 T,T cells
CTGGTCTAGGCTCTTA-1,Mono,Mono,Mono
CTGGTCTAGGGATCTG-1,T cells,CD8 T,T cells
CTGGTCTAGGTGGGTT-1,B cells,B cells,B cells
CTGGTCTAGTCCCACG-1,T cells,CD8 T,T cells
CTGGTCTAGTGGGCTA-1,B cells,B cells,B cells
CTGGTCTCAAACCCAT-1,Mono,Mono,Mono
CTGGTCTCAAAGCAAT-1,T cells,CL 1,CL 1
CTGGTCTCACGGCTAC-1,T cells,CL 1,CL 1
CTGGTCTCATTCCTGC-1,T cells,CL 1,CL 1
CTGGTCTCATTCTCAT-1,NK,CD8 T,T cells
CTGGTCTGTGCAACTT-1,Mono,Mono,Mono
CTGGTCTGTGCCTTGG-1,Mono,Mono,Mono
CTGGTCTGTGCGGTAA-1,T cells,CL 1,CL 1
CTGGTCTGTTCCAACA-1,B cells,B cells,B cells
CTGGTCTGTTGTCTTT-1,T cells,CD8 T,T cells
CTGGTCTTCAGAGCTT-1,T cells,CD8 T,T cells
CTGGTCTTCAGCCTAA-1,Mono,Mono,Mono
CTGGTCTTCCAAGTAC-1,T cells,CL 1,CL 1
CTGGTCTTCTGCGACG-1,T cells,CD8 T,T cells
CTGGTCTTCTTTACAC-1,T cells,CD8 T,T cells
CTGTGCTAGAGTGAGA-1,Mono,Mono,Mono
CTGTGCTAGATCCCAT-1,T cells,CD8 T,T cells
CTGTGCTAGATCGATA-1,Mono,Mono,Mono
CTGTGCTAGCCCAGCT-1,Mono,Mono,Mono
CTGTGCTAGCCGTCGT-1,T cells,CL 1,CL 1
CTGTGCTAGCGTCTAT-1,Mono,Mono,Mono
CTGTGCTAGGACACCA-1,T cells,CL 1,CL 1
CTGTGCTCAAGAGTCG-1,T cells,CL 1,CL 1
CTGTGCTCACGCATCG-1,NK,CD8 T,T cells
CTGTGCTCAGTGAGTG-1,NK,CD8 T,T cells
CTGTGCTCATCATCCC-1,T cells,CD8 T,T cells
CTGTGCTGTATGGTTC-1,Mono,Mono,Mono
CTGTGCTGTGTTTGGT-1,T cells,CD8 T,T cells
CTGTGCTGTTACAGAA-1,T cells,CD8 T,T cells
CTGTGCTGTTCAGGCC-1,T cells,CL 1,CL 1
CTGTGCTTCAGCTTAG-1,NK,CD8 T,T cells
CTGTGCTTCGTCGTTC-1,T cells,CL 1,CL 1
CTGTTTAAGGGTCGAT-1,B cells,B cells,B cells
CTGTTTAAGGTAGCCA-1,T cells,CL 1,CL 1
CTGTTTAAGTCACGCC-1,B cells,B cells,B cells
CTGTTTAAGTGGGATC-1,T cells,CL 1,CL 1
CTGTTTACAAGTCATC-1,Mono,Mono,Mono
CTGTTTACATCGTCGG-1,NK,CD8 T,T cells
CTGTTTACATTAACCG-1,T cells,CD8 T,T cells
CTGTTTAGTCAAAGCG-1,B cells,B cells,B cells
CTGTTTAGTCCCGACA-1,NK,CD8 T,T cells
CTGTTTAGTCGCATCG-1,T cells,CL 1,CL 1
CTGTTTAGTCGCGAAA-1,T cells,CD8 T,T cells
CTGTTTAGTCGGGTCT-1,Mono,Mono,Mono
CTGTTTAGTCTAGAGG-1,T cells,CL 1,CL 1
CTGTTTAGTGATGATA-1,Mono,Mono,Mono
CTGTTTAGTTATCACG-1,B cells,B cells,B cells
CTGTTTATCAACGGCC-1,B cells,CD8 T,T cells
CTGTTTATCGGAAATA-1,Mono,DC,DC
CTGTTTATCTGCTTGC-1,T cells,CL 1,CL 1
CTTAACTAGACACGAC-1,T cells,CL 1,CL 1
CTTAACTAGCGATATA-1,Mono,Mono,Mono
CTTAACTAGCTGCAAG-1,B cells,CD8 T,T cells
CTTAACTAGTGTTTGC-1,T cells,CD8 T,T cells
CTTAACTCAAGGTGTG-1,T cells,CD8 T,T cells
CTTAACTCACGCCAGT-1,Mono,Mono,Mono
CTTAACTCACGGTGTC-1,T cells,CD8 T,T cells
CTTAACTCAGTGGGAT-1,T cells,CD8 T,T cells
CTTAACTGTAAGTGTA-1,NK,CD8 T,T cells
CTTAACTGTCGACTGC-1,B cells,B cells,B cells
CTTAACTTCACGCGGT-1,B cells,B cells,B cells
CTTAACTTCAGCTCTC-1,T cells,CL 1,CL 1
CTTAACTTCCAGTATG-1,B cells,B cells,B cells
CTTAACTTCGACGGAA-1,NK,CD8 T,T cells
CTTAACTTCGCTTGTC-1,T cells,CL 1,CL 1
CTTAACTTCGTGGGAA-1,T cells,CL 1,CL 1
CTTAACTTCTGCGGCA-1,T cells,CD8 T,T cells
CTTACCGAGAAGGTTT-1,T cells,CD8 T,T cells
CTTACCGAGCGTAGTG-1,B cells,B cells,B cells
CTTACCGAGGAGTTTA-1,NK,CD8 T,T cells
CTTACCGCAGCCTATA-1,Mono,Mono,Mono
CTTACCGCAGGACCCT-1,T cells,CL 1,CL 1
CTTACCGCATTACCTT-1,T cells,CL 1,CL 1
CTTACCGGTAAACACA-1,T cells,CD8 T,T cells
CTTACCGGTACCGGCT-1,T cells,CL 1,CL 1
CTTACCGGTCGTTGTA-1,T cells,CD8 T,T cells
CTTACCGTCACGACTA-1,T cells,CD8 T,T cells
CTTACCGTCAGCATGT-1,T cells,CL 1,CL 1
CTTACCGTCAGCTCGG-1,NK,CD8 T,T cells
CTTACCGTCATAGCAC-1,T cells,CL 1,CL 1
CTTACCGTCCACGAAT-1,T cells,CL 1,CL 1
CTTACCGTCCTTTCTC-1,B cells,B cells,B cells
CTTACCGTCGACCAGC-1,Mono,Mono,Mono
CTTACCGTCGCCAAAT-1,Mono,Mono,Mono
CTTAGGAAGAAGCCCA-1,T cells,CL 1,CL 1
CTTAGGAAGCGATATA-1,T cells,CD8 T,T cells
CTTAGGAAGCTACCTA-1,Mono,Mono,Mono
CTTAGGACACTAAGTC-1,Mono,Mono,Mono
CTTAGGATCAGCTCGG-1,Mono,Mono,Mono
CTTAGGATCCACTCCA-1,T cells,CD8 T,T cells
CTTAGGATCGCGGATC-1,Mono,DC,DC
CTTAGGATCGGAAACG-1,T cells,CD8 T,T cells
CTTAGGATCGTTTGCC-1,T cells,CL 1,CL 1
CTTAGGATCTACCTGC-1,Mono,Mono,Mono
CTTAGGATCTAGAGTC-1,T cells,CD8 T,T cells
CTTAGGATCTCCCTGA-1,B cells,B cells,B cells
CTTCTCTAGAGGTAGA-1,Mono,Mono,Mono
CTTCTCTAGGCATTGG-1,B cells,B cells,B cells
CTTCTCTAGGCTCAGA-1,Mono,Mono,Mono
CTTCTCTCAGATGGCA-1,B cells,B cells,B cells
CTTCTCTCATCAGTCA-1,T cells,CD8 T,T cells
CTTCTCTGTAAACGCG-1,Mono,Mono,Mono
CTTCTCTGTACCGTTA-1,B cells,B cells,B cells
CTTCTCTGTCAGATAA-1,B cells,B cells,B cells
CTTCTCTGTTCCATGA-1,Mono,Mono,Mono
CTTCTCTTCCAAATGC-1,B cells,B cells,B cells
CTTCTCTTCGGAGGTA-1,Mono,Mono,Mono
CTTGGCTAGATAGTCA-1,NK,NK,NK
CTTGGCTAGATATGCA-1,Mono,Mono,Mono
CTTGGCTAGGGTGTGT-1,T cells,CD8 T,T cells
CTTGGCTAGGTTCCTA-1,T cells,CD8 T,T cells
CTTGGCTCAACTGCTA-1,T cells,CL 1,CL 1
CTTGGCTCACAGACAG-1,T cells,CD8 T,T cells
CTTGGCTCACGAAACG-1,T cells,CL 1,CL 1
CTTGGCTCACGGATAG-1,Mono,Mono,Mono
CTTGGCTCACTAAGTC-1,NK,CD8 T,T cells
CTTGGCTCAGGCTCAC-1,B cells,B cells,B cells
CTTGGCTGTGGCCCTA-1,B cells,B cells,B cells
CTTGGCTGTGTTTGGT-1,T cells,CL 1,CL 1
CTTGGCTGTTAAGTAG-1,T cells,CD8 T,T cells
CTTGGCTGTTCCACTC-1,T cells,CL 1,CL 1
CTTGGCTTCAGAGCTT-1,B cells,B cells,B cells
CTTGGCTTCATTTGGG-1,B cells,B cells,B cells
CTTGGCTTCCCAGGTG-1,NK,CD8 T,T cells
CTTTGCGAGAAGGCCT-1,Mono,Mono,Mono
CTTTGCGAGAGTACCG-1,Mono,Mono,Mono
CTTTGCGAGCATCATC-1,NK,CD8 T,T cells
CTTTGCGAGCCCAATT-1,B cells,B cells,B cells
CTTTGCGAGCCTATGT-1,B cells,B cells,B cells
CTTTGCGAGGCATGGT-1,T cells,CL 1,CL 1
CTTTGCGAGTGTGAAT-1,B cells,B cells,B cells
CTTTGCGCAGCGATCC-1,Mono,DC,DC
CTTTGCGCAGTCAGAG-1,T cells,CD8 T,T cells
CTTTGCGGTACATCCA-1,NK,CD8 T,T cells
CTTTGCGGTAGCTAAA-1,NK,CD8 T,T cells
CTTTGCGGTCCAACTA-1,Mono,Mono,Mono
CTTTGCGGTGTTTGTG-1,Mono,Mono,Mono
CTTTGCGGTTACAGAA-1,T cells,CL 1,CL 1
CTTTGCGTCACTCTTA-1,B cells,B cells,B cells
CTTTGCGTCACTTCAT-1,T cells,CL 1,CL 1
CTTTGCGTCATCTGCC-1,B cells,B cells,B cells
CTTTGCGTCATGTCTT-1,Mono,Mono,Mono
CTTTGCGTCCGTCAAA-1,B cells,B cells,B cells
CTTTGCGTCGTTTAGG-1,Mono,Mono,Mono
CTTTGCGTCTGACCTC-1,NK,CD8 T,T cells
GAAACTCAGTATTGGA-1,T cells,CD8 T,T cells
GAAACTCAGTTGCAGG-1,Mono,DC,DC
GAAACTCCAACGATCT-1,T cells,CL 1,CL 1
GAAACTCCAAGACACG-1,T cells,CD8 T,T cells
GAAACTCCACACGCTG-1,T cells,CL 1,CL 1
GAAACTCCAGATCTGT-1,T cells,CD8 T,T cells
GAAACTCCATCGTCGG-1,Mono,Mono,Mono
GAAACTCCATTGGGCC-1,T cells,CL 1,CL 1
GAAACTCGTCATATCG-1,T cells,CD8 T,T cells
GAAACTCGTGAGCGAT-1,NK,NK,NK
GAAACTCGTGCGGTAA-1,Mono,Mono,Mono
GAAACTCGTTACGGAG-1,T cells,CD8 T,T cells
GAAACTCGTTGATTGC-1,T cells,CD8 T,T cells
GAAACTCGTTGTCTTT-1,B cells,B cells,B cells
GAAACTCTCAAACAAG-1,Mono,Mono,Mono
GAAACTCTCAAACGGG-1,T cells,CL 1,CL 1
GAAACTCTCACTATTC-1,B cells,B cells,B cells
GAAACTCTCCAGATCA-1,T cells,CD8 T,T cells
GAAACTCTCGGAATCT-1,T cells,CD8 T,T cells
GAAACTCTCTATCCCG-1,Mono,DC,DC
GAAACTCTCTTATCTG-1,B cells,B cells,B cells
GAAATGAAGATCCGAG-1,Mono,Mono,Mono
GAAATGAAGGCATGGT-1,Mono,Mono,Mono
GAAATGAAGTAGCGGT-1,T cells,CL 1,CL 1
GAAATGACAAACGCGA-1,T cells,CD8 T,T cells
GAAATGACACGAAAGC-1,T cells,CD8 T,T cells
GAAATGACACTGAAGG-1,B cells,B cells,B cells
GAAATGACAGTCGATT-1,Mono,Mono,Mono
GAAATGACATCACGTA-1,T cells,CL 1,CL 1
GAAATGACATGGGACA-1,NK,CD8 T,T cells
GAAATGACATGTAGTC-1,T cells,CD8 T,T cells
GAAATGAGTAGGGACT-1,T cells,CD8 T,T cells
GAAATGAGTATAATGG-1,B cells,B cells,B cells
GAAATGAGTATAGTAG-1,T cells,CD8 T,T cells
GAAATGAGTCAGATAA-1,Mono,Mono,Mono
GAAATGATCAAACGGG-1,T cells,CD8 T,T cells
GAAATGATCACGATGT-1,NK,NK,NK
GAAATGATCATTATCC-1,T cells,CD8 T,T cells
GAAATGATCTCCAACC-1,T cells,CD8 T,T cells
GAACATCAGATGTTAG-1,NK,NK,NK
GAACATCAGCAATCTC-1,T cells,CD8 T,T cells
GAACATCAGCGTGTCC-1,Mono,Mono,Mono
GAACATCCAACTGCGC-1,B cells,B cells,B cells
GAACATCCAGTTCATG-1,Mono,Mono,Mono
GAACATCGTAATCACC-1,T cells,CL 1,CL 1
GAACATCGTAGCAAAT-1,B cells,B cells,B cells
GAACATCGTAGCGATG-1,B cells,B cells,B cells
GAACATCGTATGCTTG-1,T cells,CD8 T,T cells
GAACATCGTGGCGAAT-1,B cells,B cells,B cells
GAACATCGTGTGACGA-1,NK,CD8 T,T cells
GAACATCGTTAGAACA-1,T cells,CL 1,CL 1
GAACATCGTTAGGGTG-1,T cells,CD8 T,T cells
GAACATCTCTAACGGT-1,NK,CD8 T,T cells
GAACATCTCTGCAAGT-1,Mono,Mono,Mono
GAACCTAAGATCTGAA-1,Mono,Mono,Mono
GAACCTAAGCCAACAG-1,Mono,Mono,Mono
GAACCTAAGCTAAGAT-1,T cells,CL 1,CL 1
GAACCTAAGGACCACA-1,T cells,CD8 T,T cells
GAACCTAAGGCAAAGA-1,Mono,Mono,Mono
GAACCTAAGTTTCCTT-1,T cells,CL 1,CL 1
GAACCTACAAACAACA-1,T cells,CL 1,CL 1
GAACCTACAAGCTGAG-1,T cells,CD8 T,T cells
GAACCTACAATCAGAA-1,T cells,CD8 T,T cells
GAACCTACAGCCTGTG-1,T cells,CL 1,CL 1
GAACCTACATGCAATC-1,T cells,CL 1,CL 1
GAACCTACATTACCTT-1,Mono,Mono,Mono
GAACCTAGTAGCGCAA-1,T cells,CL 1,CL 1
GAACCTAGTATAGGTA-1,NK,NK,NK
GAACCTAGTATGGTTC-1,Mono,Mono,Mono
GAACCTAGTCTTGATG-1,Mono,Mono,Mono
GAACCTAGTGTTCTTT-1,T cells,CL 1,CL 1
GAACCTAGTTGTTTGG-1,Mono,DC,DC
GAACCTAGTTTAAGCC-1,Mono,Mono,Mono
GAACCTATCAACTCTT-1,T cells,CD8 T,T cells
GAACCTATCAGTGCAT-1,T cells,CD8 T,T cells
GAACCTATCATGTCTT-1,Mono,Mono,Mono
GAACCTATCCAAATGC-1,B cells,CD8 T,T cells
GAACCTATCCCAACGG-1,T cells,CD8 T,T cells
GAACCTATCGCCTGTT-1,T cells,CL 1,CL 1
GAACCTATCGGAATCT-1,T cells,CD8 T,T cells
GAACCTATCGGAGGTA-1,T cells,CD8 T,T cells
GAACGGAAGAGCAATT-1,T cells,CL 1,CL 1
GAACGGAAGGATGTAT-1,T cells,CD8 T,T cells
GAACGGAAGGCTCAGA-1,Mono,Mono,Mono
GAACGGAAGGGCTTGA-1,T cells,CD8 T,T cells
GAACGGACAATGGATA-1,NK,NK,NK
GAACGGACACAACTGT-1,NK,CD8 T,T cells
GAACGGACAGCCAATT-1,Mono,Mono,Mono
GAACGGACAGTAAGAT-1,Mono,Mono,Mono
GAACGGACATAAGACA-1,T cells,CD8 T,T cells
GAACGGAGTAGAAAGG-1,NK,NK,NK
GAACGGAGTCGCGTGT-1,Mono,Mono,Mono
GAACGGAGTTAGATGA-1,B cells,B cells,B cells
GAACGGAGTTCCCGAG-1,T cells,CD8 T,T cells
GAACGGATCATAACCG-1,T cells,CD8 T,T cells
GAACGGATCGAATCCA-1,Mono,Mono,Mono
GAACGGATCTAACTCT-1,Mono,Mono,Mono
GAACGGATCTGAGTGT-1,Mono,Mono,Mono
GAACGGATCTGTCAAG-1,T cells,CL 1,CL 1
GAAGCAGAGAACTGTA-1,Mono,Mono,Mono
GAAGCAGAGACGCAAC-1,Mono,Mono,Mono
GAAGCAGAGAGAGCTC-1,T cells,CL 1,CL 1
GAAGCAGAGAGCAATT-1,Mono,Mono,Mono
GAAGCAGAGGGCTTGA-1,T cells,CD8 T,T cells
GAAGCAGAGGTGCACA-1,T cells,CL 1,CL 1
GAAGCAGAGTCATGCT-1,Mono,Mono,Mono
GAAGCAGGTAGAGTGC-1,Platelet,Mono,Mono
GAAGCAGGTCAATACC-1,T cells,CD8 T,T cells
GAAGCAGTCAGCTCTC-1,T cells,CL 1,CL 1
GAAGCAGTCATCTGCC-1,T cells,CD8 T,T cells
GAAGCAGTCGCCAAAT-1,Mono,Mono,Mono
GAAGCAGTCTCTTGAT-1,Mono,Mono,Mono
GAAGCAGTCTTGTATC-1,T cells,CD8 T,T cells
GAATAAGAGCTATGCT-1,Mono,Mono,Mono
GAATAAGAGGCATTGG-1,B cells,B cells,B cells
GAATAAGAGGGCTTCC-1,Mono,Mono,Mono
GAATAAGAGTCCATAC-1,B cells,B cells,B cells
GAATAAGAGTGCGATG-1,T cells,CD8 T,T cells
GAATAAGCAATAGCAA-1,T cells,CD8 T,T cells
GAATAAGCACGTGAGA-1,B cells,B cells,B cells
GAATAAGCACTACAGT-1,Mono,Mono,Mono
GAATAAGCATTGGGCC-1,Mono,Mono,Mono
GAATAAGGTCAGCTAT-1,T cells,CL 1,CL 1
GAATAAGGTCGAAAGC-1,Mono,Mono,Mono
GAATAAGGTCGCGTGT-1,T cells,CL 1,CL 1
GAATAAGGTGAAATCA-1,NK,NK,NK
GAATAAGGTGAAGGCT-1,B cells,B cells,B cells
GAATAAGGTGACGCCT-1,NK,CD8 T,T cells
GAATAAGGTGCAACTT-1,T cells,CL 1,CL 1
GAATAAGGTTAGAACA-1,Mono,Mono,Mono
GAATAAGGTTCCACTC-1,Mono,Mono,Mono
GAATAAGTCACAAACC-1,T cells,CD8 T,T cells
GAATAAGTCATGTCCC-1,B cells,B cells,B cells
GAATAAGTCCGCATCT-1,T cells,CL 1,CL 1
GAATAAGTCTATCCCG-1,T cells,CD8 T,T cells
GAATAAGTCTGGAGCC-1,T cells,CD8 T,T cells
GAATGAAAGAAACGCC-1,T cells,CD8 T,T cells
GAATGAACAAATCCGT-1,Mono,DC,DC
GAATGAACAACAACCT-1,Mono,Mono,Mono
GAATGAACAACACGCC-1,T cells,CD8 T,T cells
GAATGAACACACCGAC-1,B cells,B cells,B cells
GAATGAACACACTGCG-1,B cells,B cells,B cells
GAATGAACACCTGGTG-1,T cells,CL 1,CL 1
GAATGAACAGGGCATA-1,NK,NK,NK
GAATGAACAGGGTACA-1,B cells,B cells,B cells
GAATGAACAGTTCCCT-1,Mono,Mono,Mono
GAATGAACATATGGTC-1,Mono,Mono,Mono
GAATGAACATGCTAGT-1,T cells,CL 1,CL 1
GAATGAAGTATATGAG-1,NK,CD8 T,T cells
GAATGAAGTATTACCG-1,Mono,Mono,Mono
GAATGAAGTTGCGCAC-1,NK,DC,DC
GAATGAATCAACACGT-1,T cells,CD8 T,T cells
GAATGAATCAGCATGT-1,B cells,B cells,B cells
GAATGAATCCAAGCCG-1,T cells,CL 1,CL 1
GAATGAATCCAAGTAC-1,NK,CD8 T,T cells
GAATGAATCCACGACG-1,T cells,CD8 T,T cells
GAATGAATCGTACCGG-1,T cells,CL 1,CL 1
GAATGAATCGTCACGG-1,T cells,CL 1,CL 1
GAATGAATCTCCAGGG-1,T cells,CL 1,CL 1
GAATGAATCTGCGACG-1,B cells,B cells,B cells
GAATGAATCTGTCTCG-1,B cells,B cells,B cells
GAATGAATCTTGAGAC-1,NK,CD8 T,T cells
GACACGCAGAGTTGGC-1,Mono,Mono,Mono
GACACGCAGATTACCC-1,T cells,CD8 T,T cells
GACACGCAGCTATGCT-1,Mono,Mono,Mono
GACACGCAGGCATTGG-1,NK,CD8 T,T cells
GACACGCAGTACTTGC-1,B cells,B cells,B cells
GACACGCCAGCCTTGG-1,T cells,CL 1,CL 1
GACACGCGTAATCACC-1,Mono,Mono,Mono
GACACGCGTAGAGCTG-1,Mono,DC,DC
GACACGCGTCACACGC-1,T cells,CL 1,CL 1
GACACGCGTGACAAAT-1,T cells,CL 1,CL 1
GACACGCGTTACTGAC-1,T cells,CL 1,CL 1
GACACGCGTTATTCTC-1,Mono,Mono,Mono
GACACGCGTTTGCATG-1,T cells,CD8 T,T cells
GACACGCTCGTTTATC-1,T cells,CD8 T,T cells
GACACGCTCTGAGGGA-1,Mono,Mono,Mono
GACAGAGAGAAACCTA-1,Mono,Mono,Mono
GACAGAGAGACGCAAC-1,T cells,CD8 T,T cells
GACAGAGAGCGATATA-1,T cells,CD8 T,T cells
GACAGAGAGTCGTACT-1,Mono,DC,DC
GACAGAGCAATGGTCT-1,Mono,Mono,Mono
GACAGAGCACGCGAAA-1,Mono,Mono,Mono
GACAGAGCAGATCTGT-1,T cells,CD8 T,T cells
GACAGAGCAGCCTGTG-1,B cells,B cells,B cells
GACAGAGGTACATCCA-1,T cells,CL 1,CL 1
GACAGAGGTAGCTAAA-1,T cells,CD8 T,T cells
GACAGAGGTCTAAAGA-1,B cells,B cells,B cells
GACAGAGGTCTGCGGT-1,T cells,CD8 T,T cells
GACAGAGGTTCGGGCT-1,Mono,Mono,Mono
GACAGAGGTTGGTGGA-1,T cells,CL 1,CL 1
GACAGAGTCCACTGGG-1,Mono,Mono,Mono
GACAGAGTCTGATACG-1,Mono,Mono,Mono
GACCAATAGCCTCGTG-1,T cells,CD8 T,T cells
GACCAATAGTACGTTC-1,B cells,B cells,B cells
GACCAATCACCGTTGG-1,T cells,CL 1,CL 1
GACCAATCACTTAACG-1,T cells,CL 1,CL 1
GACCAATCAGGGTACA-1,Mono,Mono,Mono
GACCAATCATCGGGTC-1,B cells,B cells,B cells
GACCAATGTCCGTGAC-1,T cells,CL 1,CL 1
GACCAATGTCTTGTCC-1,Mono,Mono,Mono
GACCAATGTGGTCCGT-1,Mono,DC,DC
GACCAATGTGGTCTCG-1,Mono,DC,DC
GACCAATGTTTGTTGG-1,T cells,CL 1,CL 1
GACCAATTCCTATGTT-1,T cells,CL 1,CL 1
GACCAATTCTCTGTCG-1,B cells,B cells,B cells
GACCAATTCTGCAAGT-1,T cells,CL 1,CL 1
GACCTGGAGAAACGAG-1,T cells,CL 1,CL 1
GACCTGGAGACGCAAC-1,T cells,CD8 T,T cells
GACCTGGAGACTCGGA-1,Mono,Mono,Mono
GACCTGGAGATCGGGT-1,Mono,Mono,Mono
GACCTGGAGCTAACAA-1,NK,CD8 T,T cells
GACCTGGCACTTAACG-1,T cells,CD8 T,T cells
GACCTGGCAGGGAGAG-1,B cells,B cells,B cells
GACCTGGCAGTCAGAG-1,Mono,Mono,Mono
GACCTGGCATCCTTGC-1,T cells,CL 1,CL 1
GACCTGGGTACCGTTA-1,T cells,CL 1,CL 1
GACCTGGGTCTTTCAT-1,T cells,CL 1,CL 1
GACCTGGGTGGTGTAG-1,T cells,CL 1,CL 1
GACCTGGTCGGTTCGG-1,NK,CD8 T,T cells
GACCTGGTCTTCATGT-1,Mono,Mono,Mono
GACGCGTAGCGATGAC-1,T cells,CL 1,CL 1
GACGCGTAGTTAACGA-1,NK,NK,NK
GACGCGTCAAGGTGTG-1,Mono,Mono,Mono
GACGCGTCAATCCGAT-1,Mono,Mono,Mono
GACGCGTCACAACTGT-1,B cells,B cells,B cells
GACGCGTCACGCATCG-1,T cells,CD8 T,T cells
GACGCGTCAGGGTACA-1,Mono,DC,DC
GACGCGTGTAGAGTGC-1,T cells,CL 1,CL 1
GACGCGTGTAGCGATG-1,B cells,B cells,B cells
GACGCGTGTGAGTGAC-1,Mono,Mono,Mono
GACGCGTGTGCACTTA-1,T cells,CD8 T,T cells
GACGCGTGTTGAGTTC-1,T cells,CD8 T,T cells
GACGCGTTCATGTAGC-1,B cells,CD8 T,T cells
GACGCGTTCCAAAGTC-1,Mono,Mono,Mono
GACGCGTTCGTTTAGG-1,T cells,CD8 T,T cells
GACGCGTTCTTGTACT-1,T cells,CL 1,CL 1
GACGGCTAGAGATGAG-1,T cells,CD8 T,T cells
GACGGCTAGCCTATGT-1,T cells,CD8 T,T cells
GACGGCTAGTCACGCC-1,T cells,CL 1,CL 1
GACGGCTCACAACGCC-1,T cells,CD8 T,T cells
GACGGCTCATCACGAT-1,T cells,CD8 T,T cells
GACGGCTCATCACGTA-1,Mono,Mono,Mono
GACGGCTCATCTCCCA-1,Mono,Mono,Mono
GACGGCTCATGTCTCC-1,Mono,Mono,Mono
GACGGCTCATTAGCCA-1,T cells,CD8 T,T cells
GACGGCTCATTGGTAC-1,B cells,B cells,B cells
GACGGCTGTCTACCTC-1,T cells,CL 1,CL 1
GACGGCTGTGCGGTAA-1,Mono,Mono,Mono
GACGGCTGTGGACGAT-1,B cells,B cells,B cells
GACGGCTGTTCGTTGA-1,Mono,Mono,Mono
GACGGCTGTTGAGTTC-1,T cells,CL 1,CL 1
GACGGCTTCAGCTCGG-1,T cells,CD8 T,T cells
GACGGCTTCAGGTTCA-1,T cells,CD8 T,T cells
GACGGCTTCCATTCTA-1,T cells,CL 1,CL 1
GACGTGCAGCGCCTTG-1,T cells,CD8 T,T cells
GACGTGCAGCGTTCCG-1,T cells,CL 1,CL 1
GACGTGCAGGATATAC-1,Mono,Mono,Mono
GACGTGCAGTGGGTTG-1,T cells,CL 1,CL 1
GACGTGCCAAATCCGT-1,Mono,Mono,Mono
GACGTGCCAGGATTGG-1,B cells,B cells,B cells
GACGTGCCATCGATTG-1,NK,NK,NK
GACGTGCGTACCAGTT-1,NK,NK,NK
GACGTGCGTCGAACAG-1,Mono,Mono,Mono
GACGTGCGTGCGGTAA-1,T cells,CD8 T,T cells
GACGTGCGTTACCGAT-1,T cells,CD8 T,T cells
GACGTGCGTTCTGTTT-1,Mono,Mono,Mono
GACGTGCTCAGAGACG-1,B cells,CD8 T,T cells
GACGTGCTCGTACCGG-1,T cells,CL 1,CL 1
GACGTGCTCGTTTGCC-1,Mono,Mono,Mono
GACGTTAAGAATCTCC-1,Mono,Mono,Mono
GACGTTAAGACACTAA-1,T cells,CD8 T,T cells
GACGTTAAGCGCTTAT-1,NK,CD8 T,T cells
GACGTTAAGGTGATAT-1,Mono,Mono,Mono
GACGTTAAGTCATGCT-1,B cells,B cells,B cells
GACGTTACATGCGCAC-1,Mono,Mono,Mono
GACGTTAGTACCGGCT-1,B cells,B cells,B cells
GACGTTAGTCACACGC-1,T cells,CL 1,CL 1
GACGTTAGTCCTGCTT-1,B cells,B cells,B cells
GACGTTAGTCGTGGCT-1,T cells,CL 1,CL 1
GACGTTAGTCTTCAAG-1,Mono,Mono,Mono
GACGTTAGTTGCCTCT-1,T cells,CL 1,CL 1
GACGTTATCACTCTTA-1,T cells,CL 1,CL 1
GACGTTATCTTCATGT-1,Platelet,Mono,Mono
GACTAACAGGCCGAAT-1,B cells,CD8 T,T cells
GACTAACAGGGCATGT-1,Mono,Mono,Mono
GACTAACCAATCTGCA-1,B cells,B cells,B cells
GACTAACCACCAGGCT-1,NK,CD8 T,T cells
GACTAACCAGTCCTTC-1,NK,NK,NK
GACTAACCAGTGACAG-1,T cells,CL 1,CL 1
GACTAACCATGGTCTA-1,T cells,CL 1,CL 1
GACTAACGTCCCGACA-1,T cells,CD8 T,T cells
GACTAACGTCGGCATC-1,NK,NK,NK
GACTAACGTCTAAAGA-1,B cells,B cells,B cells
GACTAACGTCTAACGT-1,Mono,Mono,Mono
GACTAACGTCTGCAAT-1,T cells,CL 1,CL 1
GACTAACGTTCCACGG-1,NK,NK,NK
GACTAACGTTGTGGCC-1,T cells,CL 1,CL 1
GACTAACTCCTGTACC-1,T cells,CL 1,CL 1
GACTAACTCTAACGGT-1,B cells,B cells,B cells
GACTAACTCTGCGTAA-1,Mono,Mono,Mono
GACTACAAGATGGGTC-1,T cells,CD8 T,T cells
GACTACAAGATGTGTA-1,T cells,CL 1,CL 1
GACTACAAGGCTAGAC-1,Mono,Mono,Mono
GACTACAAGTACGCGA-1,T cells,CD8 T,T cells
GACTACACAAGCGCTC-1,T cells,CD8 T,T cells
GACTACACAATGGTCT-1,T cells,CD8 T,T cells
GACTACACACCATCCT-1,Mono,Mono,Mono
GACTACACAGCCAGAA-1,Mono,Mono,Mono
GACTACAGTCTCTTAT-1,NK,NK,NK
GACTACAGTGTGCGTC-1,Mono,Mono,Mono
GACTACATCGAATGGG-1,T cells,CD8 T,T cells
GACTACATCGCGATCG-1,Mono,DC,DC
GACTACATCTCTAGGA-1,NK,NK,NK
GACTGCGAGACTAAGT-1,B cells,B cells,B cells
GACTGCGAGATCCCGC-1,T cells,CL 1,CL 1
GACTGCGAGCGTTCCG-1,Mono,Mono,Mono
GACTGCGAGCTAACTC-1,B cells,B cells,B cells
GACTGCGAGGTAAACT-1,NK,NK,NK
GACTGCGAGTTGCAGG-1,B cells,B cells,B cells
GACTGCGCAAGTCTAC-1,T cells,CD8 T,T cells
GACTGCGCAAGTTCTG-1,B cells,CD8 T,T cells
GACTGCGCAATGGAGC-1,B cells,B cells,B cells
GACTGCGCATAGTAAG-1,Mono,Mono,Mono
GACTGCGCATTGAGCT-1,Mono,Mono,Mono
GACTGCGGTCCGACGT-1,Mono,DC,DC
GACTGCGGTCGCCATG-1,Mono,Mono,Mono
GACTGCGGTTCCCTTG-1,T cells,CL 1,CL 1
GACTGCGGTTTAAGCC-1,T cells,CD8 T,T cells
GACTGCGTCACGCGGT-1,T cells,CL 1,CL 1
GACTGCGTCAGGCAAG-1,T cells,CD8 T,T cells
GACTGCGTCATCACCC-1,Mono,Mono,Mono
GACTGCGTCTTCTGGC-1,T cells,CD8 T,T cells
GAGCAGAAGAAACGCC-1,T cells,CD8 T,T cells
GAGCAGAAGAGCCCAA-1,B cells,B cells,B cells
GAGCAGAAGAGCTGCA-1,NK,NK,NK
GAGCAGAAGAGTAATC-1,Mono,Mono,Mono
GAGCAGAAGCAAATCA-1,Mono,Mono,Mono
GAGCAGAAGCAGCCTC-1,NK,CD8 T,T cells
GAGCAGAAGCCACCTG-1,T cells,CL 1,CL 1
GAGCAGAAGTCGTTTG-1,T cells,CD8 T,T cells
GAGCAGAAGTTTAGGA-1,NK,CD8 T,T cells
GAGCAGACACACCGCA-1,T cells,CD8 T,T cells
GAGCAGACAGACTCGC-1,T cells,CL 1,CL 1
GAGCAGACATAAAGGT-1,T cells,CL 1,CL 1
GAGCAGACATTCCTCG-1,T cells,CD8 T,T cells
GAGCAGAGTACAGACG-1,Mono,Mono,Mono
GAGCAGAGTAGAGTGC-1,Mono,Mono,Mono
GAGCAGAGTATAATGG-1,B cells,B cells,B cells
GAGCAGAGTCCGAAGA-1,B cells,B cells,B cells
GAGCAGAGTCTGATTG-1,T cells,CL 1,CL 1
GAGCAGAGTTGATTCG-1,T cells,CD8 T,T cells
GAGCAGATCAAGGCTT-1,T cells,CD8 T,T cells
GAGGTGAAGATACACA-1,T cells,CD8 T,T cells
GAGGTGAAGATCACGG-1,T cells,CD8 T,T cells
GAGGTGAAGGACAGCT-1,Mono,Mono,Mono
GAGGTGAAGTACGTAA-1,Mono,Mono,Mono
GAGGTGACAAGCCGTC-1,T cells,CL 1,CL 1
GAGGTGACAAGGACTG-1,B cells,B cells,B cells
GAGGTGACAAGTCTGT-1,NK,CD8 T,T cells
GAGGTGACACAGACTT-1,T cells,CD8 T,T cells
GAGGTGACAGTAAGAT-1,T cells,CL 1,CL 1
GAGGTGACAGTGAGTG-1,Mono,Mono,Mono
GAGGTGACAGTGGGAT-1,Platelet,Mono,Mono
GAGGTGACAGTTTACG-1,Mono,Mono,Mono
GAGGTGAGTACCGAGA-1,B cells,B cells,B cells
GAGGTGAGTATCACCA-1,T cells,CD8 T,T cells
GAGGTGAGTCAACTGT-1,T cells,CL 1,CL 1
GAGGTGAGTCATGCAT-1,T cells,CL 1,CL 1
GAGGTGAGTGGCAAAC-1,T cells,CD8 T,T cells
GAGGTGAGTTCAGGCC-1,Mono,DC,DC
GAGGTGATCAGCACAT-1,T cells,CD8 T,T cells
GAGGTGATCCTGTAGA-1,B cells,B cells,B cells
GAGGTGATCGCATGGC-1,T cells,CD8 T,T cells
GAGGTGATCTAACTGG-1,T cells,CD8 T,T cells
GAGGTGATCTGCCCTA-1,NK,NK,NK
GAGTCCGAGAGCAATT-1,T cells,CD8 T,T cells
GAGTCCGAGAGCCCAA-1,Mono,Mono,Mono
GAGTCCGAGCGCTTAT-1,T cells,CD8 T,T cells
GAGTCCGAGGAGTTGC-1,T cells,CD8 T,T cells
GAGTCCGAGTGCAAGC-1,Mono,Mono,Mono
GAGTCCGCAACTTGAC-1,T cells,CL 1,CL 1
GAGTCCGCACACATGT-1,NK,CD8 T,T cells
GAGTCCGCAGCAGTTT-1,T cells,CD8 T,T cells
GAGTCCGCAGCATACT-1,T cells,CD8 T,T cells
GAGTCCGCAGCCACCA-1,NK,CD8 T,T cells
GAGTCCGCATAAAGGT-1,T cells,CD8 T,T cells
GAGTCCGCATGAGCGA-1,T cells,CD8 T,T cells
GAGTCCGCATTAGCCA-1,B cells,B cells,B cells
GAGTCCGCATTCGACA-1,Mono,Mono,Mono
GAGTCCGGTAACGCGA-1,T cells,CL 1,CL 1
GAGTCCGGTATATCCG-1,Mono,Mono,Mono
GAGTCCGGTATCACCA-1,NK,NK,NK
GAGTCCGGTCCGCTGA-1,T cells,CL 1,CL 1
GAGTCCGGTCTGCCAG-1,NK,CD8 T,T cells
GAGTCCGGTTTGTGTG-1,T cells,CD8 T,T cells
GAGTCCGTCACTGGGC-1,Mono,Mono,Mono
GAGTCCGTCATGCATG-1,B cells,B cells,B cells
GAGTCCGTCCGATATG-1,Mono,Mono,Mono
GAGTCCGTCGTCGTTC-1,NK,CD8 T,T cells
GATCAGTAGCAGGTCA-1,NK,NK,NK
GATCAGTAGCCCGAAA-1,T cells,CL 1,CL 1
GATCAGTCAAGGTTTC-1,B cells,B cells,B cells
GATCAGTCACCACCAG-1,Mono,DC,DC
GATCAGTCAGCCACCA-1,T cells,CL 1,CL 1
GATCAGTCAGCGATCC-1,T cells,CD8 T,T cells
GATCAGTCAGGCTCAC-1,T cells,CD8 T,T cells
GATCAGTCAGTAGAGC-1,T cells,CD8 T,T cells
GATCAGTCAGTCCTTC-1,Mono,Mono,Mono
GATCAGTCATGCCTTC-1,T cells,CD8 T,T cells
GATCAGTCATTCTCAT-1,B cells,B cells,B cells
GATCAGTGTACCTACA-1,NK,CD8 T,T cells
GATCAGTGTCCAGTAT-1,T cells,CL 1,CL 1
GATCAGTGTCCAGTTA-1,T cells,CD8 T,T cells
GATCAGTGTGTAATGA-1,T cells,CD8 T,T cells
GATCAGTTCCGGCACA-1,Mono,Mono,Mono
GATCAGTTCCTAAGTG-1,T cells,CL 1,CL 1
GATCAGTTCGCTTAGA-1,T cells,CL 1,CL 1
GATCGATAGAAACGCC-1,T cells,CL 1,CL 1
GATCGATAGAGTGACC-1,NK,CD8 T,T cells
GATCGATAGATCACGG-1,T cells,CL 1,CL 1
GATCGATAGCCACGCT-1,T cells,CL 1,CL 1
GATCGATAGCTAACAA-1,T cells,CL 1,CL 1
GATCGATAGTGGGATC-1,Mono,Mono,Mono
GATCGATCAACTGGCC-1,B cells,B cells,B cells
GATCGATCACAACGCC-1,Mono,DC,DC
GATCGATCACAGAGGT-1,B cells,B cells,B cells
GATCGATCACTTACGA-1,Mono,Mono,Mono
GATCGATCATTACGAC-1,NK,CD8 T,T cells
GATCGATGTCTGCCAG-1,Mono,Mono,Mono
GATCGATGTCTTTCAT-1,NK,CD8 T,T cells
GATCGATGTGCACGAA-1,Mono,Mono,Mono
GATCGATGTTCCACTC-1,Mono,Mono,Mono
GATCGATTCACCGTAA-1,T cells,CL 1,CL 1
GATCGATTCCAGTATG-1,T cells,CL 1,CL 1
GATCGATTCTGTGCAA-1,Mono,Mono,Mono
GATCGCGAGACCGGAT-1,B cells,B cells,B cells
GATCGCGAGCGGCTTC-1,Mono,Mono,Mono
GATCGCGAGGTAAACT-1,B cells,B cells,B cells
GATCGCGAGTCTTGCA-1,Mono,Mono,Mono
GATCGCGAGTTTAGGA-1,T cells,CL 1,CL 1
GATCGCGCAAGCTGGA-1,NK,NK,NK
GATCGCGCACTTGGAT-1,Mono,Mono,Mono
GATCGCGCAGTATCTG-1,T cells,CD8 T,T cells
GATCGCGCATTACGAC-1,T cells,CD8 T,T cells
GATCGCGGTAGGGACT-1,NK,NK,NK
GATCGCGGTCGAAAGC-1,B cells,CD8 T,T cells
GATCGCGGTGAAAGAG-1,B cells,B cells,B cells
GATCGCGTCCGGGTGT-1,B cells,B cells,B cells
GATCGCGTCCTGCTTG-1,Mono,DC,DC
GATCGTAAGGCCCTTG-1,Mono,Mono,Mono
GATCGTAAGGTAAACT-1,T cells,CL 1,CL 1
GATCGTACAAAGGTGC-1,T cells,CL 1,CL 1
GATCGTACAAGCTGAG-1,NK,NK,NK
GATCGTACACATCCAA-1,T cells,CL 1,CL 1
GATCGTACACCGAAAG-1,B cells,B cells,B cells
GATCGTACAGAGCCAA-1,Mono,Mono,Mono
GATCGTAGTCACAAGG-1,T cells,CD8 T,T cells
GATCGTAGTCTAACGT-1,B cells,B cells,B cells
GATCGTATCAATAAGG-1,Mono,Mono,Mono
GATCTAGAGAATGTGT-1,T cells,CL 1,CL 1
GATCTAGAGCAAATCA-1,B cells,B cells,B cells
GATCTAGAGCCCAACC-1,Mono,Mono,Mono
GATCTAGAGCTACCTA-1,T cells,CD8 T,T cells
GATCTAGAGTGATCGG-1,Mono,Mono,Mono
GATCTAGCAAGCCGCT-1,B cells,B cells,B cells
GATCTAGCAAGGTGTG-1,Mono,Mono,Mono
GATCTAGCACCGCTAG-1,T cells,CD8 T,T cells
GATCTAGCATACGCCG-1,Mono,Mono,Mono
GATCTAGCATCCGTGG-1,T cells,CL 1,CL 1
GATCTAGCATTGGCGC-1,B cells,B cells,B cells
GATCTAGGTAAGTTCC-1,B cells,B cells,B cells
GATCTAGGTGCAACTT-1,T cells,CL 1,CL 1
GATCTAGGTGTAACGG-1,Mono,Mono,Mono
GATCTAGTCAGCATGT-1,Mono,Mono,Mono
GATCTAGTCAGTCCCT-1,T cells,CD8 T,T cells
GATCTAGTCCTTGACC-1,NK,CD8 T,T cells
GATCTAGTCTATCGCC-1,Mono,Mono,Mono
GATGAAAAGACAATAC-1,T cells,CD8 T,T cells
GATGAAAAGATAGGAG-1,B cells,CD8 T,T cells
GATGAAAAGGAATCGC-1,T cells,CD8 T,T cells
GATGAAACACCCAGTG-1,Mono,Mono,Mono
GATGAAACAGACGCTC-1,NK,NK,NK
GATGAAACAGATGGCA-1,Mono,Mono,Mono
GATGAAAGTAATCGTC-1,Mono,Mono,Mono
GATGAAAGTGGAAAGA-1,Mono,Mono,Mono
GATGAAAGTGTCTGAT-1,Mono,Mono,Mono
GATGAAAGTTGACGTT-1,B cells,CD8 T,T cells
GATGAAATCCCTTGTG-1,Mono,Mono,Mono
GATGAGGAGACAAGCC-1,NK,CD8 T,T cells
GATGAGGAGACAGACC-1,T cells,CD8 T,T cells
GATGAGGAGCAATCTC-1,T cells,CD8 T,T cells
GATGAGGAGCAGCGTA-1,Mono,Mono,Mono
GATGAGGAGCTTCGCG-1,T cells,CD8 T,T cells
GATGAGGAGTACGTAA-1,Mono,DC,DC
GATGAGGAGTCCGGTC-1,Mono,Mono,Mono
GATGAGGAGTTGTAGA-1,Mono,Mono,Mono
GATGAGGCAATAGCGG-1,Mono,Mono,Mono
GATGAGGGTAGCGCTC-1,Mono,Mono,Mono
GATGAGGGTCCGTTAA-1,Mono,Mono,Mono
GATGAGGGTTAAGAAC-1,T cells,CL 1,CL 1
GATGAGGTCCACGCAG-1,Mono,Mono,Mono
GATGAGGTCCGCAAGC-1,T cells,CD8 T,T cells
GATGAGGTCGCACTCT-1,NK,NK,NK
GATGAGGTCTCTGAGA-1,B cells,CD8 T,T cells
GATGCTAAGAAGGACA-1,Mono,DC,DC
GATGCTAAGGCTATCT-1,B cells,B cells,B cells
GATGCTAAGTCGCCGT-1,B cells,B cells,B cells
GATGCTAAGTGGGCTA-1,T cells,CD8 T,T cells
GATGCTACAACCGCCA-1,B cells,B cells,B cells
GATGCTACAGAGCCAA-1,T cells,CD8 T,T cells
GATGCTACATTGGTAC-1,T cells,CD8 T,T cells
GATGCTAGTCGCATCG-1,T cells,CD8 T,T cells
GATGCTAGTCTTCAAG-1,Mono,Mono,Mono
GATGCTAGTGTGACGA-1,NK,CD8 T,T cells
GATGCTAGTTCAGGCC-1,T cells,CL 1,CL 1
GATGCTAGTTGCTCCT-1,T cells,CD8 T,T cells
GATGCTATCAACACTG-1,T cells,CD8 T,T cells
GATGCTATCATACGGT-1,T cells,CD8 T,T cells
GATGCTATCCTCCTAG-1,T cells,CD8 T,T cells
GATGCTATCCTTTCTC-1,T cells,CL 1,CL 1
GATGCTATCGAGAACG-1,T cells,CD8 T,T cells
GATGCTATCGGAAACG-1,Mono,Mono,Mono
GATTCAGAGCACCGCT-1,Mono,Mono,Mono
GATTCAGAGTTGCAGG-1,T cells,CD8 T,T cells
GATTCAGCAAGCCGTC-1,Mono,Mono,Mono
GATTCAGCAATGGTCT-1,T cells,CL 1,CL 1
GATTCAGCACAGGCCT-1,B cells,B cells,B cells
GATTCAGCAGTAAGAT-1,Mono,Mono,Mono
GATTCAGCATGCCTAA-1,Mono,Mono,Mono
GATTCAGCATTCCTCG-1,T cells,CL 1,CL 1
GATTCAGGTAGCTCCG-1,T cells,CL 1,CL 1
GATTCAGGTATAGGGC-1,T cells,CD8 T,T cells
GATTCAGGTCTCACCT-1,B cells,B cells,B cells
GATTCAGGTCTTCTCG-1,B cells,B cells,B cells
GATTCAGGTGACTACT-1,T cells,CD8 T,T cells
GATTCAGTCAGTGCAT-1,B cells,B cells,B cells
GATTCAGTCCCAAGTA-1,B cells,DC,DC
GATTCAGTCGATCCCT-1,B cells,CD8 T,T cells
GATTCAGTCTGTCCGT-1,B cells,CL 1,CL 1
GATTCAGTCTGTTGAG-1,T cells,CD8 T,T cells
GCAAACTAGAAAGTGG-1,NK,CD8 T,T cells
GCAAACTAGCCACCTG-1,T cells,CD8 T,T cells
GCAAACTAGCCCAGCT-1,Mono,Mono,Mono
GCAAACTCAAAGGTGC-1,T cells,CL 1,CL 1
GCAAACTCAAGAGGCT-1,T cells,CD8 T,T cells
GCAAACTCAAGGCTCC-1,NK,CD8 T,T cells
GCAAACTCAATCTACG-1,T cells,CL 1,CL 1
GCAAACTCAATGGAAT-1,T cells,CL 1,CL 1
GCAAACTCACATGTGT-1,B cells,B cells,B cells
GCAAACTCACGGACAA-1,Mono,Mono,Mono
GCAAACTCAGGTCCAC-1,Mono,Mono,Mono
GCAAACTGTAAAGTCA-1,B cells,B cells,B cells
GCAAACTGTAAGGGCT-1,T cells,CL 1,CL 1
GCAAACTGTAGCTGCC-1,T cells,CD8 T,T cells
GCAAACTGTCACTGGC-1,T cells,CL 1,CL 1
GCAAACTGTCCTCCAT-1,T cells,CL 1,CL 1
GCAAACTGTCGAAAGC-1,Mono,Mono,Mono
GCAAACTGTGCATCTA-1,T cells,CL 1,CL 1
GCAAACTGTTCCACAA-1,NK,NK,NK
GCAAACTTCGATGAGG-1,B cells,B cells,B cells
GCAAACTTCTAGAGTC-1,T cells,CD8 T,T cells
GCAATCAAGATCCCAT-1,T cells,CD8 T,T cells
GCAATCAAGGCCATAG-1,B cells,B cells,B cells
GCAATCACAATCTGCA-1,T cells,CL 1,CL 1
GCAATCACAATGTTGC-1,T cells,CD8 T,T cells
GCAATCACACCACCAG-1,Mono,Mono,Mono
GCAATCACATGGATGG-1,T cells,CD8 T,T cells
GCAATCAGTACCGTTA-1,Mono,Mono,Mono
GCAATCAGTATTACCG-1,B cells,B cells,B cells
GCAATCAGTCACTGGC-1,B cells,B cells,B cells
GCAATCAGTCTAACGT-1,B cells,B cells,B cells
GCAATCAGTTCTGGTA-1,NK,CD8 T,T cells
GCAATCATCAGAGACG-1,T cells,CL 1,CL 1
GCAATCATCCAGTATG-1,Mono,Mono,Mono
GCAATCATCCGCGCAA-1,B cells,B cells,B cells
GCAATCATCCTTTACA-1,T cells,CD8 T,T cells
GCAATCATCGTAGATC-1,B cells,B cells,B cells
GCAATCATCGTCACGG-1,T cells,CD8 T,T cells
GCAATCATCTTGGGTA-1,Mono,Mono,Mono
GCACATAAGCGATCCC-1,Mono,Mono,Mono
GCACATACATCCCATC-1,T cells,CD8 T,T cells
GCACATACATTAACCG-1,Mono,Mono,Mono
GCACATACATTACGAC-1,T cells,CL 1,CL 1
GCACATAGTACTTAGC-1,T cells,CL 1,CL 1
GCACATAGTCATGCAT-1,Mono,Mono,Mono
GCACATAGTTTGTTTC-1,T cells,CD8 T,T cells
GCACATATCAACCATG-1,T cells,CD8 T,T cells
GCACATATCAACGGCC-1,NK,CD8 T,T cells
GCACATATCCAGGGCT-1,T cells,CD8 T,T cells
GCACATATCGTTTGCC-1,T cells,CD8 T,T cells
GCACATATCTTACCTA-1,T cells,CD8 T,T cells
GCACTCTAGCTAAGAT-1,T cells,CD8 T,T cells
GCACTCTAGGACAGCT-1,T cells,CL 1,CL 1
GCACTCTCAAAGGCGT-1,B cells,CD8 T,T cells
GCACTCTCACACCGAC-1,T cells,CL 1,CL 1
GCACTCTCATATGAGA-1,Mono,Mono,Mono
GCACTCTCATCACGTA-1,T cells,CD8 T,T cells
GCACTCTGTACTTGAC-1,Mono,Mono,Mono
GCACTCTGTATTCTCT-1,T cells,CL 1,CL 1
GCACTCTGTCAAAGAT-1,T cells,CL 1,CL 1
GCACTCTGTCCAAGTT-1,Mono,Mono,Mono
GCACTCTGTCGTCTTC-1,B cells,CD8 T,T cells
GCACTCTGTTCAGGCC-1,B cells,CD8 T,T cells
GCACTCTGTTGAACTC-1,T cells,CL 1,CL 1
GCACTCTGTTGAGGTG-1,Mono,CD8 T,T cells
GCACTCTTCCTGCTTG-1,B cells,B cells,B cells
GCACTCTTCGGAAACG-1,NK,CD8 T,T cells
GCACTCTTCTGTCCGT-1,T cells,CL 1,CL 1
GCACTCTTCTTAGCCC-1,Mono,Mono,Mono
GCAGCCAAGAAGCCCA-1,T cells,CD8 T,T cells
GCAGCCAAGATATACG-1,T cells,CD8 T,T cells
GCAGCCAAGATCTGCT-1,T cells,CD8 T,T cells
GCAGCCAAGTCCGTAT-1,Mono,DC,DC
GCAGCCAAGTTAAGTG-1,Mono,Mono,Mono
GCAGCCAAGTTACCCA-1,B cells,CL 1,CL 1
GCAGCCACAAAGAATC-1,B cells,B cells,B cells
GCAGCCACAACACGCC-1,Mono,Mono,Mono
GCAGCCACAAGCCGCT-1,T cells,CL 1,CL 1
GCAGCCACAAGGACAC-1,NK,CD8 T,T cells
GCAGCCACATCCGCGA-1,T cells,CD8 T,T cells
GCAGCCACATTAGGCT-1,NK,CD8 T,T cells
GCAGCCAGTAAATACG-1,T cells,CL 1,CL 1
GCAGCCAGTAGTGAAT-1,T cells,CL 1,CL 1
GCAGCCAGTCTCCCTA-1,T cells,CD8 T,T cells
GCAGCCAGTGCATCTA-1,Mono,Mono,Mono
GCAGCCAGTGTTAAGA-1,T cells,CD8 T,T cells
GCAGCCAGTTGAACTC-1,Mono,Mono,Mono
GCAGCCATCATAAAGG-1,Mono,Mono,Mono
GCAGCCATCCAATGGT-1,Mono,Mono,Mono
GCAGCCATCGCGCCAA-1,NK,NK,NK
GCAGTTAAGAGACTAT-1,Mono,Mono,Mono
GCAGTTAAGAGAGCTC-1,T cells,CD8 T,T cells
GCAGTTAAGCAACGGT-1,T cells,CL 1,CL 1
GCAGTTAAGGAATTAC-1,Mono,Mono,Mono
GCAGTTAAGTGTCCAT-1,T cells,CD8 T,T cells
GCAGTTACAAGAGTCG-1,B cells,B cells,B cells
GCAGTTAGTAGGGTAC-1,T cells,CL 1,CL 1
GCAGTTAGTATTACCG-1,Mono,Mono,Mono
GCAGTTAGTTCCATGA-1,Mono,DC,DC
GCAGTTATCAACCATG-1,B cells,B cells,B cells
GCAGTTATCACAGGCC-1,T cells,CD8 T,T cells
GCAGTTATCAGCACAT-1,T cells,CD8 T,T cells
GCAGTTATCATGTCCC-1,T cells,CL 1,CL 1
GCAGTTATCCCGACTT-1,Mono,Mono,Mono
GCAGTTATCCGCATCT-1,T cells,CL 1,CL 1
GCAGTTATCGAACGGA-1,T cells,CD8 T,T cells
GCAGTTATCTAACGGT-1,Mono,Mono,Mono
GCATACAAGAGGGCTT-1,T cells,CD8 T,T cells
GCATACAAGAGTGAGA-1,T cells,CD8 T,T cells
GCATACAAGCGATGAC-1,Mono,Mono,Mono
GCATACAAGTGAACGC-1,Mono,Mono,Mono
GCATACAAGTTACCCA-1,T cells,CD8 T,T cells
GCATACAAGTTGAGAT-1,T cells,CD8 T,T cells
GCATACACAAGAGGCT-1,B cells,CD8 T,T cells
GCATACACAAGCCATT-1,T cells,CD8 T,T cells
GCATACACAAGCGATG-1,T cells,CD8 T,T cells
GCATACACAATGGATA-1,Mono,Mono,Mono
GCATACACACGCATCG-1,Mono,Mono,Mono
GCATACACACTACAGT-1,T cells,CD8 T,T cells
GCATACACAGATGAGC-1,NK,CD8 T,T cells
GCATACACATATACCG-1,NK,CD8 T,T cells
GCATACACATTATCTC-1,Mono,Mono,Mono
GCATACAGTCTAAAGA-1,B cells,CD8 T,T cells
GCATACATCCGGCACA-1,B cells,B cells,B cells
GCATACATCGCAAGCC-1,T cells,CD8 T,T cells
GCATGATAGACTGGGT-1,Mono,Mono,Mono
GCATGATAGCGATAGC-1,T cells,CD8 T,T cells
GCATGATAGCTAAACA-1,T cells,CD8 T,T cells
GCATGATAGTTGTCGT-1,B cells,B cells,B cells
GCATGATCAAGTTAAG-1,NK,CD8 T,T cells
GCATGATCACTACAGT-1,Mono,Mono,Mono
GCATGATCAGGTCCAC-1,B cells,B cells,B cells
GCATGATCAGTGGGAT-1,B cells,CD8 T,T cells
GCATGATCATCACAAC-1,T cells,CL 1,CL 1
GCATGATGTAAGTGGC-1,T cells,CL 1,CL 1
GCATGATGTCTACCTC-1,NK,CD8 T,T cells
GCATGATTCATCGCTC-1,T cells,CD8 T,T cells
GCATGATTCGAGCCCA-1,B cells,B cells,B cells
GCATGATTCGGCTTGG-1,Mono,Mono,Mono
GCATGATTCTGCGTAA-1,B cells,CD8 T,T cells
GCATGCGAGAGTGACC-1,T cells,CD8 T,T cells
GCATGCGAGCTCAACT-1,T cells,CD8 T,T cells
GCATGCGAGGATGCGT-1,B cells,B cells,B cells
GCATGCGAGGGTCTCC-1,Mono,Mono,Mono
GCATGCGCAAGCGATG-1,NK,NK,NK
GCATGCGCACCATCCT-1,B cells,CD8 T,T cells
GCATGCGCATCAGTCA-1,Mono,Mono,Mono
GCATGCGCATGTCTCC-1,B cells,B cells,B cells
GCATGCGGTACCATCA-1,T cells,CD8 T,T cells
GCATGCGGTGTGTGCC-1,T cells,CD8 T,T cells
GCATGCGGTTAGTGGG-1,NK,CD8 T,T cells
GCATGCGGTTATGCGT-1,B cells,B cells,B cells
GCATGCGTCAAAGACA-1,T cells,CL 1,CL 1
GCATGCGTCAATACCG-1,NK,CD8 T,T cells
GCATGCGTCCACGTGG-1,B cells,B cells,B cells
GCATGCGTCCCATTTA-1,Mono,Mono,Mono
GCATGCGTCTTAACCT-1,B cells,B cells,B cells
GCATGCGTCTTCGAGA-1,Mono,Mono,Mono
GCATGCGTCTTTACGT-1,B cells,B cells,B cells
GCATGTAAGAGCTGGT-1,Mono,Mono,Mono
GCATGTAAGATTACCC-1,T cells,CD8 T,T cells
GCATGTAAGGCTAGAC-1,T cells,CL 1,CL 1
GCATGTACACCCTATC-1,NK,CD8 T,T cells
GCATGTACAGATCCAT-1,NK,NK,NK
GCATGTACAGGCTGAA-1,NK,NK,NK
GCATGTACATGCCTTC-1,T cells,CL 1,CL 1
GCATGTAGTTAAGATG-1,Mono,Mono,Mono
GCATGTATCACCGGGT-1,T cells,CD8 T,T cells
GCATGTATCAGTCCCT-1,Mono,Mono,Mono
GCATGTATCATAACCG-1,Mono,Mono,Mono
GCATGTATCCACTGGG-1,T cells,CD8 T,T cells
GCATGTATCCGTTGCT-1,T cells,CL 1,CL 1
GCATGTATCTCGATGA-1,Mono,Mono,Mono
GCCAAATAGATAGTCA-1,T cells,CD8 T,T cells
GCCAAATAGTCAAGCG-1,NK,CD8 T,T cells
GCCAAATCAAGTTAAG-1,B cells,B cells,B cells
GCCAAATCAATCGAAA-1,T cells,CD8 T,T cells
GCCAAATCACGAAGCA-1,T cells,CD8 T,T cells
GCCAAATCATATACCG-1,NK,NK,NK
GCCAAATCATGCCTTC-1,T cells,CD8 T,T cells
GCCAAATGTACAGTGG-1,Mono,Mono,Mono
GCCAAATGTACTCTCC-1,NK,CD8 T,T cells
GCCAAATGTTACGGAG-1,NK,CD8 T,T cells
GCCTCTAAGAAGAAGC-1,Mono,Mono,Mono
GCCTCTAAGAATTCCC-1,T cells,CL 1,CL 1
GCCTCTAAGACACGAC-1,T cells,CD8 T,T cells
GCCTCTAAGCCTATGT-1,T cells,CD8 T,T cells
GCCTCTAAGCGTGAAC-1,Mono,Mono,Mono
GCCTCTAAGCTAGTTC-1,B cells,B cells,B cells
GCCTCTAAGTGGGATC-1,B cells,B cells,B cells
GCCTCTACAACGATGG-1,T cells,CD8 T,T cells
GCCTCTACAATGCCAT-1,T cells,CD8 T,T cells
GCCTCTACAATGGACG-1,NK,CD8 T,T cells
GCCTCTACATCTCCCA-1,B cells,B cells,B cells
GCCTCTACATGCTAGT-1,B cells,CD8 T,T cells
GCCTCTAGTCAATGTC-1,Mono,Mono,Mono
GCCTCTAGTCATACTG-1,T cells,CD8 T,T cells
GCCTCTAGTGCATCTA-1,NK,NK,NK
GCCTCTAGTGGTAACG-1,T cells,CD8 T,T cells
GCCTCTAGTTCTGTTT-1,T cells,CD8 T,T cells
GCCTCTATCAACACAC-1,T cells,CD8 T,T cells
GCCTCTATCATGTCCC-1,T cells,CD8 T,T cells
GCCTCTATCCATTCTA-1,T cells,CL 1,CL 1
GCCTCTATCCCTGACT-1,B cells,B cells,B cells
GCCTCTATCGGTTAAC-1,NK,NK,NK
GCGACCAAGCCAGTAG-1,Mono,Mono,Mono
GCGACCAAGCTCCCAG-1,T cells,CL 1,CL 1
GCGACCACACCCATTC-1,Mono,Mono,Mono
GCGACCACAGGCAGTA-1,B cells,CD8 T,T cells
GCGACCACATCGGTTA-1,T cells,CD8 T,T cells
GCGACCAGTAGCCTAT-1,T cells,CD8 T,T cells
GCGACCAGTAGCCTCG-1,Mono,Mono,Mono
GCGACCAGTAGGCTGA-1,T cells,CD8 T,T cells
GCGACCAGTCCGAACC-1,B cells,B cells,B cells
GCGACCAGTGCCTGCA-1,T cells,CD8 T,T cells
GCGACCAGTGCGATAG-1,T cells,CD8 T,T cells
GCGACCAGTTCAGTAC-1,T cells,CL 1,CL 1
GCGACCATCACCCGAG-1,T cells,CL 1,CL 1
GCGACCATCCGAGCCA-1,T cells,CL 1,CL 1
GCGAGAAAGACTAAGT-1,NK,CD8 T,T cells
GCGAGAAAGCCACGCT-1,T cells,CD8 T,T cells
GCGAGAAAGCCTTGAT-1,T cells,CD8 T,T cells
GCGAGAAAGTTAGCGG-1,T cells,CL 1,CL 1
GCGAGAACAAACGTGG-1,T cells,CL 1,CL 1
GCGAGAACAATAGAGT-1,T cells,CD8 T,T cells
GCGAGAACACCTCGGA-1,B cells,B cells,B cells
GCGAGAACAGGGTATG-1,Mono,Mono,Mono
GCGAGAACATAGAAAC-1,Mono,Mono,Mono
GCGAGAACATGTAAGA-1,Mono,Mono,Mono
GCGAGAAGTAAACGCG-1,T cells,CD8 T,T cells
GCGAGAAGTACGCACC-1,Mono,Mono,Mono
GCGAGAAGTAGCTAAA-1,T cells,CD8 T,T cells
GCGAGAAGTCCGACGT-1,NK,CD8 T,T cells
GCGAGAATCCTCAATT-1,T cells,CD8 T,T cells
GCGAGAATCGCTTGTC-1,T cells,CD8 T,T cells
GCGAGAATCGTTTATC-1,B cells,B cells,B cells
GCGCAACAGAAGGTGA-1,T cells,CL 1,CL 1
GCGCAACAGACGCAAC-1,T cells,CL 1,CL 1
GCGCAACAGTGAAGAG-1,Mono,Mono,Mono
GCGCAACCAAGGACAC-1,T cells,CL 1,CL 1
GCGCAACCACGTCTCT-1,T cells,CL 1,CL 1
GCGCAACCAGCCTTGG-1,T cells,CL 1,CL 1
GCGCAACCATCCGGGT-1,B cells,B cells,B cells
GCGCAACCATCGACGC-1,T cells,CD8 T,T cells
GCGCAACCATGACGGA-1,NK,CD8 T,T cells
GCGCAACCATTGGTAC-1,T cells,CL 1,CL 1
GCGCAACGTAAACACA-1,T cells,CL 1,CL 1
GCGCAACGTCCAGTAT-1,T cells,CL 1,CL 1
GCGCAACGTCGCGGTT-1,B cells,B cells,B cells
GCGCAACGTCTCTTTA-1,T cells,CD8 T,T cells
GCGCAACGTGCCTGCA-1,Mono,Mono,Mono
GCGCAACTCTGGGCCA-1,T cells,CL 1,CL 1
GCGCAGTAGACCACGA-1,T cells,CD8 T,T cells
GCGCAGTAGACCGGAT-1,NK,CD8 T,T cells
GCGCAGTAGACCTAGG-1,T cells,CD8 T,T cells
GCGCAGTAGGCCGAAT-1,T cells,CL 1,CL 1
GCGCAGTAGTAGGCCA-1,T cells,CD8 T,T cells
GCGCAGTAGTCCGGTC-1,B cells,B cells,B cells
GCGCAGTAGTCGTTTG-1,T cells,CD8 T,T cells
GCGCAGTAGTGATCGG-1,T cells,CD8 T,T cells
GCGCAGTCAATCGGTT-1,B cells,B cells,B cells
GCGCAGTCACTTGGAT-1,B cells,B cells,B cells
GCGCAGTCAGTTCCCT-1,NK,NK,NK
GCGCAGTCATTTGCTT-1,B cells,B cells,B cells
GCGCAGTGTAAGAGAG-1,T cells,CD8 T,T cells
GCGCAGTGTAATCGTC-1,B cells,B cells,B cells
GCGCAGTGTAGAAGGA-1,T cells,CD8 T,T cells
GCGCAGTGTCCATCCT-1,T cells,CL 1,CL 1
GCGCAGTGTCCGTTAA-1,B cells,B cells,B cells
GCGCAGTGTCTCCATC-1,Mono,Mono,Mono
GCGCAGTGTCTGCGGT-1,NK,CD8 T,T cells
GCGCAGTGTGAAAGAG-1,NK,CD8 T,T cells
GCGCAGTGTGCGCTTG-1,Mono,Mono,Mono
GCGCAGTGTTACGTCA-1,B cells,CD8 T,T cells
GCGCAGTTCCATTCTA-1,T cells,CD8 T,T cells
GCGCAGTTCGAGGTAG-1,B cells,B cells,B cells
GCGCAGTTCTCGTTTA-1,NK,CD8 T,T cells
GCGCCAAAGAGGTAGA-1,NK,CD8 T,T cells
GCGCCAAAGCTACCGC-1,Mono,DC,DC
GCGCCAAAGCTGCGAA-1,NK,CD8 T,T cells
GCGCCAAAGCTTTGGT-1,Mono,Mono,Mono
GCGCCAAAGTACGTTC-1,T cells,CL 1,CL 1
GCGCCAAAGTGTCCAT-1,B cells,B cells,B cells
GCGCCAACAACTTGAC-1,B cells,B cells,B cells
GCGCCAACAAGTTCTG-1,NK,CD8 T,T cells
GCGCCAACACAGGCCT-1,NK,CD8 T,T cells
GCGCCAACACCAGTTA-1,B cells,B cells,B cells
GCGCCAACACGTTGGC-1,Mono,Mono,Mono
GCGCCAACATAGACTC-1,B cells,B cells,B cells
GCGCCAACATCTACGA-1,B cells,B cells,B cells
GCGCCAACATCTGGTA-1,T cells,CL 1,CL 1
GCGCCAAGTTCGCTAA-1,NK,CD8 T,T cells
GCGCCAAGTTTCCACC-1,T cells,CD8 T,T cells
GCGCCAATCATTGCGA-1,T cells,CD8 T,T cells
GCGCCAATCTACCAGA-1,Mono,Mono,Mono
GCGCGATAGACACGAC-1,T cells,CD8 T,T cells
GCGCGATAGATCCGAG-1,T cells,CD8 T,T cells
GCGCGATAGATCGATA-1,T cells,CL 1,CL 1
GCGCGATAGGACACCA-1,Mono,DC,DC
GCGCGATAGGATCGCA-1,T cells,CL 1,CL 1
GCGCGATCAATCTACG-1,T cells,CD8 T,T cells
GCGCGATCAATGGAGC-1,T cells,CL 1,CL 1
GCGCGATCACATCTTT-1,T cells,CD8 T,T cells
GCGCGATCAGCTGCAC-1,T cells,CD8 T,T cells
GCGCGATGTACAGTTC-1,Mono,Mono,Mono
GCGCGATGTAGTGAAT-1,Mono,Mono,Mono
GCGCGATGTCAAAGAT-1,Mono,Mono,Mono
GCGCGATGTCTGGTCG-1,B cells,CD8 T,T cells
GCGCGATGTGCACTTA-1,T cells,CD8 T,T cells
GCGCGATGTTGAACTC-1,T cells,CD8 T,T cells
GCGCGATGTTTCGCTC-1,T cells,CD8 T,T cells
GCGCGATTCCCACTTG-1,Mono,Mono,Mono
GCGCGATTCGCAAACT-1,T cells,CL 1,CL 1
GCGCGATTCGTTACAG-1,T cells,CD8 T,T cells
GCGCGATTCTTTCCTC-1,Mono,Mono,Mono
GCGGGTTAGAGTCGGT-1,T cells,CL 1,CL 1
GCGGGTTAGGATATAC-1,Mono,Mono,Mono
GCGGGTTAGTACCGGA-1,Mono,DC,DC
GCGGGTTCACTCAGGC-1,Mono,Mono,Mono
GCGGGTTCAGTGACAG-1,T cells,CD8 T,T cells
GCGGGTTCATTCACTT-1,T cells,CD8 T,T cells
GCGGGTTCATTCCTCG-1,NK,CD8 T,T cells
GCGGGTTGTACTCTCC-1,NK,NK,NK
GCGGGTTGTCATGCCG-1,Mono,Mono,Mono
GCGGGTTGTCCCTTGT-1,Mono,Mono,Mono
GCGGGTTGTCTCTCGT-1,B cells,CD8 T,T cells
GCGGGTTGTGTCAATC-1,B cells,B cells,B cells
GCGGGTTTCATGCAAC-1,NK,CD8 T,T cells
GCGGGTTTCCGCATAA-1,NK,CD8 T,T cells
GCGGGTTTCCTGTACC-1,T cells,CD8 T,T cells
GCGGGTTTCTGATACG-1,Mono,Mono,Mono
GCTCCTAAGACACGAC-1,T cells,CD8 T,T cells
GCTCCTAAGCCACGCT-1,Mono,Mono,Mono
GCTCCTAAGCTGTCTA-1,B cells,B cells,B cells
GCTCCTAAGGAACTGC-1,Mono,Mono,Mono
GCTCCTAAGGACAGAA-1,B cells,B cells,B cells
GCTCCTAAGTCGTTTG-1,T cells,CD8 T,T cells
GCTCCTACAGCCTGTG-1,Mono,Mono,Mono
GCTCCTACAGCGTAAG-1,Mono,Mono,Mono
GCTCCTACAGGAATGC-1,Mono,Mono,Mono
GCTCCTACAGGTCTCG-1,Mono,DC,DC
GCTCCTAGTCACTGGC-1,NK,CD8 T,T cells
GCTCCTAGTGACAAAT-1,Mono,Mono,Mono
GCTCCTAGTTCGGCAC-1,Mono,Mono,Mono
GCTCCTATCACCAGGC-1,Mono,Mono,Mono
GCTCCTATCATCGATG-1,T cells,CD8 T,T cells
GCTCCTATCCAAGTAC-1,T cells,CL 1,CL 1
GCTCCTATCCTATGTT-1,T cells,CL 1,CL 1
GCTCCTATCCTTAATC-1,T cells,CD8 T,T cells
GCTCCTATCTTCCTTC-1,T cells,CD8 T,T cells
GCTCTGTAGAAGGGTA-1,B cells,B cells,B cells
GCTCTGTAGATATGCA-1,Mono,Mono,Mono
GCTCTGTAGATGTAAC-1,T cells,CD8 T,T cells
GCTCTGTAGGTGCAAC-1,T cells,CL 1,CL 1
GCTCTGTAGTAGTGCG-1,T cells,CD8 T,T cells
GCTCTGTCAAGAGGCT-1,T cells,CL 1,CL 1
GCTCTGTCAAGAGTCG-1,Mono,Mono,Mono
GCTCTGTCAATCCAAC-1,T cells,CL 1,CL 1
GCTCTGTCAATGGAAT-1,Mono,Mono,Mono
GCTCTGTCACAACTGT-1,NK,NK,NK
GCTCTGTCATTTCAGG-1,B cells,B cells,B cells
GCTCTGTGTACCAGTT-1,Mono,Mono,Mono
GCTCTGTGTCGCGGTT-1,B cells,CD8 T,T cells
GCTCTGTGTGTGACGA-1,B cells,CD8 T,T cells
GCTCTGTTCAGTTAGC-1,B cells,B cells,B cells
GCTCTGTTCATAACCG-1,Mono,Mono,Mono
GCTCTGTTCATCGGAT-1,T cells,CD8 T,T cells
GCTCTGTTCCGAGCCA-1,B cells,DC,DC
GCTCTGTTCCTTGCCA-1,Mono,Mono,Mono
GCTCTGTTCGTAGGTT-1,T cells,CD8 T,T cells
GCTGCAGAGCCAGGAT-1,B cells,B cells,B cells
GCTGCAGAGCCGGTAA-1,T cells,CL 1,CL 1
GCTGCAGAGCTAAACA-1,Mono,Mono,Mono
GCTGCAGAGTACACCT-1,B cells,B cells,B cells
GCTGCAGCAAAGTCAA-1,B cells,B cells,B cells
GCTGCAGCACACATGT-1,T cells,CD8 T,T cells
GCTGCAGCACGGATAG-1,T cells,CL 1,CL 1
GCTGCAGCACTCTGTC-1,NK,NK,NK
GCTGCAGCAGAGCCAA-1,T cells,CD8 T,T cells
GCTGCAGCATACTACG-1,Mono,Mono,Mono
GCTGCAGCATATACGC-1,B cells,B cells,B cells
GCTGCAGGTACAGCAG-1,T cells,CD8 T,T cells
GCTGCAGGTATCGCAT-1,B cells,CD8 T,T cells
GCTGCAGTCAGCGACC-1,NK,CD8 T,T cells
GCTGCAGTCGAGCCCA-1,Mono,DC,DC
GCTGCAGTCGGAGGTA-1,Mono,Mono,Mono
GCTGCAGTCTGCTTGC-1,T cells,CL 1,CL 1
GCTGCGAAGACGACGT-1,Mono,Mono,Mono
GCTGCGAAGAGACGAA-1,B cells,CD8 T,T cells
GCTGCGAAGCAGGCTA-1,B cells,CD8 T,T cells
GCTGCGAAGTAGATGT-1,T cells,CL 1,CL 1
GCTGCGAAGTGTTTGC-1,T cells,CL 1,CL 1
GCTGCGACAGCGAACA-1,T cells,CL 1,CL 1
GCTGCGACAGGCTCAC-1,Mono,Mono,Mono
GCTGCGACAGTCTTCC-1,Mono,Mono,Mono
GCTGCGAGTACTCTCC-1,NK,NK,NK
GCTGCGAGTCGAGTTT-1,NK,NK,NK
GCTGCGATCCAGGGCT-1,B cells,B cells,B cells
GCTGCGATCCGCAAGC-1,T cells,CL 1,CL 1
GCTGCGATCTAAGCCA-1,Mono,Mono,Mono
GCTGCTTAGGATCGCA-1,Mono,Mono,Mono
GCTGCTTAGGCTAGGT-1,T cells,CL 1,CL 1
GCTGCTTAGGTCATCT-1,T cells,CD8 T,T cells
GCTGCTTAGTCCTCCT-1,NK,NK,NK
GCTGCTTCAAGTCATC-1,B cells,B cells,B cells
GCTGCTTCACAGTCGC-1,NK,CD8 T,T cells
GCTGCTTCACCGATAT-1,NK,CD8 T,T cells
GCTGCTTCACCGTTGG-1,T cells,CD8 T,T cells
GCTGCTTCAGTACACT-1,T cells,CD8 T,T cells
GCTGCTTGTACAGACG-1,B cells,B cells,B cells
GCTGCTTGTTCGCGAC-1,NK,NK,NK
GCTGCTTTCCCTAATT-1,Mono,DC,DC
GCTGCTTTCCTATTCA-1,T cells,CL 1,CL 1
GCTGCTTTCCTTGGTC-1,NK,CD8 T,T cells
GCTGCTTTCGTGGACC-1,T cells,CL 1,CL 1
GCTGGGTAGAATCTCC-1,T cells,CD8 T,T cells
GCTGGGTAGATATGGT-1,T cells,CL 1,CL 1
GCTGGGTAGCCAGTAG-1,Mono,Mono,Mono
GCTGGGTAGCGATTCT-1,Mono,Mono,Mono
GCTGGGTAGCTAGTCT-1,B cells,B cells,B cells
GCTGGGTAGTCGTACT-1,B cells,CD8 T,T cells
GCTGGGTCAATGTTGC-1,B cells,B cells,B cells
GCTGGGTCACGTCAGC-1,Mono,Mono,Mono
GCTGGGTCACTTAAGC-1,Mono,Mono,Mono
GCTGGGTCATTGTGCA-1,B cells,B cells,B cells
GCTGGGTGTCATATCG-1,T cells,CD8 T,T cells
GCTGGGTGTCGGCATC-1,B cells,B cells,B cells
GCTGGGTGTGACGGTA-1,Mono,Mono,Mono
GCTGGGTGTGTTCTTT-1,T cells,CD8 T,T cells
GCTGGGTGTTCCGTCT-1,T cells,CD8 T,T cells
GCTGGGTTCATAAAGG-1,NK,CD8 T,T cells
GCTGGGTTCCTTGGTC-1,B cells,B cells,B cells
GCTGGGTTCTCACATT-1,B cells,B cells,B cells
GCTTCCAAGAATAGGG-1,B cells,B cells,B cells
GCTTCCAAGAGTACCG-1,Mono,Mono,Mono
GCTTCCAAGGGCACTA-1,NK,NK,NK
GCTTCCAAGTGACTCT-1,B cells,B cells,B cells
GCTTCCACAAATCCGT-1,Mono,Mono,Mono
GCTTCCACAAGCCGCT-1,B cells,B cells,B cells
GCTTCCACAGATCTGT-1,Mono,DC,DC
GCTTCCAGTAAAGTCA-1,B cells,CD8 T,T cells
GCTTCCAGTAAGAGAG-1,T cells,CD8 T,T cells
GCTTCCAGTCGCATCG-1,T cells,CD8 T,T cells
GCTTCCAGTGACAAAT-1,B cells,B cells,B cells
GCTTCCATCCATTCTA-1,Mono,DC,DC
GCTTCCATCCCAGGTG-1,Mono,DC,DC
GCTTCCATCCTACAGA-1,Mono,Mono,Mono
GCTTCCATCTATCCCG-1,T cells,CL 1,CL 1
GCTTCCATCTGTGCAA-1,T cells,CL 1,CL 1
GCTTGAAAGACGCACA-1,T cells,CL 1,CL 1
GCTTGAAAGAGTCGGT-1,T cells,CD8 T,T cells
GCTTGAAAGCGTAATA-1,T cells,CD8 T,T cells
GCTTGAAAGCGTTGCC-1,B cells,B cells,B cells
GCTTGAAAGGTGATTA-1,B cells,B cells,B cells
GCTTGAAAGTGAACAT-1,T cells,CD8 T,T cells
GCTTGAAAGTTACCCA-1,NK,NK,NK
GCTTGAACAAGGACTG-1,Mono,Mono,Mono
GCTTGAACAATAGAGT-1,Mono,Mono,Mono
GCTTGAACACAGACAG-1,B cells,CD8 T,T cells
GCTTGAACACATTTCT-1,T cells,CL 1,CL 1
GCTTGAACACCGCTAG-1,Mono,Mono,Mono
GCTTGAACACTATCTT-1,T cells,CD8 T,T cells
GCTTGAACACTTGGAT-1,B cells,B cells,B cells
GCTTGAACAGCGTAAG-1,Mono,Mono,Mono
GCTTGAACAGCTTCGG-1,Mono,Mono,Mono
GCTTGAACATACGCTA-1,B cells,B cells,B cells
GCTTGAACATTAACCG-1,T cells,CL 1,CL 1
GCTTGAAGTACCGTTA-1,Mono,Mono,Mono
GCTTGAAGTAGCTTGT-1,NK,CD8 T,T cells
GCTTGAAGTCCATCCT-1,T cells,CL 1,CL 1
GCTTGAAGTCTTGTCC-1,T cells,CL 1,CL 1
GCTTGAAGTGGTAACG-1,B cells,B cells,B cells
GCTTGAAGTTTAAGCC-1,B cells,B cells,B cells
GCTTGAATCACCTTAT-1,Mono,Mono,Mono
GGAAAGCAGCCGTCGT-1,B cells,B cells,B cells
GGAAAGCAGCTATGCT-1,T cells,CL 1,CL 1
GGAAAGCAGTTGAGAT-1,Mono,Mono,Mono
GGAAAGCCACTGTTAG-1,T cells,CD8 T,T cells
GGAAAGCGTCTAGCCG-1,B cells,B cells,B cells
GGAAAGCTCACTGGGC-1,B cells,CD8 T,T cells
GGAAAGCTCATGTGGT-1,T cells,CL 1,CL 1
GGAAAGCTCGGTCTAA-1,NK,CD8 T,T cells
GGAACTTAGCTAGTCT-1,T cells,CD8 T,T cells
GGAACTTAGTACACCT-1,Mono,Mono,Mono
GGAACTTAGTTGCAGG-1,NK,CD8 T,T cells
GGAACTTCAACGATCT-1,Mono,Mono,Mono
GGAACTTCACTCGACG-1,T cells,CL 1,CL 1
GGAACTTCATGACATC-1,T cells,CL 1,CL 1
GGAACTTCATGCCTTC-1,T cells,CL 1,CL 1
GGAACTTCATTTGCTT-1,B cells,CD8 T,T cells
GGAACTTGTACACCGC-1,B cells,CD8 T,T cells
GGAACTTGTACAGCAG-1,B cells,B cells,B cells
GGAACTTGTACTCAAC-1,T cells,CD8 T,T cells
GGAACTTGTCGTGGCT-1,T cells,CL 1,CL 1
GGAACTTGTGCACGAA-1,T cells,CD8 T,T cells
GGAACTTTCAATCTCT-1,B cells,B cells,B cells
GGAACTTTCAGCCTAA-1,T cells,CD8 T,T cells
GGAACTTTCAGCTCGG-1,T cells,CL 1,CL 1
GGAACTTTCATGTGGT-1,T cells,CD8 T,T cells
GGAACTTTCCTAAGTG-1,T cells,CD8 T,T cells
GGAACTTTCGCCATAA-1,NK,CD8 T,T cells
GGAACTTTCGTTTAGG-1,Mono,Mono,Mono
GGAACTTTCTGTCTCG-1,T cells,CD8 T,T cells
GGAATAAAGGACATTA-1,Mono,Mono,Mono
GGAATAAAGGACTGGT-1,T cells,CL 1,CL 1
GGAATAAAGGCTATCT-1,NK,NK,NK
GGAATAAAGTAACCCT-1,T cells,CL 1,CL 1
GGAATAAAGTGGTAAT-1,Mono,Mono,Mono
GGAATAAAGTTCGATC-1,NK,CD8 T,T cells
GGAATAACACTCAGGC-1,B cells,B cells,B cells
GGAATAACAGCATACT-1,B cells,B cells,B cells
GGAATAACAGCCACCA-1,Mono,Mono,Mono
GGAATAACATGGTCAT-1,T cells,CD8 T,T cells
GGAATAAGTACGCTGC-1,B cells,Mono,Mono
GGAATAAGTAGTACCT-1,B cells,B cells,B cells
GGAATAAGTATGAATG-1,T cells,CL 1,CL 1
GGAATAAGTGACAAAT-1,T cells,CD8 T,T cells
GGAATAAGTGGCCCTA-1,B cells,CD8 T,T cells
GGAATAAGTGGTACAG-1,NK,CD8 T,T cells
GGAATAATCAACGAAA-1,B cells,B cells,B cells
GGAATAATCATATCGG-1,T cells,CL 1,CL 1
GGAATAATCATCGGAT-1,Mono,DC,DC
GGAATAATCATGCTCC-1,Mono,Mono,Mono
GGAATAATCCCATTTA-1,T cells,CD8 T,T cells
GGACAAGAGAGAACAG-1,Mono,Mono,Mono
GGACAAGAGCATGGCA-1,Mono,DC,DC
GGACAAGAGTCTCGGC-1,T cells,CL 1,CL 1
GGACAAGCAAAGTGCG-1,T cells,CD8 T,T cells
GGACAAGCAAATCCGT-1,T cells,CD8 T,T cells
GGACAAGCAATTGCTG-1,T cells,CD8 T,T cells
GGACAAGCACAACTGT-1,T cells,CL 1,CL 1
GGACAAGCACGTTGGC-1,B cells,B cells,B cells
GGACAAGCACTAGTAC-1,NK,CD8 T,T cells
GGACAAGCATGCAACT-1,Mono,Mono,Mono
GGACAAGGTCTTGCGG-1,T cells,CL 1,CL 1
GGACAAGGTGCATCTA-1,T cells,CL 1,CL 1
GGACAAGGTGCTGTAT-1,T cells,CD8 T,T cells
GGACAAGGTGTTTGGT-1,T cells,CD8 T,T cells
GGACAAGGTTATCCGA-1,Mono,Mono,Mono
GGACAAGGTTATGTGC-1,NK,CD8 T,T cells
GGACAAGGTTCGCTAA-1,B cells,B cells,B cells
GGACAAGTCAAACGGG-1,T cells,CL 1,CL 1
GGACAAGTCCCACTTG-1,Mono,Mono,Mono
GGACAGAAGACAAGCC-1,Mono,DC,DC
GGACAGAAGACAGACC-1,B cells,B cells,B cells
GGACAGAAGACCTAGG-1,T cells,CL 1,CL 1
GGACAGAAGAGCCCAA-1,T cells,CD8 T,T cells
GGACAGAAGCTGAAAT-1,T cells,CD8 T,T cells
GGACAGAAGGCGCTCT-1,T cells,CL 1,CL 1
GGACAGAAGGTAGCCA-1,B cells,B cells,B cells
GGACAGAAGTCGTACT-1,NK,CD8 T,T cells
GGACAGAAGTCTTGCA-1,Mono,Mono,Mono
GGACAGACACGGCGTT-1,T cells,CD8 T,T cells
GGACAGACAGCCAATT-1,T cells,CL 1,CL 1
GGACAGACATTGAGCT-1,Mono,Mono,Mono
GGACAGAGTTGAGGTG-1,Mono,Mono,Mono
GGACAGATCCAAAGTC-1,B cells,B cells,B cells
GGACAGATCGTCCAGG-1,T cells,CL 1,CL 1
GGACAGATCTTGTATC-1,T cells,CL 1,CL 1
GGACATTAGTTGTAGA-1,B cells,B cells,B cells
GGACATTCACAGCCCA-1,T cells,CD8 T,T cells
GGACATTCACCATCCT-1,B cells,B cells,B cells
GGACATTCAGACACTT-1,T cells,CL 1,CL 1
GGACATTCAGGGTACA-1,T cells,CL 1,CL 1
GGACATTCATCGATTG-1,NK,CD8 T,T cells
GGACATTCATCGGAAG-1,Mono,Mono,Mono
GGACATTCATGGATGG-1,B cells,DC,DC
GGACATTGTAACGCGA-1,NK,CD8 T,T cells
GGACATTGTCTCAACA-1,B cells,B cells,B cells
GGACATTGTGACCAAG-1,T cells,CD8 T,T cells
GGACATTGTTTCGCTC-1,NK,NK,NK
GGACATTTCAACACTG-1,Mono,Mono,Mono
GGACATTTCAATACCG-1,T cells,CL 1,CL 1
GGACATTTCACCATAG-1,Mono,Mono,Mono
GGACATTTCATTCACT-1,B cells,B cells,B cells
GGACATTTCGAATGCT-1,Mono,Mono,Mono
GGACATTTCTAACCGA-1,B cells,CD8 T,T cells
GGACGTCAGCATGGCA-1,T cells,CL 1,CL 1
GGACGTCCAAGGACTG-1,B cells,B cells,B cells
GGACGTCCACAGACAG-1,B cells,B cells,B cells
GGACGTCCAGCGAACA-1,B cells,B cells,B cells
GGACGTCCAGTTAACC-1,NK,CD8 T,T cells
GGACGTCGTACAGACG-1,Mono,Mono,Mono
GGACGTCGTAGAAAGG-1,NK,CD8 T,T cells
GGACGTCGTAGCGCTC-1,Mono,Mono,Mono
GGACGTCGTCCGAATT-1,T cells,CD8 T,T cells
GGACGTCGTCTTGCGG-1,T cells,CD8 T,T cells
GGACGTCGTGACCAAG-1,T cells,CL 1,CL 1
GGACGTCGTGAGCGAT-1,T cells,CD8 T,T cells
GGACGTCGTGATAAGT-1,NK,NK,NK
GGACGTCGTTAAGGGC-1,T cells,CL 1,CL 1
GGACGTCGTTCCACGG-1,B cells,B cells,B cells
GGACGTCTCAAACGGG-1,T cells,CL 1,CL 1
GGACGTCTCCGCGTTT-1,Mono,Mono,Mono
GGACGTCTCGACCAGC-1,NK,CD8 T,T cells
GGACGTCTCGGCGGTT-1,NK,CD8 T,T cells
GGACGTCTCTTGTACT-1,Platelet,Mono,Mono
GGAGCAAAGACCGGAT-1,T cells,CL 1,CL 1
GGAGCAAAGCGAAGGG-1,T cells,CL 1,CL 1
GGAGCAAAGCGCTTAT-1,T cells,CL 1,CL 1
GGAGCAAAGCTATGCT-1,B cells,B cells,B cells
GGAGCAAAGTCGATAA-1,T cells,CD8 T,T cells
GGAGCAACAAGCCCAC-1,NK,CD8 T,T cells
GGAGCAACAAGTAGTA-1,B cells,CL 1,CL 1
GGAGCAACACATGGGA-1,T cells,CD8 T,T cells
GGAGCAACAGGCAGTA-1,Mono,Mono,Mono
GGAGCAAGTCGCTTCT-1,Mono,DC,DC
GGAGCAAGTTTCCACC-1,Mono,Mono,Mono
GGAGCAATCAACGCTA-1,Mono,Mono,Mono
GGAGCAATCACTCTTA-1,Mono,Mono,Mono
GGAGCAATCACTTACT-1,T cells,CL 1,CL 1
GGAGCAATCAGTGTTG-1,T cells,CD8 T,T cells
GGAGCAATCGGTGTTA-1,T cells,CL 1,CL 1
GGATGTTAGAGGTACC-1,NK,CD8 T,T cells
GGATGTTAGCGTTGCC-1,B cells,CD8 T,T cells
GGATGTTAGGGAGTAA-1,T cells,CL 1,CL 1
GGATGTTAGTTTCCTT-1,T cells,CL 1,CL 1
GGATGTTCAAGAAGAG-1,T cells,CL 1,CL 1
GGATGTTCAATCGGTT-1,T cells,CL 1,CL 1
GGATGTTCACACATGT-1,T cells,CD8 T,T cells
GGATGTTCACACTGCG-1,T cells,CL 1,CL 1
GGATGTTCACATGTGT-1,T cells,CL 1,CL 1
GGATGTTCACGGCTAC-1,Mono,Mono,Mono
GGATGTTCAGGACCCT-1,Mono,Mono,Mono
GGATGTTCATGAACCT-1,NK,NK,NK
GGATGTTGTAAGTGTA-1,Mono,Mono,Mono
GGATGTTGTAGCGATG-1,T cells,CD8 T,T cells
GGATGTTGTATCACCA-1,T cells,CD8 T,T cells
GGATGTTGTTCACCTC-1,Mono,Mono,Mono
GGATGTTTCAACGGGA-1,NK,CD8 T,T cells
GGATGTTTCACATGCA-1,NK,NK,NK
GGATGTTTCACCATAG-1,Mono,Mono,Mono
GGATGTTTCCAGGGCT-1,Mono,Mono,Mono
GGATGTTTCCATGAAC-1,B cells,B cells,B cells
GGATTACAGAGCTGCA-1,NK,NK,NK
GGATTACAGCAATCTC-1,Mono,Mono,Mono
GGATTACAGCCAACAG-1,B cells,B cells,B cells
GGATTACAGCCAGTAG-1,T cells,CD8 T,T cells
GGATTACAGTGTTGAA-1,T cells,CD8 T,T cells
GGATTACCAACAACCT-1,NK,CD8 T,T cells
GGATTACCAATCTGCA-1,NK,CD8 T,T cells
GGATTACCAGAGCCAA-1,T cells,CD8 T,T cells
GGATTACCAGTATGCT-1,T cells,CD8 T,T cells
GGATTACGTCAGGACA-1,T cells,CD8 T,T cells
GGATTACGTCCGTTAA-1,T cells,CD8 T,T cells
GGATTACTCACCCGAG-1,T cells,CD8 T,T cells
GGATTACTCATGCAAC-1,T cells,CD8 T,T cells
GGATTACTCCATGCTC-1,B cells,DC,DC
GGATTACTCCCTAACC-1,T cells,CD8 T,T cells
GGATTACTCCGTACAA-1,Mono,Mono,Mono
GGATTACTCTTTACGT-1,Mono,Mono,Mono
GGCAATTAGAGAGCTC-1,Mono,Mono,Mono
GGCAATTAGGCTATCT-1,Mono,Mono,Mono
GGCAATTAGTAATCCC-1,Mono,Mono,Mono
GGCAATTAGTGAATTG-1,T cells,CD8 T,T cells
GGCAATTCAAAGTGCG-1,T cells,CD8 T,T cells
GGCAATTCAACTGCGC-1,NK,CD8 T,T cells
GGCAATTCACGCGAAA-1,Mono,Mono,Mono
GGCAATTCACGGCGTT-1,B cells,B cells,B cells
GGCAATTCACGGTGTC-1,NK,CD8 T,T cells
GGCAATTCACTGAAGG-1,T cells,CD8 T,T cells
GGCAATTGTCGTCTTC-1,B cells,B cells,B cells
GGCAATTTCACCCGAG-1,B cells,B cells,B cells
GGCAATTTCAGTGTTG-1,Mono,Mono,Mono
GGCAATTTCGTTGCCT-1,B cells,B cells,B cells
GGCAATTTCTCGATGA-1,B cells,B cells,B cells
GGCAATTTCTGTTGAG-1,T cells,CD8 T,T cells
GGCCGATAGCAATATG-1,B cells,B cells,B cells
GGCCGATAGCGTAGTG-1,T cells,CL 1,CL 1
GGCCGATAGCTCCTCT-1,T cells,CD8 T,T cells
GGCCGATAGGCTAGGT-1,NK,NK,NK
GGCCGATAGTACGACG-1,T cells,CL 1,CL 1
GGCCGATAGTGCGATG-1,T cells,CD8 T,T cells
GGCCGATCACACTGCG-1,T cells,CL 1,CL 1
GGCCGATCACCACCAG-1,NK,CD8 T,T cells
GGCCGATCAGCTTCGG-1,Mono,Mono,Mono
GGCCGATCAGTGGGAT-1,B cells,B cells,B cells
GGCCGATCATGAAGTA-1,T cells,CL 1,CL 1
GGCCGATCATTGGCGC-1,T cells,CD8 T,T cells
GGCCGATGTAACGCGA-1,NK,CD8 T,T cells
GGCCGATGTAAGGGAA-1,NK,CD8 T,T cells
GGCCGATGTGATGTGG-1,Mono,DC,DC
GGCCGATGTTATTCTC-1,B cells,B cells,B cells
GGCCGATGTTGAACTC-1,NK,NK,NK
GGCCGATGTTGCGCAC-1,T cells,CD8 T,T cells
GGCCGATGTTGCTCCT-1,T cells,CD8 T,T cells
GGCCGATTCCGTAGTA-1,T cells,CD8 T,T cells
GGCCGATTCCTTGGTC-1,B cells,B cells,B cells
GGCCGATTCGGCTACG-1,Mono,Mono,Mono
GGCGACTAGCGTTCCG-1,T cells,CL 1,CL 1
GGCGACTAGGGCATGT-1,T cells,CD8 T,T cells
GGCGACTAGGTAAACT-1,T cells,CL 1,CL 1
GGCGACTAGTCATCCA-1,Mono,Mono,Mono
GGCGACTCAATCACAC-1,Mono,Mono,Mono
GGCGACTCACTCAGGC-1,T cells,CL 1,CL 1
GGCGACTCACTGTCGG-1,T cells,CD8 T,T cells
GGCGACTCAGAGCCAA-1,T cells,CD8 T,T cells
GGCGACTCAGTATGCT-1,NK,NK,NK
GGCGACTCATCGGTTA-1,T cells,CL 1,CL 1
GGCGACTCATGGATGG-1,T cells,CD8 T,T cells
GGCGACTGTACGCACC-1,B cells,B cells,B cells
GGCGACTGTAGCGTAG-1,T cells,CD8 T,T cells
GGCGACTGTCCGAAGA-1,B cells,B cells,B cells
GGCGACTGTGAGTATA-1,Mono,Mono,Mono
GGCGACTTCACGGTTA-1,T cells,CL 1,CL 1
GGCGACTTCAGCTCTC-1,B cells,B cells,B cells
GGCGACTTCCTCAATT-1,T cells,CL 1,CL 1
GGCGACTTCGCGGATC-1,B cells,B cells,B cells
GGCGACTTCGTCCAGG-1,T cells,CL 1,CL 1
GGCGACTTCTTTACGT-1,Mono,Mono,Mono
GGCGTGTAGCCAACAG-1,T cells,CL 1,CL 1
GGCGTGTAGCCTCGTG-1,T cells,CD8 T,T cells
GGCGTGTAGCGCTTAT-1,T cells,CL 1,CL 1
GGCGTGTAGGTGTTAA-1,NK,NK,NK
GGCGTGTCACCATGTA-1,T cells,CL 1,CL 1
GGCGTGTCACGACGAA-1,B cells,B cells,B cells
GGCGTGTCACGGCCAT-1,NK,CD8 T,T cells
GGCGTGTCAGACTCGC-1,T cells,CL 1,CL 1
GGCGTGTCATCCGTGG-1,T cells,CD8 T,T cells
GGCGTGTCATGCTGGC-1,T cells,CL 1,CL 1
GGCGTGTCATTGGCGC-1,B cells,B cells,B cells
GGCGTGTGTAAACGCG-1,B cells,B cells,B cells
GGCGTGTGTCAATACC-1,Mono,Mono,Mono
GGCGTGTGTCGGCTCA-1,T cells,CL 1,CL 1
GGCGTGTGTGCAGTAG-1,Mono,Mono,Mono
GGCGTGTGTTAGATGA-1,B cells,B cells,B cells
GGCGTGTGTTCTGAAC-1,T cells,CL 1,CL 1
GGCGTGTTCACTATTC-1,T cells,CL 1,CL 1
GGCGTGTTCGACGGAA-1,T cells,CL 1,CL 1
GGCGTGTTCGTACCGG-1,Mono,Mono,Mono
GGCGTGTTCTCGGACG-1,B cells,B cells,B cells
GGCTCGAAGAGGACGG-1,Mono,Mono,Mono
GGCTCGAAGAGGTAGA-1,Mono,DC,DC
GGCTCGAAGATGCCAG-1,Mono,Mono,Mono
GGCTCGAAGGCATGGT-1,Mono,Mono,Mono
GGCTCGAAGGTCGGAT-1,B cells,CD8 T,T cells
GGCTCGAAGTCGAGTG-1,Mono,Mono,Mono
GGCTCGAAGTTATCGC-1,B cells,B cells,B cells
GGCTCGACAACTGGCC-1,NK,NK,NK
GGCTCGACACATTCGA-1,B cells,B cells,B cells
GGCTCGACACCACCAG-1,Mono,Mono,Mono
GGCTCGACAGCTGTAT-1,T cells,CD8 T,T cells
GGCTCGACAGGATTGG-1,T cells,CL 1,CL 1
GGCTCGACAGTCGATT-1,B cells,B cells,B cells
GGCTCGACATGAGCGA-1,Mono,Mono,Mono
GGCTCGACATTAGGCT-1,T cells,CD8 T,T cells
GGCTCGAGTACAAGTA-1,B cells,B cells,B cells
GGCTCGAGTCGCGAAA-1,T cells,CD8 T,T cells
GGCTCGAGTCTACCTC-1,B cells,CD8 T,T cells
GGCTCGAGTCTTCTCG-1,B cells,CD8 T,T cells
GGCTCGAGTGCGATAG-1,Mono,Mono,Mono
GGCTCGAGTGCGGTAA-1,Mono,Mono,Mono
GGCTCGATCGGATGTT-1,Mono,Mono,Mono
GGCTCGATCTCTGCTG-1,B cells,B cells,B cells
GGCTGGTAGAAACGCC-1,Mono,Mono,Mono
GGCTGGTAGACAGACC-1,T cells,CD8 T,T cells
GGCTGGTAGGGATCTG-1,Mono,Mono,Mono
GGCTGGTAGTGTTAGA-1,Mono,Mono,Mono
GGCTGGTCAACGATGG-1,NK,CD8 T,T cells
GGCTGGTCACCGTTGG-1,NK,CD8 T,T cells
GGCTGGTCAGCTTCGG-1,T cells,CD8 T,T cells
GGCTGGTCAGTTCCCT-1,Mono,Mono,Mono
GGCTGGTCATCGGAAG-1,Mono,Mono,Mono
GGCTGGTCATTCCTCG-1,Mono,Mono,Mono
GGCTGGTGTACAAGTA-1,B cells,B cells,B cells
GGCTGGTGTATAGGTA-1,T cells,CD8 T,T cells
GGCTGGTGTCCTCCAT-1,T cells,CD8 T,T cells
GGCTGGTGTGCGAAAC-1,NK,CD8 T,T cells
GGCTGGTGTTTCGCTC-1,Platelet,Mono,Mono
GGCTGGTTCAGCAACT-1,B cells,CD8 T,T cells
GGCTGGTTCGCCTGTT-1,T cells,CD8 T,T cells
GGCTGGTTCGCTTAGA-1,Mono,Mono,Mono
GGCTGGTTCGTTGCCT-1,Mono,Mono,Mono
GGCTGGTTCTATGTGG-1,Mono,DC,DC
GGCTGGTTCTGCAGTA-1,T cells,CD8 T,T cells
GGCTGGTTCTTGCATT-1,Mono,Mono,Mono
GGGAATGAGAAGGCCT-1,T cells,CL 1,CL 1
GGGAATGAGATGGCGT-1,T cells,CD8 T,T cells
GGGAATGAGCCTATGT-1,B cells,B cells,B cells
GGGAATGCAAGCTGTT-1,Mono,Mono,Mono
GGGAATGCACCAGGCT-1,NK,NK,NK
GGGAATGCATAGTAAG-1,T cells,CD8 T,T cells
GGGAATGCATGCAACT-1,T cells,CD8 T,T cells
GGGAATGGTAAAGGAG-1,Mono,Mono,Mono
GGGAATGGTTCGTCTC-1,T cells,CL 1,CL 1
GGGAATGTCACTTACT-1,T cells,CL 1,CL 1
GGGAATGTCCTTGGTC-1,T cells,CL 1,CL 1
GGGAATGTCGGTGTCG-1,T cells,CL 1,CL 1
GGGAATGTCTGATTCT-1,Mono,Mono,Mono
GGGACCTAGGACGAAA-1,Mono,DC,DC
GGGACCTAGTCAATAG-1,T cells,CL 1,CL 1
GGGACCTCAAACTGTC-1,Mono,Mono,Mono
GGGACCTCAAGACACG-1,T cells,CL 1,CL 1
GGGACCTCAAGCCGCT-1,T cells,CL 1,CL 1
GGGACCTCATGATCCA-1,T cells,CD8 T,T cells
GGGACCTCATTTGCTT-1,T cells,CL 1,CL 1
GGGACCTGTCAATACC-1,Mono,Mono,Mono
GGGACCTGTCACACGC-1,NK,CD8 T,T cells
GGGACCTGTCTAGCGC-1,B cells,B cells,B cells
GGGACCTGTCTCCATC-1,B cells,B cells,B cells
GGGACCTGTTCCTCCA-1,T cells,CD8 T,T cells
GGGACCTGTTGGTTTG-1,T cells,CL 1,CL 1
GGGACCTTCCCGACTT-1,Mono,Mono,Mono
GGGACCTTCGATCCCT-1,T cells,CD8 T,T cells
GGGACCTTCGCAGGCT-1,T cells,CL 1,CL 1
GGGACCTTCTCAAGTG-1,T cells,CL 1,CL 1
GGGACCTTCTCTAGGA-1,Mono,Mono,Mono
GGGAGATAGAATTCCC-1,Mono,Mono,Mono
GGGAGATAGAGGACGG-1,T cells,CD8 T,T cells
GGGAGATAGCATGGCA-1,T cells,CL 1,CL 1
GGGAGATAGTGGGATC-1,NK,CD8 T,T cells
GGGAGATAGTGGTCCC-1,B cells,B cells,B cells
GGGAGATCAAATTGCC-1,NK,CD8 T,T cells
GGGAGATCACATCCGG-1,T cells,CD8 T,T cells
GGGAGATCACCTCGTT-1,Mono,Mono,Mono
GGGAGATCAGTGACAG-1,T cells,CL 1,CL 1
GGGAGATCATTATCTC-1,T cells,CL 1,CL 1
GGGAGATTCCAGGGCT-1,T cells,CL 1,CL 1
GGGAGATTCGCGGATC-1,B cells,DC,DC
GGGATGAAGTGGTCCC-1,T cells,CD8 T,T cells
GGGATGACATGAAGTA-1,Mono,Mono,Mono
GGGATGACATGCTAGT-1,Mono,Mono,Mono
GGGATGAGTAGCGATG-1,T cells,CL 1,CL 1
GGGATGAGTAGGGACT-1,B cells,B cells,B cells
GGGATGAGTGGCTCCA-1,T cells,CL 1,CL 1
GGGATGAGTTCACGGC-1,T cells,CD8 T,T cells
GGGATGATCACAATGC-1,B cells,CD8 T,T cells
GGGATGATCAGAAATG-1,T cells,CD8 T,T cells
GGGATGATCAGAGGTG-1,T cells,CL 1,CL 1
GGGATGATCGCACTCT-1,NK,CD8 T,T cells
GGGATGATCGCTAGCG-1,B cells,B cells,B cells
GGGATGATCGGTCTAA-1,T cells,CL 1,CL 1
GGGATGATCGTCACGG-1,T cells,CL 1,CL 1
GGGATGATCTGGTGTA-1,T cells,CL 1,CL 1
GGGATGATCTTAGCCC-1,T cells,CD8 T,T cells
GGGCACTAGCTGATAA-1,Mono,Mono,Mono
GGGCACTAGTACGACG-1,T cells,CL 1,CL 1
GGGCACTAGTCTCCTC-1,T cells,CD8 T,T cells
GGGCACTAGTTTAGGA-1,T cells,CL 1,CL 1
GGGCACTCACCACGTG-1,T cells,CL 1,CL 1
GGGCACTCAGGCAGTA-1,T cells,CL 1,CL 1
GGGCACTCAGTCACTA-1,B cells,CD8 T,T cells
GGGCACTCATGCAACT-1,B cells,B cells,B cells
GGGCACTCATGCTGGC-1,B cells,B cells,B cells
GGGCACTGTAAGAGGA-1,T cells,CD8 T,T cells
GGGCACTGTACGCTGC-1,T cells,CL 1,CL 1
GGGCACTGTGACCAAG-1,B cells,B cells,B cells
GGGCACTGTGCAGTAG-1,B cells,B cells,B cells
GGGCACTGTGGAAAGA-1,B cells,B cells,B cells
GGGCACTTCAGAAATG-1,Mono,Mono,Mono
GGGCACTTCCAGTAGT-1,NK,NK,NK
GGGCACTTCCCGACTT-1,Mono,Mono,Mono
GGGCACTTCCTTGACC-1,B cells,B cells,B cells
GGGCACTTCTAGCACA-1,T cells,CL 1,CL 1
GGGCACTTCTCGTATT-1,NK,NK,NK
GGGCACTTCTGATTCT-1,Mono,Mono,Mono
GGGCATCAGATGAGAG-1,T cells,CL 1,CL 1
GGGCATCAGGGAACGG-1,B cells,CD8 T,T cells
GGGCATCAGGTGACCA-1,B cells,B cells,B cells
GGGCATCCAATGTAAG-1,B cells,CD8 T,T cells
GGGCATCCACACGCTG-1,T cells,CL 1,CL 1
GGGCATCCACCAGGTC-1,T cells,CL 1,CL 1
GGGCATCCACGGATAG-1,T cells,CD8 T,T cells
GGGCATCCATAAAGGT-1,T cells,CL 1,CL 1
GGGCATCGTCGCATAT-1,T cells,CD8 T,T cells
GGGCATCGTCGCTTCT-1,T cells,CD8 T,T cells
GGGCATCGTCTCACCT-1,B cells,B cells,B cells
GGGCATCGTCTTGTCC-1,T cells,CL 1,CL 1
GGGCATCGTGGTACAG-1,T cells,CD8 T,T cells
GGGCATCGTTCAGGCC-1,B cells,B cells,B cells
GGGCATCTCCCGACTT-1,NK,CD8 T,T cells
GGGCATCTCGAACTGT-1,Mono,Mono,Mono
GGGCATCTCTCTAAGG-1,T cells,CD8 T,T cells
GGGCATCTCTGCCAGG-1,T cells,CD8 T,T cells
GGGTCTGAGCCCAGCT-1,Mono,Mono,Mono
GGGTCTGAGCTGAACG-1,T cells,CD8 T,T cells
GGGTCTGAGGAGTTTA-1,T cells,CL 1,CL 1
GGGTCTGAGGATCGCA-1,T cells,CD8 T,T cells
GGGTCTGAGGGAGTAA-1,T cells,CD8 T,T cells
GGGTCTGAGGTGCAAC-1,T cells,CL 1,CL 1
GGGTCTGAGTCGAGTG-1,Mono,Mono,Mono
GGGTCTGAGTGACTCT-1,T cells,CD8 T,T cells
GGGTCTGCAAGAGGCT-1,B cells,B cells,B cells
GGGTCTGCACAAGACG-1,Mono,Mono,Mono
GGGTCTGCACATGGGA-1,B cells,CD8 T,T cells
GGGTCTGCACTGAAGG-1,Mono,Mono,Mono
GGGTCTGCAGACACTT-1,T cells,CD8 T,T cells
GGGTCTGCAGCTATTG-1,T cells,CD8 T,T cells
GGGTCTGCAGGTCTCG-1,Mono,Mono,Mono
GGGTCTGGTAGCGCAA-1,B cells,B cells,B cells
GGGTCTGGTAGGCATG-1,T cells,CD8 T,T cells
GGGTCTGGTCTGATCA-1,B cells,B cells,B cells
GGGTCTGGTCTGATTG-1,T cells,CD8 T,T cells
GGGTCTGGTGATAAAC-1,B cells,B cells,B cells
GGGTCTGGTTAAGACA-1,T cells,CD8 T,T cells
GGGTCTGGTTACGCGC-1,B cells,B cells,B cells
GGGTCTGTCAAACCAC-1,Mono,Mono,Mono
GGGTCTGTCACCATAG-1,Mono,Mono,Mono
GGGTCTGTCACCTTAT-1,T cells,CL 1,CL 1
GGGTCTGTCCCAAGAT-1,B cells,B cells,B cells
GGGTCTGTCGAATGGG-1,B cells,B cells,B cells
GGGTCTGTCGAGAACG-1,B cells,B cells,B cells
GGGTCTGTCGTTACAG-1,Mono,Mono,Mono
GGGTCTGTCTGGCGTG-1,Mono,Mono,Mono
GGGTCTGTCTTACCTA-1,B cells,B cells,B cells
GGGTTGCAGAGCCTAG-1,T cells,CL 1,CL 1
GGGTTGCAGTTCGATC-1,T cells,CL 1,CL 1
GGGTTGCCAAAGTGCG-1,T cells,CL 1,CL 1
GGGTTGCGTACCGTAT-1,B cells,CD8 T,T cells
GGGTTGCGTAGAAAGG-1,B cells,B cells,B cells
GGGTTGCGTCATATGC-1,NK,CD8 T,T cells
GGGTTGCGTTCGGCAC-1,T cells,CL 1,CL 1
GGGTTGCTCACCGGGT-1,B cells,B cells,B cells
GGGTTGCTCACGCATA-1,Mono,Mono,Mono
GGGTTGCTCACTCTTA-1,Mono,Mono,Mono
GGGTTGCTCAGCATGT-1,T cells,CD8 T,T cells
GGGTTGCTCAGGTAAA-1,T cells,CD8 T,T cells
GGGTTGCTCATGTGGT-1,T cells,CD8 T,T cells
GGGTTGCTCCAAAGTC-1,T cells,CD8 T,T cells
GGGTTGCTCCAGAAGG-1,NK,NK,NK
GGGTTGCTCCATGCTC-1,T cells,CL 1,CL 1
GGGTTGCTCTATCCTA-1,T cells,CD8 T,T cells
GGGTTGCTCTTGCAAG-1,Mono,Mono,Mono
GGTATTGAGAAACCAT-1,T cells,CL 1,CL 1
GGTATTGAGACCGGAT-1,Mono,DC,DC
GGTATTGAGAGTACAT-1,T cells,CD8 T,T cells
GGTATTGAGCTCCCAG-1,Mono,DC,DC
GGTATTGAGGTACTCT-1,B cells,B cells,B cells
GGTATTGAGGTGACCA-1,T cells,CL 1,CL 1
GGTATTGAGTGGGTTG-1,B cells,B cells,B cells
GGTATTGCAACACCTA-1,T cells,CL 1,CL 1
GGTATTGCAAGAAGAG-1,T cells,CL 1,CL 1
GGTATTGCAATGGAAT-1,T cells,CL 1,CL 1
GGTATTGCATCGGACC-1,Mono,Mono,Mono
GGTATTGGTACTCTCC-1,T cells,CD8 T,T cells
GGTATTGGTAGGCTGA-1,Mono,Mono,Mono
GGTATTGGTCGCGTGT-1,T cells,CD8 T,T cells
GGTATTGGTGGTCTCG-1,B cells,B cells,B cells
GGTATTGGTGTTTGGT-1,T cells,CD8 T,T cells
GGTATTGGTTGGTGGA-1,T cells,CL 1,CL 1
GGTATTGTCGGTTCGG-1,Mono,Mono,Mono
GGTGAAGAGACTCGGA-1,T cells,CD8 T,T cells
GGTGAAGAGCCAGAAC-1,B cells,CD8 T,T cells
GGTGAAGAGCGAAGGG-1,T cells,CD8 T,T cells
GGTGAAGAGTCTCGGC-1,T cells,CL 1,CL 1
GGTGAAGAGTGGGTTG-1,T cells,CD8 T,T cells
GGTGAAGAGTTACCCA-1,B cells,B cells,B cells
GGTGAAGCAAGCGCTC-1,T cells,CL 1,CL 1
GGTGAAGCAGCCAGAA-1,T cells,CL 1,CL 1
GGTGAAGCAGTTAACC-1,T cells,CD8 T,T cells
GGTGAAGGTAAAGGAG-1,T cells,CD8 T,T cells
GGTGAAGGTAACGTTC-1,Mono,Mono,Mono
GGTGAAGGTAAGTAGT-1,T cells,CD8 T,T cells
GGTGAAGGTCGAAAGC-1,Mono,Mono,Mono
GGTGAAGGTGGTACAG-1,Mono,Mono,Mono
GGTGAAGTCAACCATG-1,Mono,Mono,Mono
GGTGAAGTCACCCTCA-1,Mono,Mono,Mono
GGTGAAGTCACGCGGT-1,NK,CD8 T,T cells
GGTGAAGTCCACTCCA-1,B cells,B cells,B cells
GGTGAAGTCCGTCATC-1,B cells,B cells,B cells
GGTGAAGTCGGCGGTT-1,NK,CD8 T,T cells
GGTGAAGTCTGCTGCT-1,T cells,CL 1,CL 1
GGTGCGTAGCTACCTA-1,T cells,CD8 T,T cells
GGTGCGTAGCTGATAA-1,T cells,CL 1,CL 1
GGTGCGTAGTGAAGAG-1,T cells,CD8 T,T cells
GGTGCGTCACATAACC-1,Mono,Mono,Mono
GGTGCGTCACTCGACG-1,B cells,B cells,B cells
GGTGCGTCAGAGTGTG-1,T cells,CD8 T,T cells
GGTGCGTCAGTAAGAT-1,NK,CD8 T,T cells
GGTGCGTGTACCGAGA-1,NK,CD8 T,T cells
GGTGCGTGTCATATGC-1,Mono,Mono,Mono
GGTGCGTGTCTCAACA-1,B cells,B cells,B cells
GGTGCGTGTCTCTCTG-1,Mono,Mono,Mono
GGTGCGTGTGAGGCTA-1,NK,CD8 T,T cells
GGTGCGTGTTACCGAT-1,Mono,Mono,Mono
GGTGCGTTCAAACCGT-1,Mono,Mono,Mono
GGTGCGTTCACATGCA-1,B cells,B cells,B cells
GGTGCGTTCACCATAG-1,NK,NK,NK
GGTGCGTTCCAAACAC-1,Mono,Mono,Mono
GGTGCGTTCCACGAAT-1,T cells,CD8 T,T cells
GGTGTTAAGCCACGTC-1,B cells,B cells,B cells
GGTGTTAAGGACATTA-1,T cells,CD8 T,T cells
GGTGTTAAGTATTGGA-1,T cells,CD8 T,T cells
GGTGTTAAGTGAAGTT-1,Mono,DC,DC
GGTGTTACAAGAAAGG-1,Mono,DC,DC
GGTGTTAGTACAGACG-1,B cells,B cells,B cells
GGTGTTAGTCGGGTCT-1,Mono,Mono,Mono
GGTGTTATCAATAAGG-1,T cells,CD8 T,T cells
GGTGTTATCACATAGC-1,Mono,DC,DC
GGTGTTATCCAAAGTC-1,T cells,CD8 T,T cells
GGTGTTATCGAGCCCA-1,Mono,Mono,Mono
GGTGTTATCGGAAATA-1,Mono,Mono,Mono
GGTGTTATCGGCCGAT-1,T cells,CL 1,CL 1
GTAACGTAGATCGATA-1,T cells,CD8 T,T cells
GTAACGTCAAGTAGTA-1,T cells,CL 1,CL 1
GTAACGTCACGGATAG-1,T cells,CL 1,CL 1
GTAACGTCAGACAAGC-1,NK,NK,NK
GTAACGTCAGCTGTGC-1,T cells,CD8 T,T cells
GTAACGTGTAGCTAAA-1,Mono,Mono,Mono
GTAACGTGTCTTGATG-1,B cells,B cells,B cells
GTAACGTGTGTGACGA-1,B cells,B cells,B cells
GTAACGTGTTACTGAC-1,Mono,Mono,Mono
GTAACGTTCGTTACAG-1,T cells,CL 1,CL 1
GTAACGTTCTGCCAGG-1,T cells,CD8 T,T cells
GTAACTGAGAAGGTGA-1,NK,CD8 T,T cells
GTAACTGAGAGCTATA-1,B cells,B cells,B cells
GTAACTGAGATGTCGG-1,T cells,CD8 T,T cells
GTAACTGAGTCACGCC-1,T cells,CL 1,CL 1
GTAACTGCAAGGTTTC-1,B cells,B cells,B cells
GTAACTGCACCAGCAC-1,Mono,Mono,Mono
GTAACTGCACCAGGCT-1,B cells,B cells,B cells
GTAACTGCACTCGACG-1,Mono,Mono,Mono
GTAACTGCAGCTGCAC-1,T cells,CD8 T,T cells
GTAACTGCATAAGACA-1,T cells,CL 1,CL 1
GTAACTGCATTCCTCG-1,B cells,B cells,B cells
GTAACTGGTACCTACA-1,T cells,CL 1,CL 1
GTAACTGGTGGACGAT-1,T cells,CD8 T,T cells
GTAACTGTCAACTCTT-1,Mono,Mono,Mono
GTAACTGTCCAAGCCG-1,Mono,Mono,Mono
GTAACTGTCTAACGGT-1,Mono,Mono,Mono
GTACGTAAGAGACGAA-1,T cells,CD8 T,T cells
GTACGTACAAGACGTG-1,B cells,CL 1,CL 1
GTACGTACAAGCCATT-1,NK,CD8 T,T cells
GTACGTACAATCCGAT-1,NK,CD8 T,T cells
GTACGTACACTTCGAA-1,Mono,Mono,Mono
GTACGTAGTCAACTGT-1,T cells,CL 1,CL 1
GTACGTAGTCTTTCAT-1,T cells,CL 1,CL 1
GTACGTAGTGACTACT-1,T cells,CL 1,CL 1
GTACGTAGTTGGTGGA-1,B cells,B cells,B cells
GTACGTATCAAAGTAG-1,Mono,Mono,Mono
GTACGTATCCTCCTAG-1,Mono,Mono,Mono
GTACGTATCTTAGCCC-1,T cells,CD8 T,T cells
GTACTCCAGAAGGTGA-1,Mono,Mono,Mono
GTACTCCAGAGCCCAA-1,T cells,CL 1,CL 1
GTACTCCAGAGGACGG-1,T cells,CD8 T,T cells
GTACTCCAGATAGTCA-1,T cells,CL 1,CL 1
GTACTCCCACCGCTAG-1,NK,CD8 T,T cells
GTACTCCCATCAGTAC-1,B cells,B cells,B cells
GTACTCCGTAAATGTG-1,T cells,CD8 T,T cells
GTACTCCGTCGCTTCT-1,Mono,Mono,Mono
GTACTCCGTTATCCGA-1,T cells,CD8 T,T cells
GTACTCCGTTGCTCCT-1,T cells,CL 1,CL 1
GTACTCCGTTTAAGCC-1,T cells,CL 1,CL 1
GTACTCCTCAGGATCT-1,T cells,CD8 T,T cells
GTACTCCTCAGGCAAG-1,T cells,CD8 T,T cells
GTACTCCTCCACTGGG-1,Mono,Mono,Mono
GTACTCCTCCTAGAAC-1,T cells,CD8 T,T cells
GTACTCCTCTGAGGGA-1,B cells,B cells,B cells
GTACTCCTCTTAACCT-1,NK,CD8 T,T cells
GTACTCCTCTTGCATT-1,T cells,CL 1,CL 1
GTACTTTAGATGTAAC-1,T cells,CD8 T,T cells
GTACTTTAGCACCGCT-1,T cells,CD8 T,T cells
GTACTTTAGCGCCTCA-1,B cells,B cells,B cells
GTACTTTAGCGCTTAT-1,B cells,B cells,B cells
GTACTTTAGCTAAGAT-1,NK,NK,NK
GTACTTTAGTACGCGA-1,T cells,CL 1,CL 1
GTACTTTCACCGAAAG-1,NK,NK,NK
GTACTTTCAGATTGCT-1,Mono,Mono,Mono
GTACTTTCAGCCTGTG-1,T cells,CL 1,CL 1
GTACTTTCATACTACG-1,Mono,Mono,Mono
GTACTTTGTAGCACGA-1,Mono,Mono,Mono
GTACTTTGTCTGGTCG-1,Mono,Mono,Mono
GTACTTTGTCTTGCGG-1,T cells,CL 1,CL 1
GTACTTTGTGGCCCTA-1,T cells,CD8 T,T cells
GTACTTTGTTTGGCGC-1,T cells,CD8 T,T cells
GTACTTTTCAACCAAC-1,Mono,Mono,Mono
GTACTTTTCAATACCG-1,Mono,Mono,Mono
GTACTTTTCCGCAAGC-1,T cells,CL 1,CL 1
GTACTTTTCGCTGATA-1,Mono,Mono,Mono
GTACTTTTCGGCTACG-1,Mono,Mono,Mono
GTACTTTTCTGCAGTA-1,T cells,CD8 T,T cells
GTAGGCCAGCGTGTCC-1,B cells,CL 1,CL 1
GTAGGCCAGCTTCGCG-1,T cells,CD8 T,T cells
GTAGGCCAGTCCGTAT-1,T cells,CL 1,CL 1
GTAGGCCCAATGACCT-1,Mono,Mono,Mono
GTAGGCCCAATGCCAT-1,T cells,CD8 T,T cells
GTAGGCCCACGGTAAG-1,T cells,CD8 T,T cells
GTAGGCCCACTTAACG-1,T cells,CL 1,CL 1
GTAGGCCCAGGACCCT-1,Mono,Mono,Mono
GTAGGCCGTAACGTTC-1,Mono,Mono,Mono
GTAGGCCGTAGCTTGT-1,NK,CD8 T,T cells
GTAGGCCGTATAGGGC-1,B cells,B cells,B cells
GTAGGCCGTCGCCATG-1,T cells,CL 1,CL 1
GTAGGCCGTTCACCTC-1,B cells,B cells,B cells
GTAGGCCGTTGCTCCT-1,NK,NK,NK
GTAGGCCTCCTAGGGC-1,T cells,CD8 T,T cells
GTAGGCCTCTATCCTA-1,B cells,B cells,B cells
GTAGTCAAGAGGTTGC-1,B cells,CD8 T,T cells
GTAGTCAAGATAGTCA-1,Mono,Mono,Mono
GTAGTCAAGATTACCC-1,T cells,CD8 T,T cells
GTAGTCAAGCTGAAAT-1,T cells,CD8 T,T cells
GTAGTCAAGGACGAAA-1,Mono,Mono,Mono
GTAGTCAAGGAGTACC-1,Mono,Mono,Mono
GTAGTCAAGGGCACTA-1,NK,NK,NK
GTAGTCAAGGGCATGT-1,B cells,B cells,B cells
GTAGTCAAGGTCGGAT-1,T cells,CD8 T,T cells
GTAGTCAAGTCATCCA-1,B cells,CD8 T,T cells
GTAGTCAAGTTCCACA-1,Mono,Mono,Mono
GTAGTCACACCACCAG-1,T cells,CL 1,CL 1
GTAGTCACAGCCTATA-1,Mono,Mono,Mono
GTAGTCACAGCCTTTC-1,NK,NK,NK
GTAGTCACATCCCATC-1,NK,CD8 T,T cells
GTAGTCAGTAAAGTCA-1,B cells,B cells,B cells
GTAGTCAGTACGACCC-1,B cells,B cells,B cells
GTAGTCAGTACGCACC-1,T cells,CD8 T,T cells
GTAGTCAGTATGAAAC-1,Mono,Mono,Mono
GTAGTCAGTCCATCCT-1,T cells,CD8 T,T cells
GTAGTCAGTCTCGTTC-1,T cells,CL 1,CL 1
GTAGTCAGTTAAGTAG-1,Mono,Mono,Mono
GTAGTCAGTTTGTTTC-1,NK,CD8 T,T cells
GTAGTCATCCATTCTA-1,Mono,Mono,Mono
GTAGTCATCGACCAGC-1,NK,CD8 T,T cells
GTAGTCATCGTCGTTC-1,T cells,CL 1,CL 1
GTAGTCATCTGGGCCA-1,T cells,CD8 T,T cells
GTAGTCATCTTGCAAG-1,B cells,B cells,B cells
GTATCTTAGAAGATTC-1,T cells,CL 1,CL 1
GTATCTTAGCCAGTAG-1,Mono,Mono,Mono
GTATCTTAGTATCTCG-1,B cells,B cells,B cells
GTATCTTAGTGAATTG-1,T cells,CL 1,CL 1
GTATCTTAGTGCGTGA-1,NK,CD8 T,T cells
GTATCTTAGTGTTTGC-1,Mono,Mono,Mono
GTATCTTCAATCCGAT-1,Mono,Mono,Mono
GTATCTTCACAACGTT-1,NK,CD8 T,T cells
GTATCTTCACTGTCGG-1,T cells,CL 1,CL 1
GTATCTTCAGTACACT-1,T cells,CD8 T,T cells
GTATCTTCAGTGACAG-1,B cells,B cells,B cells
GTATCTTGTCACTGGC-1,B cells,B cells,B cells
GTATCTTGTCGTGGCT-1,Mono,Mono,Mono
GTATCTTGTCTCTTTA-1,Mono,Mono,Mono
GTATCTTGTGAACCTT-1,B cells,B cells,B cells
GTATCTTGTTTGCATG-1,T cells,CL 1,CL 1
GTATCTTTCAAAGTAG-1,T cells,CL 1,CL 1
GTATCTTTCAGGATCT-1,Mono,DC,DC
GTATCTTTCAGTGCAT-1,Mono,DC,DC
GTATTCTAGACAAAGG-1,T cells,CL 1,CL 1
GTATTCTAGATATACG-1,T cells,CD8 T,T cells
GTATTCTAGCGTCAAG-1,Mono,Mono,Mono
GTATTCTAGCGTTGCC-1,T cells,CD8 T,T cells
GTATTCTAGGACGAAA-1,T cells,CD8 T,T cells
GTATTCTAGGGTTTCT-1,T cells,CD8 T,T cells
GTATTCTAGTCATCCA-1,T cells,CD8 T,T cells
GTATTCTAGTTGTCGT-1,T cells,CL 1,CL 1
GTATTCTCAACTGCTA-1,Mono,Mono,Mono
GTATTCTCAAGTTCTG-1,Mono,Mono,Mono
GTATTCTCACGGCGTT-1,T cells,CD8 T,T cells
GTATTCTCAGCTATTG-1,T cells,CL 1,CL 1
GTATTCTGTCCGAATT-1,Mono,Mono,Mono
GTATTCTGTCTAGCGC-1,T cells,CD8 T,T cells
GTATTCTGTGCGGTAA-1,NK,CD8 T,T cells
GTATTCTGTTGATTGC-1,T cells,CL 1,CL 1
GTATTCTTCAGCTCGG-1,T cells,CD8 T,T cells
GTATTCTTCAGTGCAT-1,B cells,B cells,B cells
GTATTCTTCGGAAATA-1,T cells,CL 1,CL 1
GTATTCTTCGTTGCCT-1,T cells,CL 1,CL 1
GTATTCTTCTGAGTGT-1,Mono,Mono,Mono
GTATTCTTCTTCGAGA-1,T cells,CL 1,CL 1
GTCAAGTAGCAATATG-1,Mono,Mono,Mono
GTCAAGTAGCCACGCT-1,Mono,Mono,Mono
GTCAAGTAGGAGTCTG-1,T cells,CD8 T,T cells
GTCAAGTAGGCAATTA-1,B cells,B cells,B cells
GTCAAGTAGGGCTCTC-1,B cells,B cells,B cells
GTCAAGTAGGTGCACA-1,Mono,Mono,Mono
GTCAAGTCAAGCGCTC-1,T cells,CD8 T,T cells
GTCAAGTCACAGGTTT-1,T cells,CL 1,CL 1
GTCAAGTCACGCATCG-1,T cells,CD8 T,T cells
GTCAAGTCACTCGACG-1,T cells,CD8 T,T cells
GTCAAGTGTACAGTGG-1,NK,NK,NK
GTCAAGTGTATGCTTG-1,NK,CD8 T,T cells
GTCAAGTTCATAGCAC-1,T cells,CD8 T,T cells
GTCAAGTTCATCGGAT-1,NK,CD8 T,T cells
GTCAAGTTCTCGGACG-1,Platelet,Mono,Mono
GTCAAGTTCTTCGAGA-1,B cells,B cells,B cells
GTCACAAAGACCCACC-1,T cells,CL 1,CL 1
GTCACAAAGGGTCTCC-1,Mono,Mono,Mono
GTCACAAAGTACCGGA-1,Mono,Mono,Mono
GTCACAACAACGATGG-1,NK,CD8 T,T cells
GTCACAACACAGGCCT-1,Mono,Mono,Mono
GTCACAACAGTCGTGC-1,T cells,CL 1,CL 1
GTCACAACATACTCTT-1,T cells,CD8 T,T cells
GTCACAACATGCCCGA-1,T cells,CL 1,CL 1
GTCACAAGTACTCAAC-1,Mono,Mono,Mono
GTCACAAGTAGATTAG-1,B cells,B cells,B cells
GTCACAAGTGCAGGTA-1,T cells,CL 1,CL 1
GTCACAAGTGCAGTAG-1,Mono,Mono,Mono
GTCACAAGTGTCGCTG-1,Mono,Mono,Mono
GTCACAAGTGTTGAGG-1,B cells,B cells,B cells
GTCACAAGTTGAACTC-1,B cells,B cells,B cells
GTCACAAGTTGTCGCG-1,Mono,Mono,Mono
GTCACAATCTCTTGAT-1,T cells,CL 1,CL 1
GTCACAATCTTTCCTC-1,T cells,CD8 T,T cells
GTCACGGAGGTTACCT-1,T cells,CL 1,CL 1
GTCACGGAGTACGACG-1,B cells,B cells,B cells
GTCACGGCAAATTGCC-1,T cells,CL 1,CL 1
GTCACGGCAAGAAGAG-1,T cells,CD8 T,T cells
GTCACGGCAAGTCTAC-1,T cells,CL 1,CL 1
GTCACGGGTATGAAAC-1,Mono,Mono,Mono
GTCACGGGTCCATCCT-1,T cells,CD8 T,T cells
GTCACGGGTCGCTTTC-1,T cells,CL 1,CL 1
GTCACGGGTCTAAAGA-1,T cells,CL 1,CL 1
GTCACGGGTGCGGTAA-1,B cells,B cells,B cells
GTCACGGGTTGTTTGG-1,T cells,CL 1,CL 1
GTCACGGTCAACACAC-1,NK,CD8 T,T cells
GTCACGGTCAGGCAAG-1,Mono,Mono,Mono
GTCACGGTCAGTTGAC-1,T cells,CL 1,CL 1
GTCACGGTCGGACAAG-1,T cells,CL 1,CL 1
GTCATTTAGAAACGAG-1,Mono,Mono,Mono
GTCATTTAGGATTCGG-1,T cells,CL 1,CL 1
GTCATTTAGTCTCGGC-1,T cells,CD8 T,T cells
GTCATTTAGTTTGCGT-1,T cells,CL 1,CL 1
GTCATTTCAAGCCATT-1,T cells,CL 1,CL 1
GTCATTTGTAATTGGA-1,T cells,CD8 T,T cells
GTCATTTGTACACCGC-1,NK,CD8 T,T cells
GTCATTTGTCAATACC-1,NK,NK,NK
GTCATTTGTCCAGTTA-1,T cells,CD8 T,T cells
GTCATTTTCAGCGACC-1,NK,CD8 T,T cells
GTCATTTTCAGTACGT-1,T cells,CL 1,CL 1
GTCATTTTCCACGTGG-1,B cells,B cells,B cells
GTCATTTTCCCATTAT-1,Mono,Mono,Mono
GTCCTCAAGAATTGTG-1,T cells,CD8 T,T cells
GTCCTCAAGACGACGT-1,B cells,B cells,B cells
GTCCTCAAGATATGCA-1,Mono,Mono,Mono
GTCCTCAAGCTAGGCA-1,B cells,B cells,B cells
GTCCTCAAGTACGATA-1,T cells,CL 1,CL 1
GTCCTCAAGTGGTAAT-1,Mono,Mono,Mono
GTCCTCACAATGTAAG-1,B cells,CD8 T,T cells
GTCCTCACACAGGCCT-1,B cells,B cells,B cells
GTCCTCACAGCTGGCT-1,Mono,Mono,Mono
GTCCTCACAGGTCCAC-1,B cells,B cells,B cells
GTCCTCACAGTCAGAG-1,T cells,CL 1,CL 1
GTCCTCACAGTCAGCC-1,T cells,CD8 T,T cells
GTCCTCAGTCTCAACA-1,B cells,B cells,B cells
GTCCTCAGTCTTGTCC-1,T cells,CL 1,CL 1
GTCCTCAGTGGAAAGA-1,T cells,CL 1,CL 1
GTCCTCATCAACACCA-1,Mono,Mono,Mono
GTCCTCATCAAGCCTA-1,NK,CD8 T,T cells
GTCCTCATCAAGGCTT-1,T cells,CD8 T,T cells
GTCCTCATCAGTTGAC-1,B cells,B cells,B cells
GTCCTCATCATGCAAC-1,T cells,CL 1,CL 1
GTCCTCATCCATGCTC-1,T cells,CL 1,CL 1
GTCCTCATCGAACTGT-1,T cells,CD8 T,T cells
GTCCTCATCGGCTACG-1,T cells,CD8 T,T cells
GTCCTCATCGTAGGAG-1,Mono,Mono,Mono
GTCGGGTAGACAAAGG-1,NK,NK,NK
GTCGGGTAGAGTCGGT-1,T cells,CL 1,CL 1
GTCGGGTAGATGTCGG-1,T cells,CD8 T,T cells
GTCGGGTCAAACAACA-1,B cells,B cells,B cells
GTCGGGTCAATGGAGC-1,T cells,CD8 T,T cells
GTCGGGTCACCCTATC-1,NK,NK,NK
GTCGGGTCAGAGTGTG-1,T cells,CD8 T,T cells
GTCGGGTCATATACCG-1,B cells,B cells,B cells
GTCGGGTCATCCGGGT-1,T cells,CD8 T,T cells
GTCGGGTCATGGATGG-1,Mono,Mono,Mono
GTCGGGTGTAATAGCA-1,Mono,Mono,Mono
GTCGGGTGTCGGGTCT-1,Mono,Mono,Mono
GTCGGGTGTCTCGTTC-1,T cells,CL 1,CL 1
GTCGGGTGTGGTAACG-1,T cells,CL 1,CL 1
GTCGGGTGTGGTACAG-1,T cells,CD8 T,T cells
GTCGGGTGTTATCACG-1,Mono,Mono,Mono
GTCGGGTGTTCAGGCC-1,T cells,CL 1,CL 1
GTCGGGTGTTGAGTTC-1,B cells,B cells,B cells
GTCGGGTTCAAGGCTT-1,Mono,Mono,Mono
GTCGGGTTCACCTCGT-1,Mono,Mono,Mono
GTCGGGTTCCAAACTG-1,T cells,CL 1,CL 1
GTCGGGTTCCAATGGT-1,Mono,Mono,Mono
GTCGGGTTCGCTAGCG-1,B cells,B cells,B cells
GTCGGGTTCTGCGGCA-1,T cells,CD8 T,T cells
GTCGTAAAGACAAGCC-1,Mono,Mono,Mono
GTCGTAAAGACAGGCT-1,Mono,Mono,Mono
GTCGTAAAGCCACCTG-1,B cells,B cells,B cells
GTCGTAAAGCGTTGCC-1,T cells,CL 1,CL 1
GTCGTAAAGGGAAACA-1,T cells,CD8 T,T cells
GTCGTAACAACTGCGC-1,T cells,CL 1,CL 1
GTCGTAACAACTTGAC-1,T cells,CL 1,CL 1
GTCGTAACAAGAAAGG-1,Mono,Mono,Mono
GTCGTAACAAGCTGTT-1,B cells,B cells,B cells
GTCGTAACAGTCAGAG-1,T cells,CL 1,CL 1
GTCGTAACATAAGACA-1,Mono,Mono,Mono
GTCGTAACATACTACG-1,B cells,B cells,B cells
GTCGTAAGTCTCCCTA-1,Mono,DC,DC
GTCGTAAGTGCACTTA-1,Mono,Mono,Mono
GTCGTAAGTGCCTGTG-1,T cells,CD8 T,T cells
GTCGTAAGTTGATTCG-1,T cells,CD8 T,T cells
GTCGTAATCACAACGT-1,T cells,CD8 T,T cells
GTCGTAATCACCCTCA-1,NK,CD8 T,T cells
GTCGTAATCGTGTAGT-1,T cells,CD8 T,T cells
GTCTCGTAGAAACCGC-1,Mono,Mono,Mono
GTCTCGTAGAATGTGT-1,T cells,CD8 T,T cells
GTCTCGTAGACCTTTG-1,T cells,CL 1,CL 1
GTCTCGTAGTACGCCC-1,NK,CD8 T,T cells
GTCTCGTAGTGGGTTG-1,B cells,B cells,B cells
GTCTCGTAGTTACCCA-1,Mono,Mono,Mono
GTCTCGTCAAGCGAGT-1,T cells,CL 1,CL 1
GTCTCGTCAGGCAGTA-1,Mono,Mono,Mono
GTCTCGTCATGAGCGA-1,T cells,CL 1,CL 1
GTCTCGTGTATTACCG-1,NK,CD8 T,T cells
GTCTCGTGTCTCGTTC-1,B cells,B cells,B cells
GTCTCGTGTCTCTTTA-1,Mono,Mono,Mono
GTCTCGTGTCTGATTG-1,B cells,B cells,B cells
GTCTCGTGTGGCTCCA-1,Mono,Mono,Mono
GTCTCGTTCCTTGACC-1,T cells,CL 1,CL 1
GTCTCGTTCGGAGGTA-1,T cells,CD8 T,T cells
GTCTCGTTCTGCGACG-1,T cells,CL 1,CL 1
GTCTCGTTCTGTTTGT-1,B cells,B cells,B cells
GTCTCGTTCTTGCCGT-1,T cells,CD8 T,T cells
GTCTTCGAGATACACA-1,T cells,CD8 T,T cells
GTCTTCGAGATGCCAG-1,T cells,CD8 T,T cells
GTCTTCGAGCAGCCTC-1,B cells,B cells,B cells
GTCTTCGAGGAACTGC-1,Mono,Mono,Mono
GTCTTCGAGGTACTCT-1,T cells,CD8 T,T cells
GTCTTCGAGTTTCCTT-1,T cells,CD8 T,T cells
GTCTTCGCAACACGCC-1,Mono,Mono,Mono
GTCTTCGGTAGAGCTG-1,B cells,B cells,B cells
GTCTTCGGTAGCACGA-1,NK,NK,NK
GTCTTCGGTAGCGTCC-1,T cells,CD8 T,T cells
GTCTTCGGTCTCTTAT-1,T cells,CD8 T,T cells
GTCTTCGGTGCACTTA-1,NK,NK,NK
GTCTTCGTCAGTACGT-1,B cells,B cells,B cells
GTCTTCGTCGTAGGTT-1,T cells,CL 1,CL 1
GTCTTCGTCTACCAGA-1,Mono,Mono,Mono
GTCTTCGTCTGTCTAT-1,T cells,CL 1,CL 1
GTCTTCGTCTTGAGAC-1,Mono,Mono,Mono
GTGAAGGAGAAGGCCT-1,T cells,CD8 T,T cells
GTGAAGGAGAATCTCC-1,Mono,Mono,Mono
GTGAAGGAGAATTCCC-1,Mono,Mono,Mono
GTGAAGGAGAGCAATT-1,Mono,Mono,Mono
GTGAAGGAGCCCAACC-1,B cells,B cells,B cells
GTGAAGGAGTACATGA-1,Mono,Mono,Mono
GTGAAGGCACACAGAG-1,T cells,CD8 T,T cells
GTGAAGGCAGGCAGTA-1,T cells,CD8 T,T cells
GTGAAGGCATTGTGCA-1,B cells,B cells,B cells
GTGAAGGGTATATGAG-1,T cells,CL 1,CL 1
GTGAAGGGTCCCGACA-1,T cells,CL 1,CL 1
GTGAAGGGTCTAGAGG-1,Mono,Mono,Mono
GTGAAGGGTTATTCTC-1,T cells,CL 1,CL 1
GTGAAGGTCATCATTC-1,T cells,CD8 T,T cells
GTGAAGGTCCCTTGCA-1,Mono,Mono,Mono
GTGAAGGTCTGCGGCA-1,T cells,CL 1,CL 1
GTGAAGGTCTGTCTCG-1,B cells,B cells,B cells
GTGCAGCAGACTGTAA-1,T cells,CL 1,CL 1
GTGCAGCAGCGATCCC-1,B cells,B cells,B cells
GTGCAGCAGCTGCAAG-1,Mono,DC,DC
GTGCAGCAGTAACCCT-1,T cells,CD8 T,T cells
GTGCAGCCAAACCTAC-1,Mono,Mono,Mono
GTGCAGCCAAAGCGGT-1,T cells,CD8 T,T cells
GTGCAGCCAATGACCT-1,Mono,Mono,Mono
GTGCAGCCACTTACGA-1,T cells,CD8 T,T cells
GTGCAGCCATCTGGTA-1,NK,CD8 T,T cells
GTGCAGCGTCTTTCAT-1,T cells,CD8 T,T cells
GTGCAGCGTGACCAAG-1,T cells,CD8 T,T cells
GTGCAGCGTGTGAATA-1,NK,CD8 T,T cells
GTGCAGCGTGTGCGTC-1,T cells,CL 1,CL 1
GTGCAGCGTGTTCTTT-1,T cells,CL 1,CL 1
GTGCAGCGTTAGGGTG-1,T cells,CL 1,CL 1
GTGCAGCTCAGAAATG-1,T cells,CL 1,CL 1
GTGCAGCTCTGGCGAC-1,T cells,CL 1,CL 1
GTGCATAAGAGTAATC-1,NK,CD8 T,T cells
GTGCATAAGCCACGTC-1,Mono,Mono,Mono
GTGCATAAGGAATCGC-1,B cells,B cells,B cells
GTGCATAAGGGAACGG-1,Mono,Mono,Mono
GTGCATAAGTAGTGCG-1,T cells,CD8 T,T cells
GTGCATACAAAGAATC-1,T cells,CD8 T,T cells
GTGCATACAAATACAG-1,T cells,CD8 T,T cells
GTGCATACAATCTGCA-1,Mono,Mono,Mono
GTGCATACAGCCTTTC-1,Mono,Mono,Mono
GTGCATACATGGATGG-1,T cells,CD8 T,T cells
GTGCATAGTAGTACCT-1,NK,CD8 T,T cells
GTGCATAGTCTCCCTA-1,Mono,Mono,Mono
GTGCATAGTTAAAGAC-1,T cells,CL 1,CL 1
GTGCATAGTTCCGGCA-1,NK,CD8 T,T cells
GTGCATATCAAGCCTA-1,T cells,CL 1,CL 1
GTGCATATCACGAAGG-1,T cells,CD8 T,T cells
GTGCATATCAGTTCGA-1,Mono,Mono,Mono
GTGCATATCCAACCAA-1,T cells,CL 1,CL 1
GTGCATATCCTTTACA-1,NK,CD8 T,T cells
GTGCATATCGTATCAG-1,B cells,B cells,B cells
GTGCATATCGTTACAG-1,B cells,CD8 T,T cells
GTGCATATCTCGATGA-1,T cells,CL 1,CL 1
GTGCGGTAGAAGGCCT-1,Mono,Mono,Mono
GTGCGGTAGAGACGAA-1,Mono,Mono,Mono
GTGCGGTAGGCCCGTT-1,NK,CD8 T,T cells
GTGCGGTCAATAGCGG-1,NK,NK,NK
GTGCGGTCACACGCTG-1,T cells,CD8 T,T cells
GTGCGGTCACGCCAGT-1,T cells,CL 1,CL 1
GTGCGGTCAGTCGATT-1,Mono,Mono,Mono
GTGCGGTCATATACCG-1,Mono,Mono,Mono
GTGCGGTGTATTAGCC-1,T cells,CL 1,CL 1
GTGCGGTGTCCGTGAC-1,NK,CD8 T,T cells
GTGCGGTGTGATGTCT-1,Mono,Mono,Mono
GTGCGGTGTTAAGAAC-1,Mono,Mono,Mono
GTGCGGTGTTCCACGG-1,T cells,CL 1,CL 1
GTGCGGTGTTTGCATG-1,T cells,CD8 T,T cells
GTGCGGTTCAGCCTAA-1,Mono,Mono,Mono
GTGCGGTTCCTATTCA-1,Mono,Mono,Mono
GTGCGGTTCGAGGTAG-1,T cells,CD8 T,T cells
GTGCGGTTCGTGGACC-1,T cells,CL 1,CL 1
GTGCTTCAGGCATGTG-1,T cells,CD8 T,T cells
GTGCTTCAGGCCGAAT-1,Mono,Mono,Mono
GTGCTTCAGTCATGCT-1,Mono,Mono,Mono
GTGCTTCAGTCCGTAT-1,NK,CD8 T,T cells
GTGCTTCCACGACGAA-1,T cells,CL 1,CL 1
GTGCTTCCAGGTCCAC-1,Mono,Mono,Mono
GTGCTTCCAGTCTTCC-1,T cells,CD8 T,T cells
GTGCTTCCATAGTAAG-1,T cells,CL 1,CL 1
GTGCTTCGTGATGTCT-1,T cells,CL 1,CL 1
GTGCTTCGTGTTTGGT-1,B cells,B cells,B cells
GTGCTTCGTGTTTGTG-1,NK,CD8 T,T cells
GTGCTTCTCAAGCCTA-1,B cells,B cells,B cells
GTGCTTCTCCCTCTTT-1,T cells,CD8 T,T cells
GTGCTTCTCGTTGACA-1,T cells,CL 1,CL 1
GTGCTTCTCTGGTGTA-1,NK,CD8 T,T cells
GTGCTTCTCTTGACGA-1,T cells,CL 1,CL 1
GTGGGTCAGAAGATTC-1,Mono,DC,DC
GTGGGTCAGCTAGTCT-1,T cells,CD8 T,T cells
GTGGGTCAGGAGTCTG-1,T cells,CD8 T,T cells
GTGGGTCAGGCGTACA-1,B cells,B cells,B cells
GTGGGTCCAAGTAGTA-1,T cells,CD8 T,T cells
GTGGGTCCAATCCAAC-1,NK,CD8 T,T cells
GTGGGTCCAGTATAAG-1,Mono,Mono,Mono
GTGGGTCCATCACGTA-1,T cells,CL 1,CL 1
GTGGGTCGTCAAGCGA-1,T cells,CD8 T,T cells
GTGGGTCGTCACCTAA-1,T cells,CD8 T,T cells
GTGGGTCGTCCAACTA-1,Mono,Mono,Mono
GTGGGTCGTCCGAGTC-1,NK,NK,NK
GTGGGTCGTGTGGTTT-1,Mono,Mono,Mono
GTGGGTCGTGTGTGCC-1,T cells,CD8 T,T cells
GTGGGTCGTTTCGCTC-1,T cells,CL 1,CL 1
GTGGGTCTCATAGCAC-1,T cells,CD8 T,T cells
GTGGGTCTCATATCGG-1,B cells,B cells,B cells
GTGGGTCTCTACTTAC-1,NK,CD8 T,T cells
GTGGGTCTCTTTACAC-1,T cells,CD8 T,T cells
GTGTGCGAGACACTAA-1,T cells,CL 1,CL 1
GTGTGCGAGCGACGTA-1,Mono,Mono,Mono
GTGTGCGAGCGTGAAC-1,Mono,Mono,Mono
GTGTGCGAGCTAAGAT-1,T cells,CL 1,CL 1
GTGTGCGAGGACACCA-1,Mono,Mono,Mono
GTGTGCGAGTCGAGTG-1,Mono,Mono,Mono
GTGTGCGAGTCTCCTC-1,B cells,B cells,B cells
GTGTGCGAGTTTCCTT-1,B cells,B cells,B cells
GTGTGCGCACGAAATA-1,T cells,CL 1,CL 1
GTGTGCGCAGGATTGG-1,NK,CD8 T,T cells
GTGTGCGCATCTATGG-1,NK,NK,NK
GTGTGCGCATGCCACG-1,Mono,DC,DC
GTGTGCGGTACCGCTG-1,B cells,B cells,B cells
GTGTGCGGTCAGATAA-1,T cells,CD8 T,T cells
GTGTGCGGTCTCCACT-1,B cells,B cells,B cells
GTGTGCGGTTTGTTGG-1,Mono,Mono,Mono
GTGTGCGTCGAGGTAG-1,T cells,CL 1,CL 1
GTGTGCGTCGCGATCG-1,T cells,CD8 T,T cells
GTGTGCGTCGTTGCCT-1,NK,CD8 T,T cells
GTGTGCGTCTGGTTCC-1,NK,CD8 T,T cells
GTGTTAGAGAATGTGT-1,Mono,Mono,Mono
GTGTTAGAGACAGACC-1,Mono,Mono,Mono
GTGTTAGAGAGCTGGT-1,Mono,Mono,Mono
GTGTTAGAGATAGGAG-1,Mono,Mono,Mono
GTGTTAGAGCGGATCA-1,T cells,CD8 T,T cells
GTGTTAGAGGCTCATT-1,T cells,CD8 T,T cells
GTGTTAGCAAATCCGT-1,Mono,Mono,Mono
GTGTTAGCAAGGCTCC-1,T cells,CL 1,CL 1
GTGTTAGCAAGGGTCA-1,Mono,Mono,Mono
GTGTTAGCACAGATTC-1,T cells,CL 1,CL 1
GTGTTAGCAGGGCATA-1,Mono,Mono,Mono
GTGTTAGCATGCAATC-1,T cells,CD8 T,T cells
GTGTTAGGTACGACCC-1,T cells,CL 1,CL 1
GTGTTAGGTAGAAAGG-1,NK,CD8 T,T cells
GTGTTAGGTAGCACGA-1,T cells,CD8 T,T cells
GTGTTAGGTCCTCCAT-1,NK,NK,NK
GTGTTAGGTGTCAATC-1,T cells,CD8 T,T cells
GTGTTAGGTTGATTGC-1,Mono,Mono,Mono
GTGTTAGTCAAACCAC-1,NK,CD8 T,T cells
GTGTTAGTCGTTGCCT-1,T cells,CD8 T,T cells
GTGTTAGTCTTGAGAC-1,B cells,B cells,B cells
GTTAAGCAGATGCCTT-1,T cells,CD8 T,T cells
GTTAAGCAGCCAGAAC-1,NK,CD8 T,T cells
GTTAAGCAGCCCTAAT-1,Mono,Mono,Mono
GTTAAGCCAATAGCGG-1,T cells,CL 1,CL 1
GTTAAGCCACATGGGA-1,T cells,CD8 T,T cells
GTTAAGCCAGCTTCGG-1,T cells,CL 1,CL 1
GTTAAGCCATGGGACA-1,T cells,CD8 T,T cells
GTTAAGCCATTGGTAC-1,T cells,CD8 T,T cells
GTTAAGCGTACCTACA-1,Mono,DC,DC
GTTAAGCGTAGATTAG-1,Mono,Mono,Mono
GTTAAGCGTATATGAG-1,B cells,B cells,B cells
GTTAAGCGTCCATGAT-1,NK,CD8 T,T cells
GTTAAGCGTTCCATGA-1,Mono,Mono,Mono
GTTAAGCTCATGGTCA-1,T cells,CL 1,CL 1
GTTAAGCTCCTTAATC-1,T cells,CD8 T,T cells
GTTAAGCTCGTTTAGG-1,Mono,DC,DC
GTTACAGAGAAACCAT-1,Mono,Mono,Mono
GTTACAGAGCAATATG-1,B cells,B cells,B cells
GTTACAGAGCCCAGCT-1,Mono,Mono,Mono
GTTACAGAGGCGCTCT-1,B cells,CD8 T,T cells
GTTACAGAGTGAAGAG-1,T cells,CD8 T,T cells
GTTACAGCAACCGCCA-1,T cells,CD8 T,T cells
GTTACAGCAAGCCTAT-1,T cells,CD8 T,T cells
GTTACAGCAGGATTGG-1,Mono,Mono,Mono
GTTACAGCATACTACG-1,T cells,CD8 T,T cells
GTTACAGGTAAACACA-1,T cells,CD8 T,T cells
GTTACAGGTAACGACG-1,B cells,B cells,B cells
GTTACAGGTAGGCTGA-1,T cells,CD8 T,T cells
GTTACAGGTCCAAGTT-1,B cells,B cells,B cells
GTTACAGGTCCTCTTG-1,T cells,CL 1,CL 1
GTTACAGGTCTCTTTA-1,B cells,CD8 T,T cells
GTTACAGGTCTTCTCG-1,T cells,CL 1,CL 1
GTTACAGGTGTTGAGG-1,T cells,CD8 T,T cells
GTTACAGGTGTTTGTG-1,Mono,Mono,Mono
GTTACAGTCCAGGGCT-1,B cells,CD8 T,T cells
GTTACAGTCCGAAGAG-1,Mono,Mono,Mono
GTTACAGTCGCATGAT-1,T cells,CL 1,CL 1
GTTACAGTCGTCGTTC-1,Mono,Mono,Mono
GTTACAGTCTATCCTA-1,NK,CD8 T,T cells
GTTACAGTCTCACATT-1,Mono,Mono,Mono
GTTACAGTCTCCCTGA-1,Mono,Mono,Mono
GTTCATTAGCTGATAA-1,T cells,CD8 T,T cells
GTTCATTAGGCTATCT-1,Mono,Mono,Mono
GTTCATTAGGGAAACA-1,B cells,B cells,B cells
GTTCATTCATCGTCGG-1,T cells,CL 1,CL 1
GTTCATTGTACGAAAT-1,T cells,CL 1,CL 1
GTTCATTGTCAATACC-1,Mono,Mono,Mono
GTTCATTGTCCAGTTA-1,T cells,CD8 T,T cells
GTTCATTGTCCGAATT-1,B cells,CD8 T,T cells
GTTCATTGTCTTCAAG-1,B cells,B cells,B cells
GTTCATTGTTCTGAAC-1,T cells,CL 1,CL 1
GTTCATTTCACAAACC-1,Mono,Mono,Mono
GTTCATTTCAGCATGT-1,T cells,CD8 T,T cells
GTTCATTTCCAGTAGT-1,T cells,CL 1,CL 1
GTTCATTTCCCTAACC-1,T cells,CD8 T,T cells
GTTCATTTCTTAACCT-1,Mono,DC,DC
GTTCGGGAGCAGCGTA-1,T cells,CD8 T,T cells
GTTCGGGAGCCATCGC-1,Mono,Mono,Mono
GTTCGGGAGCGGATCA-1,T cells,CL 1,CL 1
GTTCGGGAGGAGTTGC-1,B cells,B cells,B cells
GTTCGGGAGTAAGTAC-1,B cells,B cells,B cells
GTTCGGGCAAGGACAC-1,T cells,CL 1,CL 1
GTTCGGGCACCAGCAC-1,T cells,CD8 T,T cells
GTTCGGGCACCTCGTT-1,T cells,CD8 T,T cells
GTTCGGGCACGAGGTA-1,Mono,Mono,Mono
GTTCGGGCAGATTGCT-1,Mono,Mono,Mono
GTTCGGGCATAACCTG-1,Mono,Mono,Mono
GTTCGGGGTAGCGTGA-1,NK,CD8 T,T cells
GTTCGGGGTCTTCGTC-1,Mono,Mono,Mono
GTTCGGGGTGAGGCTA-1,Mono,Mono,Mono
GTTCGGGTCAGTTAGC-1,B cells,B cells,B cells
GTTCTCGAGCGTAATA-1,T cells,CD8 T,T cells
GTTCTCGAGCTTCGCG-1,T cells,CD8 T,T cells
GTTCTCGAGGACCACA-1,B cells,CD8 T,T cells
GTTCTCGAGGGTTTCT-1,Mono,Mono,Mono
GTTCTCGAGTCTCAAC-1,NK,NK,NK
GTTCTCGAGTGAATTG-1,Mono,Mono,Mono
GTTCTCGCACAGATTC-1,T cells,CD8 T,T cells
GTTCTCGCACCGTTGG-1,T cells,CL 1,CL 1
GTTCTCGCAGCCACCA-1,T cells,CD8 T,T cells
GTTCTCGCAGGGTTAG-1,T cells,CD8 T,T cells
GTTCTCGGTGAACCTT-1,B cells,B cells,B cells
GTTCTCGGTGATAAAC-1,T cells,CD8 T,T cells
GTTCTCGGTGCAACTT-1,Mono,DC,DC
GTTCTCGGTTAGAACA-1,T cells,CD8 T,T cells
GTTCTCGTCAGCCTAA-1,T cells,CD8 T,T cells
GTTCTCGTCCGAGCCA-1,T cells,CL 1,CL 1
GTTCTCGTCGAACTGT-1,B cells,B cells,B cells
GTTCTCGTCTGCCCTA-1,T cells,CD8 T,T cells
GTTCTCGTCTTAGCCC-1,T cells,CD8 T,T cells
GTTTCTAAGAGACTTA-1,NK,CD8 T,T cells
GTTTCTAAGGAGTCTG-1,Mono,Mono,Mono
GTTTCTAAGGATATAC-1,T cells,CD8 T,T cells
GTTTCTAAGGTGATTA-1,Mono,Mono,Mono
GTTTCTAAGTCCTCCT-1,T cells,CD8 T,T cells
GTTTCTAAGTGTCCCG-1,B cells,CD8 T,T cells
GTTTCTACACCAGGTC-1,T cells,CD8 T,T cells
GTTTCTACACGAGGTA-1,T cells,CD8 T,T cells
GTTTCTACAGCTATTG-1,T cells,CD8 T,T cells
GTTTCTAGTAACGACG-1,T cells,CD8 T,T cells
GTTTCTAGTCTTGTCC-1,Mono,DC,DC
GTTTCTAGTTCGGCAC-1,Mono,Mono,Mono
GTTTCTATCCACTCCA-1,T cells,CL 1,CL 1
GTTTCTATCCTTTCTC-1,B cells,B cells,B cells
GTTTCTATCGATGAGG-1,Mono,Mono,Mono
GTTTCTATCGTAGATC-1,B cells,B cells,B cells
GTTTCTATCTCAAACG-1,Mono,Mono,Mono
GTTTCTATCTGGAGCC-1,T cells,CL 1,CL 1
GTTTCTATCTTAGCCC-1,T cells,CL 1,CL 1
TAAACCGAGAAACCTA-1,T cells,CL 1,CL 1
TAAACCGAGAGGACGG-1,Mono,Mono,Mono
TAAACCGAGCGTGAGT-1,T cells,CD8 T,T cells
TAAACCGCAAGTAGTA-1,T cells,CD8 T,T cells
TAAACCGCAGCTCGAC-1,NK,CD8 T,T cells
TAAACCGCATGTCTCC-1,NK,CD8 T,T cells
TAAACCGGTCGTGGCT-1,Mono,Mono,Mono
TAAACCGGTCTAGCCG-1,T cells,CD8 T,T cells
TAAACCGGTGTGCGTC-1,NK,NK,NK
TAAACCGGTGTTAAGA-1,T cells,CD8 T,T cells
TAAACCGGTTCCACGG-1,NK,NK,NK
TAAACCGGTTGGTAAA-1,T cells,CL 1,CL 1
TAAACCGTCAGAGGTG-1,T cells,CD8 T,T cells
TAAACCGTCATCGGAT-1,T cells,CD8 T,T cells
TAAACCGTCCTCTAGC-1,B cells,B cells,B cells
TAAGAGAAGACCGGAT-1,Mono,Mono,Mono
TAAGAGAAGCTGAACG-1,NK,CD8 T,T cells
TAAGAGAAGGCGATAC-1,NK,CD8 T,T cells
TAAGAGACAAGAGGCT-1,T cells,CD8 T,T cells
TAAGAGACAATCGGTT-1,T cells,CD8 T,T cells
TAAGAGACACCACGTG-1,T cells,CL 1,CL 1
TAAGAGACACGTTGGC-1,B cells,B cells,B cells
TAAGAGACAGGCGATA-1,B cells,CD8 T,T cells
TAAGAGACAGGGCATA-1,Mono,DC,DC
TAAGAGACAGGTTTCA-1,T cells,CL 1,CL 1
TAAGAGACATCATCCC-1,T cells,CD8 T,T cells
TAAGAGACATGACGGA-1,T cells,CD8 T,T cells
TAAGAGAGTCTTCGTC-1,T cells,CL 1,CL 1
TAAGAGATCAAAGTAG-1,Mono,Mono,Mono
TAAGAGATCATAGCAC-1,Mono,Mono,Mono
TAAGAGATCGCGCCAA-1,NK,NK,NK
TAAGAGATCTGCGGCA-1,NK,NK,NK
TAAGAGATCTTGCATT-1,Mono,Mono,Mono
TAAGAGATCTTTACGT-1,B cells,B cells,B cells
TAAGCGTAGATAGCAT-1,Platelet,Mono,Mono
TAAGCGTAGGAGTTTA-1,B cells,B cells,B cells
TAAGCGTAGGATGGTC-1,NK,NK,NK
TAAGCGTCAACTTGAC-1,B cells,B cells,B cells
TAAGCGTCAGATTGCT-1,NK,NK,NK
TAAGCGTCAGCTGCAC-1,Mono,Mono,Mono
TAAGCGTCATCGATGT-1,Mono,Mono,Mono
TAAGCGTCATGGGAAC-1,Mono,Mono,Mono
TAAGCGTGTACGACCC-1,Mono,Mono,Mono
TAAGCGTGTCAGCTAT-1,Mono,Mono,Mono
TAAGCGTGTGAGGGTT-1,Mono,Mono,Mono
TAAGCGTGTGCCTGGT-1,T cells,CL 1,CL 1
TAAGCGTTCACTCCTG-1,T cells,CL 1,CL 1
TAAGCGTTCAGCATGT-1,Mono,Mono,Mono
TAAGCGTTCGTCACGG-1,T cells,CL 1,CL 1
TAAGTGCAGACACTAA-1,T cells,CL 1,CL 1
TAAGTGCAGCGTTTAC-1,Mono,Mono,Mono
TAAGTGCAGGACGAAA-1,B cells,CD8 T,T cells
TAAGTGCCAACTGGCC-1,B cells,B cells,B cells
TAAGTGCCAATGACCT-1,B cells,CD8 T,T cells
TAAGTGCCACGGTAAG-1,Mono,Mono,Mono
TAAGTGCCATGACGGA-1,B cells,B cells,B cells
TAAGTGCGTCGAGATG-1,T cells,CD8 T,T cells
TAAGTGCGTCTGGTCG-1,T cells,CD8 T,T cells
TAAGTGCGTGCGGTAA-1,Mono,Mono,Mono
TAAGTGCTCACCCGAG-1,T cells,CD8 T,T cells
TAAGTGCTCAGTTTGG-1,B cells,B cells,B cells
TAAGTGCTCCCTTGCA-1,Mono,Mono,Mono
TAAGTGCTCGTACCGG-1,T cells,CD8 T,T cells
TAAGTGCTCTACTCAT-1,T cells,CD8 T,T cells
TACACGAAGACACGAC-1,B cells,B cells,B cells
TACACGAAGCAGACTG-1,B cells,CD8 T,T cells
TACACGAAGCCGGTAA-1,NK,NK,NK
TACACGAAGCTAGTCT-1,Mono,Mono,Mono
TACACGACAAGTAATG-1,Mono,Mono,Mono
TACACGACATCACGTA-1,B cells,B cells,B cells
TACACGACATGTTCCC-1,T cells,CL 1,CL 1
TACACGAGTAAGAGGA-1,Mono,Mono,Mono
TACACGAGTCTCACCT-1,Mono,Mono,Mono
TACACGAGTGATGATA-1,T cells,CD8 T,T cells
TACACGAGTGTCGCTG-1,T cells,CL 1,CL 1
TACACGATCAAACAAG-1,Mono,Mono,Mono
TACACGATCATCTGCC-1,T cells,CD8 T,T cells
TACACGATCTAACCGA-1,B cells,CD8 T,T cells
TACAGTGAGCCAGAAC-1,B cells,B cells,B cells
TACAGTGAGGACGAAA-1,T cells,CL 1,CL 1
TACAGTGAGGGAAACA-1,NK,CD8 T,T cells
TACAGTGCACACCGAC-1,NK,CD8 T,T cells
TACAGTGCACGTGAGA-1,T cells,CD8 T,T cells
TACAGTGCATCCGCGA-1,T cells,CD8 T,T cells
TACAGTGTCACATGCA-1,Mono,Mono,Mono
TACAGTGTCATATCGG-1,B cells,B cells,B cells
TACAGTGTCATCGGAT-1,Mono,Mono,Mono
TACAGTGTCCAACCAA-1,T cells,CL 1,CL 1
TACAGTGTCTTTAGGG-1,Mono,Mono,Mono
TACCTATAGAAGGCCT-1,T cells,CD8 T,T cells
TACCTATAGAGGGCTT-1,T cells,CL 1,CL 1
TACCTATAGCTTATCG-1,T cells,CD8 T,T cells
TACCTATCAATGGAGC-1,T cells,CL 1,CL 1
TACCTATCATGGTCTA-1,T cells,CL 1,CL 1
TACCTATGTAAGTAGT-1,NK,CD8 T,T cells
TACCTATGTATCAGTC-1,Mono,Mono,Mono
TACCTATGTCCGAGTC-1,Mono,Mono,Mono
TACCTATGTGCAGACA-1,Mono,DC,DC
TACCTATGTTCAGCGC-1,Mono,Mono,Mono
TACCTATGTTGCTCCT-1,Mono,Mono,Mono
TACCTATTCTTCATGT-1,B cells,CD8 T,T cells
TACCTATTCTTGAGGT-1,Mono,Mono,Mono
TACCTTAAGAAGAAGC-1,T cells,CL 1,CL 1
TACCTTAAGACAGGCT-1,T cells,CL 1,CL 1
TACCTTAAGACCACGA-1,Mono,Mono,Mono
TACCTTAAGATGCCTT-1,T cells,CD8 T,T cells
TACCTTAAGCAGACTG-1,T cells,CL 1,CL 1
TACCTTAAGCGCCTTG-1,T cells,CL 1,CL 1
TACCTTAAGGTGCAAC-1,T cells,CL 1,CL 1
TACCTTACAAGGCTCC-1,B cells,B cells,B cells
TACCTTACACAGATTC-1,NK,CD8 T,T cells
TACCTTACATACAGCT-1,Mono,Mono,Mono
TACCTTACATCACAAC-1,B cells,B cells,B cells
TACCTTAGTACGACCC-1,B cells,B cells,B cells
TACCTTAGTCTCACCT-1,B cells,B cells,B cells
TACCTTAGTGTCCTCT-1,T cells,CD8 T,T cells
TACCTTAGTTCGCTAA-1,B cells,B cells,B cells
TACCTTATCAACACAC-1,Mono,Mono,Mono
TACCTTATCACCGGGT-1,B cells,B cells,B cells
TACCTTATCACTTCAT-1,Mono,Mono,Mono
TACCTTATCCAAAGTC-1,Mono,Mono,Mono
TACCTTATCCAATGGT-1,B cells,B cells,B cells
TACCTTATCGAATCCA-1,Mono,Mono,Mono
TACCTTATCGAGAACG-1,NK,CD8 T,T cells
TACCTTATCGCCATAA-1,NK,CD8 T,T cells
TACCTTATCTAACGGT-1,NK,CD8 T,T cells
TACGGATAGCCCAACC-1,Mono,Mono,Mono
TACGGATAGGCTCAGA-1,Mono,Mono,Mono
TACGGATAGTAACCCT-1,Mono,Mono,Mono
TACGGATAGTCTCAAC-1,Mono,DC,DC
TACGGATAGTGCCATT-1,Mono,DC,DC
TACGGATCAAGTTGTC-1,T cells,CD8 T,T cells
TACGGATCAATCAGAA-1,T cells,CD8 T,T cells
TACGGATCACGGCCAT-1,NK,NK,NK
TACGGATCATGTAGTC-1,Mono,Mono,Mono
TACGGATGTAAGTAGT-1,T cells,CD8 T,T cells
TACGGATGTGCTCTTC-1,T cells,CD8 T,T cells
TACGGATGTTCTGAAC-1,T cells,CD8 T,T cells
TACGGATGTTTGGCGC-1,NK,CD8 T,T cells
TACGGATTCACAAACC-1,T cells,CL 1,CL 1
TACGGATTCACTTACT-1,B cells,CD8 T,T cells
TACGGATTCCGCGGTA-1,Mono,Mono,Mono
TACGGATTCCGTCATC-1,Mono,Mono,Mono
TACGGGCAGCACACAG-1,Mono,Mono,Mono
TACGGGCCAATCACAC-1,B cells,CD8 T,T cells
TACGGGCCACGTCAGC-1,Mono,DC,DC
TACGGGCCAGATAATG-1,B cells,B cells,B cells
TACGGGCCAGCGTTCG-1,Mono,Mono,Mono
TACGGGCCATAGTAAG-1,T cells,CL 1,CL 1
TACGGGCGTAGAGTGC-1,Mono,Mono,Mono
TACGGGCGTCTCACCT-1,NK,NK,NK
TACGGGCGTCTGGAGA-1,Mono,Mono,Mono
TACGGGCGTGATAAAC-1,Mono,DC,DC
TACGGGCGTTATCCGA-1,NK,NK,NK
TACGGTAAGAAACCTA-1,Mono,Mono,Mono
TACGGTAAGAGTACCG-1,T cells,CD8 T,T cells
TACGGTAAGCCCTAAT-1,B cells,B cells,B cells
TACGGTAAGGCATGGT-1,NK,NK,NK
TACGGTAAGGCATGTG-1,NK,NK,NK
TACGGTAAGTGGGTTG-1,NK,CD8 T,T cells
TACGGTACACATGGGA-1,T cells,CL 1,CL 1
TACGGTACAGCGATCC-1,NK,CD8 T,T cells
TACGGTACATACTCTT-1,B cells,B cells,B cells
TACGGTAGTCGGCACT-1,T cells,CL 1,CL 1
TACGGTAGTGTGGCTC-1,T cells,CD8 T,T cells
TACGGTAGTTCACGGC-1,B cells,B cells,B cells
TACGGTATCAGCAACT-1,T cells,CL 1,CL 1
TACTCATAGAATTGTG-1,Mono,Mono,Mono
TACTCATAGTACGACG-1,T cells,CD8 T,T cells
TACTCATCAAACCTAC-1,B cells,B cells,B cells
TACTCATCAATGTTGC-1,Mono,Mono,Mono
TACTCATCAGGTCTCG-1,B cells,B cells,B cells
TACTCATCATATACGC-1,B cells,B cells,B cells
TACTCATCATGTCTCC-1,T cells,CD8 T,T cells
TACTCATCATTTGCCC-1,NK,NK,NK
TACTCATGTAGGCTGA-1,T cells,CL 1,CL 1
TACTCATGTCAGCTAT-1,NK,CD8 T,T cells
TACTCATGTCATGCAT-1,NK,CD8 T,T cells
TACTCATGTGAAGGCT-1,Mono,Mono,Mono
TACTCATGTTATGCGT-1,NK,CD8 T,T cells
TACTCATTCAACGGCC-1,T cells,CL 1,CL 1
TACTCATTCAGGTTCA-1,NK,CD8 T,T cells
TACTCATTCATTTGGG-1,NK,CD8 T,T cells
TACTCATTCCACGAAT-1,B cells,B cells,B cells
TACTCATTCCGTCAAA-1,Mono,Mono,Mono
TACTCATTCGCCATAA-1,Mono,CL 1,CL 1
TACTCATTCGGTTCGG-1,Mono,Mono,Mono
TACTCATTCTCCCTGA-1,Mono,Mono,Mono
TACTCGCAGAATTCCC-1,T cells,CD8 T,T cells
TACTCGCAGCTCCCAG-1,B cells,CD8 T,T cells
TACTCGCAGGCCCTTG-1,NK,NK,NK
TACTCGCAGTGTTTGC-1,Mono,Mono,Mono
TACTCGCCAAGGTTTC-1,NK,CD8 T,T cells
TACTCGCCAAGTTAAG-1,T cells,CD8 T,T cells
TACTCGCCACTATCTT-1,T cells,CD8 T,T cells
TACTCGCCAGGCAGTA-1,B cells,B cells,B cells
TACTCGCGTACCTACA-1,T cells,CD8 T,T cells
TACTCGCGTAGCACGA-1,Mono,Mono,Mono
TACTCGCGTCATTAGC-1,T cells,CD8 T,T cells
TACTCGCGTGTAAGTA-1,Mono,Mono,Mono
TACTCGCGTGTCTGAT-1,B cells,CL 1,CL 1
TACTCGCGTGTTAAGA-1,Mono,Mono,Mono
TACTCGCGTTGAGGTG-1,Mono,Mono,Mono
TACTCGCTCCACGTGG-1,B cells,B cells,B cells
TACTCGCTCGTTACAG-1,Mono,Mono,Mono
TACTCGCTCTCGGACG-1,T cells,CL 1,CL 1
TACTTACAGAAACGAG-1,NK,CD8 T,T cells
TACTTACAGAAGGTGA-1,T cells,CD8 T,T cells
TACTTACAGCTACCTA-1,Mono,Mono,Mono
TACTTACAGGGATCTG-1,T cells,CL 1,CL 1
TACTTACAGGTACTCT-1,B cells,CD8 T,T cells
TACTTACAGGTCGGAT-1,T cells,CL 1,CL 1
TACTTACAGTAGTGCG-1,B cells,B cells,B cells
TACTTACCAATGGTCT-1,T cells,CL 1,CL 1
TACTTACCACAAGACG-1,Mono,Mono,Mono
TACTTACCACCACCAG-1,B cells,B cells,B cells
TACTTACCACCCATTC-1,NK,NK,NK
TACTTACCAGCTGCAC-1,Mono,Mono,Mono
TACTTACCATGGGAAC-1,Mono,Mono,Mono
TACTTACCATTGGGCC-1,Mono,Mono,Mono
TACTTACGTATGAAAC-1,B cells,B cells,B cells
TACTTACGTTCGGGCT-1,B cells,B cells,B cells
TACTTACGTTGGAGGT-1,B cells,CD8 T,T cells
TACTTACTCCCTGACT-1,T cells,CD8 T,T cells
TACTTACTCGATAGAA-1,Mono,Mono,Mono
TACTTGTAGTCTTGCA-1,T cells,CD8 T,T cells
TACTTGTCACTTCTGC-1,Mono,Mono,Mono
TACTTGTCAGTAGAGC-1,Mono,Mono,Mono
TACTTGTCATACAGCT-1,T cells,CD8 T,T cells
TACTTGTCATCAGTCA-1,Mono,Mono,Mono
TACTTGTCATCCGGGT-1,B cells,B cells,B cells
TACTTGTGTATTCTCT-1,T cells,CD8 T,T cells
TACTTGTGTCGAAAGC-1,T cells,CD8 T,T cells
TACTTGTGTCGCGGTT-1,T cells,CD8 T,T cells
TACTTGTGTGACGCCT-1,T cells,CL 1,CL 1
TACTTGTGTGATGATA-1,T cells,CL 1,CL 1
TACTTGTGTGTGGCTC-1,Mono,Mono,Mono
TACTTGTGTTAAGATG-1,Mono,Mono,Mono
TACTTGTGTTAAGGGC-1,Mono,Mono,Mono
TACTTGTGTTCCACGG-1,T cells,CD8 T,T cells
TACTTGTGTTCTGAAC-1,Mono,Mono,Mono
TACTTGTTCACGCGGT-1,B cells,B cells,B cells
TACTTGTTCCGAAGAG-1,T cells,CL 1,CL 1
TACTTGTTCCTAGAAC-1,B cells,B cells,B cells
TACTTGTTCCTCCTAG-1,NK,NK,NK
TACTTGTTCCTTGGTC-1,Mono,Mono,Mono
TACTTGTTCGAGAGCA-1,T cells,CD8 T,T cells
TACTTGTTCTCGTATT-1,T cells,CD8 T,T cells
TACTTGTTCTGCCAGG-1,T cells,CL 1,CL 1
TAGACCAAGCAAATCA-1,T cells,CL 1,CL 1
TAGACCAAGCCCTAAT-1,T cells,CD8 T,T cells
TAGACCAAGGGCACTA-1,T cells,CL 1,CL 1
TAGACCAAGGTGCACA-1,Mono,Mono,Mono
TAGACCAAGTACGCGA-1,Mono,DC,DC
TAGACCACACGGTGTC-1,NK,NK,NK
TAGACCAGTAAGCACG-1,T cells,CD8 T,T cells
TAGACCAGTACAGTGG-1,Mono,Mono,Mono
TAGACCAGTACCGCTG-1,Mono,Mono,Mono
TAGACCAGTCAACATC-1,T cells,CD8 T,T cells
TAGACCAGTCCGAACC-1,T cells,CD8 T,T cells
TAGACCAGTCGCATAT-1,NK,CD8 T,T cells
TAGACCAGTCGGGTCT-1,Mono,Mono,Mono
TAGACCAGTCTCTTAT-1,Mono,Mono,Mono
TAGACCAGTCTGATTG-1,Mono,Mono,Mono
TAGACCAGTGCAGGTA-1,Mono,DC,DC
TAGACCAGTGGCAAAC-1,T cells,CD8 T,T cells
TAGACCATCATGTGGT-1,Mono,Mono,Mono
TAGACCATCCCGACTT-1,Mono,Mono,Mono
TAGAGCTAGAATTGTG-1,Mono,DC,DC
TAGAGCTAGAGCCTAG-1,Mono,Mono,Mono
TAGAGCTAGCACACAG-1,B cells,B cells,B cells
TAGAGCTAGCCACGCT-1,T cells,CD8 T,T cells
TAGAGCTAGCCACGTC-1,B cells,B cells,B cells
TAGAGCTAGCTACCGC-1,Mono,Mono,Mono
TAGAGCTAGTGTCCAT-1,Mono,Mono,Mono
TAGAGCTCAAGTCTGT-1,Mono,Mono,Mono
TAGAGCTCACTTAACG-1,T cells,CL 1,CL 1
TAGAGCTCAGCGTAAG-1,Mono,Mono,Mono
TAGAGCTCATGGTAGG-1,NK,CD8 T,T cells
TAGAGCTGTAAGGATT-1,T cells,CL 1,CL 1
TAGAGCTGTCGTCTTC-1,NK,CD8 T,T cells
TAGAGCTGTCTCTTTA-1,Mono,Mono,Mono
TAGCCGGAGAAACCTA-1,T cells,CL 1,CL 1
TAGCCGGAGCTGATAA-1,T cells,CL 1,CL 1
TAGCCGGAGTAATCCC-1,T cells,CD8 T,T cells
TAGCCGGCAAGACACG-1,NK,CD8 T,T cells
TAGCCGGCACCACCAG-1,T cells,CL 1,CL 1
TAGCCGGGTAGAGTGC-1,B cells,B cells,B cells
TAGCCGGGTGAGGCTA-1,Mono,Mono,Mono
TAGCCGGGTGTGAAAT-1,T cells,CD8 T,T cells
TAGCCGGTCAACACGT-1,Mono,Mono,Mono
TAGCCGGTCTGTACGA-1,B cells,B cells,B cells
TAGGCATAGCACACAG-1,NK,NK,NK
TAGGCATAGCCCGAAA-1,B cells,B cells,B cells
TAGGCATAGGTGCACA-1,Mono,Mono,Mono
TAGGCATAGTCAAGGC-1,NK,CD8 T,T cells
TAGGCATAGTGTCTCA-1,NK,CD8 T,T cells
TAGGCATCAAAGGCGT-1,T cells,CD8 T,T cells
TAGGCATCACATCCAA-1,T cells,CD8 T,T cells
TAGGCATCACATGACT-1,Mono,Mono,Mono
TAGGCATCATCAGTCA-1,T cells,CD8 T,T cells
TAGGCATGTACATCCA-1,B cells,B cells,B cells
TAGGCATGTCATGCAT-1,NK,CD8 T,T cells
TAGGCATGTCGGCACT-1,B cells,DC,DC
TAGGCATGTGACAAAT-1,T cells,CL 1,CL 1
TAGGCATTCAAAGACA-1,Mono,Mono,Mono
TAGGCATTCACGACTA-1,Mono,Mono,Mono
TAGGCATTCACTCCTG-1,Mono,Mono,Mono
TAGGCATTCCGAAGAG-1,Mono,DC,DC
TAGGCATTCCGCAGTG-1,T cells,CD8 T,T cells
TAGGCATTCCTTGACC-1,Platelet,Mono,Mono
TAGGCATTCGATGAGG-1,T cells,CL 1,CL 1
TAGGCATTCTGTCTCG-1,T cells,Mono,Mono
TAGTGGTAGAGTACAT-1,T cells,CL 1,CL 1
TAGTGGTAGCAGACTG-1,T cells,CD8 T,T cells
TAGTGGTAGTGGAGTC-1,T cells,CL 1,CL 1
TAGTGGTAGTTACGGG-1,T cells,CD8 T,T cells
TAGTGGTCACGCCAGT-1,Mono,Mono,Mono
TAGTGGTCAGCGATCC-1,Mono,Mono,Mono
TAGTGGTCAGCTGCTG-1,T cells,CL 1,CL 1
TAGTGGTCATGTAGTC-1,Mono,Mono,Mono
TAGTGGTGTCATATGC-1,Mono,Mono,Mono
TAGTGGTGTCCAACTA-1,T cells,CL 1,CL 1
TAGTGGTGTGCATCTA-1,T cells,CL 1,CL 1
TAGTGGTTCACATAGC-1,T cells,CL 1,CL 1
TAGTGGTTCCGCGTTT-1,T cells,CL 1,CL 1
TAGTGGTTCCGTACAA-1,T cells,CL 1,CL 1
TAGTGGTTCTCGGACG-1,Mono,Mono,Mono
TAGTTGGAGAAACCTA-1,B cells,B cells,B cells
TAGTTGGAGACTGGGT-1,B cells,B cells,B cells
TAGTTGGAGAGCCTAG-1,T cells,CL 1,CL 1
TAGTTGGAGATCACGG-1,B cells,B cells,B cells
TAGTTGGAGATGTCGG-1,NK,CD8 T,T cells
TAGTTGGAGTGAATTG-1,NK,CD8 T,T cells
TAGTTGGCACATAACC-1,NK,CD8 T,T cells
TAGTTGGCACGAAAGC-1,T cells,CD8 T,T cells
TAGTTGGCAGCAGTTT-1,B cells,B cells,B cells
TAGTTGGCATCTCGCT-1,T cells,CD8 T,T cells
TAGTTGGGTACAGCAG-1,B cells,B cells,B cells
TAGTTGGGTATCAGTC-1,NK,NK,NK
TAGTTGGGTCTCCCTA-1,Mono,Mono,Mono
TAGTTGGGTTACGTCA-1,NK,CD8 T,T cells
TAGTTGGGTTCAGACT-1,Mono,Mono,Mono
TAGTTGGGTTGGTGGA-1,B cells,CD8 T,T cells
TAGTTGGTCCAGATCA-1,T cells,CL 1,CL 1
TAGTTGGTCTCAACTT-1,NK,CD8 T,T cells
TAGTTGGTCTGACCTC-1,Mono,Mono,Mono
TATCAGGAGAAAGTGG-1,T cells,CD8 T,T cells
TATCAGGAGATCTGAA-1,Mono,Mono,Mono
TATCAGGCAACTTGAC-1,T cells,CD8 T,T cells
TATCAGGCAAGGTTTC-1,B cells,B cells,B cells
TATCAGGCAGGATCGA-1,T cells,CD8 T,T cells
TATCAGGCATCCGCGA-1,T cells,CL 1,CL 1
TATCAGGGTAATCGTC-1,Mono,Mono,Mono
TATCAGGGTATATGAG-1,T cells,CD8 T,T cells
TATCAGGGTCCGTTAA-1,Mono,Mono,Mono
TATCAGGGTCTCAACA-1,B cells,B cells,B cells
TATCAGGGTTCAACCA-1,T cells,CD8 T,T cells
TATCAGGTCCCGGATG-1,Mono,Mono,Mono
TATCAGGTCGAGAGCA-1,Mono,Mono,Mono
TATCAGGTCGGCATCG-1,NK,CD8 T,T cells
TATCTCAAGCAGCCTC-1,T cells,CD8 T,T cells
TATCTCAAGCGTCTAT-1,B cells,B cells,B cells
TATCTCACAGATGGGT-1,T cells,CL 1,CL 1
TATCTCACATCGGAAG-1,Mono,DC,DC
TATCTCACATGCGCAC-1,Mono,Mono,Mono
TATCTCACATGCTAGT-1,B cells,B cells,B cells
TATCTCAGTAAGGGAA-1,T cells,CD8 T,T cells
TATCTCAGTAGAGCTG-1,NK,CD8 T,T cells
TATCTCAGTCGCATAT-1,T cells,CL 1,CL 1
TATCTCATCCACTGGG-1,Mono,Mono,Mono
TATCTCATCCCTCAGT-1,B cells,B cells,B cells
TATCTCATCCTATTCA-1,NK,CD8 T,T cells
TATGCCCAGACACGAC-1,T cells,CD8 T,T cells
TATGCCCAGACGCAAC-1,T cells,CL 1,CL 1
TATGCCCAGATGTAAC-1,T cells,CL 1,CL 1
TATGCCCAGTATGACA-1,B cells,B cells,B cells
TATGCCCCACGGCTAC-1,NK,NK,NK
TATGCCCCATGTAGTC-1,Mono,Mono,Mono
TATGCCCTCAACACCA-1,Mono,Mono,Mono
TATGCCCTCAGGATCT-1,NK,CD8 T,T cells
TATGCCCTCTCATTCA-1,Mono,DC,DC
TATTACCAGCCAGAAC-1,T cells,CD8 T,T cells
TATTACCAGCCCAACC-1,T cells,CD8 T,T cells
TATTACCAGGATTCGG-1,B cells,CD8 T,T cells
TATTACCAGGCAGTCA-1,T cells,CL 1,CL 1
TATTACCAGGTGTTAA-1,NK,NK,NK
TATTACCAGTCAAGGC-1,NK,CD8 T,T cells
TATTACCCAAGCTGAG-1,B cells,CD8 T,T cells
TATTACCCAATAGCGG-1,T cells,CD8 T,T cells
TATTACCCACAAGTAA-1,NK,CD8 T,T cells
TATTACCCACGAGAGT-1,Mono,Mono,Mono
TATTACCCAGCGAACA-1,NK,NK,NK
TATTACCCATATACGC-1,T cells,CL 1,CL 1
TATTACCCATGTAGTC-1,NK,CD8 T,T cells
TATTACCCATGTCCTC-1,T cells,CD8 T,T cells
TATTACCGTACTCAAC-1,Mono,Mono,Mono
TATTACCGTTAGGGTG-1,NK,CD8 T,T cells
TATTACCGTTGTTTGG-1,Mono,Mono,Mono
TATTACCTCACTTCAT-1,T cells,CD8 T,T cells
TATTACCTCGGAATCT-1,Mono,Mono,Mono
TCAACGAAGAACAATC-1,T cells,CL 1,CL 1
TCAACGAAGCGGCTTC-1,B cells,B cells,B cells
TCAACGAAGCTCTCGG-1,Mono,Mono,Mono
TCAACGAAGGTTACCT-1,NK,CD8 T,T cells
TCAACGAAGTCAAGGC-1,Mono,Mono,Mono
TCAACGACAGTGACAG-1,Mono,Mono,Mono
TCAACGAGTAGAGCTG-1,Mono,Mono,Mono
TCAACGAGTCATATGC-1,Mono,Mono,Mono
TCAACGAGTGCAGACA-1,B cells,B cells,B cells
TCAACGAGTGCCTTGG-1,T cells,CD8 T,T cells
TCAACGAGTGCTAGCC-1,Mono,Mono,Mono
TCAACGAGTGTTCGAT-1,Mono,Mono,Mono
TCAACGAGTTCTGGTA-1,Mono,Mono,Mono
TCAACGAGTTGGACCC-1,Mono,Mono,Mono
TCAACGATCAGTGTTG-1,T cells,CD8 T,T cells
TCAACGATCATGTCCC-1,T cells,CD8 T,T cells
TCAACGATCTGGAGCC-1,Mono,Mono,Mono
TCAACGATCTGGTATG-1,NK,CD8 T,T cells
TCAATCTAGAAGAAGC-1,Mono,Mono,Mono
TCAATCTAGATAGTCA-1,T cells,CL 1,CL 1
TCAATCTAGCACCGTC-1,Mono,Mono,Mono
TCAATCTAGCCTTGAT-1,T cells,CL 1,CL 1
TCAATCTCAACGCACC-1,Mono,Mono,Mono
TCAATCTCAAGCGATG-1,B cells,B cells,B cells
TCAATCTCAATCAGAA-1,B cells,B cells,B cells
TCAATCTCAGACAAGC-1,B cells,B cells,B cells
TCAATCTCAGCTGCAC-1,Mono,Mono,Mono
TCAATCTCATCCTAGA-1,T cells,CD8 T,T cells
TCAATCTGTAAACGCG-1,T cells,CD8 T,T cells
TCAATCTGTCATCGGC-1,B cells,B cells,B cells
TCAATCTGTGAAGGCT-1,T cells,CL 1,CL 1
TCAATCTGTTCCGTCT-1,T cells,CD8 T,T cells
TCAATCTGTTGAGTTC-1,Mono,Mono,Mono
TCAATCTTCAACGGGA-1,T cells,CL 1,CL 1
TCAATCTTCACCACCT-1,Mono,Mono,Mono
TCAATCTTCAGCTTAG-1,Platelet,Mono,Mono
TCAATCTTCCGAAGAG-1,Mono,Mono,Mono
TCAATCTTCTCACATT-1,T cells,CL 1,CL 1
TCACAAGAGAAAGTGG-1,Mono,Mono,Mono
TCACAAGAGTCGCCGT-1,NK,CD8 T,T cells
TCACAAGCAATTCCTT-1,Mono,Mono,Mono
TCACAAGCACAACGTT-1,T cells,CL 1,CL 1
TCACAAGCACGAAAGC-1,Mono,Mono,Mono
TCACAAGCAGCGTAAG-1,T cells,CL 1,CL 1
TCACAAGCAGTATGCT-1,NK,CD8 T,T cells
TCACAAGCATGGATGG-1,Mono,Mono,Mono
TCACAAGCATTAGGCT-1,Mono,Mono,Mono
TCACAAGGTATAGGTA-1,B cells,B cells,B cells
TCACAAGGTCGCATCG-1,T cells,CD8 T,T cells
TCACAAGGTGACTCAT-1,Mono,Mono,Mono
TCACAAGGTGCTAGCC-1,B cells,CD8 T,T cells
TCACAAGGTTACAGAA-1,T cells,CL 1,CL 1
TCACAAGGTTGACGTT-1,NK,CD8 T,T cells
TCACAAGTCAAGAAGT-1,Mono,Mono,Mono
TCACAAGTCAAGATCC-1,NK,CD8 T,T cells
TCACAAGTCAATACCG-1,T cells,CD8 T,T cells
TCACAAGTCACATAGC-1,T cells,CD8 T,T cells
TCACAAGTCCTCATTA-1,Mono,Mono,Mono
TCACAAGTCGGAAACG-1,B cells,B cells,B cells
TCACGAAAGATCACGG-1,Mono,Mono,Mono
TCACGAAAGATCTGCT-1,B cells,CD8 T,T cells
TCACGAAAGCACCGCT-1,NK,CD8 T,T cells
TCACGAAAGCGTCTAT-1,T cells,CL 1,CL 1
TCACGAAAGCTATGCT-1,NK,CD8 T,T cells
TCACGAAAGGCTCTTA-1,NK,CD8 T,T cells
TCACGAAAGGTCGGAT-1,B cells,B cells,B cells
TCACGAACAAGTCATC-1,T cells,CL 1,CL 1
TCACGAACATGGTCTA-1,NK,CD8 T,T cells
TCACGAACATGTAAGA-1,T cells,CD8 T,T cells
TCACGAAGTCGAATCT-1,NK,CD8 T,T cells
TCACGAAGTTCCCTTG-1,B cells,B cells,B cells
TCACGAATCAAGGTAA-1,T cells,CL 1,CL 1
TCACGAATCGAATCCA-1,B cells,B cells,B cells
TCACGAATCTAGAGTC-1,B cells,B cells,B cells
TCAGATGAGCCGATTT-1,Mono,DC,DC
TCAGATGAGGAACTGC-1,T cells,CD8 T,T cells
TCAGATGAGGCATTGG-1,T cells,CD8 T,T cells
TCAGATGAGTGAAGAG-1,Mono,Mono,Mono
TCAGATGCACGCGAAA-1,Mono,Mono,Mono
TCAGATGCACTCAGGC-1,B cells,B cells,B cells
TCAGATGCAGATTGCT-1,T cells,CD8 T,T cells
TCAGATGCAGGCTGAA-1,T cells,CD8 T,T cells
TCAGATGGTAGCGTCC-1,NK,CD8 T,T cells
TCAGATGGTATATGAG-1,Platelet,Mono,Mono
TCAGATGGTCATATGC-1,NK,CD8 T,T cells
TCAGATGGTTAGTGGG-1,T cells,CL 1,CL 1
TCAGATGGTTCCCGAG-1,Mono,DC,DC
TCAGATGTCTATCGCC-1,B cells,B cells,B cells
TCAGCAAAGAGCCTAG-1,B cells,B cells,B cells
TCAGCAAAGCCCAGCT-1,T cells,CL 1,CL 1
TCAGCAAAGGGAGTAA-1,T cells,CD8 T,T cells
TCAGCAAAGTGGGCTA-1,Mono,Mono,Mono
TCAGCAAAGTGGTAAT-1,Mono,Mono,Mono
TCAGCAACACTAAGTC-1,Mono,Mono,Mono
TCAGCAACAGCATACT-1,B cells,CL 1,CL 1
TCAGCAACAGCTGTAT-1,B cells,B cells,B cells
TCAGCAAGTACGCTGC-1,B cells,B cells,B cells
TCAGCAAGTCTAGAGG-1,T cells,CL 1,CL 1
TCAGCAAGTGGGTCAA-1,Mono,Mono,Mono
TCAGCAAGTTACGACT-1,T cells,CL 1,CL 1
TCAGCAATCAGGATCT-1,Mono,Mono,Mono
TCAGCAATCATAAAGG-1,Mono,Mono,Mono
TCAGCTCAGACCCACC-1,T cells,CL 1,CL 1
TCAGCTCAGCGATGAC-1,T cells,CD8 T,T cells
TCAGCTCAGGCCCGTT-1,T cells,CD8 T,T cells
TCAGCTCCACAAGCCC-1,T cells,CD8 T,T cells
TCAGCTCCAGACAAAT-1,NK,CD8 T,T cells
TCAGCTCCAGTAACGG-1,B cells,B cells,B cells
TCAGCTCCATCGGGTC-1,Mono,Mono,Mono
TCAGCTCCATGCATGT-1,B cells,CD8 T,T cells
TCAGCTCCATTCCTGC-1,T cells,CL 1,CL 1
TCAGCTCGTACAGTTC-1,NK,NK,NK
TCAGCTCGTACGACCC-1,T cells,CD8 T,T cells
TCAGCTCGTACGCTGC-1,T cells,CD8 T,T cells
TCAGCTCGTCAGATAA-1,NK,NK,NK
TCAGCTCGTCTCCATC-1,T cells,CD8 T,T cells
TCAGCTCGTTCAGGCC-1,T cells,CL 1,CL 1
TCAGCTCGTTCGGCAC-1,Mono,Mono,Mono
TCAGCTCGTTGCCTCT-1,NK,NK,NK
TCAGCTCGTTTGACTG-1,T cells,CD8 T,T cells
TCAGCTCTCACCGGGT-1,B cells,B cells,B cells
TCAGCTCTCAGAAATG-1,T cells,CD8 T,T cells
TCAGCTCTCAGTTCGA-1,T cells,CL 1,CL 1
TCAGCTCTCCGTAGTA-1,Mono,Mono,Mono
TCAGCTCTCCTGCAGG-1,Mono,DC,DC
TCAGCTCTCGTTACGA-1,NK,CD8 T,T cells
TCAGCTCTCTGAAAGA-1,T cells,CD8 T,T cells
TCAGGATAGAGTTGGC-1,T cells,CL 1,CL 1
TCAGGATAGATCTGAA-1,NK,CD8 T,T cells
TCAGGATAGCAGGCTA-1,NK,NK,NK
TCAGGATAGCTAGCCC-1,B cells,B cells,B cells
TCAGGATAGGACCACA-1,Mono,Mono,Mono
TCAGGATAGGATGTAT-1,B cells,B cells,B cells
TCAGGATAGGTGGGTT-1,T cells,CL 1,CL 1
TCAGGATAGTCCTCCT-1,Mono,Mono,Mono
TCAGGATAGTGGGATC-1,B cells,B cells,B cells
TCAGGATCAAGCGATG-1,B cells,CD8 T,T cells
TCAGGATCAAGGTTTC-1,Mono,Mono,Mono
TCAGGATCAGTCTTCC-1,B cells,B cells,B cells
TCAGGATCATCATCCC-1,NK,CD8 T,T cells
TCAGGATCATGGTTGT-1,Mono,Mono,Mono
TCAGGATGTACCTACA-1,B cells,B cells,B cells
TCAGGATGTCTCTTTA-1,Mono,Mono,Mono
TCAGGATGTCTTGTCC-1,T cells,CL 1,CL 1
TCAGGATTCAGTGTTG-1,NK,NK,NK
TCAGGATTCTCCAACC-1,NK,CD8 T,T cells
TCAGGTAAGCACACAG-1,Mono,Mono,Mono
TCAGGTAAGCGCTTAT-1,T cells,CD8 T,T cells
TCAGGTACAAGCCGTC-1,Mono,Mono,Mono
TCAGGTACAAGCGATG-1,T cells,CL 1,CL 1
TCAGGTACACATGGGA-1,B cells,B cells,B cells
TCAGGTAGTAATCGTC-1,T cells,CL 1,CL 1
TCAGGTAGTCGAACAG-1,NK,CD8 T,T cells
TCAGGTAGTCTTGTCC-1,T cells,CD8 T,T cells
TCAGGTAGTTCGTGAT-1,T cells,CD8 T,T cells
TCAGGTAGTTGTTTGG-1,T cells,CL 1,CL 1
TCAGGTATCAAGGTAA-1,T cells,CL 1,CL 1
TCAGGTATCAGCTCGG-1,B cells,B cells,B cells
TCAGGTATCATCTGTT-1,T cells,CD8 T,T cells
TCAGGTATCCTCGCAT-1,Mono,DC,DC
TCAGGTATCGGCGCAT-1,B cells,B cells,B cells
TCAGGTATCTACCTGC-1,T cells,CD8 T,T cells
TCAGGTATCTCTTGAT-1,T cells,CD8 T,T cells
TCAGGTATCTGTGCAA-1,NK,CD8 T,T cells
TCAGGTATCTTGACGA-1,Mono,Mono,Mono
TCAGGTATCTTTACGT-1,B cells,CD8 T,T cells
TCATTACAGTGTGGCA-1,B cells,B cells,B cells
TCATTACAGTTACGGG-1,Mono,Mono,Mono
TCATTACCAGTATGCT-1,Mono,Mono,Mono
TCATTACCATGTAAGA-1,Mono,Mono,Mono
TCATTACGTAAAGTCA-1,B cells,B cells,B cells
TCATTACGTACACCGC-1,Platelet,Mono,Mono
TCATTACGTCGACTGC-1,T cells,CD8 T,T cells
TCATTACGTCGTCTTC-1,Mono,Mono,Mono
TCATTACGTTACGTCA-1,T cells,CL 1,CL 1
TCATTACGTTATCCGA-1,T cells,CD8 T,T cells
TCATTACTCACTTATC-1,Mono,Mono,Mono
TCATTACTCATTGCCC-1,T cells,CD8 T,T cells
TCATTACTCCCTTGTG-1,T cells,CL 1,CL 1
TCATTACTCGACAGCC-1,B cells,B cells,B cells
TCATTACTCGTTGCCT-1,T cells,CL 1,CL 1
TCATTTGAGATGAGAG-1,Mono,Mono,Mono
TCATTTGAGCTCCTCT-1,Mono,Mono,Mono
TCATTTGAGGATGTAT-1,Mono,Mono,Mono
TCATTTGAGTGTACTC-1,T cells,CL 1,CL 1
TCATTTGCACGCTTTC-1,B cells,B cells,B cells
TCATTTGCACTGTCGG-1,NK,NK,NK
TCATTTGCAGAGCCAA-1,T cells,CL 1,CL 1
TCATTTGCATCCCACT-1,NK,CD8 T,T cells
TCATTTGCATTTGCCC-1,T cells,CL 1,CL 1
TCATTTGGTAAGTAGT-1,T cells,CD8 T,T cells
TCATTTGGTCCCTTGT-1,T cells,CD8 T,T cells
TCATTTGGTCTAGCCG-1,T cells,CD8 T,T cells
TCATTTGGTGAACCTT-1,T cells,CL 1,CL 1
TCATTTGGTGAGGCTA-1,B cells,B cells,B cells
TCATTTGGTGATAAAC-1,T cells,CD8 T,T cells
TCATTTGTCGTTGACA-1,B cells,B cells,B cells
TCATTTGTCTACTATC-1,B cells,B cells,B cells
TCATTTGTCTTTACGT-1,T cells,CL 1,CL 1
TCCACACAGCGATAGC-1,Mono,Mono,Mono
TCCACACAGCTAGTTC-1,Mono,Mono,Mono
TCCACACAGCTTATCG-1,NK,CD8 T,T cells
TCCACACAGGAATCGC-1,Mono,Mono,Mono
TCCACACCAATAAGCA-1,T cells,CL 1,CL 1
TCCACACCAATGCCAT-1,T cells,CD8 T,T cells
TCCACACCACGGCTAC-1,Mono,Mono,Mono
TCCACACCACTATCTT-1,T cells,CD8 T,T cells
TCCACACCAGGAATGC-1,Mono,DC,DC
TCCACACCATAAGACA-1,T cells,CL 1,CL 1
TCCACACCATCCGTGG-1,T cells,CL 1,CL 1
TCCACACCATGTTGAC-1,B cells,B cells,B cells
TCCACACCATTGAGCT-1,T cells,CD8 T,T cells
TCCACACGTGGGTCAA-1,T cells,CD8 T,T cells
TCCACACGTGGTACAG-1,B cells,B cells,B cells
TCCACACGTTATTCTC-1,B cells,B cells,B cells
TCCACACTCCTGCTTG-1,Mono,Mono,Mono
TCCACACTCCTTTACA-1,T cells,CD8 T,T cells
TCCCGATAGCTGATAA-1,NK,CD8 T,T cells
TCCCGATAGTTACGGG-1,T cells,CD8 T,T cells
TCCCGATCAAGGGTCA-1,B cells,B cells,B cells
TCCCGATCACCAGTTA-1,T cells,CL 1,CL 1
TCCCGATCACTGTGTA-1,B cells,B cells,B cells
TCCCGATCAGGACGTA-1,B cells,B cells,B cells
TCCCGATGTATGGTTC-1,Mono,Mono,Mono
TCCCGATGTGATGCCC-1,T cells,CD8 T,T cells
TCCCGATGTTAAGATG-1,Mono,Mono,Mono
TCCCGATGTTTAGGAA-1,T cells,CD8 T,T cells
TCCCGATTCATGCTCC-1,Mono,Mono,Mono
TCCCGATTCCAAACTG-1,Mono,Mono,Mono
TCCCGATTCCGAACGC-1,T cells,CD8 T,T cells
TCGAGGCAGCATCATC-1,T cells,CL 1,CL 1
TCGAGGCAGTGAACGC-1,T cells,CL 1,CL 1
TCGAGGCAGTGGTAGC-1,B cells,B cells,B cells
TCGAGGCAGTTTCCTT-1,B cells,CD8 T,T cells
TCGAGGCCAAAGGTGC-1,Mono,Mono,Mono
TCGAGGCCAAGGACTG-1,Mono,Mono,Mono
TCGAGGCCACGAAATA-1,Mono,Mono,Mono
TCGAGGCCAGGCGATA-1,T cells,CD8 T,T cells
TCGAGGCCAGGTCTCG-1,Mono,Mono,Mono
TCGAGGCGTATCACCA-1,Mono,Mono,Mono
TCGAGGCGTCGCATCG-1,Mono,Mono,Mono
TCGAGGCGTCTCTTAT-1,T cells,CL 1,CL 1
TCGAGGCGTGCACCAC-1,Mono,Mono,Mono
TCGAGGCGTGTAAGTA-1,T cells,CD8 T,T cells
TCGAGGCTCACAGGCC-1,Mono,Mono,Mono
TCGAGGCTCAGAGCTT-1,T cells,CL 1,CL 1
TCGAGGCTCAGCTCTC-1,T cells,CL 1,CL 1
TCGAGGCTCATGCATG-1,Mono,Mono,Mono
TCGAGGCTCATGTCCC-1,T cells,CD8 T,T cells
TCGAGGCTCCGTACAA-1,B cells,B cells,B cells
TCGAGGCTCCTACAGA-1,T cells,CL 1,CL 1
TCGAGGCTCCTAGAAC-1,T cells,CL 1,CL 1
TCGAGGCTCGGCATCG-1,B cells,B cells,B cells
TCGAGGCTCGGTCTAA-1,T cells,CD8 T,T cells
TCGAGGCTCTGGTATG-1,T cells,CD8 T,T cells
TCGCGAGAGAAGCCCA-1,Mono,Mono,Mono
TCGCGAGAGCTAAGAT-1,NK,NK,NK
TCGCGAGAGTGTACCT-1,T cells,CD8 T,T cells
TCGCGAGCACAGCGTC-1,Mono,Mono,Mono
TCGCGAGCACATCCAA-1,Mono,Mono,Mono
TCGCGAGCACCGAATT-1,B cells,B cells,B cells
TCGCGAGCACTTGGAT-1,Mono,Mono,Mono
TCGCGAGCAGTATGCT-1,T cells,CD8 T,T cells
TCGCGAGCAGTTTACG-1,Mono,Mono,Mono
TCGCGAGGTGATGCCC-1,NK,CD8 T,T cells
TCGCGAGGTGCGATAG-1,B cells,B cells,B cells
TCGCGAGGTGGTGTAG-1,T cells,CL 1,CL 1
TCGCGAGGTGTAATGA-1,T cells,CL 1,CL 1
TCGCGAGTCAGTTGAC-1,T cells,CL 1,CL 1
TCGCGAGTCGGACAAG-1,Mono,Mono,Mono
TCGCGAGTCTGAGGGA-1,T cells,CD8 T,T cells
TCGCGTTAGATATGCA-1,T cells,CD8 T,T cells
TCGCGTTAGGACTGGT-1,T cells,CD8 T,T cells
TCGCGTTCAAGCGAGT-1,B cells,CD8 T,T cells
TCGCGTTCACACGCTG-1,B cells,CD8 T,T cells
TCGCGTTCACTTCGAA-1,T cells,CD8 T,T cells
TCGCGTTCAGTAAGCG-1,Mono,Mono,Mono
TCGCGTTCAGTTCCCT-1,B cells,B cells,B cells
TCGCGTTCATGTTCCC-1,Mono,Mono,Mono
TCGCGTTGTACATGTC-1,T cells,CL 1,CL 1
TCGCGTTGTCTCAACA-1,Mono,Mono,Mono
TCGCGTTGTGCACGAA-1,B cells,CD8 T,T cells
TCGCGTTTCAGCACAT-1,NK,CD8 T,T cells
TCGCGTTTCATCTGCC-1,T cells,CD8 T,T cells
TCGCGTTTCGCTAGCG-1,Mono,Mono,Mono
TCGCGTTTCGCTGATA-1,T cells,CL 1,CL 1
TCGCGTTTCGGAATCT-1,B cells,CD8 T,T cells
TCGGGACAGCGATGAC-1,T cells,CL 1,CL 1
TCGGGACAGCTAACTC-1,NK,CD8 T,T cells
TCGGGACAGCTCAACT-1,T cells,CD8 T,T cells
TCGGGACAGCTCTCGG-1,T cells,CD8 T,T cells
TCGGGACAGGCATTGG-1,T cells,CD8 T,T cells
TCGGGACAGGTGCAAC-1,T cells,CD8 T,T cells
TCGGGACAGTCTCGGC-1,Mono,DC,DC
TCGGGACAGTGTCTCA-1,Mono,Mono,Mono
TCGGGACCAAGAAAGG-1,T cells,CL 1,CL 1
TCGGGACCAAGCGTAG-1,B cells,B cells,B cells
TCGGGACCAATGCCAT-1,B cells,B cells,B cells
TCGGGACCATCTACGA-1,T cells,CD8 T,T cells
TCGGGACCATGATCCA-1,NK,NK,NK
TCGGGACCATTCGACA-1,NK,CD8 T,T cells
TCGGGACGTGCAACGA-1,Mono,Mono,Mono
TCGGGACGTGCACGAA-1,T cells,CD8 T,T cells
TCGGGACGTGTTCGAT-1,T cells,CL 1,CL 1
TCGGGACGTTAGATGA-1,NK,CD8 T,T cells
TCGGGACGTTCCGTCT-1,B cells,B cells,B cells
TCGGGACGTTGGTTTG-1,T cells,CL 1,CL 1
TCGGGACTCTGCCCTA-1,B cells,B cells,B cells
TCGGGACTCTGTACGA-1,B cells,CD8 T,T cells
TCGGTAAAGCACGCCT-1,T cells,CD8 T,T cells
TCGGTAAAGGAGTTGC-1,B cells,B cells,B cells
TCGGTAAAGGTCATCT-1,NK,CD8 T,T cells
TCGGTAACAACAACCT-1,NK,CD8 T,T cells
TCGGTAACACTAGTAC-1,Mono,Mono,Mono
TCGGTAACATCGGAAG-1,T cells,CD8 T,T cells
TCGGTAACATGATCCA-1,T cells,CD8 T,T cells
TCGGTAACATTGCGGC-1,B cells,B cells,B cells
TCGGTAAGTAGCGTCC-1,T cells,CD8 T,T cells
TCGGTAAGTCAGCTAT-1,T cells,CD8 T,T cells
TCGGTAAGTCTGCCAG-1,Mono,Mono,Mono
TCGGTAAGTGAGGGTT-1,Mono,Mono,Mono
TCGGTAAGTGCCTGTG-1,Mono,Mono,Mono
TCGGTAAGTGTAAGTA-1,T cells,CL 1,CL 1
TCGGTAAGTTCTGTTT-1,Mono,Mono,Mono
TCGGTAATCACAGTAC-1,T cells,CL 1,CL 1
TCGTACCAGAAACCAT-1,T cells,CD8 T,T cells
TCGTACCAGACCTAGG-1,NK,NK,NK
TCGTACCAGATAGGAG-1,T cells,CD8 T,T cells
TCGTACCAGGACTGGT-1,Mono,Mono,Mono
TCGTACCAGGCTACGA-1,T cells,CL 1,CL 1
TCGTACCCACCGGAAA-1,B cells,CD8 T,T cells
TCGTACCCACTGTTAG-1,T cells,CL 1,CL 1
TCGTACCCAGCTGCAC-1,B cells,B cells,B cells
TCGTACCCAGTAAGAT-1,T cells,CL 1,CL 1
TCGTACCCATGCAATC-1,NK,NK,NK
TCGTACCGTAAACCTC-1,T cells,CL 1,CL 1
TCGTACCGTCAAGCGA-1,NK,CD8 T,T cells
TCGTACCGTTGAACTC-1,T cells,CD8 T,T cells
TCGTACCGTTTCCACC-1,T cells,CD8 T,T cells
TCGTACCTCAACACAC-1,B cells,B cells,B cells
TCGTACCTCATGGTCA-1,T cells,CL 1,CL 1
TCGTACCTCGACAGCC-1,T cells,CD8 T,T cells
TCGTAGAAGGACATTA-1,Mono,Mono,Mono
TCGTAGAAGTATGACA-1,T cells,CL 1,CL 1
TCGTAGAAGTGGACGT-1,Mono,Mono,Mono
TCGTAGACAAGGACTG-1,B cells,B cells,B cells
TCGTAGACAGGTTTCA-1,T cells,CD8 T,T cells
TCGTAGAGTCAACTGT-1,Mono,Mono,Mono
TCGTAGAGTCAGGACA-1,NK,CD8 T,T cells
TCGTAGAGTCTGGTCG-1,Mono,Mono,Mono
TCGTAGAGTTCGTCTC-1,Mono,Mono,Mono
TCGTAGAGTTCTGTTT-1,T cells,CD8 T,T cells
TCGTAGATCATGCAAC-1,T cells,CL 1,CL 1
TCGTAGATCCCTTGCA-1,Mono,Mono,Mono
TCGTAGATCGGTGTTA-1,T cells,CD8 T,T cells
TCGTAGATCTTTAGTC-1,T cells,CD8 T,T cells
TCTATTGAGAAACGCC-1,Mono,Mono,Mono
TCTATTGAGAGTGAGA-1,Mono,Mono,Mono
TCTATTGAGCATCATC-1,T cells,CD8 T,T cells
TCTATTGAGCCTCGTG-1,T cells,CL 1,CL 1
TCTATTGAGTACGCGA-1,NK,CD8 T,T cells
TCTATTGAGTTGAGTA-1,T cells,CD8 T,T cells
TCTATTGCAATCACAC-1,T cells,CL 1,CL 1
TCTATTGCACAACGCC-1,Mono,Mono,Mono
TCTATTGCACAGGTTT-1,T cells,CL 1,CL 1
TCTATTGCACTTGGAT-1,Mono,Mono,Mono
TCTATTGCATCCGTGG-1,NK,CD8 T,T cells
TCTATTGGTAAGGGAA-1,B cells,B cells,B cells
TCTATTGGTAAGTGGC-1,T cells,CD8 T,T cells
TCTATTGGTACCAGTT-1,B cells,CD8 T,T cells
TCTATTGGTATCGCAT-1,B cells,B cells,B cells
TCTATTGGTGGGTATG-1,T cells,CL 1,CL 1
TCTATTGGTTATGTGC-1,T cells,CL 1,CL 1
TCTATTGGTTCCTCCA-1,T cells,CL 1,CL 1
TCTATTGTCAATAAGG-1,NK,CD8 T,T cells
TCTATTGTCAGAGGTG-1,Mono,Mono,Mono
TCTATTGTCGATGAGG-1,Mono,Mono,Mono
TCTATTGTCGGTCTAA-1,NK,CD8 T,T cells
TCTCATAAGTCGCCGT-1,Mono,Mono,Mono
TCTCATACAGAAGCAC-1,T cells,CD8 T,T cells
TCTCATACAGCTGCAC-1,T cells,CL 1,CL 1
TCTCATACAGTATGCT-1,T cells,CD8 T,T cells
TCTCATACATAAGACA-1,B cells,CD8 T,T cells
TCTCATACATTGAGCT-1,T cells,CD8 T,T cells
TCTCATAGTCAACATC-1,T cells,CD8 T,T cells
TCTCATAGTGCATCTA-1,T cells,CL 1,CL 1
TCTCATAGTGGCGAAT-1,Mono,DC,DC
TCTCATAGTTAGATGA-1,Mono,Mono,Mono
TCTCATATCACAACGT-1,Mono,Mono,Mono
TCTCATATCACAGTAC-1,Mono,Mono,Mono
TCTCATATCATCTGCC-1,Mono,Mono,Mono
TCTCATATCCGATATG-1,T cells,CD8 T,T cells
TCTCATATCGGAATCT-1,T cells,CL 1,CL 1
TCTCATATCTTGACGA-1,T cells,CD8 T,T cells
TCTCATATCTTTACAC-1,Mono,Mono,Mono
TCTCTAACAAGCGTAG-1,B cells,CD8 T,T cells
TCTCTAACACCATGTA-1,NK,CD8 T,T cells
TCTCTAACACGCCAGT-1,NK,CD8 T,T cells
TCTCTAACAGCTTCGG-1,NK,CD8 T,T cells
TCTCTAACAGGCTCAC-1,B cells,B cells,B cells
TCTCTAACAGTAGAGC-1,Mono,Mono,Mono
TCTCTAACATCGATGT-1,NK,CD8 T,T cells
TCTCTAACATCGGAAG-1,Mono,Mono,Mono
TCTCTAAGTAACGACG-1,B cells,B cells,B cells
TCTCTAAGTAGCAAAT-1,NK,NK,NK
TCTCTAAGTATCGCAT-1,B cells,B cells,B cells
TCTCTAAGTCGCTTCT-1,T cells,CD8 T,T cells
TCTCTAAGTGCTGTAT-1,Mono,Mono,Mono
TCTCTAAGTTCGGCAC-1,T cells,CD8 T,T cells
TCTCTAATCAACTCTT-1,T cells,CL 1,CL 1
TCTCTAATCCTTCAAT-1,B cells,B cells,B cells
TCTCTAATCGAGGTAG-1,T cells,CL 1,CL 1
TCTCTAATCGTACGGC-1,NK,CD8 T,T cells
TCTCTAATCTTCCTTC-1,NK,NK,NK
TCTGAGAAGCAGCCTC-1,Mono,Mono,Mono
TCTGAGAAGCTAGGCA-1,T cells,CD8 T,T cells
TCTGAGAAGCTGATAA-1,T cells,CD8 T,T cells
TCTGAGAAGTAGATGT-1,Mono,Mono,Mono
TCTGAGACACACATGT-1,T cells,CL 1,CL 1
TCTGAGACACGACTCG-1,T cells,CD8 T,T cells
TCTGAGACAGAGTGTG-1,T cells,CL 1,CL 1
TCTGAGACATCCAACA-1,Mono,Mono,Mono
TCTGAGACATTACGAC-1,B cells,B cells,B cells
TCTGAGAGTACGCACC-1,T cells,CL 1,CL 1
TCTGAGAGTCAATACC-1,Mono,Mono,Mono
TCTGAGAGTGTGTGCC-1,Mono,Mono,Mono
TCTGAGAGTTAAGACA-1,Mono,Mono,Mono
TCTGAGATCATCTGTT-1,Mono,Mono,Mono
TCTGAGATCCGTCAAA-1,Mono,Mono,Mono
TCTGAGATCTTATCTG-1,Mono,Mono,Mono
TCTGAGATCTTTACAC-1,T cells,CD8 T,T cells
TCTGGAAAGAATCTCC-1,T cells,CD8 T,T cells
TCTGGAAAGAGTGACC-1,Mono,Mono,Mono
TCTGGAAAGCGATTCT-1,T cells,CL 1,CL 1
TCTGGAACAGACGCCT-1,T cells,CD8 T,T cells
TCTGGAACAGCATGAG-1,B cells,B cells,B cells
TCTGGAACATAAGACA-1,Mono,Mono,Mono
TCTGGAAGTCAAGCGA-1,Mono,Mono,Mono
TCTGGAAGTCGAGTTT-1,T cells,CL 1,CL 1
TCTGGAAGTCTCATCC-1,Mono,Mono,Mono
TCTGGAAGTGACTCAT-1,T cells,CL 1,CL 1
TCTGGAAGTGTAATGA-1,B cells,B cells,B cells
TCTGGAAGTTAGAACA-1,T cells,CL 1,CL 1
TCTGGAAGTTCAGTAC-1,Mono,Mono,Mono
TCTGGAAGTTGGACCC-1,Mono,Mono,Mono
TCTGGAATCAACCATG-1,Mono,Mono,Mono
TCTGGAATCATGTCCC-1,T cells,CD8 T,T cells
TCTGGAATCCAGTAGT-1,Mono,DC,DC
TCTGGAATCGAACGGA-1,T cells,CD8 T,T cells
TCTGGAATCTTGAGGT-1,T cells,CL 1,CL 1
TCTTCGGAGACATAAC-1,T cells,CD8 T,T cells
TCTTCGGAGACGCACA-1,NK,CD8 T,T cells
TCTTCGGAGCCCTAAT-1,Mono,Mono,Mono
TCTTCGGAGCGTTTAC-1,B cells,B cells,B cells
TCTTCGGAGCTCCTTC-1,NK,NK,NK
TCTTCGGAGGACATTA-1,Mono,Mono,Mono
TCTTCGGAGTGAAGTT-1,NK,CD8 T,T cells
TCTTCGGAGTGGTAAT-1,Mono,Mono,Mono
TCTTCGGAGTTTCCTT-1,NK,NK,NK
TCTTCGGCAAATACAG-1,Mono,Mono,Mono
TCTTCGGCAAGGTTCT-1,Mono,Mono,Mono
TCTTCGGCACCGTTGG-1,Mono,Mono,Mono
TCTTCGGCACGAGGTA-1,Mono,Mono,Mono
TCTTCGGCAGGTCTCG-1,Mono,Mono,Mono
TCTTCGGGTATCGCAT-1,Mono,Mono,Mono
TCTTCGGGTCTCCATC-1,T cells,CD8 T,T cells
TCTTCGGGTCTTGTCC-1,T cells,CD8 T,T cells
TCTTCGGGTTTGTGTG-1,Mono,Mono,Mono
TCTTCGGTCAAGAAGT-1,T cells,CD8 T,T cells
TCTTCGGTCATTCACT-1,Mono,Mono,Mono
TCTTCGGTCCATGCTC-1,B cells,DC,DC
TCTTTCCAGAGACGAA-1,Mono,Mono,Mono
TCTTTCCAGAGCCTAG-1,Mono,Mono,Mono
TCTTTCCAGCACAGGT-1,T cells,CL 1,CL 1
TCTTTCCAGCTAAACA-1,T cells,CD8 T,T cells
TCTTTCCAGGACTGGT-1,B cells,B cells,B cells
TCTTTCCAGGCGTACA-1,T cells,CL 1,CL 1
TCTTTCCAGTAGGTGC-1,Mono,Mono,Mono
TCTTTCCAGTCTTGCA-1,T cells,CD8 T,T cells
TCTTTCCCAAACGCGA-1,B cells,B cells,B cells
TCTTTCCCAAGGCTCC-1,T cells,CL 1,CL 1
TCTTTCCCAATGAATG-1,B cells,B cells,B cells
TCTTTCCCACCGTTGG-1,T cells,CL 1,CL 1
TCTTTCCCACGACGAA-1,B cells,B cells,B cells
TCTTTCCCAGTGACAG-1,T cells,CL 1,CL 1
TCTTTCCCATCCGCGA-1,T cells,CL 1,CL 1
TCTTTCCCATGATCCA-1,B cells,B cells,B cells
TCTTTCCGTAGCGATG-1,Mono,Mono,Mono
TCTTTCCGTCACCCAG-1,Mono,Mono,Mono
TCTTTCCGTCCGCTGA-1,B cells,B cells,B cells
TCTTTCCGTGATAAAC-1,Mono,Mono,Mono
TCTTTCCGTGCAACTT-1,T cells,CL 1,CL 1
TCTTTCCGTTCAGCGC-1,NK,NK,NK
TCTTTCCGTTTCGCTC-1,NK,CD8 T,T cells
TCTTTCCTCGACGGAA-1,T cells,CD8 T,T cells
TCTTTCCTCGTTACGA-1,T cells,CD8 T,T cells
TCTTTCCTCTAACTCT-1,Mono,Mono,Mono
TGAAAGAAGACTCGGA-1,Mono,DC,DC
TGAAAGAAGAGCCCAA-1,T cells,CL 1,CL 1
TGAAAGACAACTGCTA-1,NK,CD8 T,T cells
TGAAAGACAATTCCTT-1,T cells,CD8 T,T cells
TGAAAGACACCAGTTA-1,T cells,CL 1,CL 1
TGAAAGACACGAAATA-1,T cells,CL 1,CL 1
TGAAAGACAGACAGGT-1,B cells,B cells,B cells
TGAAAGACAGATGGCA-1,T cells,CD8 T,T cells
TGAAAGACATCAGTAC-1,T cells,CD8 T,T cells
TGAAAGAGTAAACGCG-1,NK,CD8 T,T cells
TGAAAGAGTAGGGTAC-1,NK,CD8 T,T cells
TGAAAGAGTCCCTACT-1,Mono,Mono,Mono
TGAAAGAGTCCGAAGA-1,Mono,DC,DC
TGAAAGAGTGACGGTA-1,Mono,Mono,Mono
TGAAAGAGTGTATGGG-1,T cells,CD8 T,T cells
TGAAAGAGTTGGTAAA-1,T cells,CL 1,CL 1
TGAAAGATCAGCAACT-1,Mono,Mono,Mono
TGAAAGATCGATAGAA-1,Mono,Mono,Mono
TGAAAGATCGGAAATA-1,NK,NK,NK
TGAAAGATCTATCGCC-1,T cells,CD8 T,T cells
TGACAACAGGAATCGC-1,T cells,CD8 T,T cells
TGACAACAGGAGTAGA-1,T cells,CL 1,CL 1
TGACAACAGGGATGGG-1,T cells,CD8 T,T cells
TGACAACCAACTGCGC-1,T cells,CD8 T,T cells
TGACAACCACAGGTTT-1,B cells,B cells,B cells
TGACAACCAGCCTATA-1,NK,CD8 T,T cells
TGACAACCATCGATGT-1,T cells,CL 1,CL 1
TGACAACGTAGGGACT-1,T cells,CL 1,CL 1
TGACAACGTTCTGGTA-1,Mono,Mono,Mono
TGACAACTCAGCTCGG-1,T cells,CD8 T,T cells
TGACAACTCAGCTTAG-1,Mono,Mono,Mono
TGACAACTCCGGGTGT-1,Mono,Mono,Mono
TGACAACTCGCAAACT-1,NK,CD8 T,T cells
TGACAACTCTAACTGG-1,B cells,B cells,B cells
TGACAACTCTACTCAT-1,T cells,CD8 T,T cells
TGACGGCAGATGGCGT-1,Mono,Mono,Mono
TGACGGCAGCTCTCGG-1,B cells,B cells,B cells
TGACGGCAGGTGTTAA-1,NK,NK,NK
TGACGGCCAAACGTGG-1,T cells,CD8 T,T cells
TGACGGCCACCGAAAG-1,NK,NK,NK
TGACGGCCATAAGACA-1,Mono,B cells,B cells
TGACGGCGTAAGAGAG-1,T cells,CL 1,CL 1
TGACGGCGTAAGTGTA-1,B cells,B cells,B cells
TGACGGCGTAATAGCA-1,B cells,B cells,B cells
TGACGGCGTACCGAGA-1,Mono,Mono,Mono
TGACGGCGTCTGATCA-1,Mono,Mono,Mono
TGACGGCGTGGCGAAT-1,B cells,B cells,B cells
TGACGGCGTGGTCCGT-1,T cells,CD8 T,T cells
TGACGGCGTTCAGTAC-1,T cells,CD8 T,T cells
TGACGGCGTTGGACCC-1,Mono,Mono,Mono
TGACGGCTCCTCAATT-1,Mono,Mono,Mono
TGACGGCTCTCCCTGA-1,T cells,CD8 T,T cells
TGACTAGAGCAGATCG-1,T cells,CL 1,CL 1
TGACTAGAGCAGCGTA-1,T cells,CL 1,CL 1
TGACTAGAGCCACGTC-1,Mono,Mono,Mono
TGACTAGAGGTGATTA-1,Mono,Mono,Mono
TGACTAGAGTAGCCGA-1,B cells,B cells,B cells
TGACTAGCAAGCGAGT-1,Mono,Mono,Mono
TGACTAGCAGACGCTC-1,T cells,CD8 T,T cells
TGACTAGCAGCTATTG-1,NK,CD8 T,T cells
TGACTAGGTAGGACAC-1,T cells,CL 1,CL 1
TGACTAGGTCGCTTTC-1,T cells,CD8 T,T cells
TGACTAGGTCTCCATC-1,Mono,Mono,Mono
TGACTAGGTTGAGGTG-1,T cells,CL 1,CL 1
TGACTAGTCAAGGCTT-1,Mono,Mono,Mono
TGACTAGTCCCACTTG-1,NK,CD8 T,T cells
TGACTAGTCCGAGCCA-1,T cells,CD8 T,T cells
TGACTAGTCCGCATAA-1,T cells,CD8 T,T cells
TGACTAGTCCTAGTGA-1,NK,CD8 T,T cells
TGACTAGTCCTCAATT-1,T cells,CD8 T,T cells
TGACTTTAGCACAGGT-1,B cells,B cells,B cells
TGACTTTAGGAGTACC-1,T cells,CD8 T,T cells
TGACTTTAGGTCATCT-1,B cells,CD8 T,T cells
TGACTTTCAAACTGTC-1,Mono,Mono,Mono
TGACTTTCACGAAACG-1,Mono,DC,DC
TGACTTTCATGTAAGA-1,T cells,CL 1,CL 1
TGACTTTGTGATAAAC-1,B cells,B cells,B cells
TGACTTTGTGCAGGTA-1,Mono,Mono,Mono
TGACTTTGTTTAGCTG-1,NK,NK,NK
TGACTTTTCAACGCTA-1,NK,CD8 T,T cells
TGACTTTTCACCAGGC-1,T cells,CD8 T,T cells
TGACTTTTCCGCATCT-1,Mono,DC,DC
TGACTTTTCCTTGGTC-1,NK,CD8 T,T cells
TGACTTTTCTTCAACT-1,T cells,CD8 T,T cells
TGAGAGGAGAAGCCCA-1,Platelet,Mono,Mono
TGAGAGGAGAATCTCC-1,T cells,CD8 T,T cells
TGAGAGGAGACTGGGT-1,NK,NK,NK
TGAGAGGAGATGTAAC-1,NK,CD8 T,T cells
TGAGAGGAGCGAAGGG-1,T cells,CD8 T,T cells
TGAGAGGAGGTGCACA-1,T cells,CD8 T,T cells
TGAGAGGAGGTGTGGT-1,NK,CD8 T,T cells
TGAGAGGCACGGTAAG-1,T cells,CL 1,CL 1
TGAGAGGGTACTCGCG-1,T cells,CD8 T,T cells
TGAGAGGGTAGCACGA-1,NK,CD8 T,T cells
TGAGAGGGTCCAGTGC-1,NK,CD8 T,T cells
TGAGAGGGTCTTGTCC-1,Mono,Mono,Mono
TGAGAGGGTGACGGTA-1,B cells,B cells,B cells
TGAGAGGGTGATGCCC-1,B cells,B cells,B cells
TGAGAGGGTGCACCAC-1,T cells,CD8 T,T cells
TGAGAGGGTGTAATGA-1,Mono,Mono,Mono
TGAGAGGTCTGACCTC-1,T cells,CD8 T,T cells
TGAGCATCACCGGAAA-1,T cells,CD8 T,T cells
TGAGCATCAGGCTGAA-1,T cells,CD8 T,T cells
TGAGCATCATCCGTGG-1,Mono,Mono,Mono
TGAGCATGTAGCTCCG-1,B cells,B cells,B cells
TGAGCATGTCAGATAA-1,T cells,CL 1,CL 1
TGAGCATGTCCGACGT-1,Mono,Mono,Mono
TGAGCATGTCTAGAGG-1,T cells,CL 1,CL 1
TGAGCATGTGCACCAC-1,Mono,Mono,Mono
TGAGCATGTTAGAACA-1,T cells,CD8 T,T cells
TGAGCATGTTCGCGAC-1,T cells,CL 1,CL 1
TGAGCATGTTCGTGAT-1,Mono,Mono,Mono
TGAGCATTCAAACAAG-1,Mono,Mono,Mono
TGAGCATTCACGACTA-1,T cells,CD8 T,T cells
TGAGCATTCAGCATGT-1,T cells,CD8 T,T cells
TGAGCATTCCCATTAT-1,T cells,CD8 T,T cells
TGAGCATTCCGCATAA-1,T cells,CD8 T,T cells
TGAGCATTCGACCAGC-1,T cells,CD8 T,T cells
TGAGCATTCGTTTGCC-1,B cells,B cells,B cells
TGAGCATTCTAACCGA-1,NK,CD8 T,T cells
TGAGCATTCTAGAGTC-1,T cells,CL 1,CL 1
TGAGCATTCTGAAAGA-1,B cells,B cells,B cells
TGAGCATTCTGTTTGT-1,Mono,Mono,Mono
TGAGCCGAGAAACCAT-1,T cells,CD8 T,T cells
TGAGCCGAGCCGCCTA-1,NK,CD8 T,T cells
TGAGCCGAGTACGACG-1,Mono,Mono,Mono
TGAGCCGAGTAGGTGC-1,T cells,CL 1,CL 1
TGAGCCGCAAACCTAC-1,T cells,CD8 T,T cells
TGAGCCGCAAAGGCGT-1,T cells,CL 1,CL 1
TGAGCCGCACAACTGT-1,Mono,Mono,Mono
TGAGCCGGTCAATACC-1,T cells,CD8 T,T cells
TGAGCCGGTTTAGCTG-1,Mono,Mono,Mono
TGAGCCGTCACAAACC-1,T cells,CD8 T,T cells
TGAGCCGTCTAGCACA-1,T cells,CD8 T,T cells
TGAGCCGTCTGGTGTA-1,T cells,CL 1,CL 1
TGAGCCGTCTTTACGT-1,Mono,Mono,Mono
TGAGGGAAGCAATCTC-1,T cells,CD8 T,T cells
TGAGGGAAGCCTTGAT-1,T cells,CD8 T,T cells
TGAGGGAAGCGATTCT-1,T cells,CL 1,CL 1
TGAGGGAAGGTCATCT-1,NK,CD8 T,T cells
TGAGGGAAGTGTTAGA-1,Mono,Mono,Mono
TGAGGGAAGTTTGCGT-1,Mono,Mono,Mono
TGAGGGACAACGCACC-1,Mono,Mono,Mono
TGAGGGACACCAACCG-1,Mono,Mono,Mono
TGAGGGACACCGCTAG-1,T cells,CL 1,CL 1
TGAGGGACATCCAACA-1,Mono,Mono,Mono
TGAGGGACATGCTAGT-1,T cells,CD8 T,T cells
TGAGGGAGTCTGCCAG-1,T cells,CL 1,CL 1
TGAGGGAGTGATGTGG-1,T cells,CL 1,CL 1
TGAGGGAGTTCACGGC-1,T cells,CD8 T,T cells
TGAGGGAGTTCAGACT-1,T cells,CL 1,CL 1
TGAGGGATCTACGAGT-1,T cells,CD8 T,T cells
TGAGGGATCTGACCTC-1,T cells,CD8 T,T cells
TGATTTCAGAAACCGC-1,Mono,Mono,Mono
TGATTTCAGCAATATG-1,Mono,Mono,Mono
TGATTTCAGCACAGGT-1,B cells,B cells,B cells
TGATTTCAGGACACCA-1,Mono,Mono,Mono
TGATTTCAGTGATCGG-1,Mono,Mono,Mono
TGATTTCCAAGGTGTG-1,Mono,Mono,Mono
TGATTTCCAATCTACG-1,Mono,Mono,Mono
TGATTTCCACAACTGT-1,Mono,Mono,Mono
TGATTTCCACCTCGTT-1,Mono,Mono,Mono
TGATTTCCATACGCTA-1,T cells,CL 1,CL 1
TGATTTCCATCGGTTA-1,T cells,CD8 T,T cells
TGATTTCGTCCGACGT-1,B cells,B cells,B cells
TGATTTCGTGAAGGCT-1,Mono,Mono,Mono
TGATTTCGTGCGCTTG-1,T cells,CD8 T,T cells
TGATTTCGTGGTCTCG-1,Mono,Mono,Mono
TGATTTCGTGTTAAGA-1,T cells,CD8 T,T cells
TGATTTCTCACTCCTG-1,Mono,Mono,Mono
TGATTTCTCTGATTCT-1,T cells,CD8 T,T cells
TGATTTCTCTTGTATC-1,B cells,B cells,B cells
TGCACCTAGACTGGGT-1,B cells,B cells,B cells
TGCACCTAGATACACA-1,T cells,CD8 T,T cells
TGCACCTAGATCCCAT-1,NK,CD8 T,T cells
TGCACCTAGATCTGAA-1,T cells,CL 1,CL 1
TGCACCTAGCTCCCAG-1,NK,CD8 T,T cells
TGCACCTAGCTTCGCG-1,T cells,CD8 T,T cells
TGCACCTAGGCTATCT-1,T cells,CL 1,CL 1
TGCACCTAGGTCGGAT-1,NK,NK,NK
TGCACCTAGGTGTGGT-1,B cells,B cells,B cells
TGCACCTAGTACGCGA-1,Mono,Mono,Mono
TGCACCTAGTGGGATC-1,B cells,B cells,B cells
TGCACCTAGTTATCGC-1,Mono,Mono,Mono
TGCACCTCAATCGGTT-1,Mono,Mono,Mono
TGCACCTCATCATCCC-1,Mono,Mono,Mono
TGCACCTGTATCAGTC-1,Mono,Mono,Mono
TGCACCTGTGCACCAC-1,Mono,Mono,Mono
TGCACCTTCAGCTGGC-1,T cells,CD8 T,T cells
TGCACCTTCCACGTGG-1,NK,CD8 T,T cells
TGCACCTTCGGAATCT-1,T cells,CL 1,CL 1
TGCACCTTCGTACCGG-1,Mono,Mono,Mono
TGCACCTTCTGGTGTA-1,T cells,CD8 T,T cells
TGCCAAAAGGAGTTTA-1,T cells,CL 1,CL 1
TGCCAAAAGGCATTGG-1,Mono,Mono,Mono
TGCCAAAAGTCCCACG-1,Mono,Mono,Mono
TGCCAAACAAGCCGTC-1,Mono,Mono,Mono
TGCCAAACACGCGAAA-1,T cells,CD8 T,T cells
TGCCAAACAGCGTAAG-1,B cells,CL 1,CL 1
TGCCAAACAGGACGTA-1,T cells,CL 1,CL 1
TGCCAAACAGTTTACG-1,Mono,Mono,Mono
TGCCAAACATACTACG-1,Mono,Mono,Mono
TGCCAAAGTACACCGC-1,Mono,Mono,Mono
TGCCAAAGTACGCACC-1,B cells,B cells,B cells
TGCCAAAGTCAGCTAT-1,B cells,B cells,B cells
TGCCAAAGTCGAACAG-1,B cells,CD8 T,T cells
TGCCAAAGTCTTGTCC-1,B cells,B cells,B cells
TGCCAAAGTGCAGACA-1,T cells,CL 1,CL 1
TGCCAAAGTGTCAATC-1,T cells,CL 1,CL 1
TGCCAAAGTGTGCCTG-1,T cells,CD8 T,T cells
TGCCAAATCATCGGAT-1,T cells,CL 1,CL 1
TGCCAAATCCAACCAA-1,Mono,Mono,Mono
TGCCAAATCCAGTAGT-1,Mono,Mono,Mono
TGCCAAATCGAATGCT-1,T cells,CL 1,CL 1
TGCCAAATCTTGCATT-1,T cells,CD8 T,T cells
TGCCCATAGCGTGTCC-1,Mono,Mono,Mono
TGCCCATAGGGAAACA-1,Mono,Mono,Mono
TGCCCATAGGGATACC-1,B cells,B cells,B cells
TGCCCATAGTTGAGTA-1,Mono,Mono,Mono
TGCCCATCAAGGTTTC-1,T cells,CL 1,CL 1
TGCCCATCACGCATCG-1,Mono,Mono,Mono
TGCCCATCAGGGATTG-1,NK,CD8 T,T cells
TGCCCATCATCTCGCT-1,NK,CD8 T,T cells
TGCCCATCATGGAATA-1,T cells,CD8 T,T cells
TGCCCATGTATATGAG-1,Mono,Mono,Mono
TGCCCATGTCAATGTC-1,T cells,CL 1,CL 1
TGCCCATGTCCATCCT-1,Mono,Mono,Mono
TGCCCATGTCTCATCC-1,B cells,B cells,B cells
TGCCCATGTGTTTGTG-1,T cells,CL 1,CL 1
TGCCCATTCAACCATG-1,T cells,CD8 T,T cells
TGCCCATTCAAGGTAA-1,Mono,Mono,Mono
TGCCCATTCACTCTTA-1,Mono,Mono,Mono
TGCCCATTCATCGATG-1,B cells,B cells,B cells
TGCCCATTCCGAGCCA-1,Mono,Mono,Mono
TGCCCATTCGCCAGCA-1,T cells,CL 1,CL 1
TGCCCATTCTCCCTGA-1,T cells,CD8 T,T cells
TGCCCTAAGAATGTTG-1,T cells,CD8 T,T cells
TGCCCTAAGACACGAC-1,T cells,CD8 T,T cells
TGCCCTAAGACTGGGT-1,T cells,CD8 T,T cells
TGCCCTAAGAGGTTGC-1,Mono,Mono,Mono
TGCCCTAAGATGTAAC-1,Mono,Mono,Mono
TGCCCTAAGTACATGA-1,NK,CD8 T,T cells
TGCCCTAAGTTAGCGG-1,T cells,CD8 T,T cells
TGCCCTAAGTTATCGC-1,T cells,CD8 T,T cells
TGCCCTACAAAGGCGT-1,Mono,Mono,Mono
TGCCCTACAAATCCGT-1,B cells,B cells,B cells
TGCCCTACAATAGCGG-1,Mono,Mono,Mono
TGCCCTACACCATGTA-1,Mono,Mono,Mono
TGCCCTACAGACGCCT-1,Mono,Mono,Mono
TGCCCTACATAAAGGT-1,Mono,Mono,Mono
TGCCCTAGTATAAACG-1,Mono,Mono,Mono
TGCCCTAGTATTCGTG-1,T cells,CD8 T,T cells
TGCCCTAGTGCACTTA-1,T cells,CD8 T,T cells
TGCCCTAGTTATGTGC-1,Mono,DC,DC
TGCCCTATCACATGCA-1,T cells,CD8 T,T cells
TGCCCTATCCAAGCCG-1,T cells,CD8 T,T cells
TGCCCTATCGCAAACT-1,NK,NK,NK
TGCCCTATCGTCCAGG-1,B cells,B cells,B cells
TGCCCTATCTTCAACT-1,NK,CD8 T,T cells
TGCGCAGAGAATTGTG-1,T cells,CL 1,CL 1
TGCGCAGAGCGCCTTG-1,Mono,Mono,Mono
TGCGCAGAGGGTGTTG-1,B cells,B cells,B cells
TGCGCAGAGGTGCAAC-1,T cells,CD8 T,T cells
TGCGCAGAGGTGCTAG-1,Mono,Mono,Mono
TGCGCAGAGGTGGGTT-1,T cells,CL 1,CL 1
TGCGCAGCAATAAGCA-1,NK,CD8 T,T cells
TGCGCAGCACGTTGGC-1,Mono,Mono,Mono
TGCGCAGCAGATGGGT-1,B cells,B cells,B cells
TGCGCAGCATCCTTGC-1,Mono,DC,DC
TGCGCAGCATCGACGC-1,T cells,CD8 T,T cells
TGCGCAGCATTTGCCC-1,T cells,CD8 T,T cells
TGCGCAGGTAGCGATG-1,Mono,Mono,Mono
TGCGCAGGTGCCTTGG-1,T cells,CL 1,CL 1
TGCGCAGGTTCGGGCT-1,T cells,CD8 T,T cells
TGCGCAGGTTTGTTGG-1,Mono,Mono,Mono
TGCGCAGTCCAGGGCT-1,Mono,Mono,Mono
TGCGCAGTCCGCGCAA-1,Mono,Mono,Mono
TGCGCAGTCGGCTTGG-1,T cells,CL 1,CL 1
TGCGGGTAGACAGAGA-1,Mono,DC,DC
TGCGGGTAGACTTGAA-1,NK,NK,NK
TGCGGGTAGCCAACAG-1,T cells,CD8 T,T cells
TGCGGGTAGGGCACTA-1,T cells,CD8 T,T cells
TGCGGGTAGTTGTCGT-1,T cells,CD8 T,T cells
TGCGGGTCAAAGGAAG-1,Mono,Mono,Mono
TGCGGGTCACCATCCT-1,T cells,CL 1,CL 1
TGCGGGTCACGGATAG-1,B cells,B cells,B cells
TGCGGGTCAGCAGTTT-1,Mono,Mono,Mono
TGCGGGTCAGGGAGAG-1,Mono,Mono,Mono
TGCGGGTCATATGAGA-1,B cells,B cells,B cells
TGCGGGTCATCGATGT-1,T cells,CL 1,CL 1
TGCGGGTGTACCAGTT-1,Mono,DC,DC
TGCGGGTGTTAAGGGC-1,B cells,B cells,B cells
TGCGGGTGTTAAGTAG-1,NK,NK,NK
TGCGGGTGTTAGGGTG-1,Mono,Mono,Mono
TGCGGGTGTTTGTTTC-1,Mono,Mono,Mono
TGCGGGTTCACCAGGC-1,T cells,CD8 T,T cells
TGCGGGTTCCTCATTA-1,Mono,Mono,Mono
TGCGGGTTCTTATCTG-1,T cells,CL 1,CL 1
TGCGTGGAGTAGATGT-1,Mono,Mono,Mono
TGCGTGGAGTTAACGA-1,B cells,B cells,B cells
TGCGTGGCAGTGGAGT-1,T cells,CL 1,CL 1
TGCGTGGCATTTGCTT-1,T cells,CD8 T,T cells
TGCGTGGGTAGGAGTC-1,T cells,CD8 T,T cells
TGCGTGGGTGACCAAG-1,Mono,Mono,Mono
TGCGTGGTCAACTCTT-1,T cells,CL 1,CL 1
TGCGTGGTCCGTACAA-1,NK,NK,NK
TGCGTGGTCGCGCCAA-1,T cells,CL 1,CL 1
TGCTACCAGATGGCGT-1,T cells,CD8 T,T cells
TGCTACCAGCACCGTC-1,Mono,Mono,Mono
TGCTACCAGCTACCTA-1,NK,CD8 T,T cells
TGCTACCAGGGTTTCT-1,Mono,Mono,Mono
TGCTACCCAAGGCTCC-1,T cells,CD8 T,T cells
TGCTACCCAATCTGCA-1,T cells,CD8 T,T cells
TGCTACCCACAAGTAA-1,B cells,B cells,B cells
TGCTACCCAGCCTTGG-1,T cells,CD8 T,T cells
TGCTACCCAGCTCGAC-1,NK,CD8 T,T cells
TGCTACCCAGTGAGTG-1,B cells,B cells,B cells
TGCTACCCATTAGGCT-1,T cells,CL 1,CL 1
TGCTACCGTCATCGGC-1,Mono,Mono,Mono
TGCTACCGTCCGACGT-1,Mono,Mono,Mono
TGCTACCGTCTAGTGT-1,B cells,B cells,B cells
TGCTACCGTCTGATCA-1,B cells,CL 1,CL 1
TGCTACCGTGCAGGTA-1,T cells,CD8 T,T cells
TGCTACCGTGTTCGAT-1,NK,CD8 T,T cells
TGCTACCTCCACGAAT-1,Mono,Mono,Mono
TGCTACCTCCTAGAAC-1,Mono,DC,DC
TGCTACCTCGGGAGTA-1,B cells,B cells,B cells
TGCTACCTCTGTACGA-1,T cells,CL 1,CL 1
TGCTGCTAGATGCCTT-1,T cells,CD8 T,T cells
TGCTGCTAGCCCAGCT-1,B cells,B cells,B cells
TGCTGCTAGGATATAC-1,B cells,B cells,B cells
TGCTGCTAGTCATGCT-1,Mono,DC,DC
TGCTGCTCAAGTCATC-1,Mono,Mono,Mono
TGCTGCTCAAGTTGTC-1,T cells,CL 1,CL 1
TGCTGCTCACCGAAAG-1,T cells,CL 1,CL 1
TGCTGCTCACGAAAGC-1,T cells,CL 1,CL 1
TGCTGCTCACTGAAGG-1,T cells,CL 1,CL 1
TGCTGCTCAGAGCCAA-1,Mono,Mono,Mono
TGCTGCTCAGCGAACA-1,T cells,CD8 T,T cells
TGCTGCTCATCTGGTA-1,T cells,CL 1,CL 1
TGCTGCTCATGACATC-1,T cells,CD8 T,T cells
TGCTGCTGTAGCAAAT-1,B cells,B cells,B cells
TGCTGCTGTAGCGTCC-1,Mono,DC,DC
TGCTGCTGTCAAACTC-1,NK,CD8 T,T cells
TGCTGCTGTCAGAGGT-1,B cells,B cells,B cells
TGCTGCTGTCAGATAA-1,T cells,CD8 T,T cells
TGCTGCTGTCAGCTAT-1,Mono,Mono,Mono
TGCTGCTGTTACAGAA-1,B cells,B cells,B cells
TGCTGCTGTTGGAGGT-1,T cells,CL 1,CL 1
TGCTGCTGTTGGTAAA-1,NK,CD8 T,T cells
TGCTGCTTCACAGTAC-1,Mono,Mono,Mono
TGCTGCTTCGGCATCG-1,T cells,CL 1,CL 1
TGCTGCTTCGGCCGAT-1,NK,CD8 T,T cells
TGGACGCAGCTGCAAG-1,Mono,Mono,Mono
TGGACGCAGGTGATTA-1,T cells,CL 1,CL 1
TGGACGCCATCGGAAG-1,Mono,Mono,Mono
TGGACGCGTCGCATCG-1,T cells,CL 1,CL 1
TGGACGCGTGAAAGAG-1,T cells,CD8 T,T cells
TGGACGCGTGTCCTCT-1,T cells,CD8 T,T cells
TGGACGCTCCAAAGTC-1,T cells,CL 1,CL 1
TGGACGCTCGCATGAT-1,T cells,CD8 T,T cells
TGGACGCTCGCATGGC-1,NK,CD8 T,T cells
TGGCCAGAGAGCTGGT-1,T cells,CD8 T,T cells
TGGCCAGAGATATGGT-1,T cells,CL 1,CL 1
TGGCCAGAGCTACCTA-1,Mono,Mono,Mono
TGGCCAGAGGCAATTA-1,T cells,CL 1,CL 1
TGGCCAGAGGTAGCCA-1,T cells,CL 1,CL 1
TGGCCAGAGTCATCCA-1,NK,CD8 T,T cells
TGGCCAGCAATGAATG-1,Mono,Mono,Mono
TGGCCAGCATTACGAC-1,Mono,CD8 T,T cells
TGGCCAGGTAGCTGCC-1,T cells,CD8 T,T cells
TGGCCAGGTATATGAG-1,T cells,CD8 T,T cells
TGGCCAGGTCCCTACT-1,T cells,CL 1,CL 1
TGGCCAGGTCGAGTTT-1,Mono,Mono,Mono
TGGCCAGTCCAAACAC-1,T cells,CD8 T,T cells
TGGCCAGTCCGTTGTC-1,T cells,CL 1,CL 1
TGGCCAGTCGGACAAG-1,T cells,CD8 T,T cells
TGGCCAGTCGGCTTGG-1,Mono,Mono,Mono
TGGCGCAAGAAGGTGA-1,T cells,CD8 T,T cells
TGGCGCAAGCTAGCCC-1,Mono,Mono,Mono
TGGCGCAAGGGATCTG-1,Mono,Mono,Mono
TGGCGCAAGTACCGGA-1,B cells,B cells,B cells
TGGCGCACACCCTATC-1,T cells,CD8 T,T cells
TGGCGCACAGCTGCAC-1,Mono,Mono,Mono
TGGCGCAGTATTACCG-1,T cells,CD8 T,T cells
TGGCGCAGTCAAACTC-1,T cells,CD8 T,T cells
TGGCGCAGTCACCCAG-1,T cells,CL 1,CL 1
TGGCGCAGTGCGCTTG-1,B cells,B cells,B cells
TGGCGCAGTGTAAGTA-1,B cells,B cells,B cells
TGGCGCAGTGTCCTCT-1,T cells,CD8 T,T cells
TGGCGCAGTTACGGAG-1,T cells,CD8 T,T cells
TGGCGCAGTTTAGGAA-1,T cells,CD8 T,T cells
TGGCGCATCAAGAAGT-1,T cells,CL 1,CL 1
TGGCGCATCACCAGGC-1,B cells,B cells,B cells
TGGCGCATCAGTTTGG-1,B cells,CD8 T,T cells
TGGCGCATCGTCGTTC-1,T cells,CD8 T,T cells
TGGCTGGAGAGGACGG-1,B cells,B cells,B cells
TGGCTGGAGCTAAACA-1,NK,CD8 T,T cells
TGGCTGGAGCTGTCTA-1,T cells,CL 1,CL 1
TGGCTGGAGTCATGCT-1,Mono,Mono,Mono
TGGCTGGAGTTAGCGG-1,T cells,CL 1,CL 1
TGGCTGGCAAAGGCGT-1,NK,CD8 T,T cells
TGGCTGGCACAACTGT-1,T cells,CL 1,CL 1
TGGCTGGCACGAGGTA-1,T cells,CL 1,CL 1
TGGCTGGCACTTCGAA-1,T cells,CD8 T,T cells
TGGCTGGCAGCTCCGA-1,T cells,CD8 T,T cells
TGGCTGGCAGTCCTTC-1,B cells,B cells,B cells
TGGCTGGCATGAAGTA-1,T cells,CD8 T,T cells
TGGCTGGGTCGTTGTA-1,T cells,CL 1,CL 1
TGGCTGGGTCTAGTCA-1,B cells,B cells,B cells
TGGCTGGGTTGTCTTT-1,NK,NK,NK
TGGCTGGTCAGTCAGT-1,T cells,CL 1,CL 1
TGGCTGGTCCATGAGT-1,T cells,CL 1,CL 1
TGGCTGGTCCTAGAAC-1,B cells,CD8 T,T cells
TGGCTGGTCGCTAGCG-1,T cells,CD8 T,T cells
TGGCTGGTCGGTGTTA-1,B cells,B cells,B cells
TGGCTGGTCGGTTCGG-1,T cells,CD8 T,T cells
TGGCTGGTCGTCCAGG-1,NK,CD8 T,T cells
TGGGAAGAGATCACGG-1,B cells,B cells,B cells
TGGGAAGAGTGTACCT-1,NK,NK,NK
TGGGAAGCAGATCGGA-1,B cells,B cells,B cells
TGGGAAGCATGTTGAC-1,B cells,B cells,B cells
TGGGAAGGTATCTGCA-1,B cells,B cells,B cells
TGGGAAGGTCGAACAG-1,Mono,Mono,Mono
TGGGAAGGTCTAAACC-1,Mono,Mono,Mono
TGGGAAGGTTCCCGAG-1,Mono,Mono,Mono
TGGGAAGGTTTGGGCC-1,B cells,CD8 T,T cells
TGGGAAGTCAAACAAG-1,T cells,CD8 T,T cells
TGGGAAGTCACCGGGT-1,T cells,CL 1,CL 1
TGGGAAGTCAGTCAGT-1,B cells,B cells,B cells
TGGGAAGTCATCGGAT-1,Mono,Mono,Mono
TGGGAAGTCCCTAATT-1,Mono,Mono,Mono
TGGGAAGTCCTTTCTC-1,T cells,CL 1,CL 1
TGGGAAGTCTGATACG-1,Mono,Mono,Mono
TGGGCGTAGACAGACC-1,T cells,CD8 T,T cells
TGGGCGTAGAGTTGGC-1,NK,CD8 T,T cells
TGGGCGTAGATCTGAA-1,T cells,CD8 T,T cells
TGGGCGTAGCGATGAC-1,Mono,Mono,Mono
TGGGCGTAGGAGTACC-1,Mono,Mono,Mono
TGGGCGTAGGGCACTA-1,T cells,CD8 T,T cells
TGGGCGTAGTTGTCGT-1,T cells,CD8 T,T cells
TGGGCGTCAAGTCTGT-1,NK,CD8 T,T cells
TGGGCGTCACTTCTGC-1,NK,CD8 T,T cells
TGGGCGTCAGCTGTTA-1,NK,CD8 T,T cells
TGGGCGTCATGGTTGT-1,T cells,CD8 T,T cells
TGGGCGTGTAGAGTGC-1,B cells,CD8 T,T cells
TGGGCGTGTCCAAGTT-1,T cells,CD8 T,T cells
TGGGCGTGTCTTCGTC-1,NK,NK,NK
TGGGCGTGTTATTCTC-1,Mono,Mono,Mono
TGGGCGTGTTCAACCA-1,Mono,Mono,Mono
TGGGCGTTCAGCACAT-1,Mono,Mono,Mono
TGGGCGTTCCGTCATC-1,Mono,Mono,Mono
TGGGCGTTCCTAGTGA-1,NK,CD8 T,T cells
TGGTTAGAGATGTGGC-1,B cells,CD8 T,T cells
TGGTTAGAGGGTGTTG-1,B cells,B cells,B cells
TGGTTAGCACCAGCAC-1,Mono,Mono,Mono
TGGTTAGCACGGTAGA-1,T cells,CD8 T,T cells
TGGTTAGCACTAAGTC-1,T cells,CD8 T,T cells
TGGTTAGCACTGCCAG-1,Mono,Mono,Mono
TGGTTAGCATCACGAT-1,Mono,Mono,Mono
TGGTTAGGTAAACCTC-1,Mono,Mono,Mono
TGGTTAGGTAACGACG-1,T cells,CD8 T,T cells
TGGTTAGGTAGCGTCC-1,Mono,Mono,Mono
TGGTTAGGTGAGGCTA-1,T cells,CD8 T,T cells
TGGTTAGGTGGAAAGA-1,T cells,CD8 T,T cells
TGGTTAGGTTTCCACC-1,T cells,CD8 T,T cells
TGGTTAGTCAAAGACA-1,T cells,CL 1,CL 1
TGGTTAGTCCTCCTAG-1,T cells,CD8 T,T cells
TGGTTAGTCTCGCATC-1,T cells,CL 1,CL 1
TGGTTCCAGAGTGAGA-1,T cells,CD8 T,T cells
TGGTTCCAGATGTCGG-1,Mono,Mono,Mono
TGGTTCCAGCACGCCT-1,T cells,CD8 T,T cells
TGGTTCCAGTAGCCGA-1,Mono,Mono,Mono
TGGTTCCAGTCGAGTG-1,T cells,CD8 T,T cells
TGGTTCCCAGTTCATG-1,T cells,CD8 T,T cells
TGGTTCCGTCGAACAG-1,NK,CD8 T,T cells
TGGTTCCGTGCCTGCA-1,Mono,Mono,Mono
TGGTTCCTCAGAAATG-1,B cells,B cells,B cells
TGGTTCCTCCAAAGTC-1,T cells,CL 1,CL 1
TGGTTCCTCCCTCAGT-1,B cells,B cells,B cells
TGGTTCCTCCGCAAGC-1,B cells,CL 1,CL 1
TGTATTCAGAATGTGT-1,Mono,DC,DC
TGTATTCAGCCATCGC-1,Mono,Mono,Mono
TGTATTCAGTCCTCCT-1,Mono,Mono,Mono
TGTATTCCAATGAATG-1,T cells,CL 1,CL 1
TGTATTCCACTCTGTC-1,B cells,CD8 T,T cells
TGTATTCCATCCCATC-1,B cells,CD8 T,T cells
TGTATTCGTAAACCTC-1,B cells,B cells,B cells
TGTATTCGTAGCCTAT-1,T cells,CD8 T,T cells
TGTATTCGTCATTAGC-1,Mono,Mono,Mono
TGTATTCGTCGGCACT-1,T cells,CL 1,CL 1
TGTATTCGTGCAACTT-1,B cells,B cells,B cells
TGTATTCTCCTATGTT-1,B cells,CD8 T,T cells
TGTATTCTCGAACTGT-1,T cells,CL 1,CL 1
TGTATTCTCGTCACGG-1,T cells,CL 1,CL 1
TGTATTCTCTATCCTA-1,T cells,CD8 T,T cells
TGTATTCTCTTGCCGT-1,Mono,Mono,Mono
TGTCCCAAGGTAAACT-1,NK,CD8 T,T cells
TGTCCCAAGTAGCGGT-1,Mono,Mono,Mono
TGTCCCACAACTGCTA-1,Mono,Mono,Mono
TGTCCCACAAGGTGTG-1,T cells,CD8 T,T cells
TGTCCCAGTAAGTGGC-1,T cells,CD8 T,T cells
TGTCCCAGTAAGTGTA-1,Mono,Mono,Mono
TGTCCCAGTGCACCAC-1,B cells,B cells,B cells
TGTCCCAGTGTGACCC-1,T cells,CL 1,CL 1
TGTCCCATCAGTGTTG-1,T cells,CL 1,CL 1
TGTCCCATCGCCAGCA-1,T cells,CD8 T,T cells
TGTCCCATCTTAGCCC-1,B cells,B cells,B cells
TGTCCCATCTTTACGT-1,T cells,CD8 T,T cells
TGTGGTAAGAAACCTA-1,T cells,CD8 T,T cells
TGTGGTAAGATGCGAC-1,T cells,CD8 T,T cells
TGTGGTAAGCGCTCCA-1,B cells,B cells,B cells
TGTGGTAAGTCCATAC-1,Mono,Mono,Mono
TGTGGTACAAGTTCTG-1,B cells,B cells,B cells
TGTGGTACACCACCAG-1,Mono,Mono,Mono
TGTGGTACACCTCGGA-1,NK,CD8 T,T cells
TGTGGTAGTTACCGAT-1,T cells,CD8 T,T cells
TGTGGTAGTTGGTTTG-1,B cells,B cells,B cells
TGTGGTAGTTGTCGCG-1,T cells,CD8 T,T cells
TGTGGTATCACCCTCA-1,T cells,CL 1,CL 1
TGTGGTATCAGCACAT-1,T cells,CL 1,CL 1
TGTGGTATCTGATTCT-1,T cells,NK,NK
TGTGGTATCTGTGCAA-1,T cells,CL 1,CL 1
TGTGTTTAGGCATTGG-1,Mono,Mono,Mono
TGTGTTTAGGCCCTCA-1,T cells,CD8 T,T cells
TGTGTTTCACTCGACG-1,T cells,CD8 T,T cells
TGTGTTTCAGGATCGA-1,Mono,Mono,Mono
TGTGTTTCATATACGC-1,Mono,Mono,Mono
TGTGTTTCATGGTAGG-1,B cells,B cells,B cells
TGTGTTTGTATGAAAC-1,T cells,CL 1,CL 1
TGTGTTTGTGGTTTCA-1,NK,CD8 T,T cells
TGTGTTTGTGTTCGAT-1,T cells,CL 1,CL 1
TGTGTTTTCCCTTGTG-1,Mono,Mono,Mono
TGTGTTTTCTACTCAT-1,Mono,Mono,Mono
TGTGTTTTCTGTGCAA-1,NK,CD8 T,T cells
TGTGTTTTCTTGTTTG-1,Mono,Mono,Mono
TGTTCCGAGCTAGCCC-1,NK,CD8 T,T cells
TGTTCCGAGTATCTCG-1,T cells,CD8 T,T cells
TGTTCCGCAATCTACG-1,Platelet,Mono,Mono
TGTTCCGCACCCATTC-1,Mono,DC,DC
TGTTCCGCACGTCAGC-1,B cells,B cells,B cells
TGTTCCGCAGCCTTGG-1,T cells,CD8 T,T cells
TGTTCCGCAGCGAACA-1,T cells,CD8 T,T cells
TGTTCCGCAGCGTTCG-1,NK,CD8 T,T cells
TGTTCCGGTAAACACA-1,T cells,CL 1,CL 1
TGTTCCGGTTTGGCGC-1,B cells,B cells,B cells
TGTTCCGTCACAATGC-1,T cells,CL 1,CL 1
TGTTCCGTCGAATGGG-1,Mono,Mono,Mono
TGTTCCGTCTTTACAC-1,T cells,CL 1,CL 1
TTAACTCAGAATTGTG-1,T cells,CD8 T,T cells
TTAACTCAGCTACCGC-1,T cells,CD8 T,T cells
TTAACTCAGCTTCGCG-1,B cells,B cells,B cells
TTAACTCAGTCAATAG-1,Mono,Mono,Mono
TTAACTCAGTGTACCT-1,Mono,Mono,Mono
TTAACTCAGTTGTAGA-1,T cells,CL 1,CL 1
TTAACTCCAAAGAATC-1,NK,CD8 T,T cells
TTAACTCCAAGGTTCT-1,T cells,CL 1,CL 1
TTAACTCCACTAAGTC-1,NK,NK,NK
TTAACTCCATCCGTGG-1,T cells,CL 1,CL 1
TTAACTCCATGACGGA-1,T cells,CL 1,CL 1
TTAACTCCATTTCAGG-1,B cells,CD8 T,T cells
TTAACTCGTAGAAGGA-1,T cells,CD8 T,T cells
TTAACTCGTCGCGTGT-1,B cells,CD8 T,T cells
TTAACTCGTCTACCTC-1,Mono,DC,DC
TTAACTCGTTCCGTCT-1,B cells,B cells,B cells
TTAACTCTCAGTGCAT-1,B cells,B cells,B cells
TTAACTCTCCACTCCA-1,Mono,Mono,Mono
TTAACTCTCCTAGGGC-1,NK,NK,NK
TTAACTCTCTCCGGTT-1,Mono,Mono,Mono
TTAGGACAGAAGGCCT-1,Mono,Mono,Mono
TTAGGACAGAGGTAGA-1,B cells,B cells,B cells
TTAGGACAGATGTGTA-1,Mono,Mono,Mono
TTAGGACAGCAGGTCA-1,T cells,CD8 T,T cells
TTAGGACAGTGTTTGC-1,T cells,CL 1,CL 1
TTAGGACCAAATCCGT-1,B cells,B cells,B cells
TTAGGACCAACTTGAC-1,T cells,CD8 T,T cells
TTAGGACCAGCTGCAC-1,B cells,B cells,B cells
TTAGGACCAGGGCATA-1,T cells,CD8 T,T cells
TTAGGACCAGGGTATG-1,T cells,CL 1,CL 1
TTAGGACCATCTCGCT-1,T cells,CL 1,CL 1
TTAGGACGTAACGCGA-1,T cells,CD8 T,T cells
TTAGGACGTACCGCTG-1,Mono,Mono,Mono
TTAGGACGTCACCCAG-1,T cells,CL 1,CL 1
TTAGGACGTCAGAAGC-1,T cells,CD8 T,T cells
TTAGGACGTCAGAGGT-1,T cells,CL 1,CL 1
TTAGGACGTCATACTG-1,Mono,Mono,Mono
TTAGGACGTCGCCATG-1,T cells,CL 1,CL 1
TTAGGACTCCGTCATC-1,T cells,CL 1,CL 1
TTAGGACTCCTGCTTG-1,T cells,CL 1,CL 1
TTAGGCAAGAAGAAGC-1,Mono,Mono,Mono
TTAGGCAAGAAGGGTA-1,T cells,CD8 T,T cells
TTAGGCACAAACCTAC-1,Mono,Mono,Mono
TTAGGCACAATGGAGC-1,Mono,Mono,Mono
TTAGGCACACGGTAAG-1,Mono,Mono,Mono
TTAGGCAGTCGGGTCT-1,Mono,Mono,Mono
TTAGGCAGTCTCATCC-1,T cells,CD8 T,T cells
TTAGGCAGTCTGGTCG-1,B cells,B cells,B cells
TTAGGCAGTTAAGACA-1,B cells,B cells,B cells
TTAGGCAGTTATGTGC-1,Mono,DC,DC
TTAGGCAGTTTGGGCC-1,T cells,CL 1,CL 1
TTAGGCATCAGCTCGG-1,B cells,B cells,B cells
TTAGGCATCAGTTAGC-1,NK,CD8 T,T cells
TTAGGCATCATCTGCC-1,Mono,Mono,Mono
TTAGGCATCATGCAAC-1,T cells,CD8 T,T cells
TTAGGCATCCAAACAC-1,NK,NK,NK
TTAGGCATCCCAAGTA-1,T cells,CD8 T,T cells
TTAGGCATCTATCCTA-1,T cells,CD8 T,T cells
TTAGTTCAGAGTTGGC-1,T cells,CD8 T,T cells
TTAGTTCAGCAGGTCA-1,B cells,B cells,B cells
TTAGTTCAGGCAGGTT-1,T cells,CD8 T,T cells
TTAGTTCCAAGGACAC-1,Mono,Mono,Mono
TTAGTTCCACAGATTC-1,T cells,CL 1,CL 1
TTAGTTCCACTACAGT-1,NK,CD8 T,T cells
TTAGTTCCAGGTCTCG-1,Mono,Mono,Mono
TTAGTTCGTACATGTC-1,Mono,Mono,Mono
TTAGTTCGTATGAATG-1,Mono,Mono,Mono
TTAGTTCGTTGACGTT-1,NK,CD8 T,T cells
TTAGTTCGTTGGGACA-1,T cells,CD8 T,T cells
TTAGTTCTCAACACGT-1,Mono,Mono,Mono
TTAGTTCTCAACACTG-1,Mono,Mono,Mono
TTAGTTCTCAGTCCCT-1,B cells,B cells,B cells
TTAGTTCTCTGACCTC-1,NK,CD8 T,T cells
TTAGTTCTCTGTTGAG-1,NK,NK,NK
TTATGCTAGAAACCGC-1,B cells,B cells,B cells
TTATGCTAGACATAAC-1,T cells,CD8 T,T cells
TTATGCTAGCATCATC-1,B cells,B cells,B cells
TTATGCTAGGCACATG-1,Mono,Mono,Mono
TTATGCTAGTCTCAAC-1,B cells,B cells,B cells
TTATGCTAGTGTTAGA-1,Mono,DC,DC
TTATGCTCAAGAAAGG-1,NK,CD8 T,T cells
TTATGCTCAAGGACTG-1,B cells,B cells,B cells
TTATGCTCAGCCTGTG-1,NK,NK,NK
TTATGCTCAGCTTAAC-1,T cells,CD8 T,T cells
TTATGCTCATAAGACA-1,T cells,CD8 T,T cells
TTATGCTCATGCAATC-1,B cells,B cells,B cells
TTATGCTGTCCGTGAC-1,Mono,Mono,Mono
TTATGCTGTGTTTGGT-1,Mono,Mono,Mono
TTATGCTTCAGCTTAG-1,NK,NK,NK
TTATGCTTCCGTCAAA-1,T cells,CD8 T,T cells
TTATGCTTCGCCAAAT-1,Mono,Mono,Mono
TTATGCTTCGGATGGA-1,Mono,Mono,Mono
TTATGCTTCTAACGGT-1,T cells,CL 1,CL 1
TTATGCTTCTGGTGTA-1,B cells,B cells,B cells
TTCCCAGAGGCGTACA-1,T cells,CD8 T,T cells
TTCCCAGAGGCTATCT-1,NK,CD8 T,T cells
TTCCCAGAGTACGACG-1,Mono,Mono,Mono
TTCCCAGCAAGCTGGA-1,T cells,CD8 T,T cells
TTCCCAGCAATGGTCT-1,Mono,Mono,Mono
TTCCCAGCACGAGGTA-1,T cells,CD8 T,T cells
TTCCCAGCATCACGTA-1,T cells,CD8 T,T cells
TTCCCAGGTAAATACG-1,T cells,CL 1,CL 1
TTCCCAGGTAAGTGTA-1,Mono,Mono,Mono
TTCCCAGGTACGCTGC-1,NK,CD8 T,T cells
TTCCCAGGTAGCTAAA-1,T cells,CD8 T,T cells
TTCCCAGGTCCAACTA-1,Mono,Mono,Mono
TTCCCAGGTCTCAACA-1,T cells,CD8 T,T cells
TTCCCAGGTGAAATCA-1,T cells,CD8 T,T cells
TTCCCAGTCAACTCTT-1,B cells,B cells,B cells
TTCCCAGTCAGGTAAA-1,T cells,CD8 T,T cells
TTCCCAGTCGCACTCT-1,T cells,CD8 T,T cells
TTCCCAGTCTACCTGC-1,T cells,CL 1,CL 1
TTCGAAGAGCTACCGC-1,T cells,CD8 T,T cells
TTCGAAGAGCTGCGAA-1,T cells,CD8 T,T cells
TTCGAAGAGGAGTCTG-1,T cells,CD8 T,T cells
TTCGAAGAGGCCCTTG-1,T cells,CL 1,CL 1
TTCGAAGCACGCCAGT-1,T cells,CD8 T,T cells
TTCGAAGCACGGATAG-1,T cells,CD8 T,T cells
TTCGAAGCAGCATGAG-1,T cells,CL 1,CL 1
TTCGAAGGTAGCGATG-1,Mono,Mono,Mono
TTCGAAGGTATAATGG-1,T cells,CD8 T,T cells
TTCGAAGGTCGGGTCT-1,B cells,CD8 T,T cells
TTCGAAGGTCTCAACA-1,T cells,CL 1,CL 1
TTCGAAGGTGACTCAT-1,T cells,CD8 T,T cells
TTCGAAGGTGCTAGCC-1,NK,CD8 T,T cells
TTCGAAGGTGTCCTCT-1,T cells,CD8 T,T cells
TTCGAAGTCCTAGTGA-1,T cells,CD8 T,T cells
TTCGAAGTCCTCCTAG-1,B cells,B cells,B cells
TTCGAAGTCCTGCTTG-1,T cells,CD8 T,T cells
TTCGAAGTCGGGAGTA-1,B cells,B cells,B cells
TTCGAAGTCTAGCACA-1,Mono,Mono,Mono
TTCGAAGTCTGGTTCC-1,T cells,CD8 T,T cells
TTCGGTCAGAAGGCCT-1,T cells,CL 1,CL 1
TTCGGTCAGAGACGAA-1,Mono,Mono,Mono
TTCGGTCAGATGCCAG-1,B cells,CD8 T,T cells
TTCGGTCAGCATCATC-1,T cells,CL 1,CL 1
TTCGGTCAGGTGACCA-1,B cells,B cells,B cells
TTCGGTCCACTAGTAC-1,Mono,Mono,Mono
TTCGGTCCAGAGTGTG-1,B cells,CD8 T,T cells
TTCGGTCCAGCCAATT-1,B cells,CD8 T,T cells
TTCGGTCCAGCTATTG-1,T cells,CD8 T,T cells
TTCGGTCCAGCTGTGC-1,T cells,CD8 T,T cells
TTCGGTCCAGTGGGAT-1,B cells,B cells,B cells
TTCGGTCGTAAGAGAG-1,T cells,CD8 T,T cells
TTCGGTCGTATTCTCT-1,T cells,CD8 T,T cells
TTCGGTCGTCATATGC-1,B cells,B cells,B cells
TTCGGTCGTCCTCTTG-1,B cells,CD8 T,T cells
TTCGGTCTCAACCAAC-1,Mono,Mono,Mono
TTCGGTCTCACCACCT-1,Mono,Mono,Mono
TTCGGTCTCAGTCCCT-1,B cells,B cells,B cells
TTCGGTCTCCTTGACC-1,T cells,CL 1,CL 1
TTCGGTCTCGCGATCG-1,B cells,B cells,B cells
TTCGGTCTCGTCTGAA-1,T cells,CL 1,CL 1
TTCGGTCTCTCAACTT-1,T cells,CD8 T,T cells
TTCTACAAGACCTAGG-1,T cells,CL 1,CL 1
TTCTACAAGCTAACTC-1,NK,CD8 T,T cells
TTCTACAAGCTGTTCA-1,T cells,CL 1,CL 1
TTCTACAAGTCAATAG-1,T cells,CD8 T,T cells
TTCTACAAGTGTTAGA-1,T cells,CD8 T,T cells
TTCTACAAGTGTTGAA-1,T cells,CL 1,CL 1
TTCTACACAACTGGCC-1,T cells,CD8 T,T cells
TTCTACACACGGATAG-1,T cells,CD8 T,T cells
TTCTACACACGTAAGG-1,Mono,Mono,Mono
TTCTACACAGACGCTC-1,B cells,B cells,B cells
TTCTACACAGTAAGAT-1,Mono,Mono,Mono
TTCTACAGTATGAAAC-1,Mono,Mono,Mono
TTCTACAGTGTATGGG-1,NK,NK,NK
TTCTACAGTGTGCGTC-1,T cells,CL 1,CL 1
TTCTACAGTTATTCTC-1,NK,CD8 T,T cells
TTCTACATCACTTATC-1,T cells,CL 1,CL 1
TTCTACATCAGGCCCA-1,NK,NK,NK
TTCTACATCTCCAACC-1,B cells,CD8 T,T cells
TTCTCAAAGCACGCCT-1,Mono,Mono,Mono
TTCTCAACACTGTTAG-1,T cells,CL 1,CL 1
TTCTCAACAGCTCGCA-1,B cells,CD8 T,T cells
TTCTCAACAGGCAGTA-1,T cells,CD8 T,T cells
TTCTCAACAGTGACAG-1,T cells,CD8 T,T cells
TTCTCAACATTTCAGG-1,B cells,B cells,B cells
TTCTCAAGTACAGTGG-1,NK,CD8 T,T cells
TTCTCAAGTACATGTC-1,T cells,CD8 T,T cells
TTCTCAAGTACTTCTT-1,Mono,Mono,Mono
TTCTCAAGTGACCAAG-1,T cells,CD8 T,T cells
TTCTCAAGTGCTGTAT-1,NK,NK,NK
TTCTCAAGTTAGGGTG-1,Mono,Mono,Mono
TTCTCAATCATCGGAT-1,B cells,B cells,B cells
TTCTCAATCATTTGGG-1,NK,NK,NK
TTCTCAATCTATCCCG-1,T cells,CD8 T,T cells
TTCTCCTAGACGACGT-1,Mono,Mono,Mono
TTCTCCTAGTCAATAG-1,Mono,Mono,Mono
TTCTCCTCAAACGTGG-1,B cells,B cells,B cells
TTCTCCTCAATACGCT-1,B cells,B cells,B cells
TTCTCCTCACATGGGA-1,T cells,CL 1,CL 1
TTCTCCTCAGATGGGT-1,Mono,Mono,Mono
TTCTCCTGTATATGAG-1,T cells,CD8 T,T cells
TTCTCCTGTGGAAAGA-1,T cells,CD8 T,T cells
TTCTCCTGTTACAGAA-1,NK,NK,NK
TTCTCCTGTTCCACAA-1,T cells,CL 1,CL 1
TTCTCCTGTTTGACTG-1,Mono,Mono,Mono
TTCTCCTTCCGCGCAA-1,B cells,B cells,B cells
TTCTCCTTCGATCCCT-1,Mono,Mono,Mono
TTCTCCTTCTGAGGGA-1,T cells,CL 1,CL 1
TTCTTAGAGCCAACAG-1,T cells,CL 1,CL 1
TTCTTAGAGCGTGAAC-1,T cells,CD8 T,T cells
TTCTTAGCAGATCGGA-1,T cells,CD8 T,T cells
TTCTTAGCAGCCAGAA-1,T cells,CD8 T,T cells
TTCTTAGGTCACCCAG-1,T cells,CL 1,CL 1
TTCTTAGGTCGAACAG-1,T cells,CD8 T,T cells
TTCTTAGGTGACTACT-1,T cells,CD8 T,T cells
TTCTTAGGTGCGATAG-1,B cells,CD8 T,T cells
TTCTTAGGTTAAGGGC-1,Mono,Mono,Mono
TTCTTAGGTTACGGAG-1,Mono,Mono,Mono
TTCTTAGTCAAACCAC-1,T cells,CD8 T,T cells
TTCTTAGTCACTGGGC-1,T cells,CL 1,CL 1
TTCTTAGTCCACTCCA-1,T cells,CD8 T,T cells
TTCTTAGTCCGCATAA-1,T cells,CD8 T,T cells
TTCTTAGTCGCTTGTC-1,Mono,Mono,Mono
TTGAACGAGCCACGCT-1,Mono,Mono,Mono
TTGAACGCAAAGTCAA-1,B cells,B cells,B cells
TTGAACGCATCCCATC-1,Mono,Mono,Mono
TTGAACGCATGAAGTA-1,Mono,Mono,Mono
TTGAACGGTCGACTAT-1,T cells,CL 1,CL 1
TTGAACGGTCTAGGTT-1,T cells,CD8 T,T cells
TTGAACGGTGAACCTT-1,T cells,CD8 T,T cells
TTGAACGGTGATAAAC-1,B cells,B cells,B cells
TTGAACGTCGCATGAT-1,Mono,Mono,Mono
TTGACTTAGATATGCA-1,T cells,CL 1,CL 1
TTGACTTAGCACGCCT-1,Mono,Mono,Mono
TTGACTTAGGTGCACA-1,T cells,CL 1,CL 1
TTGACTTAGTCAAGGC-1,NK,CD8 T,T cells
TTGACTTCACGGCTAC-1,T cells,CD8 T,T cells
TTGACTTCACTGTCGG-1,T cells,CL 1,CL 1
TTGACTTCAGACACTT-1,T cells,CL 1,CL 1
TTGACTTCAGCCTATA-1,B cells,B cells,B cells
TTGACTTCAGCGAACA-1,T cells,CD8 T,T cells
TTGACTTGTAAACACA-1,B cells,B cells,B cells
TTGACTTGTACCAGTT-1,T cells,CD8 T,T cells
TTGACTTGTCGATTGT-1,T cells,CD8 T,T cells
TTGACTTGTCTGCGGT-1,T cells,CD8 T,T cells
TTGACTTGTTCAGTAC-1,T cells,CD8 T,T cells
TTGACTTGTTGTCTTT-1,T cells,CL 1,CL 1
TTGACTTGTTGTTTGG-1,B cells,CD8 T,T cells
TTGACTTGTTTCCACC-1,Mono,Mono,Mono
TTGACTTGTTTGTTGG-1,Mono,DC,DC
TTGACTTTCAACCAAC-1,Mono,Mono,Mono
TTGACTTTCACATGCA-1,B cells,B cells,B cells
TTGACTTTCCAGATCA-1,T cells,CD8 T,T cells
TTGACTTTCGGAATCT-1,T cells,CD8 T,T cells
TTGACTTTCGTGGACC-1,T cells,CD8 T,T cells
TTGACTTTCTTTACAC-1,T cells,CD8 T,T cells
TTGCCGTAGGACAGAA-1,T cells,CL 1,CL 1
TTGCCGTAGTCTCGGC-1,NK,CD8 T,T cells
TTGCCGTCAAGTAGTA-1,T cells,CD8 T,T cells
TTGCCGTCACATTAGC-1,B cells,B cells,B cells
TTGCCGTCATACTCTT-1,B cells,B cells,B cells
TTGCCGTCATGCAACT-1,B cells,B cells,B cells
TTGCCGTCATTCTTAC-1,T cells,CD8 T,T cells
TTGCCGTGTAGATTAG-1,T cells,CL 1,CL 1
TTGCCGTGTCGCATAT-1,T cells,CL 1,CL 1
TTGCCGTGTCTCTTTA-1,Mono,Mono,Mono
TTGCCGTGTGGCAAAC-1,T cells,CD8 T,T cells
TTGCCGTGTGTGCGTC-1,T cells,CD8 T,T cells
TTGCCGTTCCAGAAGG-1,Mono,Mono,Mono
TTGCCGTTCCCAGGTG-1,T cells,CD8 T,T cells
TTGCGTCAGGGTCGAT-1,B cells,B cells,B cells
TTGCGTCCAACACGCC-1,B cells,B cells,B cells
TTGCGTCCAAGACACG-1,T cells,CD8 T,T cells
TTGCGTCCAATCCAAC-1,T cells,CD8 T,T cells
TTGCGTCCAATGAAAC-1,Mono,DC,DC
TTGCGTCCACATGGGA-1,T cells,CL 1,CL 1
TTGCGTCCAGACAGGT-1,T cells,CD8 T,T cells
TTGCGTCCAGCCACCA-1,T cells,CD8 T,T cells
TTGCGTCCAGGGTACA-1,T cells,CD8 T,T cells
TTGCGTCCAGTGACAG-1,Mono,Mono,Mono
TTGCGTCGTCCGAACC-1,Mono,Mono,Mono
TTGCGTCGTCCTCCAT-1,T cells,CD8 T,T cells
TTGCGTCGTGATGCCC-1,NK,NK,NK
TTGCGTCGTTACGCGC-1,T cells,CL 1,CL 1
TTGCGTCGTTAGAACA-1,T cells,CL 1,CL 1
TTGCGTCTCAAACCGT-1,Mono,Mono,Mono
TTGCGTCTCCACGTTC-1,B cells,B cells,B cells
TTGCGTCTCGAATCCA-1,Mono,Mono,Mono
TTGCGTCTCGGCGGTT-1,Mono,Mono,Mono
TTGGAACAGACTTTCG-1,Mono,Mono,Mono
TTGGAACAGAGGGCTT-1,T cells,CD8 T,T cells
TTGGAACAGAGTACCG-1,T cells,CD8 T,T cells
TTGGAACAGCTGGAAC-1,NK,CD8 T,T cells
TTGGAACCAAGCCCAC-1,NK,CD8 T,T cells
TTGGAACCACACCGCA-1,Mono,Mono,Mono
TTGGAACCACGGACAA-1,B cells,B cells,B cells
TTGGAACCACTTAAGC-1,NK,NK,NK
TTGGAACCATGTCGAT-1,B cells,B cells,B cells
TTGGAACCATTGTGCA-1,NK,NK,NK
TTGGAACGTCATGCCG-1,T cells,CL 1,CL 1
TTGGAACGTCCCTTGT-1,B cells,B cells,B cells
TTGGAACGTCGTCTTC-1,T cells,CD8 T,T cells
TTGGAACGTGACAAAT-1,B cells,B cells,B cells
TTGGAACGTGTTTGGT-1,T cells,CD8 T,T cells
TTGGAACTCTACTATC-1,T cells,CL 1,CL 1
TTGGAACTCTGTACGA-1,T cells,CD8 T,T cells
TTGGCAAAGCCGCCTA-1,NK,CD8 T,T cells
TTGGCAAAGCTAACAA-1,B cells,B cells,B cells
TTGGCAAAGTACATGA-1,T cells,CD8 T,T cells
TTGGCAACAAGCGATG-1,NK,CD8 T,T cells
TTGGCAACAATTCCTT-1,Mono,Mono,Mono
TTGGCAAGTGAACCTT-1,T cells,CD8 T,T cells
TTGGCAAGTGTTAAGA-1,B cells,B cells,B cells
TTGGCAAGTTCGGCAC-1,B cells,B cells,B cells
TTGGCAAGTTCGTCTC-1,NK,CD8 T,T cells
TTGGCAATCACTGGGC-1,Mono,Mono,Mono
TTGGCAATCTCCTATA-1,T cells,CL 1,CL 1
TTGGCAATCTTACCTA-1,T cells,CL 1,CL 1
TTGGCAATCTTCCTTC-1,Mono,Mono,Mono
TTGGCAATCTTCGAGA-1,NK,NK,NK
TTGTAGGAGATTACCC-1,Mono,Mono,Mono
TTGTAGGAGCCAGAAC-1,T cells,CL 1,CL 1
TTGTAGGAGGTGATAT-1,B cells,B cells,B cells
TTGTAGGAGTGTACGG-1,T cells,CD8 T,T cells
TTGTAGGCACAGAGGT-1,Mono,Mono,Mono
TTGTAGGCACCAGATT-1,T cells,CD8 T,T cells
TTGTAGGCACCGTTGG-1,B cells,B cells,B cells
TTGTAGGCAGTCTTCC-1,T cells,CL 1,CL 1
TTGTAGGCATCCAACA-1,B cells,B cells,B cells
TTGTAGGGTGTTGGGA-1,Mono,Mono,Mono
TTGTAGGGTTCAGACT-1,T cells,CD8 T,T cells
TTGTAGGGTTCGTCTC-1,T cells,CL 1,CL 1
TTGTAGGTCACCACCT-1,B cells,B cells,B cells
TTGTAGGTCATTGCGA-1,T cells,CL 1,CL 1
TTGTAGGTCCGAACGC-1,NK,NK,NK
TTGTAGGTCCTAAGTG-1,T cells,CL 1,CL 1
TTGTAGGTCCTCCTAG-1,Mono,Mono,Mono
TTGTAGGTCGCACTCT-1,T cells,CD8 T,T cells
TTGTAGGTCTACCAGA-1,T cells,CD8 T,T cells
TTTACTGAGAATTCCC-1,T cells,CL 1,CL 1
TTTACTGAGAGAGCTC-1,T cells,CL 1,CL 1
TTTACTGAGCGATCCC-1,T cells,CL 1,CL 1
TTTACTGAGGACGAAA-1,T cells,CL 1,CL 1
TTTACTGAGGCCATAG-1,Mono,Mono,Mono
TTTACTGAGGGTGTGT-1,B cells,B cells,B cells
TTTACTGAGTGGGATC-1,T cells,CD8 T,T cells
TTTACTGAGTTGCAGG-1,B cells,B cells,B cells
TTTACTGCACGAAAGC-1,Mono,Mono,Mono
TTTACTGGTACCGTAT-1,B cells,CD8 T,T cells
TTTACTGGTTCCAACA-1,Mono,Mono,Mono
TTTACTGGTTCCCTTG-1,Mono,Mono,Mono
TTTACTGGTTGTGGAG-1,T cells,CD8 T,T cells
TTTACTGTCAGTCCCT-1,B cells,B cells,B cells
TTTACTGTCCGCATCT-1,Mono,Mono,Mono
TTTACTGTCCTTTACA-1,T cells,CD8 T,T cells
TTTACTGTCGTGGGAA-1,T cells,CL 1,CL 1
TTTACTGTCGTGGTCG-1,T cells,CD8 T,T cells
TTTACTGTCTGATTCT-1,B cells,B cells,B cells
TTTACTGTCTGCAAGT-1,B cells,B cells,B cells
TTTATGCAGAAGGTTT-1,NK,CD8 T,T cells
TTTATGCAGAGTGACC-1,T cells,CL 1,CL 1
TTTATGCAGATGGGTC-1,Mono,Mono,Mono
TTTATGCAGCGATGAC-1,T cells,CD8 T,T cells
TTTATGCAGGACATTA-1,Mono,Mono,Mono
TTTATGCAGGCATGTG-1,Mono,Mono,Mono
TTTATGCCAAGCCCAC-1,B cells,CD8 T,T cells
TTTATGCCAAGGACTG-1,B cells,B cells,B cells
TTTATGCCAGCCTTTC-1,NK,CD8 T,T cells
TTTATGCCATGACATC-1,B cells,CD8 T,T cells
TTTATGCGTACTTAGC-1,Mono,Mono,Mono
TTTATGCGTAGTAGTA-1,T cells,CL 1,CL 1
TTTATGCGTCTAGCCG-1,T cells,CD8 T,T cells
TTTATGCGTTGGGACA-1,B cells,CD8 T,T cells
TTTATGCTCTCATTCA-1,Mono,DC,DC
TTTCCTCAGACAGAGA-1,Mono,Mono,Mono
TTTCCTCAGCGTTGCC-1,B cells,B cells,B cells
TTTCCTCAGTGCGATG-1,Mono,Mono,Mono
TTTCCTCAGTGGGATC-1,T cells,CL 1,CL 1
TTTCCTCCAGGGCATA-1,B cells,B cells,B cells
TTTCCTCGTAGGACAC-1,T cells,CD8 T,T cells
TTTCCTCGTCCTCCAT-1,T cells,CD8 T,T cells
TTTCCTCGTGTAATGA-1,T cells,CD8 T,T cells
TTTCCTCGTTACCGAT-1,B cells,CD8 T,T cells
TTTCCTCTCAACTCTT-1,T cells,CD8 T,T cells
TTTCCTCTCACGCATA-1,T cells,CD8 T,T cells
TTTCCTCTCCACGTGG-1,T cells,CD8 T,T cells
TTTGCGCAGACTGTAA-1,Mono,Mono,Mono
TTTGCGCAGAGTGACC-1,NK,CD8 T,T cells
TTTGCGCAGCAGGCTA-1,Mono,Mono,Mono
TTTGCGCAGCCACGCT-1,B cells,B cells,B cells
TTTGCGCAGCTGAACG-1,NK,CD8 T,T cells
TTTGCGCAGGGTATCG-1,Mono,Mono,Mono
TTTGCGCAGGTGGGTT-1,T cells,CL 1,CL 1
TTTGCGCCAAGCGTAG-1,T cells,CD8 T,T cells
TTTGCGCCAAGGGTCA-1,Mono,Mono,Mono
TTTGCGCCACCATCCT-1,T cells,CD8 T,T cells
TTTGCGCCACTGTTAG-1,B cells,B cells,B cells
TTTGCGCGTAAACGCG-1,B cells,B cells,B cells
TTTGCGCGTAAATGAC-1,B cells,B cells,B cells
TTTGCGCGTACCGAGA-1,Mono,Mono,Mono
TTTGCGCGTAGCTGCC-1,B cells,B cells,B cells
TTTGCGCGTATAAACG-1,T cells,CD8 T,T cells
TTTGCGCGTCAAAGAT-1,T cells,CL 1,CL 1
TTTGCGCGTGACGGTA-1,B cells,CL 1,CL 1
TTTGCGCGTTCCGTCT-1,Mono,DC,DC
TTTGCGCTCGCTTAGA-1,T cells,CD8 T,T cells
TTTGCGCTCGGAAATA-1,T cells,CL 1,CL 1
TTTGCGCTCGTTTGCC-1,Mono,Mono,Mono
TTTGCGCTCTCTTATG-1,NK,CD8 T,T cells
TTTGGTTAGCTATGCT-1,B cells,B cells,B cells
TTTGGTTAGGTTACCT-1,Mono,Mono,Mono
TTTGGTTCACCTCGTT-1,Mono,Mono,Mono
TTTGGTTCACTACAGT-1,Mono,Mono,Mono
TTTGGTTCAGATCCAT-1,Mono,Mono,Mono
TTTGGTTCAGGGCATA-1,T cells,CD8 T,T cells
TTTGGTTCAGTAGAGC-1,T cells,CD8 T,T cells
TTTGGTTGTAACGACG-1,Mono,Mono,Mono
TTTGGTTGTCAAGCGA-1,T cells,CL 1,CL 1
TTTGGTTGTCCAACTA-1,B cells,CD8 T,T cells
TTTGGTTGTGTAATGA-1,Mono,Mono,Mono
TTTGGTTGTTTAAGCC-1,T cells,CD8 T,T cells
TTTGGTTTCAACACCA-1,B cells,CL 1,CL 1
TTTGGTTTCAGCGATT-1,Mono,Mono,Mono
TTTGGTTTCCAAGCCG-1,Mono,Mono,Mono
TTTGGTTTCCAGATCA-1,B cells,CD8 T,T cells
TTTGGTTTCCTCCTAG-1,Mono,Mono,Mono
TTTGGTTTCGTGGGAA-1,T cells,CL 1,CL 1
TTTGGTTTCTCATTCA-1,T cells,CD8 T,T cells
TTTGGTTTCTTCAACT-1,T cells,CL 1,CL 1
TTTGTCAAGACGCACA-1,T cells,CL 1,CL 1
TTTGTCAAGACTTTCG-1,Mono,Mono,Mono
TTTGTCAAGCACCGTC-1,B cells,B cells,B cells
TTTGTCAAGCGGCTTC-1,T cells,CD8 T,T cells
TTTGTCAAGCTGATAA-1,Mono,Mono,Mono
TTTGTCACAGACTCGC-1,T cells,CL 1,CL 1
TTTGTCACAGCTCCGA-1,T cells,CD8 T,T cells
TTTGTCACAGGGATTG-1,T cells,CD8 T,T cells
TTTGTCAGTAGCAAAT-1,T cells,CD8 T,T cells
TTTGTCAGTCAGATAA-1,T cells,CL 1,CL 1
TTTGTCAGTCGCGTGT-1,Mono,Mono,Mono
TTTGTCAGTTACCGAT-1,T cells,CD8 T,T cells
TTTGTCATCATGTCCC-1,T cells,CL 1,CL 1
TTTGTCATCCGATATG-1,B cells,CD8 T,T cells
TTTGTCATCGTCTGAA-1,Mono,Mono,Mono
TTTGTCATCTCGAGTA-1,T cells,CD8 T,T cells
TTTGTCATCTGCTTGC-1,B cells,CD8 T,T cells
