barcode,predicted_label,prediction_score
AAACCTGAGCATCATC-1,B cells,0.99999464
AAACCTGAGCTAACTC-1,Mono,1.0
AAACCTGAGCTAGTGG-1,T cells,0.9999995
AAACCTGCACATTAGC-1,T cells,0.99995005
AAACCTGCACTGTTAG-1,Mono,1.0
AAACCTGCATAGTAAG-1,Mono,1.0
AAACCTGCATGAACCT-1,T cells,0.9999999
AAACCTGGTAAGAGGA-1,T cells,0.9999994
AAACCTGGTAGAAGGA-1,Mono,1.0
AAACCTGGTCCAGTGC-1,T cells,0.99999964
AAACCTGGTGTCTGAT-1,T cells,0.9999788
AAACCTGGTTTGCATG-1,Mono,1.0
AAACCTGGTTTGTTTC-1,T cells,1.0
AAACCTGTCCGTTGCT-1,B cells,1.0
AAACCTGTCCTGTAGA-1,T cells,0.99993217
AAACCTGTCGCCAAAT-1,T cells,0.99999964
AAACCTGTCGTGGACC-1,Mono,0.9995222
AAACCTGTCTACCAGA-1,T cells,1.0
AAACCTGTCTCAAGTG-1,T cells,0.9999974
AAACCTGTCTCGCTTG-1,Mono,1.0
AAACCTGTCTGCGGCA-1,T cells,0.999998
AAACGGGAGCCTCGTG-1,Mono,1.0
AAACGGGAGGTGTGGT-1,T cells,0.99999976
AAACGGGAGTACGATA-1,Mono,1.0
AAACGGGCAAGTAGTA-1,B cells,0.99978834
AAACGGGCACCTCGGA-1,B cells,1.0
AAACGGGCACGAAACG-1,T cells,1.0
AAACGGGCAGTAAGAT-1,B cells,0.9999999
AAACGGGGTACAGTTC-1,NK,0.9999974
AAACGGGGTACCCAAT-1,B cells,1.0
AAACGGGGTAGCTTGT-1,T cells,0.99999964
AAACGGGGTGCGCTTG-1,T cells,0.99999976
AAACGGGTCAGGATCT-1,Mono,1.0
AAACGGGTCCAAAGTC-1,Mono,1.0
AAACGGGTCCCTCAGT-1,Mono,0.9999881
AAACGGGTCCGTTGTC-1,T cells,0.9999243
AAACGGGTCTCTGTCG-1,T cells,0.9999999
AAACGGGTCTTCTGGC-1,T cells,1.0
AAAGATGAGCGCTCCA-1,T cells,0.999998
AAAGATGAGGGTTTCT-1,T cells,0.99999964
AAAGATGAGTACGATA-1,T cells,0.9999999
AAAGATGAGTGCAAGC-1,Mono,1.0
AAAGATGCAAAGCAAT-1,T cells,0.97933644
AAAGATGCACCCTATC-1,T cells,1.0
AAAGATGCACTTAAGC-1,T cells,0.9999993
AAAGATGCAGCGAACA-1,T cells,1.0
AAAGATGCATGCCTTC-1,T cells,0.9999999
AAAGATGCATTGGTAC-1,T cells,0.9994326
AAAGATGGTATAATGG-1,Mono,1.0
AAAGATGGTCAGAAGC-1,T cells,1.0
AAAGATGGTCTTTCAT-1,T cells,1.0
AAAGATGGTGGTGTAG-1,B cells,0.9999999
AAAGATGGTGTGACCC-1,B cells,0.9999999
AAAGATGGTTACGACT-1,T cells,1.0
AAAGATGGTTGTCTTT-1,Mono,1.0
AAAGATGTCCCTAATT-1,T cells,1.0
AAAGATGTCCGAACGC-1,T cells,0.98226225
AAAGATGTCCGCAGTG-1,T cells,1.0
AAAGATGTCGCCAGCA-1,T cells,0.9999994
AAAGATGTCGCCTGAG-1,NK,0.99999917
AAAGATGTCGTATCAG-1,Mono,1.0
AAAGATGTCTCGAGTA-1,T cells,1.0
AAAGCAAAGAAACCAT-1,T cells,0.99999845
AAAGCAAAGACTAGAT-1,T cells,0.9999925
AAAGCAAAGCCCTAAT-1,T cells,1.0
AAAGCAAAGCTAAGAT-1,Mono,1.0
AAAGCAAAGTGTCTCA-1,Mono,1.0
AAAGCAACAGACGCAA-1,T cells,0.9999999
AAAGCAACAGCTTAAC-1,T cells,0.9999999
AAAGCAAGTCAATACC-1,T cells,0.9999958
AAAGCAAGTCATGCCG-1,T cells,1.0
AAAGCAAGTCGCGAAA-1,Mono,1.0
AAAGCAATCAGCGACC-1,B cells,1.0
AAAGCAATCCCTGACT-1,T cells,0.9999994
AAAGCAATCGAGAACG-1,Mono,1.0
AAAGCAATCTCGCATC-1,T cells,0.9999939
AAAGTAGAGAGGTAGA-1,T cells,0.9999988
AAAGTAGAGAGTCTGG-1,T cells,0.9999999
AAAGTAGAGCAATCTC-1,T cells,0.9999999
AAAGTAGAGCGATATA-1,T cells,0.9999738
AAAGTAGAGCTACCTA-1,B cells,0.9999976
AAAGTAGAGGACTGGT-1,Mono,0.9999999
AAAGTAGAGTCAAGCG-1,T cells,1.0
AAAGTAGCAAGGGTCA-1,T cells,0.9999925
AAAGTAGCACCAACCG-1,Mono,1.0
AAAGTAGCATGTTCCC-1,T cells,0.9998517
AAAGTAGGTACACCGC-1,T cells,0.9998679
AAAGTAGGTAGCCTCG-1,Mono,0.9999995
AAAGTAGGTTAAAGTG-1,Mono,1.0
AAAGTAGTCAGTGTTG-1,T cells,1.0
AAAGTAGTCCCACTTG-1,T cells,1.0
AAAGTAGTCTATCCCG-1,Mono,1.0
AAATGCCAGGCATGGT-1,T cells,0.9999728
AAATGCCAGGTCGGAT-1,Mono,0.99999714
AAATGCCAGTAGTGCG-1,T cells,1.0
AAATGCCCAACTTGAC-1,T cells,1.0
AAATGCCCAATACGCT-1,T cells,0.9999318
AAATGCCCACCTGGTG-1,Mono,1.0
AAATGCCGTAAATGTG-1,Mono,1.0
AAATGCCGTACCTACA-1,B cells,0.9999999
AAATGCCGTACTCGCG-1,Mono,1.0
AAATGCCGTCAAAGAT-1,T cells,1.0
AAATGCCTCAACACAC-1,Mono,1.0
AAATGCCTCACCAGGC-1,B cells,1.0
AAATGCCTCCAGAAGG-1,T cells,0.9999999
AAATGCCTCCTGCCAT-1,T cells,0.9997451
AACACGTAGAGGTTGC-1,B cells,0.99999964
AACACGTAGCTAGCCC-1,T cells,1.0
AACACGTAGGAGTACC-1,NK,1.0
AACACGTCACTCTGTC-1,T cells,0.9987827
AACACGTCATGTCGAT-1,T cells,1.0
AACACGTGTACATGTC-1,T cells,0.9999989
AACACGTGTACCATCA-1,Mono,1.0
AACACGTGTCTCTCTG-1,T cells,0.9999999
AACACGTGTCTGGAGA-1,T cells,1.0
AACACGTGTGGCCCTA-1,T cells,0.9999747
AACACGTGTTACGCGC-1,T cells,1.0
AACACGTGTTGTCTTT-1,B cells,0.99999976
AACACGTGTTTACTCT-1,T cells,0.99939156
AACACGTTCAGCTCTC-1,T cells,1.0
AACACGTTCCACGACG-1,T cells,0.9996722
AACACGTTCCACTCCA-1,T cells,1.0
AACACGTTCCATGCTC-1,T cells,1.0
AACACGTTCGGTCTAA-1,B cells,0.99999976
AACACGTTCGTTTATC-1,T cells,1.0
AACACGTTCTCTGAGA-1,B cells,1.0
AACACGTTCTTGAGAC-1,T cells,1.0
AACCATGAGAAGAAGC-1,B cells,1.0
AACCATGAGACTGTAA-1,NK,0.9997576
AACCATGAGGTAGCTG-1,B cells,1.0
AACCATGCAAACTGTC-1,T cells,0.9999994
AACCATGCATATGAGA-1,T cells,0.9999994
AACCATGCATCAGTCA-1,T cells,0.99093366
AACCATGCATCGATGT-1,Mono,1.0
AACCATGGTACATGTC-1,Mono,1.0
AACCATGGTACCGTTA-1,T cells,0.9999999
AACCATGGTCTAAAGA-1,T cells,1.0
AACCATGGTGTCAATC-1,Mono,1.0
AACCATGTCACCTCGT-1,Mono,1.0
AACCATGTCATGGTCA-1,T cells,1.0
AACCATGTCGCGGATC-1,T cells,1.0
AACCATGTCTCGTATT-1,B cells,1.0
AACCGCGAGAGACTTA-1,B cells,1.0
AACCGCGAGAGTACCG-1,T cells,0.9998504
AACCGCGAGCACGCCT-1,T cells,1.0
AACCGCGAGCCGTCGT-1,T cells,1.0
AACCGCGAGGACAGCT-1,Mono,1.0
AACCGCGAGGAGTCTG-1,T cells,1.0
AACCGCGAGTACGCGA-1,T cells,1.0
AACCGCGCACTGTGTA-1,Mono,1.0
AACCGCGCAGATCGGA-1,Mono,1.0
AACCGCGCAGCGATCC-1,T cells,0.99999964
AACCGCGCAGCGTTCG-1,NK,0.99999857
AACCGCGCAGCTGGCT-1,T cells,1.0
AACCGCGCATAGTAAG-1,T cells,0.9999993
AACCGCGCATGCAATC-1,Mono,1.0
AACCGCGGTATATGAG-1,Mono,1.0
AACCGCGGTCCTAGCG-1,T cells,0.999905
AACCGCGGTGTCCTCT-1,B cells,0.9999999
AACCGCGGTTGTGGCC-1,B cells,0.99999976
AACCGCGTCAGCAACT-1,T cells,1.0
AACCGCGTCTCATTCA-1,T cells,1.0
AACCGCGTCTCGCATC-1,Mono,1.0
AACGTTGAGATCGATA-1,Mono,1.0
AACGTTGAGGCCCTCA-1,T cells,1.0
AACGTTGCAAGCTGTT-1,NK,0.99999976
AACGTTGCACCAGATT-1,Mono,1.0
AACGTTGCATAACCTG-1,Mono,1.0
AACGTTGGTCAAAGCG-1,B cells,1.0
AACGTTGGTTCCGGCA-1,T cells,0.99999976
AACGTTGGTTTGTTTC-1,NK,0.9999937
AACGTTGTCCATGAAC-1,T cells,0.9999999
AACGTTGTCGAATGGG-1,Mono,1.0
AACGTTGTCGCATGAT-1,T cells,0.9995659
AACGTTGTCGTCTGCT-1,T cells,1.0
AACGTTGTCGTGGACC-1,T cells,1.0
AACTCAGAGAGAGCTC-1,T cells,1.0
AACTCAGAGCAGGCTA-1,B cells,0.99999976
AACTCAGAGCTAGTGG-1,T cells,1.0
AACTCAGCAAATCCGT-1,B cells,1.0
AACTCAGCAAGAAAGG-1,B cells,1.0
AACTCAGCACATGGGA-1,T cells,0.9999418
AACTCAGCAGACAAGC-1,T cells,0.9999999
AACTCAGCAGGGTTAG-1,NK,0.99215937
AACTCAGCAGTAAGAT-1,NK,0.8753328
AACTCAGCATCGGAAG-1,T cells,1.0
AACTCAGGTATAGGGC-1,T cells,0.99999976
AACTCAGGTGAAAGAG-1,Mono,1.0
AACTCAGGTTACGTCA-1,T cells,0.90499145
AACTCAGGTTGGACCC-1,Mono,0.9999999
AACTCAGTCCTTTCTC-1,Platelet,1.0
AACTCAGTCGCTTGTC-1,T cells,1.0
AACTCAGTCTTGCCGT-1,T cells,0.9999038
AACTCCCAGAAGGGTA-1,B cells,1.0
AACTCCCAGGTGATTA-1,Mono,1.0
AACTCCCAGTCTTGCA-1,T cells,0.9999982
AACTCCCCAATGTAAG-1,Mono,1.0
AACTCCCCATAAGACA-1,Mono,1.0
AACTCCCCATGCCTAA-1,Mono,1.0
AACTCCCGTGAGGGTT-1,T cells,0.99999845
AACTCCCGTGGTCTCG-1,Mono,1.0
AACTCCCGTGTTGAGG-1,T cells,0.9999999
AACTCCCGTTCATGGT-1,T cells,1.0
AACTCCCTCATCATTC-1,T cells,1.0
AACTCCCTCTGGGCCA-1,T cells,1.0
AACTCTTAGAAGAAGC-1,T cells,0.9999999
AACTCTTAGAGTGACC-1,T cells,0.9976598
AACTCTTAGCCTATGT-1,NK,0.9999981
AACTCTTAGCGATTCT-1,Mono,1.0
AACTCTTAGCTGAAAT-1,T cells,1.0
AACTCTTCAAGCCCAC-1,Mono,1.0
AACTCTTCAAGGACTG-1,Mono,1.0
AACTCTTCAATAGCAA-1,T cells,0.99996567
AACTCTTCACTATCTT-1,T cells,1.0
AACTCTTCAGACGCTC-1,Mono,1.0
AACTCTTCAGGAACGT-1,T cells,1.0
AACTCTTCAGGGTTAG-1,T cells,0.99999774
AACTCTTCATTTGCTT-1,T cells,1.0
AACTCTTGTATATGAG-1,T cells,0.750141
AACTCTTGTCATATGC-1,B cells,1.0
AACTCTTGTGTGCCTG-1,T cells,0.99999917
AACTCTTGTTCCATGA-1,T cells,0.99999595
AACTCTTTCAATCACG-1,T cells,1.0
AACTCTTTCGGACAAG-1,B cells,1.0
AACTCTTTCGTTACAG-1,Mono,1.0
AACTCTTTCTCATTCA-1,T cells,1.0
AACTGGTAGACTACAA-1,Mono,1.0
AACTGGTAGAGTACAT-1,Mono,1.0
AACTGGTAGCGATATA-1,T cells,0.9999994
AACTGGTAGTACGCCC-1,Mono,0.9862518
AACTGGTCAGTCCTTC-1,Mono,1.0
AACTGGTCAGTGGGAT-1,T cells,1.0
AACTGGTGTATAAACG-1,Mono,1.0
AACTGGTTCACAAACC-1,B cells,0.9999994
AACTGGTTCACTTATC-1,B cells,1.0
AACTGGTTCATAAAGG-1,Mono,1.0
AACTGGTTCCGCGTTT-1,T cells,0.9999982
AACTGGTTCTTCGAGA-1,Mono,1.0
AACTTTCAGAAAGTGG-1,T cells,0.9980034
AACTTTCAGAGCTGCA-1,T cells,1.0
AACTTTCAGCAGGTCA-1,T cells,1.0
AACTTTCAGCCCAATT-1,T cells,1.0
AACTTTCAGTAACCCT-1,T cells,0.96204346
AACTTTCCAAGCGCTC-1,B cells,1.0
AACTTTCCACGTGAGA-1,T cells,0.99999976
AACTTTCCAGCATACT-1,T cells,1.0
AACTTTCCAGTCAGAG-1,B cells,1.0
AACTTTCCAGTCAGCC-1,B cells,1.0
AACTTTCCAGTGACAG-1,T cells,1.0
AACTTTCCATCGATTG-1,B cells,1.0
AACTTTCCATTGTGCA-1,T cells,0.9999995
AACTTTCGTACTCGCG-1,Mono,1.0
AACTTTCGTACTTAGC-1,T cells,1.0
AACTTTCGTAGAGCTG-1,T cells,0.99999964
AACTTTCGTCTTTCAT-1,T cells,0.9915637
AACTTTCGTGTCGCTG-1,T cells,0.99999976
AACTTTCGTGTGGCTC-1,T cells,0.99999046
AACTTTCTCAACACCA-1,Mono,1.0
AACTTTCTCAGAAATG-1,T cells,0.9999999
AACTTTCTCAGGTAAA-1,T cells,0.99999964
AACTTTCTCTCCAACC-1,T cells,0.9999989
AACTTTCTCTGGGCCA-1,T cells,0.99999976
AAGACCTAGAACAATC-1,Mono,1.0
AAGACCTAGCACAGGT-1,NK,0.9999999
AAGACCTAGCCCAATT-1,T cells,1.0
AAGACCTAGGTGGGTT-1,Mono,1.0
AAGACCTAGTGGCACA-1,Mono,0.9999999
AAGACCTAGTGTTGAA-1,T cells,0.99999917
AAGACCTCAAGCGATG-1,T cells,0.9983724
AAGACCTCACAAGACG-1,B cells,0.9999999
AAGACCTCACAAGTAA-1,T cells,0.9999695
AAGACCTCAGTTAACC-1,Mono,1.0
AAGACCTCATAAGACA-1,T cells,1.0
AAGACCTCATACAGCT-1,T cells,0.99999297
AAGACCTCATCACGTA-1,T cells,1.0
AAGACCTGTCCAAGTT-1,T cells,1.0
AAGACCTGTCCATGAT-1,Mono,1.0
AAGACCTTCAACACGT-1,T cells,0.9999975
AAGACCTTCACTTACT-1,B cells,0.9999044
AAGACCTTCCGCGGTA-1,T cells,0.7591543
AAGACCTTCGGTCTAA-1,Mono,1.0
AAGCCGCAGCGATAGC-1,T cells,0.9999999
AAGCCGCAGCGTTCCG-1,T cells,1.0
AAGCCGCAGCTAAACA-1,T cells,1.0
AAGCCGCAGGTAGCTG-1,T cells,0.99999964
AAGCCGCAGTGTACTC-1,Mono,1.0
AAGCCGCCAAAGCAAT-1,Mono,1.0
AAGCCGCCACATGTGT-1,B cells,1.0
AAGCCGCCACTCGACG-1,T cells,0.9999976
AAGCCGCCACTGCCAG-1,B cells,0.99999976
AAGCCGCCAGTCGTGC-1,Mono,1.0
AAGCCGCGTGAAAGAG-1,Mono,1.0
AAGCCGCGTTGATTGC-1,T cells,1.0
AAGCCGCTCACATAGC-1,B cells,1.0
AAGCCGCTCATCACCC-1,T cells,1.0
AAGCCGCTCCATGCTC-1,T cells,0.99999976
AAGCCGCTCCGTAGTA-1,T cells,0.9999999
AAGCCGCTCGGGAGTA-1,T cells,1.0
AAGGAGCAGATCGATA-1,T cells,0.9999819
AAGGAGCAGTACACCT-1,T cells,1.0
AAGGAGCCAATGACCT-1,Mono,1.0
AAGGAGCGTATTAGCC-1,T cells,0.99998033
AAGGAGCGTCGAAAGC-1,T cells,0.99995506
AAGGAGCGTCTGCAAT-1,Mono,1.0
AAGGAGCGTCTTCAAG-1,T cells,1.0
AAGGAGCGTGTTCGAT-1,T cells,0.8804571
AAGGAGCGTGTTGAGG-1,Mono,1.0
AAGGAGCTCACCGTAA-1,T cells,1.0
AAGGAGCTCCAAGTAC-1,T cells,1.0
AAGGCAGAGACAAGCC-1,Mono,1.0
AAGGCAGAGCTACCGC-1,T cells,0.9987257
AAGGCAGAGGTGCACA-1,T cells,1.0
AAGGCAGAGTGTCTCA-1,T cells,0.99999976
AAGGCAGCAAATTGCC-1,B cells,1.0
AAGGCAGCAACACCTA-1,T cells,0.9999999
AAGGCAGCAGTTAACC-1,B cells,0.9999924
AAGGCAGCATAAAGGT-1,T cells,0.8703222
AAGGCAGCATCTCCCA-1,B cells,0.99999964
AAGGCAGCATTCCTCG-1,T cells,0.9999999
AAGGCAGGTAAAGTCA-1,Mono,1.0
AAGGCAGGTACTCGCG-1,Mono,1.0
AAGGCAGGTAGGGTAC-1,T cells,1.0
AAGGCAGGTATATGGA-1,Mono,1.0
AAGGCAGGTATGAAAC-1,T cells,1.0
AAGGCAGTCAGGCAAG-1,NK,1.0
AAGGCAGTCAGGTAAA-1,T cells,0.9999999
AAGGTTCAGCTCTCGG-1,B cells,0.9999981
AAGGTTCAGTGGGCTA-1,T cells,0.9999999
AAGGTTCCAAAGGAAG-1,T cells,1.0
AAGGTTCCAATGTAAG-1,Mono,1.0
AAGGTTCCACAGATTC-1,T cells,1.0
AAGGTTCCACATTTCT-1,Mono,1.0
AAGGTTCGTAAGAGAG-1,Mono,1.0
AAGGTTCGTAGCGATG-1,T cells,1.0
AAGGTTCGTGCCTGTG-1,B cells,1.0
AAGGTTCGTGGTAACG-1,NK,0.99999905
AAGGTTCGTGGTGTAG-1,Mono,1.0
AAGGTTCTCAGAAATG-1,T cells,0.99999857
AAGGTTCTCCCTCAGT-1,T cells,0.98316526
AAGGTTCTCCGATATG-1,T cells,1.0
AAGGTTCTCCTTAATC-1,Mono,1.0
AAGGTTCTCTGTACGA-1,T cells,1.0
AAGTCTGAGATGTCGG-1,T cells,0.99999976
AAGTCTGAGCTAGTTC-1,T cells,0.99999905
AAGTCTGAGGCACATG-1,B cells,1.0
AAGTCTGAGGTTCCTA-1,Mono,1.0
AAGTCTGAGTTGCAGG-1,T cells,1.0
AAGTCTGCAATCGGTT-1,T cells,1.0
AAGTCTGCACAGGTTT-1,Mono,1.0
AAGTCTGCAGTTCATG-1,T cells,1.0
AAGTCTGCATCGTCGG-1,Mono,1.0
AAGTCTGCATGAAGTA-1,B cells,1.0
AAGTCTGGTAAGTGTA-1,Mono,1.0
AAGTCTGGTCCGAAGA-1,T cells,0.9999547
AAGTCTGGTCTGATTG-1,T cells,1.0
AAGTCTGGTGCACTTA-1,Mono,1.0
AAGTCTGGTTCCGTCT-1,T cells,0.9999913
AAGTCTGGTTTGGGCC-1,Mono,1.0
AAGTCTGTCAAGATCC-1,T cells,0.99491274
AAGTCTGTCACAGTAC-1,T cells,1.0
AAGTCTGTCCTCATTA-1,NK,1.0
AAGTCTGTCGACGGAA-1,B cells,1.0
AAGTCTGTCGCCCTTA-1,Mono,1.0
AATCCAGAGCCACGCT-1,T cells,0.9999994
AATCCAGAGTGACATA-1,T cells,0.9999999
AATCCAGCAAGTTCTG-1,Mono,1.0
AATCCAGCAGAGCCAA-1,B cells,0.7886517
AATCCAGCATCTGGTA-1,T cells,0.9969342
AATCCAGGTCCCTACT-1,Mono,1.0
AATCCAGTCAAACCGT-1,Mono,1.0
AATCCAGTCATGTAGC-1,T cells,0.9999988
AATCCAGTCTGCCCTA-1,Mono,1.0
AATCGGTAGACGCTTT-1,Mono,1.0
AATCGGTAGAGGTTAT-1,T cells,0.99947137
AATCGGTAGCGAAGGG-1,T cells,0.9999999
AATCGGTAGGTGATTA-1,Mono,1.0
AATCGGTAGGTGCTAG-1,T cells,0.99997723
AATCGGTCAAGGTGTG-1,T cells,0.99999845
AATCGGTCAATCGGTT-1,T cells,0.99632746
AATCGGTCAGATCTGT-1,T cells,0.99799013
AATCGGTCATCGGACC-1,Mono,1.0
AATCGGTGTCAATACC-1,T cells,1.0
AATCGGTGTGGCAAAC-1,B cells,0.99999976
AATCGGTGTGGTTTCA-1,T cells,0.9999999
AATCGGTGTTCGTGAT-1,B cells,1.0
AATCGGTTCCGATATG-1,B cells,0.99999964
AATCGGTTCTAGAGTC-1,Mono,1.0
AATCGGTTCTATCCCG-1,B cells,1.0
AATCGGTTCTCCAGGG-1,T cells,0.99999917
ACACCAAAGAGCAATT-1,T cells,0.9999999
ACACCAAAGCCACGCT-1,T cells,0.999997
ACACCAAAGGAGTTGC-1,T cells,0.9999987
ACACCAAAGGCTAGGT-1,T cells,0.9999999
ACACCAAAGTGCCATT-1,B cells,0.9999784
ACACCAAAGTGGGCTA-1,B cells,1.0
ACACCAACAAAGGTGC-1,T cells,1.0
ACACCAACACGACGAA-1,B cells,0.9999999
ACACCAACAGTCTTCC-1,T cells,0.9999976
ACACCAACATTCTCAT-1,NK,0.9999343
ACACCAAGTACATGTC-1,T cells,0.99991155
ACACCAAGTCTTTCAT-1,T cells,0.9999765
ACACCAATCAGTTCGA-1,B cells,1.0
ACACCAATCGAGCCCA-1,T cells,1.0
ACACCAATCTGGGCCA-1,Mono,1.0
ACACCCTAGAGGTACC-1,T cells,0.99999976
ACACCCTAGATAGTCA-1,NK,0.9999989
ACACCCTAGATATGCA-1,Mono,1.0
ACACCCTAGATGTGGC-1,T cells,0.9995302
ACACCCTAGCCGGTAA-1,T cells,1.0
ACACCCTAGCGCTCCA-1,T cells,1.0
ACACCCTAGGATGCGT-1,T cells,1.0
ACACCCTAGGTGCTTT-1,B cells,1.0
ACACCCTAGTGGTAGC-1,Mono,1.0
ACACCCTCAAGACACG-1,T cells,0.99999225
ACACCCTCACGCCAGT-1,Mono,1.0
ACACCCTCATGCCTAA-1,T cells,0.9999999
ACACCCTGTAACGTTC-1,T cells,0.99999
ACACCCTGTAAGTTCC-1,Mono,1.0
ACACCCTGTCATTAGC-1,T cells,1.0
ACACCCTTCCACGTTC-1,Mono,1.0
ACACCCTTCGGCCGAT-1,B cells,1.0
ACACCCTTCTCGATGA-1,Mono,1.0
ACACCCTTCTCTGAGA-1,B cells,1.0
ACACCCTTCTGTTTGT-1,T cells,0.94724184
ACACCGGAGCTCTCGG-1,T cells,1.0
ACACCGGAGTATCGAA-1,T cells,1.0
ACACCGGAGTGAATTG-1,Mono,1.0
ACACCGGCATCGGGTC-1,T cells,1.0
ACACCGGGTCTCTTAT-1,Mono,1.0
ACACCGGTCAAGGCTT-1,T cells,0.99999845
ACACTGAAGAGATGAG-1,T cells,1.0
ACACTGAAGCCGATTT-1,T cells,1.0
ACACTGAAGGATATAC-1,B cells,1.0
ACACTGAAGGGAACGG-1,Mono,1.0
ACACTGAAGGGAGTAA-1,B cells,1.0
ACACTGAAGTGGACGT-1,T cells,1.0
ACACTGACAATGTAAG-1,T cells,1.0
ACACTGACATGATCCA-1,T cells,1.0
ACACTGAGTACTTGAC-1,T cells,1.0
ACACTGAGTAGTGAAT-1,T cells,0.9999958
ACACTGAGTCACTTCC-1,Mono,1.0
ACACTGAGTTAGGGTG-1,T cells,0.999998
ACACTGATCACGCATA-1,T cells,0.99999964
ACACTGATCATACGGT-1,Mono,1.0
ACACTGATCCATTCTA-1,T cells,1.0
ACACTGATCCCAAGAT-1,T cells,1.0
ACACTGATCGGAAACG-1,B cells,1.0
ACAGCCGAGAAAGTGG-1,Mono,1.0
ACAGCCGAGTGGGCTA-1,T cells,1.0
ACAGCCGAGTGGTAGC-1,T cells,0.9999968
ACAGCCGAGTTTCCTT-1,T cells,1.0
ACAGCCGCAAGGTTCT-1,T cells,0.9999999
ACAGCCGCACAGGCCT-1,Mono,1.0
ACAGCCGCACTAGTAC-1,B cells,1.0
ACAGCCGCAGATCCAT-1,Mono,1.0
ACAGCCGCAGGGTATG-1,T cells,1.0
ACAGCCGCATCTACGA-1,Mono,1.0
ACAGCCGCATGTAAGA-1,NK,0.9998733
ACAGCCGCATGTCGAT-1,NK,0.99999905
ACAGCCGCATTGTGCA-1,T cells,0.9999982
ACAGCCGGTAGCGATG-1,B cells,0.9999995
ACAGCCGGTGCACTTA-1,T cells,1.0
ACAGCCGGTGGACGAT-1,B cells,1.0
ACAGCCGGTGTGACGA-1,NK,0.99988484
ACAGCCGGTTAAGTAG-1,T cells,1.0
ACAGCCGTCAGCTGGC-1,T cells,0.99999917
ACAGCCGTCATGGTCA-1,Mono,1.0
ACAGCCGTCCTTGACC-1,B cells,1.0
ACAGCCGTCGCGCCAA-1,B cells,0.99999964
ACAGCCGTCGTCGTTC-1,B cells,1.0
ACAGCTAAGAGCAATT-1,T cells,0.99999905
ACAGCTAAGGGTTCCC-1,B cells,0.9999999
ACAGCTAAGGTGTGGT-1,T cells,0.99999905
ACAGCTACAACGATGG-1,B cells,0.9999999
ACAGCTACACACTGCG-1,T cells,0.9999999
ACAGCTACAGGTCGTC-1,T cells,0.99999857
ACAGCTACATGGATGG-1,B cells,0.9999999
ACAGCTACATGGTCTA-1,Mono,1.0
ACAGCTAGTACCGTAT-1,T cells,0.9999999
ACAGCTAGTCAGAAGC-1,B cells,1.0
ACAGCTAGTGCATCTA-1,T cells,0.99999833
ACAGCTAGTGCGAAAC-1,Mono,1.0
ACAGCTATCCACTGGG-1,T cells,1.0
ACAGCTATCGCCAAAT-1,T cells,0.9999994
ACAGCTATCGTCCGTT-1,T cells,0.9999994
ACAGCTATCTAACGGT-1,T cells,0.9999993
ACAGCTATCTGTTGAG-1,T cells,1.0
ACATACGAGAGGTTGC-1,B cells,1.0
ACATACGAGGCTACGA-1,B cells,1.0
ACATACGAGGGTGTGT-1,T cells,0.9999994
ACATACGAGTGACATA-1,T cells,0.999998
ACATACGCAAACGTGG-1,T cells,1.0
ACATACGCAGTATAAG-1,B cells,1.0
ACATACGCATATGGTC-1,T cells,0.99999964
ACATACGCATTAACCG-1,Mono,1.0
ACATACGGTAAGTGGC-1,B cells,0.9999993
ACATACGGTAGCCTCG-1,Mono,1.0
ACATACGGTGGCTCCA-1,B cells,0.99999964
ACATACGGTGGTACAG-1,T cells,0.9999987
ACATACGGTTCTGAAC-1,T cells,0.9999989
ACATACGTCATGTCCC-1,B cells,0.9999999
ACATACGTCATTTGGG-1,NK,0.99344987
ACATACGTCGGCATCG-1,T cells,0.9999999
ACATACGTCGTTACGA-1,Mono,1.0
ACATACGTCTCATTCA-1,T cells,0.98375654
ACATACGTCTCGCTTG-1,Mono,0.56120616
ACATACGTCTCTTGAT-1,T cells,1.0
ACATACGTCTTGAGGT-1,Mono,1.0
ACATCAGAGGCCCGTT-1,NK,0.9999993
ACATCAGAGTCGTACT-1,Mono,1.0
ACATCAGCAATGTAAG-1,Mono,1.0
ACATCAGCACAAGACG-1,Mono,1.0
ACATCAGCACATGGGA-1,Mono,1.0
ACATCAGCACATTTCT-1,T cells,1.0
ACATCAGCACCAACCG-1,T cells,0.99998856
ACATCAGCACTTAACG-1,Mono,1.0
ACATCAGCAGTATAAG-1,B cells,1.0
ACATCAGCATTTGCTT-1,T cells,1.0
ACATCAGGTACATCCA-1,Mono,1.0
ACATCAGGTTTCGCTC-1,T cells,0.9999994
ACATCAGTCCACTGGG-1,T cells,1.0
ACATCAGTCTGGCGTG-1,T cells,0.999948
ACATGGTAGACTAGGC-1,NK,0.9999864
ACATGGTAGAGGGATA-1,B cells,0.9999999
ACATGGTAGAGTCGGT-1,B cells,0.999997
ACATGGTAGATATGGT-1,T cells,1.0
ACATGGTAGCTAGTGG-1,B cells,1.0
ACATGGTAGTGGTAAT-1,T cells,1.0
ACATGGTAGTTAGCGG-1,NK,1.0
ACATGGTCAAGACGTG-1,Mono,1.0
ACATGGTCACATTCGA-1,T cells,0.9999999
ACATGGTCACGCATCG-1,T cells,0.9999993
ACATGGTCACTGAAGG-1,T cells,0.9999999
ACATGGTCAGCCTTGG-1,T cells,1.0
ACATGGTCATTCACTT-1,T cells,0.9999999
ACATGGTGTAATAGCA-1,Mono,1.0
ACATGGTGTATTACCG-1,T cells,0.9997336
ACATGGTGTCATGCAT-1,T cells,0.99999857
ACATGGTGTTAAGATG-1,T cells,1.0
ACATGGTGTTCAACCA-1,B cells,1.0
ACATGGTGTTGCGTTA-1,T cells,0.99999964
ACATGGTTCATCACCC-1,T cells,1.0
ACATGGTTCCACGTTC-1,T cells,1.0
ACATGGTTCGGCCGAT-1,T cells,0.99999166
ACATGGTTCGGTTAAC-1,T cells,0.99999976
ACATGGTTCTACCTGC-1,B cells,1.0
ACCAGTAAGACCACGA-1,Mono,1.0
ACCAGTAAGACTTTCG-1,T cells,1.0
ACCAGTAAGCCAGGAT-1,T cells,1.0
ACCAGTACAACACGCC-1,T cells,1.0
ACCAGTACAAGCGATG-1,Mono,1.0
ACCAGTACACCGATAT-1,T cells,1.0
ACCAGTACATAAAGGT-1,T cells,0.9999975
ACCAGTAGTATGAAAC-1,T cells,0.9999999
ACCAGTAGTGCTGTAT-1,Mono,0.9999999
ACCAGTAGTGTTAAGA-1,T cells,1.0
ACCAGTAGTTATCGGT-1,Mono,1.0
ACCAGTAGTTCGTTGA-1,Mono,1.0
ACCAGTAGTTGCGTTA-1,Mono,1.0
ACCAGTATCACCGGGT-1,Mono,1.0
ACCAGTATCCACTGGG-1,B cells,1.0
ACCAGTATCCTGCTTG-1,T cells,0.9999676
ACCAGTATCGCCAGCA-1,T cells,1.0
ACCAGTATCTCGCTTG-1,T cells,0.99999356
ACCCACTAGAGTGACC-1,T cells,1.0
ACCCACTAGATCCCGC-1,T cells,0.99999964
ACCCACTAGATCGATA-1,Mono,0.99999785
ACCCACTAGGAACTGC-1,Mono,1.0
ACCCACTAGGATGCGT-1,T cells,0.9999989
ACCCACTCAAGTTCTG-1,Mono,1.0
ACCCACTCACAGAGGT-1,T cells,0.99999833
ACCCACTCACGAAAGC-1,T cells,1.0
ACCCACTCAGGAATGC-1,T cells,1.0
ACCCACTCATGCGCAC-1,B cells,0.9999995
ACCCACTCATGGAATA-1,B cells,0.9999995
ACCCACTGTATTCTCT-1,T cells,0.9999999
ACCCACTGTCGGGTCT-1,T cells,1.0
ACCCACTGTCTCGTTC-1,T cells,0.9999999
ACCCACTGTGGTGTAG-1,T cells,1.0
ACCCACTTCAATCACG-1,T cells,1.0
ACCCACTTCAGTCAGT-1,NK,0.9998828
ACCCACTTCCCTGACT-1,B cells,0.99999905
ACCCACTTCCTTTCTC-1,T cells,1.0
ACCCACTTCGCCAGCA-1,Mono,1.0
ACCCACTTCGCCATAA-1,Mono,1.0
ACCGTAAAGCACCGTC-1,T cells,0.99486923
ACCGTAAAGCGTAATA-1,T cells,0.999998
ACCGTAAAGGAGCGTT-1,Mono,1.0
ACCGTAAAGTAGTGCG-1,T cells,1.0
ACCGTAAAGTATCTCG-1,T cells,0.9999999
ACCGTAAAGTGACTCT-1,T cells,0.99999976
ACCGTAACAAGGGTCA-1,T cells,1.0
ACCGTAACAGACAAGC-1,T cells,1.0
ACCGTAACAGACTCGC-1,Mono,1.0
ACCGTAACAGCTCGAC-1,Mono,1.0
ACCGTAACAGGGAGAG-1,T cells,1.0
ACCGTAAGTATAGTAG-1,Mono,1.0
ACCGTAAGTATTACCG-1,B cells,1.0
ACCGTAAGTCTAGCCG-1,T cells,1.0
ACCGTAAGTTATCGGT-1,T cells,0.837402
ACCGTAAGTTGGTTTG-1,Mono,1.0
ACCGTAATCACAATGC-1,T cells,1.0
ACCGTAATCCCTAATT-1,T cells,1.0
ACCGTAATCCTAGTGA-1,T cells,0.99999774
ACCTTTAAGACTTGAA-1,T cells,0.99999917
ACCTTTAAGCGCTCCA-1,T cells,0.9999987
ACCTTTAAGTACGTAA-1,Mono,1.0
ACCTTTACACTGTGTA-1,B cells,1.0
ACCTTTACAGTTCATG-1,B cells,0.99999917
ACCTTTACATGTCCTC-1,Mono,1.0
ACCTTTACATTGTGCA-1,T cells,0.99999976
ACCTTTAGTATAGGTA-1,T cells,1.0
ACCTTTAGTCACCCAG-1,T cells,0.9999995
ACCTTTAGTCGGATCC-1,T cells,0.9999969
ACCTTTAGTCTTCTCG-1,T cells,0.99999917
ACCTTTAGTGGTGTAG-1,B cells,1.0
ACCTTTAGTGTAACGG-1,T cells,0.99999976
ACCTTTAGTGTGGCTC-1,T cells,0.9999962
ACCTTTAGTTCAGGCC-1,Mono,1.0
ACCTTTAGTTGTCGCG-1,Mono,0.9999999
ACCTTTAGTTTAAGCC-1,T cells,1.0
ACCTTTATCAAGGTAA-1,B cells,1.0
ACCTTTATCAGGTAAA-1,T cells,1.0
ACCTTTATCCAAGCCG-1,B cells,1.0
ACGAGCCAGAGGTTGC-1,T cells,0.9999999
ACGAGCCAGCTGGAAC-1,T cells,1.0
ACGAGCCCAACTGCGC-1,T cells,0.9999975
ACGAGCCCACGGTGTC-1,T cells,0.99999976
ACGAGCCCAGCTTAAC-1,Mono,1.0
ACGAGCCCAGGCTCAC-1,T cells,0.9999995
ACGAGCCCAGGTCTCG-1,B cells,1.0
ACGAGCCCAGGTGCCT-1,B cells,1.0
ACGAGCCCATCAGTCA-1,T cells,1.0
ACGAGCCGTAGAGTGC-1,T cells,0.99999964
ACGAGCCGTGCAGACA-1,Mono,1.0
ACGAGCCGTGCCTTGG-1,T cells,0.9999999
ACGAGCCTCAATCTCT-1,T cells,1.0
ACGAGCCTCTAACGGT-1,T cells,1.0
ACGAGCCTCTTGTTTG-1,T cells,1.0
ACGAGGAAGTCGTTTG-1,Mono,1.0
ACGAGGAAGTGCAAGC-1,B cells,1.0
ACGAGGAAGTGGAGAA-1,T cells,0.99997675
ACGAGGACAATCTACG-1,T cells,1.0
ACGAGGACAGCCAATT-1,T cells,0.99962056
ACGAGGACAGGGAGAG-1,T cells,0.9999877
ACGAGGAGTGCTAGCC-1,Mono,0.99999523
ACGAGGAGTGGCCCTA-1,B cells,1.0
ACGAGGAGTTCAGACT-1,NK,0.99999976
ACGAGGAGTTCCACGG-1,T cells,1.0
ACGAGGATCAACCAAC-1,T cells,0.9999993
ACGAGGATCGAATCCA-1,B cells,1.0
ACGATACAGATCTGCT-1,T cells,0.9999999
ACGATACAGCCACCTG-1,T cells,0.9999969
ACGATACAGCTACCTA-1,Mono,1.0
ACGATACAGCTCTCGG-1,B cells,1.0
ACGATACAGCTGTTCA-1,T cells,1.0
ACGATACAGGCGCTCT-1,Mono,1.0
ACGATACCAACTGGCC-1,Mono,1.0
ACGATACCACGGACAA-1,T cells,1.0
ACGATACCACTCGACG-1,T cells,1.0
ACGATACGTCTACCTC-1,B cells,1.0
ACGATACGTTCACCTC-1,B cells,0.99998915
ACGATACTCAGCAACT-1,Mono,1.0
ACGATACTCATATCGG-1,T cells,0.9999994
ACGATACTCCCTTGTG-1,B cells,1.0
ACGATACTCCTACAGA-1,Mono,1.0
ACGATACTCGCTTAGA-1,T cells,0.9999677
ACGATACTCGGACAAG-1,Mono,1.0
ACGATACTCGGATGTT-1,Mono,1.0
ACGATGTAGCAGACTG-1,Mono,1.0
ACGATGTAGCGATTCT-1,B cells,1.0
ACGATGTAGGATATAC-1,T cells,0.9999995
ACGATGTAGGCGACAT-1,T cells,0.9999995
ACGATGTAGGGCATGT-1,Mono,1.0
ACGATGTAGGGTTTCT-1,Mono,1.0
ACGATGTAGTGCTGCC-1,NK,0.9980716
ACGATGTCAAACTGTC-1,T cells,1.0
ACGATGTCAAGACACG-1,T cells,0.9999999
ACGATGTCAATCCAAC-1,NK,0.9970145
ACGATGTCACAGCCCA-1,Mono,1.0
ACGATGTCACCAGGTC-1,T cells,0.9999995
ACGATGTCAGACACTT-1,NK,0.8312515
ACGATGTCAGTCAGAG-1,Mono,1.0
ACGATGTCAGTCTTCC-1,B cells,0.99999976
ACGATGTGTCAGTGGA-1,NK,0.999818
ACGATGTGTCGCATAT-1,T cells,0.99999654
ACGATGTGTCTGATTG-1,Mono,1.0
ACGATGTGTTACAGAA-1,T cells,0.9999999
ACGATGTTCAAGGCTT-1,Mono,0.99999976
ACGATGTTCCATGAAC-1,Mono,1.0
ACGATGTTCTCTTATG-1,NK,0.9999994
ACGCAGCAGACGCACA-1,Mono,1.0
ACGCAGCAGAGTGAGA-1,T cells,0.9999515
ACGCAGCCAACACCTA-1,Mono,1.0
ACGCAGCCACAACGTT-1,Mono,1.0
ACGCAGCCACGACTCG-1,T cells,1.0
ACGCAGCCATGGGACA-1,T cells,0.99999857
ACGCAGCGTAAACCTC-1,T cells,1.0
ACGCAGCGTCATGCCG-1,T cells,0.9999994
ACGCAGCGTCTACCTC-1,T cells,1.0
ACGCAGCGTCTAGTCA-1,T cells,0.9999999
ACGCAGCGTGTGACCC-1,T cells,1.0
ACGCAGCGTTAAAGAC-1,B cells,1.0
ACGCAGCGTTCAACCA-1,T cells,0.999997
ACGCAGCTCACGACTA-1,Mono,1.0
ACGCAGCTCCATGCTC-1,T cells,0.9999995
ACGCAGCTCCCAAGTA-1,B cells,1.0
ACGCAGCTCGGCTACG-1,Mono,1.0
ACGCAGCTCTAACCGA-1,T cells,0.9999995
ACGCAGCTCTACTCAT-1,B cells,1.0
ACGCCAGAGAACTCGG-1,Mono,1.0
ACGCCAGAGAAGATTC-1,T cells,0.99999833
ACGCCAGAGAGGTACC-1,T cells,0.9999995
ACGCCAGAGGAGTCTG-1,T cells,0.96882266
ACGCCAGAGGCCCTTG-1,Mono,1.0
ACGCCAGAGGGAGTAA-1,T cells,0.9999994
ACGCCAGAGGGTGTTG-1,NK,0.93936634
ACGCCAGCAAAGAATC-1,Mono,1.0
ACGCCAGCACATAACC-1,Mono,1.0
ACGCCAGCACCAGGCT-1,Mono,1.0
ACGCCAGCACTACAGT-1,Mono,1.0
ACGCCAGCATGCCTAA-1,T cells,0.9999807
ACGCCAGGTACAGCAG-1,T cells,1.0
ACGCCAGGTACATGTC-1,T cells,0.9997011
ACGCCAGGTACCGGCT-1,T cells,1.0
ACGCCAGGTAGAAAGG-1,Mono,1.0
ACGCCAGGTAGGGTAC-1,Mono,1.0
ACGCCAGGTGCGATAG-1,T cells,1.0
ACGCCAGGTGGTAACG-1,T cells,0.999912
ACGCCAGGTTATCGGT-1,B cells,0.9999994
ACGCCAGTCAGGTTCA-1,T cells,1.0
ACGCCAGTCGCATGAT-1,B cells,1.0
ACGCCAGTCTACCTGC-1,T cells,1.0
ACGCCGAAGCTGAACG-1,T cells,0.99999356
ACGCCGAAGTTTGCGT-1,T cells,0.9999987
ACGCCGACAAGAAAGG-1,T cells,0.99996376
ACGCCGACAAGACACG-1,T cells,0.999998
ACGCCGACACAGGCCT-1,Mono,1.0
ACGCCGACACCACCAG-1,T cells,1.0
ACGCCGACAGACAGGT-1,T cells,0.9999987
ACGCCGACAGGGTATG-1,T cells,0.9999999
ACGCCGACATCTATGG-1,T cells,0.9999999
ACGCCGACATTGGCGC-1,Mono,1.0
ACGCCGACATTGGGCC-1,Mono,1.0
ACGCCGAGTCATCCCT-1,B cells,0.9999999
ACGCCGAGTGTCTGAT-1,T cells,1.0
ACGCCGATCACATAGC-1,Mono,1.0
ACGCCGATCAGCAACT-1,B cells,1.0
ACGCCGATCCACGTTC-1,B cells,1.0
ACGCCGATCCCATTAT-1,T cells,1.0
ACGCCGATCTCCCTGA-1,T cells,1.0
ACGGAGAAGAAACGCC-1,T cells,1.0
ACGGAGAAGCAGGCTA-1,Mono,1.0
ACGGAGAAGCCCAACC-1,T cells,0.9999831
ACGGAGAAGGTAGCTG-1,Mono,1.0
ACGGAGAAGTAATCCC-1,Mono,1.0
ACGGAGAAGTCCATAC-1,Mono,1.0
ACGGAGAAGTCTTGCA-1,Mono,1.0
ACGGAGAAGTGTTTGC-1,B cells,1.0
ACGGAGACAATCAGAA-1,T cells,0.9999765
ACGGAGACAATCCAAC-1,Mono,1.0
ACGGAGACACCACCAG-1,Mono,1.0
ACGGAGACAGGGTATG-1,B cells,0.99999726
ACGGAGACAGTAAGCG-1,Mono,1.0
ACGGAGACATTATCTC-1,T cells,0.99999917
ACGGAGAGTAGGACAC-1,Mono,1.0
ACGGAGAGTCAGAATA-1,T cells,0.9999999
ACGGAGAGTGATGATA-1,B cells,1.0
ACGGAGAGTGGCTCCA-1,B cells,1.0
ACGGAGAGTTCGTGAT-1,T cells,0.9999964
ACGGAGAGTTGGAGGT-1,T cells,0.9871029
ACGGAGAGTTTAAGCC-1,Mono,1.0
ACGGAGAGTTTCGCTC-1,Mono,1.0
ACGGAGATCACGGTTA-1,Mono,1.0
ACGGAGATCAGCGATT-1,T cells,0.9999912
ACGGAGATCATCGCTC-1,Mono,1.0
ACGGAGATCCTCGCAT-1,B cells,1.0
ACGGAGATCGCGTAGC-1,T cells,0.9999995
ACGGAGATCGGACAAG-1,T cells,1.0
ACGGCCAAGATATACG-1,T cells,0.99999654
ACGGCCAAGCGTTCCG-1,B cells,0.99999964
ACGGCCAAGGATGGAA-1,Mono,1.0
ACGGCCAAGGCCATAG-1,B cells,0.9999893
ACGGCCAAGGCCGAAT-1,T cells,1.0
ACGGCCAAGGTACTCT-1,T cells,0.9999976
ACGGCCAAGTACATGA-1,Mono,1.0
ACGGCCACAACGCACC-1,T cells,1.0
ACGGCCACAAGTTAAG-1,Mono,1.0
ACGGCCACAATCTGCA-1,T cells,1.0
ACGGCCACACACAGAG-1,T cells,0.93931174
ACGGCCACACGAGGTA-1,Mono,1.0
ACGGCCACAGGGTTAG-1,Mono,1.0
ACGGCCAGTCTGGAGA-1,T cells,1.0
ACGGCCAGTTCAACCA-1,T cells,1.0
ACGGCCATCACTTATC-1,T cells,1.0
ACGGCCATCTTCATGT-1,B cells,0.9999999
ACGGCCATCTTTACAC-1,T cells,0.9999409
ACGGGCTAGAATGTGT-1,Mono,1.0
ACGGGCTAGCGCCTTG-1,Mono,1.0
ACGGGCTAGCGCTTAT-1,Mono,0.9999999
ACGGGCTAGGAGCGAG-1,T cells,0.9994276
ACGGGCTAGGTGTTAA-1,T cells,0.9999989
ACGGGCTAGTGGAGTC-1,T cells,0.9999546
ACGGGCTCAAACCCAT-1,T cells,0.8040663
ACGGGCTCAAGGCTCC-1,T cells,1.0
ACGGGCTCAATAGCGG-1,T cells,0.99999225
ACGGGCTCACACTGCG-1,B cells,0.9999982
ACGGGCTCACATGGGA-1,T cells,0.9999995
ACGGGCTCACCAGCAC-1,B cells,1.0
ACGGGCTCAGTCAGAG-1,T cells,1.0
ACGGGCTCAGTCGATT-1,T cells,0.9999999
ACGGGCTCATTACGAC-1,Mono,1.0
ACGGGCTGTAAACGCG-1,B cells,1.0
ACGGGCTGTAGTACCT-1,T cells,0.99999976
ACGGGCTGTATGGTTC-1,T cells,1.0
ACGGGCTTCATTATCC-1,T cells,1.0
ACGGGCTTCCAGTATG-1,Mono,1.0
ACGGGCTTCCGGCACA-1,Mono,1.0
ACGGGCTTCCTCATTA-1,T cells,0.99995613
ACGGGCTTCTTTACGT-1,B cells,1.0
ACGGGTCAGATCGATA-1,Mono,1.0
ACGGGTCAGCAATATG-1,Mono,1.0
ACGGGTCAGGGAGTAA-1,T cells,0.9999989
ACGGGTCAGTGTACCT-1,T cells,0.9999993
ACGGGTCAGTGTTTGC-1,T cells,0.9999999
ACGGGTCGTCACCCAG-1,NK,0.9999988
ACGGGTCGTGTTCGAT-1,T cells,0.9999987
ACGGGTCGTGTTGGGA-1,T cells,0.99999976
ACGGGTCGTTCACGGC-1,B cells,1.0
ACGGGTCGTTCAGCGC-1,T cells,0.9999999
ACGGGTCTCTGAGGGA-1,T cells,1.0
ACGGGTCTCTTTAGGG-1,Platelet,1.0
ACGTCAAAGATGCGAC-1,B cells,1.0
ACGTCAAAGCACACAG-1,T cells,0.9991285
ACGTCAAAGTCCGTAT-1,B cells,1.0
ACGTCAAAGTTATCGC-1,T cells,0.9999999
ACGTCAACAAATTGCC-1,Mono,1.0
ACGTCAACAAGTCATC-1,Mono,1.0
ACGTCAACAAGTTCTG-1,T cells,0.99906844
ACGTCAACAATCGAAA-1,Mono,1.0
ACGTCAACACGTGAGA-1,T cells,0.9999999
ACGTCAACATAGGATA-1,Mono,1.0
ACGTCAACATTACGAC-1,NK,1.0
ACGTCAAGTATCTGCA-1,Mono,1.0
ACGTCAAGTCGACTGC-1,Mono,1.0
ACGTCAAGTGGAAAGA-1,B cells,1.0
ACGTCAAGTTAAAGTG-1,Mono,1.0
ACGTCAAGTTAAGAAC-1,T cells,0.9999994
ACGTCAATCCATGAAC-1,B cells,1.0
ACGTCAATCCCGGATG-1,Mono,1.0
ACGTCAATCGCGGATC-1,T cells,1.0
ACGTCAATCGGTTAAC-1,T cells,1.0
ACTATCTAGACTAAGT-1,T cells,1.0
ACTATCTAGATGGGTC-1,Platelet,0.9999974
ACTATCTAGCTCCCAG-1,T cells,1.0
ACTATCTAGCTGCAAG-1,NK,0.99999857
ACTATCTAGGAATTAC-1,B cells,1.0
ACTATCTCAGCCTTTC-1,Mono,1.0
ACTATCTCAGTCAGAG-1,T cells,1.0
ACTATCTCATCTATGG-1,T cells,1.0
ACTATCTCATGACGGA-1,T cells,0.9915814
ACTATCTGTACTCAAC-1,Mono,0.99999964
ACTATCTGTGGTCCGT-1,T cells,1.0
ACTATCTGTGTCAATC-1,T cells,0.9999999
ACTATCTGTGTTTGGT-1,Mono,1.0
ACTATCTGTTACGGAG-1,B cells,0.9999999
ACTATCTGTTATGCGT-1,T cells,0.99999905
ACTATCTTCAGATAAG-1,Mono,1.0
ACTATCTTCGCAGGCT-1,Mono,1.0
ACTGAACAGAAGCCCA-1,T cells,0.99999905
ACTGAACAGACCTAGG-1,T cells,0.9999995
ACTGAACAGACGCACA-1,T cells,0.9999199
ACTGAACAGGGTGTGT-1,B cells,1.0
ACTGAACCAACTGGCC-1,T cells,1.0
ACTGAACCACAGATTC-1,Mono,1.0
ACTGAACCACGAGGTA-1,T cells,0.9998846
ACTGAACCACTATCTT-1,T cells,1.0
ACTGAACGTCCAGTAT-1,T cells,0.999998
ACTGAACTCCACTGGG-1,Mono,1.0
ACTGAACTCCGAACGC-1,T cells,0.9999995
ACTGAGTAGAGACGAA-1,T cells,1.0
ACTGAGTAGGCATTGG-1,T cells,1.0
ACTGAGTAGTATCGAA-1,Mono,1.0
ACTGAGTCAACACCTA-1,Mono,1.0
ACTGAGTCACCTCGGA-1,T cells,1.0
ACTGAGTCAGCTGTTA-1,B cells,0.9999976
ACTGAGTGTAAGCACG-1,T cells,0.99999905
ACTGAGTGTACAGCAG-1,T cells,0.99997914
ACTGAGTGTACCGTTA-1,T cells,0.9999833
ACTGAGTGTCAAACTC-1,T cells,1.0
ACTGAGTGTCAGTGGA-1,T cells,1.0
ACTGAGTGTGACCAAG-1,B cells,1.0
ACTGAGTGTGTATGGG-1,B cells,1.0
ACTGAGTGTGTGGCTC-1,T cells,0.99995637
ACTGAGTGTTACTGAC-1,NK,0.99998593
ACTGATGAGAAGAAGC-1,T cells,0.99999964
ACTGATGAGATCCGAG-1,T cells,0.99999976
ACTGATGAGCCCAACC-1,T cells,0.9999999
ACTGATGAGCTAGTCT-1,T cells,0.9999999
ACTGATGAGGAGTCTG-1,B cells,1.0
ACTGATGAGTGCCATT-1,T cells,0.9999987
ACTGATGAGTTAAGTG-1,T cells,0.9999609
ACTGATGCAAACGCGA-1,T cells,0.99999917
ACTGATGCAACTGGCC-1,B cells,1.0
ACTGATGCACACCGAC-1,T cells,0.9999999
ACTGATGCACTGAAGG-1,T cells,0.99999964
ACTGATGCACTGTGTA-1,T cells,0.999998
ACTGATGCAGTCCTTC-1,Mono,1.0
ACTGATGCAGTGACAG-1,B cells,0.9999995
ACTGATGCATCGGGTC-1,Mono,1.0
ACTGATGGTACGAAAT-1,B cells,0.9999404
ACTGATGGTCTTGTCC-1,T cells,0.9999994
ACTGATGTCACATGCA-1,Mono,1.0
ACTGATGTCCGTTGTC-1,T cells,1.0
ACTGATGTCGCCATAA-1,Mono,1.0
ACTGATGTCGTCCAGG-1,T cells,1.0
ACTGATGTCTTGCATT-1,T cells,0.9999999
ACTGCTCAGAAACCAT-1,Mono,1.0
ACTGCTCAGACAGAGA-1,T cells,1.0
ACTGCTCAGAGTACCG-1,Mono,1.0
ACTGCTCAGTGAACAT-1,T cells,1.0
ACTGCTCCAAGCTGAG-1,T cells,1.0
ACTGCTCCAAGGTGTG-1,T cells,1.0
ACTGCTCCAGTATCTG-1,T cells,0.8960599
ACTGCTCCATTCTCAT-1,T cells,0.99999964
ACTGCTCGTACTCAAC-1,Mono,1.0
ACTGCTCGTCGGCATC-1,T cells,0.9999969
ACTGCTCGTCTCTTAT-1,T cells,0.99999964
ACTGCTCGTGTGACCC-1,T cells,0.99999964
ACTGCTCGTGTTTGTG-1,T cells,1.0
ACTGCTCGTTCTGTTT-1,Mono,0.9999995
ACTGCTCTCCCGACTT-1,Mono,1.0
ACTGCTCTCCCTAATT-1,Mono,1.0
ACTGCTCTCGAATGGG-1,T cells,0.9999999
ACTGCTCTCGGATGGA-1,T cells,0.9999994
ACTGCTCTCGGTTAAC-1,Mono,1.0
ACTGCTCTCGTCGTTC-1,B cells,1.0
ACTGCTCTCTGCGACG-1,T cells,1.0
ACTGCTCTCTTGCCGT-1,T cells,1.0
ACTGTCCAGATGGGTC-1,T cells,0.99999774
ACTGTCCAGATGTTAG-1,T cells,0.99999976
ACTGTCCAGCACGCCT-1,T cells,1.0
ACTGTCCAGCAGACTG-1,Mono,1.0
ACTGTCCAGCGCCTTG-1,T cells,1.0
ACTGTCCAGCGCTTAT-1,T cells,1.0
ACTGTCCAGCGTTGCC-1,Mono,1.0
ACTGTCCAGTGTTGAA-1,B cells,1.0
ACTGTCCCATAAGACA-1,B cells,1.0
ACTGTCCGTACGAAAT-1,T cells,0.9999994
ACTGTCCGTCAGTGGA-1,Mono,1.0
ACTGTCCGTTCGGCAC-1,T cells,1.0
ACTGTCCTCAAGGTAA-1,T cells,0.9992725
ACTGTCCTCATAAAGG-1,Mono,1.0
ACTGTCCTCATCGCTC-1,Mono,1.0
ACTGTCCTCGGATGGA-1,T cells,1.0
ACTGTCCTCTAGAGTC-1,T cells,0.9999999
ACTTACTAGAGTAAGG-1,Mono,1.0
ACTTACTAGCCGGTAA-1,T cells,1.0
ACTTACTAGGATCGCA-1,NK,0.99997497
ACTTACTAGGCATGTG-1,Mono,1.0
ACTTACTAGTACTTGC-1,Mono,1.0
ACTTACTCAAGTAATG-1,Platelet,1.0
ACTTACTCAATCAGAA-1,Mono,1.0
ACTTACTCACACCGCA-1,Mono,1.0
ACTTACTCATCATCCC-1,Mono,1.0
ACTTACTGTACTTGAC-1,T cells,1.0
ACTTACTGTCCCTACT-1,T cells,1.0
ACTTACTGTCGTTGTA-1,T cells,0.99999464
ACTTACTGTGACGCCT-1,T cells,0.99999976
ACTTACTGTGAGCGAT-1,B cells,1.0
ACTTACTGTTAAGGGC-1,T cells,0.9998659
ACTTACTGTTCTGAAC-1,T cells,1.0
ACTTACTTCAGAGGTG-1,B cells,0.9999999
ACTTACTTCCCACTTG-1,Mono,1.0
ACTTACTTCCTTAATC-1,T cells,0.9999994
ACTTACTTCGCCCTTA-1,T cells,0.9999691
ACTTACTTCGTTGACA-1,B cells,1.0
ACTTACTTCTGGTTCC-1,T cells,0.9999932
ACTTGTTAGACTTGAA-1,Mono,0.9999995
ACTTGTTAGAGACTAT-1,NK,0.99998605
ACTTGTTAGCAGACTG-1,Mono,1.0
ACTTGTTAGGATCGCA-1,NK,0.99999905
ACTTGTTAGGATTCGG-1,Mono,1.0
ACTTGTTAGTTAGGTA-1,Mono,1.0
ACTTGTTCACCAGATT-1,T cells,0.9999994
ACTTGTTCACCATCCT-1,B cells,1.0
ACTTGTTCAGACTCGC-1,T cells,0.9999999
ACTTGTTCAGGACGTA-1,B cells,1.0
ACTTGTTCATATACGC-1,T cells,1.0
ACTTGTTCATCCTTGC-1,Mono,1.0
ACTTGTTCATTGGTAC-1,T cells,1.0
ACTTGTTGTCCCGACA-1,Mono,1.0
ACTTGTTGTGCACCAC-1,T cells,0.9999975
ACTTGTTGTGCTGTAT-1,T cells,0.999985
ACTTGTTGTGTTAAGA-1,T cells,1.0
ACTTGTTGTTGCTCCT-1,Mono,1.0
ACTTGTTGTTTGGGCC-1,Mono,1.0
ACTTGTTTCCCTGACT-1,T cells,0.9999999
ACTTGTTTCCTCAACC-1,B cells,1.0
ACTTGTTTCTCCAACC-1,T cells,0.99926466
ACTTGTTTCTCTTATG-1,Mono,1.0
ACTTGTTTCTGGTGTA-1,T cells,0.9999988
ACTTGTTTCTTCGGTC-1,Mono,1.0
ACTTTCAAGCACCGTC-1,B cells,1.0
ACTTTCAAGCCCAACC-1,B cells,1.0
ACTTTCACACGTAAGG-1,T cells,0.99999976
ACTTTCACACGTCAGC-1,T cells,0.9999989
ACTTTCACACTGAAGG-1,T cells,0.99999857
ACTTTCACAGACTCGC-1,B cells,1.0
ACTTTCACAGGTTTCA-1,T cells,0.9999982
ACTTTCACATCACAAC-1,T cells,0.9999999
ACTTTCAGTCATGCCG-1,B cells,1.0
ACTTTCAGTCGCCATG-1,T cells,1.0
ACTTTCATCAATCTCT-1,Mono,1.0
ACTTTCATCACTCTTA-1,T cells,0.9999981
ACTTTCATCACTGGGC-1,T cells,0.9999999
ACTTTCATCGAGGTAG-1,T cells,1.0
ACTTTCATCTTCGGTC-1,Mono,1.0
AGAATAGAGAGTAATC-1,Mono,1.0
AGAATAGAGCTGCAAG-1,T cells,0.99999523
AGAATAGAGGAGTTGC-1,Mono,1.0
AGAATAGAGGCTATCT-1,T cells,0.99999964
AGAATAGAGTCTTGCA-1,T cells,0.9999999
AGAATAGCAATGTAAG-1,NK,0.99999964
AGAATAGCAATTCCTT-1,T cells,1.0
AGAATAGCACACCGAC-1,NK,0.96566874
AGAATAGCAGATGGCA-1,T cells,0.9999999
AGAATAGCAGTTAACC-1,Mono,1.0
AGAATAGCATTCTTAC-1,T cells,1.0
AGAATAGGTAGCAAAT-1,Mono,1.0
AGAATAGGTGCCTTGG-1,T cells,0.9999987
AGAATAGGTTCAACCA-1,T cells,0.9848471
AGAATAGTCAACCAAC-1,T cells,1.0
AGAATAGTCACCACCT-1,T cells,1.0
AGAATAGTCCACTGGG-1,Mono,1.0
AGAATAGTCGTGGGAA-1,Mono,1.0
AGAATAGTCTGGTTCC-1,T cells,0.99999964
AGACGTTAGCGATTCT-1,T cells,0.9999671
AGACGTTAGGCTAGAC-1,Mono,1.0
AGACGTTAGTGAAGTT-1,T cells,1.0
AGACGTTAGTGCAAGC-1,T cells,1.0
AGACGTTAGTGTACCT-1,B cells,1.0
AGACGTTCAAAGGTGC-1,T cells,0.99999964
AGACGTTCACGCCAGT-1,T cells,0.9999877
AGACGTTCACTACAGT-1,T cells,0.9999999
AGACGTTCAGGATCGA-1,T cells,1.0
AGACGTTGTAAGTAGT-1,T cells,1.0
AGACGTTGTAAGTGGC-1,Mono,1.0
AGACGTTGTACTTAGC-1,Mono,1.0
AGACGTTGTCCCTACT-1,T cells,1.0
AGACGTTGTTGAGGTG-1,T cells,0.99999905
AGACGTTTCAGTGTTG-1,B cells,0.9999999
AGACGTTTCCAAATGC-1,T cells,1.0
AGACGTTTCGGTCCGA-1,Mono,1.0
AGACGTTTCGTCCGTT-1,T cells,0.99999464
AGAGCGAAGCTGTCTA-1,Mono,1.0
AGAGCGAAGGATGGTC-1,Mono,1.0
AGAGCGAAGTGAACGC-1,T cells,1.0
AGAGCGAAGTTGAGTA-1,T cells,0.99999976
AGAGCGACATATACGC-1,B cells,1.0
AGAGCGACATGTTCCC-1,B cells,1.0
AGAGCGAGTCCATGAT-1,Mono,1.0
AGAGCGAGTCTGCCAG-1,T cells,0.99999976
AGAGCGATCACTCTTA-1,T cells,1.0
AGAGCGATCAGGCCCA-1,Mono,1.0
AGAGCTTAGAACAATC-1,B cells,1.0
AGAGCTTAGCAGGTCA-1,T cells,1.0
AGAGCTTAGCTGTCTA-1,T cells,0.9937317
AGAGCTTAGCTTCGCG-1,T cells,1.0
AGAGCTTAGGATATAC-1,T cells,0.9999995
AGAGCTTAGGCTACGA-1,NK,0.99998486
AGAGCTTCAAGGTTCT-1,Mono,0.9982494
AGAGCTTCACATTAGC-1,Mono,1.0
AGAGCTTCACCAGATT-1,Mono,1.0
AGAGCTTCACGGTGTC-1,T cells,0.9999974
AGAGCTTCAGATCGGA-1,T cells,1.0
AGAGCTTCATGGTCTA-1,Mono,1.0
AGAGCTTCATGTCTCC-1,T cells,0.9999914
AGAGCTTGTCGACTGC-1,T cells,0.9999999
AGAGCTTGTGCACGAA-1,Mono,1.0
AGAGCTTGTGCTAGCC-1,T cells,0.99999976
AGAGCTTGTTATCACG-1,T cells,0.9999999
AGAGCTTGTTCGCTAA-1,Mono,1.0
AGAGCTTTCAGAGACG-1,B cells,0.9999993
AGAGCTTTCATGTAGC-1,Mono,1.0
AGAGCTTTCCAAACTG-1,T cells,1.0
AGAGCTTTCCTTTACA-1,T cells,0.99999964
AGAGCTTTCGTACCGG-1,Mono,1.0
AGAGCTTTCGTTACGA-1,T cells,0.9999999
AGAGCTTTCTAACTGG-1,Mono,1.0
AGAGCTTTCTAGCACA-1,T cells,0.99999595
AGAGCTTTCTATCCTA-1,Mono,1.0
AGAGCTTTCTGGAGCC-1,B cells,0.9999999
AGAGTGGAGGACTGGT-1,T cells,1.0
AGAGTGGCAAGCCCAC-1,T cells,1.0
AGAGTGGCACTCTGTC-1,Mono,1.0
AGAGTGGCAGAGTGTG-1,T cells,0.99996424
AGAGTGGCAGGATCGA-1,B cells,0.9999987
AGAGTGGCAGGGTTAG-1,T cells,0.9999976
AGAGTGGCAGGTGCCT-1,T cells,1.0
AGAGTGGCAGGTGGAT-1,Mono,0.9991007
AGAGTGGCATGTAAGA-1,T cells,1.0
AGAGTGGCATGTAGTC-1,T cells,0.999974
AGAGTGGGTACCGCTG-1,B cells,1.0
AGAGTGGGTACTCTCC-1,T cells,1.0
AGAGTGGGTCAGATAA-1,NK,0.9999988
AGAGTGGGTCCGACGT-1,Mono,1.0
AGAGTGGGTGCAACTT-1,Mono,1.0
AGAGTGGGTTCTGGTA-1,T cells,0.9999695
AGAGTGGGTTTACTCT-1,T cells,1.0
AGAGTGGTCAGTTTGG-1,T cells,0.9999994
AGAGTGGTCATCGATG-1,T cells,0.9999995
AGAGTGGTCGGAGCAA-1,Mono,1.0
AGAGTGGTCTGGTATG-1,T cells,1.0
AGAGTGGTCTTGACGA-1,T cells,0.9999819
AGAGTGGTCTTGTACT-1,Mono,1.0
AGATCTGAGCTGAACG-1,Mono,1.0
AGATCTGAGGTACTCT-1,B cells,1.0
AGATCTGCAACTGCTA-1,T cells,0.9999907
AGATCTGCACCAGCAC-1,Mono,1.0
AGATCTGCACCTGGTG-1,Mono,1.0
AGATCTGCAGGGATTG-1,T cells,1.0
AGATCTGGTAGCCTCG-1,T cells,0.99999964
AGATCTGGTGCCTGGT-1,T cells,1.0
AGATCTGGTGTGCGTC-1,B cells,0.9994611
AGATCTGGTTAAAGAC-1,T cells,0.9999801
AGATCTGTCAACCATG-1,B cells,1.0
AGATCTGTCACCCTCA-1,Mono,1.0
AGATCTGTCTTTCCTC-1,T cells,1.0
AGATTGCAGGATTCGG-1,T cells,1.0
AGATTGCCAATGAAAC-1,T cells,1.0
AGATTGCCACCCATTC-1,B cells,0.9999982
AGATTGCCACGGATAG-1,T cells,0.9999999
AGATTGCCACTTAACG-1,B cells,1.0
AGATTGCCAGTAGAGC-1,T cells,1.0
AGATTGCCATCGACGC-1,Mono,1.0
AGATTGCCATGTTCCC-1,Mono,1.0
AGATTGCGTATTAGCC-1,T cells,0.9999999
AGATTGCGTCAGGACA-1,T cells,0.9999987
AGATTGCGTGATAAAC-1,T cells,0.9997873
AGATTGCGTTGCCTCT-1,T cells,1.0
AGATTGCTCACCACCT-1,T cells,0.9999999
AGATTGCTCAGGTAAA-1,T cells,1.0
AGATTGCTCAGTTGAC-1,T cells,0.99998224
AGATTGCTCCTACAGA-1,B cells,1.0
AGATTGCTCCTTTACA-1,T cells,1.0
AGATTGCTCTGGTTCC-1,T cells,0.99999857
AGATTGCTCTTCGAGA-1,NK,0.9999994
AGCAGCCAGAGAACAG-1,T cells,1.0
AGCAGCCAGAGCTTCT-1,T cells,0.99998844
AGCAGCCAGTGTGAAT-1,Mono,1.0
AGCAGCCCAAGTCTGT-1,T cells,0.99999917
AGCAGCCCACCCATGG-1,B cells,1.0
AGCAGCCCACGGTAAG-1,Mono,1.0
AGCAGCCCACTTAAGC-1,Mono,1.0
AGCAGCCCAGTCTTCC-1,B cells,0.9999993
AGCAGCCGTAACGCGA-1,NK,0.99999976
AGCAGCCGTAGGACAC-1,T cells,0.9999999
AGCAGCCGTCTAAAGA-1,T cells,0.9999989
AGCAGCCGTTATCCGA-1,T cells,0.9999999
AGCAGCCGTTTGGCGC-1,B cells,0.99992645
AGCAGCCTCACCATAG-1,B cells,1.0
AGCAGCCTCCATGAGT-1,T cells,0.9999994
AGCAGCCTCCCACTTG-1,Mono,1.0
AGCAGCCTCCTGTACC-1,T cells,0.99999654
AGCAGCCTCGGAAATA-1,T cells,0.9999999
AGCAGCCTCGTGGTCG-1,T cells,0.99999666
AGCATACAGACACTAA-1,B cells,0.9999999
AGCATACAGCCTTGAT-1,T cells,0.9999999
AGCATACAGGCTACGA-1,Mono,1.0
AGCATACAGGGAGTAA-1,T cells,0.9999987
AGCATACAGGGTTTCT-1,Mono,1.0
AGCATACAGGTGCACA-1,T cells,0.99999917
AGCATACAGTGCGATG-1,Mono,1.0
AGCATACAGTGGAGTC-1,T cells,0.99999964
AGCATACCAAAGCAAT-1,Mono,1.0
AGCATACCAATGACCT-1,Mono,1.0
AGCATACCAGGTCGTC-1,Mono,1.0
AGCATACCATGACGGA-1,Mono,1.0
AGCATACCATGCTGGC-1,Mono,1.0
AGCATACGTCGCTTTC-1,Mono,1.0
AGCATACGTGAGTGAC-1,T cells,1.0
AGCATACTCACGCGGT-1,B cells,1.0
AGCATACTCCATTCTA-1,B cells,0.99999964
AGCATACTCGCTGATA-1,T cells,0.9999856
AGCATACTCTACTCAT-1,B cells,1.0
AGCCTAAAGAGATGAG-1,NK,0.98471916
AGCCTAAAGATAGTCA-1,T cells,0.9999988
AGCCTAAAGATTACCC-1,Mono,1.0
AGCCTAAAGCAATCTC-1,B cells,0.9999994
AGCCTAAAGCTGTCTA-1,T cells,0.9999982
AGCCTAAAGGCGATAC-1,T cells,1.0
AGCCTAAAGTAGCCGA-1,NK,0.9999963
AGCCTAAAGTCGATAA-1,Mono,1.0
AGCCTAAAGTGAATTG-1,Mono,1.0
AGCCTAACAATCAGAA-1,T cells,0.9999999
AGCCTAACACAGATTC-1,T cells,1.0
AGCCTAACACATCCGG-1,T cells,0.9999999
AGCCTAACACTATCTT-1,T cells,1.0
AGCCTAAGTAAGGGAA-1,T cells,0.99999976
AGCCTAAGTATATGAG-1,Mono,1.0
AGCCTAAGTCTAAAGA-1,Mono,1.0
AGCCTAAGTGCTCTTC-1,Mono,1.0
AGCCTAATCACATGCA-1,Mono,1.0
AGCCTAATCATGCTCC-1,T cells,1.0
AGCCTAATCCCGGATG-1,B cells,1.0
AGCGGTCAGAAGGTGA-1,T cells,0.99461526
AGCGGTCAGAGCTGGT-1,B cells,1.0
AGCGGTCAGCTGGAAC-1,T cells,0.9998517
AGCGGTCCAATGTAAG-1,Mono,1.0
AGCGGTCCACAGTCGC-1,T cells,0.99999475
AGCGGTCCACCAGGCT-1,T cells,1.0
AGCGGTCCACCATCCT-1,T cells,0.9999379
AGCGGTCCAGTGGAGT-1,Mono,1.0
AGCGGTCCATACTCTT-1,Mono,1.0
AGCGGTCCATATGCTG-1,Mono,1.0
AGCGGTCCATGTCTCC-1,T cells,1.0
AGCGGTCGTATTAGCC-1,T cells,0.9999999
AGCGGTCGTCCTAGCG-1,T cells,0.9999982
AGCGGTCGTGGCCCTA-1,T cells,1.0
AGCGGTCGTGGGTCAA-1,Mono,1.0
AGCGGTCGTGGTCTCG-1,T cells,0.999566
AGCGGTCGTGGTGTAG-1,Mono,1.0
AGCGGTCGTTTGACTG-1,T cells,0.9995047
AGCGGTCTCCGAGCCA-1,T cells,1.0
AGCGGTCTCGTGGGAA-1,Mono,1.0
AGCGTATAGAAACGAG-1,Mono,1.0
AGCGTATAGACCGGAT-1,Mono,1.0
AGCGTATAGATAGGAG-1,T cells,0.6029723
AGCGTATAGGCAGGTT-1,T cells,1.0
AGCGTATAGTACGCCC-1,Mono,1.0
AGCGTATAGTTTAGGA-1,Mono,1.0
AGCGTATCACAAGACG-1,Mono,1.0
AGCGTATCACAGACTT-1,Mono,1.0
AGCGTATCACATAACC-1,T cells,1.0
AGCGTATCACCTCGGA-1,T cells,1.0
AGCGTATCACGTGAGA-1,T cells,1.0
AGCGTATCAGTGAGTG-1,T cells,0.9997125
AGCGTATGTACCGTAT-1,Mono,1.0
AGCGTATGTGGTAACG-1,T cells,0.99999976
AGCGTATTCAGCTTAG-1,B cells,1.0
AGCGTATTCCCAACGG-1,T cells,0.9999659
AGCGTATTCCTTGACC-1,Mono,1.0
AGCGTATTCGCGCCAA-1,B cells,0.99999976
AGCGTATTCTCACATT-1,T cells,1.0
AGCGTCGAGATGTAAC-1,Mono,1.0
AGCGTCGAGTTAACGA-1,B cells,0.99999976
AGCGTCGAGTTCGCAT-1,T cells,1.0
AGCGTCGGTCCAAGTT-1,B cells,0.99999857
AGCGTCGGTTGGAGGT-1,Mono,1.0
AGCGTCGTCACCGGGT-1,T cells,0.9999999
AGCGTCGTCCTTGACC-1,T cells,0.9999976
AGCGTCGTCGTGACAT-1,T cells,1.0
AGCGTCGTCTCTGTCG-1,Mono,0.9996232
AGCGTCGTCTGCAGTA-1,Mono,1.0
AGCGTCGTCTTGTACT-1,T cells,0.99999976
AGCTCCTAGACTACAA-1,B cells,1.0
AGCTCCTAGCCCAATT-1,T cells,0.99999964
AGCTCCTAGCTCAACT-1,Mono,0.9999999
AGCTCCTAGGTGACCA-1,B cells,1.0
AGCTCCTAGTCGAGTG-1,T cells,0.9999975
AGCTCCTCAAGGACTG-1,T cells,0.9999988
AGCTCCTCAAGTAGTA-1,T cells,1.0
AGCTCCTCAATGGAGC-1,B cells,0.99999845
AGCTCCTCACCTATCC-1,T cells,1.0
AGCTCCTCACCTGGTG-1,B cells,1.0
AGCTCCTCAGCGTTCG-1,NK,0.9999999
AGCTCCTGTACATGTC-1,T cells,0.99999225
AGCTCCTGTACCGTAT-1,T cells,0.99222046
AGCTCCTGTTCGGGCT-1,T cells,1.0
AGCTCCTGTTGCCTCT-1,T cells,0.99999964
AGCTCCTTCCAGAGGA-1,B cells,0.99999833
AGCTCCTTCGCTTGTC-1,Mono,1.0
AGCTCCTTCTCAAGTG-1,B cells,0.9999999
AGCTCTCAGTACGTTC-1,T cells,1.0
AGCTCTCCAAGGTTCT-1,Mono,1.0
AGCTCTCCAGCTGGCT-1,B cells,1.0
AGCTCTCCAGTCGTGC-1,T cells,1.0
AGCTCTCCATGTAGTC-1,T cells,0.9995005
AGCTCTCGTAGGGACT-1,T cells,0.9999994
AGCTCTCGTCGAAAGC-1,B cells,0.9999999
AGCTCTCGTGCCTGCA-1,T cells,0.99999964
AGCTCTCGTTCGGGCT-1,T cells,1.0
AGCTCTCTCCAGAAGG-1,B cells,1.0
AGCTCTCTCCCTTGTG-1,T cells,0.9999999
AGCTCTCTCCGATATG-1,Mono,0.9999999
AGCTTGAAGAAGGTGA-1,T cells,1.0
AGCTTGACAAACGTGG-1,T cells,0.99999976
AGCTTGACAACTGCTA-1,B cells,0.99999774
AGCTTGACAAGCGATG-1,T cells,0.9999945
AGCTTGACACCAGCAC-1,Mono,1.0
AGCTTGACACCATCCT-1,T cells,1.0
AGCTTGACACCGTTGG-1,T cells,0.99996793
AGCTTGACAGATCCAT-1,T cells,1.0
AGCTTGACATTCCTCG-1,T cells,1.0
AGCTTGAGTAGCGCAA-1,Mono,1.0
AGCTTGAGTCATATGC-1,Mono,1.0
AGCTTGAGTGACGGTA-1,T cells,0.9999999
AGCTTGAGTGTCTGAT-1,T cells,0.9971775
AGCTTGAGTGTGCGTC-1,T cells,0.999995
AGCTTGAGTTAAGAAC-1,T cells,0.99999404
AGCTTGAGTTTGGCGC-1,B cells,0.9999994
AGCTTGATCACCATAG-1,B cells,1.0
AGCTTGATCCTCCTAG-1,T cells,1.0
AGCTTGATCGATCCCT-1,T cells,1.0
AGGCCACAGCACACAG-1,Mono,1.0
AGGCCACAGCCTCGTG-1,T cells,1.0
AGGCCACAGCTAACTC-1,T cells,0.99999917
AGGCCACAGGCCCTCA-1,B cells,1.0
AGGCCACAGTTCGCAT-1,B cells,1.0
AGGCCACCAAGCCCAC-1,T cells,1.0
AGGCCACCACCGAAAG-1,Mono,0.45528084
AGGCCACCAGCGTCCA-1,T cells,1.0
AGGCCACCAGCTGTTA-1,Mono,1.0
AGGCCACCATTGGCGC-1,T cells,0.99999964
AGGCCACGTACATCCA-1,Mono,1.0
AGGCCACGTATAAACG-1,B cells,1.0
AGGCCACGTCATCCCT-1,T cells,1.0
AGGCCACGTTATCACG-1,B cells,0.9999999
AGGCCACGTTCGCGAC-1,Mono,1.0
AGGCCACGTTCGGCAC-1,T cells,1.0
AGGCCACTCATCTGCC-1,T cells,0.99893206
AGGCCACTCATGTCTT-1,Mono,1.0
AGGCCACTCGAACGGA-1,T cells,1.0
AGGCCACTCGCGTTTC-1,Mono,1.0
AGGCCACTCGTAGGTT-1,T cells,1.0
AGGCCACTCTGGGCCA-1,T cells,0.99999905
AGGCCACTCTTGAGGT-1,T cells,0.9999999
AGGCCACTCTTGCATT-1,Mono,1.0
AGGCCACTCTTTAGGG-1,T cells,0.99999845
AGGCCGTAGAAGGGTA-1,Mono,1.0
AGGCCGTAGACAAAGG-1,B cells,0.9999933
AGGCCGTAGCTGATAA-1,Mono,1.0
AGGCCGTAGGAGTACC-1,T cells,0.9999999
AGGCCGTAGTAATCCC-1,Mono,1.0
AGGCCGTCAATGGAGC-1,T cells,1.0
AGGCCGTCACAGATTC-1,T cells,0.99999976
AGGCCGTCATATGAGA-1,B cells,1.0
AGGCCGTGTAAGTGTA-1,T cells,1.0
AGGCCGTGTCGCGAAA-1,T cells,0.9998117
AGGCCGTGTTGAGGTG-1,T cells,0.9999999
AGGCCGTTCACATACG-1,Mono,1.0
AGGCCGTTCGACGGAA-1,NK,0.9983014
AGGCCGTTCGCAAGCC-1,T cells,0.9999999
AGGCCGTTCGCAGGCT-1,B cells,1.0
AGGGAGTAGAGAGCTC-1,T cells,1.0
AGGGAGTAGATGCGAC-1,T cells,1.0
AGGGAGTAGCCAGGAT-1,Mono,1.0
AGGGAGTAGCGTCTAT-1,Mono,1.0
AGGGAGTAGTCGATAA-1,Mono,0.99999917
AGGGAGTCAACACGCC-1,NK,0.99999726
AGGGAGTCAACTGCTA-1,T cells,0.9999994
AGGGAGTCACGGTGTC-1,Mono,1.0
AGGGAGTCATATGCTG-1,T cells,1.0
AGGGAGTGTAAATGTG-1,B cells,1.0
AGGGAGTGTAATAGCA-1,Mono,1.0
AGGGAGTGTACAGTGG-1,B cells,1.0
AGGGAGTGTAGGCTGA-1,T cells,1.0
AGGGAGTGTGTTCTTT-1,Mono,1.0
AGGGAGTGTTCCACAA-1,T cells,0.99999154
AGGGAGTTCTCTGTCG-1,T cells,0.9999938
AGGGATGAGCACCGTC-1,Mono,1.0
AGGGATGAGCATGGCA-1,Mono,1.0
AGGGATGCAAAGTCAA-1,B cells,1.0
AGGGATGCAAGGTTCT-1,Mono,1.0
AGGGATGCAAGTAGTA-1,B cells,1.0
AGGGATGCATCCGCGA-1,T cells,0.99999976
AGGGATGCATGGATGG-1,T cells,1.0
AGGGATGGTCAATACC-1,T cells,0.99999964
AGGGATGGTCATATGC-1,B cells,1.0
AGGGATGGTCCGCTGA-1,Mono,1.0
AGGGATGTCCAGATCA-1,Mono,1.0
AGGGATGTCGCGTAGC-1,T cells,0.99999964
AGGGATGTCTTCGGTC-1,T cells,0.99999285
AGGGTGAAGAGGGCTT-1,B cells,1.0
AGGGTGAAGGCATGTG-1,T cells,0.9999999
AGGGTGAAGTGGGATC-1,T cells,0.98747927
AGGGTGACAAAGGTGC-1,Mono,0.9999968
AGGGTGACAAGAGTCG-1,Mono,1.0
AGGGTGACAAGGGTCA-1,Mono,1.0
AGGGTGACAATGAAAC-1,Mono,1.0
AGGGTGACACACCGAC-1,T cells,0.9934095
AGGGTGACACCAACCG-1,NK,0.999997
AGGGTGACACTACAGT-1,Mono,1.0
AGGGTGACAGGCAGTA-1,T cells,0.9999974
AGGGTGACAGTTTACG-1,B cells,1.0
AGGGTGAGTAAACGCG-1,T cells,1.0
AGGGTGAGTAACGCGA-1,T cells,1.0
AGGGTGAGTAAGTAGT-1,Mono,1.0
AGGGTGAGTACCGTTA-1,B cells,1.0
AGGGTGAGTCGATTGT-1,Mono,1.0
AGGGTGAGTGCAGACA-1,T cells,1.0
AGGGTGAGTGCGGTAA-1,T cells,0.9999975
AGGGTGAGTGTGGCTC-1,NK,0.99999726
AGGGTGAGTTGATTCG-1,Mono,1.0
AGGGTGATCACCTTAT-1,T cells,0.99999976
AGGGTGATCCATGAGT-1,T cells,0.99999964
AGGGTGATCCGCAGTG-1,Mono,1.0
AGGGTGATCCGGCACA-1,T cells,0.9999999
AGGGTGATCCTGTACC-1,Mono,1.0
AGGGTGATCGCCAAAT-1,T cells,0.9999757
AGGTCATAGCTAAGAT-1,Mono,1.0
AGGTCATAGGATGTAT-1,Mono,1.0
AGGTCATAGTCTCCTC-1,T cells,0.99999976
AGGTCATCAACACCTA-1,T cells,1.0
AGGTCATCACATTCGA-1,B cells,0.9999999
AGGTCATCACCGAAAG-1,Mono,1.0
AGGTCATCACTGCCAG-1,T cells,1.0
AGGTCATCATTCACTT-1,B cells,1.0
AGGTCATGTAAGGGAA-1,T cells,1.0
AGGTCATGTCAAAGAT-1,T cells,0.9999963
AGGTCATGTCAGCTAT-1,T cells,1.0
AGGTCATGTGGCCCTA-1,T cells,0.9999999
AGGTCATGTTCCGGCA-1,Mono,0.99992406
AGGTCATTCAGAGGTG-1,B cells,0.9999999
AGGTCATTCATTGCGA-1,NK,0.99994767
AGGTCATTCCACGTTC-1,Mono,1.0
AGGTCATTCGGATGGA-1,T cells,0.99999654
AGGTCCGAGAATTGTG-1,T cells,0.9974016
AGGTCCGAGCCTCGTG-1,T cells,0.9999993
AGGTCCGAGCTAACTC-1,T cells,0.9999751
AGGTCCGAGCTACCTA-1,T cells,0.9999993
AGGTCCGAGGAATGGA-1,T cells,0.99999976
AGGTCCGAGGTACTCT-1,B cells,1.0
AGGTCCGAGTAGGCCA-1,Mono,1.0
AGGTCCGCATCGGGTC-1,T cells,1.0
AGGTCCGCATGAACCT-1,T cells,0.9999999
AGGTCCGGTAACGACG-1,T cells,0.99907637
AGGTCCGGTACCGCTG-1,Mono,1.0
AGGTCCGGTACGACCC-1,T cells,1.0
AGGTCCGGTATGCTTG-1,T cells,0.99999356
AGGTCCGTCCATGAAC-1,Mono,1.0
AGGTCCGTCCGCGGTA-1,Mono,1.0
AGGTCCGTCGATCCCT-1,T cells,0.99999297
AGTAGTCAGAGCTGCA-1,T cells,0.99999976
AGTAGTCAGAGGGCTT-1,T cells,1.0
AGTAGTCAGATATGGT-1,Mono,1.0
AGTAGTCAGCAATATG-1,T cells,0.9999901
AGTAGTCAGCCACGTC-1,T cells,0.9999994
AGTAGTCCAAGCCTAT-1,Mono,0.9999999
AGTAGTCCAATAAGCA-1,Mono,1.0
AGTAGTCCAATTGCTG-1,Platelet,0.9999999
AGTAGTCCACCTGGTG-1,T cells,1.0
AGTAGTCCAGCTGTTA-1,T cells,0.99999964
AGTAGTCCATACTCTT-1,T cells,0.99999964
AGTAGTCGTAAGGGAA-1,T cells,0.99999905
AGTAGTCGTACTTCTT-1,NK,0.99999356
AGTAGTCGTATAGTAG-1,B cells,0.99999344
AGTAGTCGTATGGTTC-1,Mono,1.0
AGTAGTCGTTAAGGGC-1,T cells,1.0
AGTAGTCTCACGACTA-1,B cells,1.0
AGTAGTCTCGATAGAA-1,T cells,1.0
AGTAGTCTCTACCTGC-1,T cells,1.0
AGTCTTTAGAATAGGG-1,T cells,0.9999993
AGTCTTTAGAGTCGGT-1,T cells,0.9999999
AGTCTTTAGGGATGGG-1,NK,0.99393106
AGTCTTTCACAGATTC-1,T cells,0.9999999
AGTCTTTCATCTACGA-1,Mono,1.0
AGTCTTTCATGGGAAC-1,Mono,1.0
AGTCTTTCATGTCTCC-1,T cells,0.99999917
AGTCTTTGTAAATGAC-1,Mono,1.0
AGTCTTTGTCCAGTAT-1,B cells,0.9999999
AGTCTTTGTTCAGCGC-1,T cells,1.0
AGTCTTTTCCACGTTC-1,T cells,0.9999945
AGTCTTTTCGGTGTCG-1,B cells,0.9999999
AGTCTTTTCGTAGGTT-1,Mono,1.0
AGTCTTTTCTCTTGAT-1,NK,0.98300976
AGTCTTTTCTGTCAAG-1,T cells,0.9999924
AGTCTTTTCTGTTTGT-1,Mono,1.0
AGTCTTTTCTTACCTA-1,B cells,0.9999987
AGTCTTTTCTTCTGGC-1,Mono,1.0
AGTGAGGAGCATGGCA-1,Mono,1.0
AGTGAGGAGGTCATCT-1,T cells,0.9999956
AGTGAGGAGTAAGTAC-1,T cells,1.0
AGTGAGGAGTCTCCTC-1,T cells,0.9999988
AGTGAGGCAACTGCTA-1,B cells,1.0
AGTGAGGCAAGAGGCT-1,B cells,1.0
AGTGAGGCACAGGTTT-1,B cells,0.9999974
AGTGAGGCACATCTTT-1,Mono,1.0
AGTGAGGCACCACGTG-1,T cells,0.99999845
AGTGAGGCACCCATGG-1,B cells,1.0
AGTGAGGCACGCTTTC-1,T cells,1.0
AGTGAGGCACTAGTAC-1,T cells,0.99997485
AGTGAGGCAGTATCTG-1,Mono,1.0
AGTGAGGGTGCAACGA-1,T cells,0.99999964
AGTGAGGGTGGTACAG-1,T cells,0.9999989
AGTGAGGGTTTAAGCC-1,Mono,1.0
AGTGAGGGTTTGTTGG-1,T cells,0.9999999
AGTGAGGTCACTGGGC-1,Mono,1.0
AGTGAGGTCACTTCAT-1,T cells,0.9999976
AGTGAGGTCCAAGCCG-1,Mono,1.0
AGTGAGGTCCAGAAGG-1,T cells,0.9999999
AGTGAGGTCCGCATAA-1,NK,1.0
AGTGAGGTCGACAGCC-1,T cells,1.0
AGTGAGGTCGGCGCAT-1,T cells,0.99999976
AGTGAGGTCGTATCAG-1,Mono,1.0
AGTGAGGTCGTCACGG-1,T cells,1.0
AGTGAGGTCGTTACGA-1,T cells,1.0
AGTGAGGTCTGTTGAG-1,Mono,1.0
AGTGGGAAGAACAACT-1,B cells,1.0
AGTGGGAAGTCGTTTG-1,T cells,1.0
AGTGGGACAGACAGGT-1,NK,0.8771461
AGTGGGACAGTAACGG-1,T cells,0.8060768
AGTGGGACATCCGGGT-1,NK,0.95179456
AGTGGGACATTCTTAC-1,B cells,0.9999999
AGTGGGAGTACTCGCG-1,B cells,1.0
AGTGGGAGTAGAGTGC-1,NK,0.97360533
AGTGGGAGTCACCCAG-1,T cells,1.0
AGTGGGAGTCGGCACT-1,Mono,1.0
AGTGGGAGTTCCATGA-1,T cells,0.99999976
AGTGGGATCATTATCC-1,NK,0.9999962
AGTGGGATCTGCTGTC-1,T cells,0.9997764
AGTGTCAAGACGACGT-1,T cells,1.0
AGTGTCAAGTATCTCG-1,B cells,1.0
AGTGTCAAGTCTCGGC-1,B cells,0.99999964
AGTGTCAAGTGTACTC-1,Mono,1.0
AGTGTCACAAGTTAAG-1,Mono,1.0
AGTGTCACACGGCCAT-1,T cells,1.0
AGTGTCACAGCTATTG-1,B cells,0.9999999
AGTGTCAGTAAGAGAG-1,Mono,1.0
AGTGTCAGTAAGAGGA-1,B cells,1.0
AGTGTCAGTCCTCTTG-1,B cells,0.9999993
AGTGTCAGTCGCGTGT-1,B cells,1.0
AGTGTCAGTCTCGTTC-1,T cells,1.0
AGTGTCAGTGTTTGGT-1,T cells,0.99993587
AGTGTCAGTTAAAGTG-1,T cells,0.9999999
AGTGTCAGTTATCCGA-1,Mono,1.0
AGTGTCAGTTCAGACT-1,T cells,0.99999976
AGTGTCAGTTGAGTTC-1,Mono,1.0
AGTGTCATCGACGGAA-1,T cells,0.9999099
AGTGTCATCTCTGAGA-1,T cells,0.9999993
AGTGTCATCTGCGTAA-1,B cells,1.0
AGTTGGTAGACCGGAT-1,T cells,0.9999995
AGTTGGTAGGCATGGT-1,B cells,1.0
AGTTGGTCAAAGTCAA-1,T cells,0.99999976
AGTTGGTCAGTGGAGT-1,T cells,0.99999976
AGTTGGTGTATGGTTC-1,T cells,0.99999106
AGTTGGTGTCCGAAGA-1,NK,0.98741233
AGTTGGTGTCGCCATG-1,B cells,1.0
AGTTGGTGTCTAGTCA-1,T cells,0.99999976
AGTTGGTGTTGAGGTG-1,B cells,0.9998654
AGTTGGTGTTGGAGGT-1,NK,0.9999993
AGTTGGTGTTGGTGGA-1,NK,0.9980934
AGTTGGTTCATGTCTT-1,T cells,0.9999999
AGTTGGTTCCGTAGTA-1,NK,0.99999416
AGTTGGTTCGCGTTTC-1,T cells,1.0
AGTTGGTTCTAACGGT-1,T cells,1.0
ATAACGCAGCGCCTCA-1,T cells,0.99998546
ATAACGCCACGGACAA-1,B cells,0.99999845
ATAACGCCACGGTAGA-1,T cells,1.0
ATAACGCCAGGCAGTA-1,B cells,0.9999995
ATAACGCCATGCCCGA-1,T cells,0.9999999
ATAACGCGTCTCCCTA-1,Mono,1.0
ATAACGCGTTGTCTTT-1,Mono,1.0
ATAACGCTCACCCGAG-1,T cells,0.9999999
ATAACGCTCAGTCAGT-1,Mono,1.0
ATAACGCTCGAATCCA-1,T cells,0.99949825
ATAACGCTCGGTTCGG-1,T cells,0.99999845
ATAAGAGAGCGTCAAG-1,B cells,1.0
ATAAGAGAGGTCATCT-1,Mono,1.0
ATAAGAGAGTACGATA-1,T cells,0.9999927
ATAAGAGCAAGCGTAG-1,Mono,0.9999999
ATAAGAGCACTGTCGG-1,Mono,1.0
ATAAGAGCATCGGACC-1,T cells,0.9999317
ATAAGAGCATTGAGCT-1,T cells,1.0
ATAAGAGGTAAACACA-1,Mono,1.0
ATAAGAGGTACCATCA-1,NK,0.98746324
ATAAGAGGTCATACTG-1,T cells,1.0
ATAAGAGTCACTGGGC-1,NK,0.99996233
ATAAGAGTCAGGTTCA-1,B cells,1.0
ATAGACCAGAATTCCC-1,T cells,0.9980617
ATAGACCAGATGCGAC-1,T cells,0.99989045
ATAGACCAGTCCGGTC-1,B cells,1.0
ATAGACCAGTGTACGG-1,Mono,1.0
ATAGACCCAGCTGTTA-1,B cells,1.0
ATAGACCCAGGAATCG-1,T cells,1.0
ATAGACCCATATGAGA-1,B cells,1.0
ATAGACCCATATGCTG-1,T cells,0.99999917
ATAGACCGTATGAAAC-1,T cells,0.9999999
ATAGACCGTCTAGCGC-1,T cells,1.0
ATAGACCGTGCCTGCA-1,Mono,1.0
ATAGACCGTTCAACCA-1,B cells,1.0
ATAGACCTCAGGCGAA-1,Mono,1.0
ATAGACCTCGAGAACG-1,T cells,0.9996785
ATAGACCTCTGCCCTA-1,T cells,0.99995065
ATCACGAAGACACTAA-1,T cells,1.0
ATCACGAAGAGGTAGA-1,T cells,0.99999845
ATCACGAAGAGGTTGC-1,T cells,1.0
ATCACGAAGCTTATCG-1,Mono,1.0
ATCACGAAGGAGCGTT-1,T cells,0.9999999
ATCACGAAGGGCACTA-1,T cells,1.0
ATCACGACAAGTTGTC-1,T cells,0.99999976
ATCACGACACAGGTTT-1,Mono,1.0
ATCACGACAGGTCGTC-1,Mono,1.0
ATCACGACATGCAATC-1,Mono,1.0
ATCACGACATGGTAGG-1,Mono,1.0
ATCACGAGTACCGAGA-1,T cells,0.99999976
ATCACGAGTACCGGCT-1,B cells,0.9999969
ATCACGAGTACTTAGC-1,Mono,1.0
ATCACGAGTATGAATG-1,Mono,1.0
ATCACGAGTCCAGTTA-1,T cells,0.99999607
ATCACGAGTCCATCCT-1,T cells,0.99994075
ATCACGAGTCTTCAAG-1,Mono,1.0
ATCACGAGTGAGGCTA-1,T cells,1.0
ATCACGAGTTTCGCTC-1,T cells,0.9999999
ATCACGATCAGCATGT-1,Mono,1.0
ATCACGATCCACGTGG-1,T cells,0.9999969
ATCACGATCTAAGCCA-1,Mono,0.9999999
ATCACGATCTTGTTTG-1,B cells,1.0
ATCATCTAGACAATAC-1,T cells,0.9999999
ATCATCTAGCCAACAG-1,B cells,1.0
ATCATCTAGCTAACAA-1,T cells,0.99999857
ATCATCTAGGAATGGA-1,T cells,1.0
ATCATCTAGTCATCCA-1,T cells,1.0
ATCATCTAGTCCGTAT-1,Mono,1.0
ATCATCTAGTGAACGC-1,T cells,0.9999968
ATCATCTCAAAGGAAG-1,T cells,1.0
ATCATCTCAAGCCATT-1,Mono,1.0
ATCATCTCACATTCGA-1,Mono,1.0
ATCATCTCACGAAACG-1,T cells,0.99993587
ATCATCTCAGACTCGC-1,T cells,0.9999987
ATCATCTCAGGGTATG-1,T cells,0.9999751
ATCATCTGTCTGATTG-1,T cells,0.9999999
ATCATCTGTGCACCAC-1,T cells,0.9999579
ATCATCTTCAACACGT-1,T cells,0.99890935
ATCATCTTCACAATGC-1,T cells,1.0
ATCATCTTCACGAAGG-1,T cells,1.0
ATCATCTTCCGTACAA-1,B cells,1.0
ATCATCTTCCGTCAAA-1,T cells,1.0
ATCATCTTCGAACTGT-1,Mono,1.0
ATCATCTTCGGAATCT-1,T cells,0.99999976
ATCATCTTCGGCTTGG-1,T cells,1.0
ATCATCTTCTCATTCA-1,B cells,1.0
ATCATCTTCTGAAAGA-1,T cells,1.0
ATCATGGAGACAGGCT-1,Mono,1.0
ATCATGGAGATGTGGC-1,Mono,1.0
ATCATGGAGCGATCCC-1,Mono,1.0
ATCATGGAGCTAGTCT-1,T cells,0.99999976
ATCATGGAGGATTCGG-1,T cells,0.97627693
ATCATGGAGTGTCTCA-1,T cells,1.0
ATCATGGAGTTAACGA-1,Mono,1.0
ATCATGGCAATGGATA-1,Mono,1.0
ATCATGGCACACAGAG-1,B cells,0.9999993
ATCATGGCACATGTGT-1,Mono,1.0
ATCATGGCAGCTGTAT-1,T cells,0.9999999
ATCATGGGTACAGCAG-1,Mono,1.0
ATCATGGGTGAGCGAT-1,T cells,0.9999999
ATCATGGGTTACTGAC-1,Mono,1.0
ATCATGGGTTGTCGCG-1,NK,0.9999927
ATCATGGTCACTTATC-1,Mono,1.0
ATCATGGTCATAACCG-1,T cells,0.9999995
ATCATGGTCCACGAAT-1,Mono,1.0
ATCATGGTCTGTTGAG-1,T cells,0.9999827
ATCATGGTCTTGCATT-1,T cells,0.99995327
ATCCACCAGCGGATCA-1,T cells,0.99999213
ATCCACCAGGATGCGT-1,T cells,0.9999999
ATCCACCCAACGATGG-1,T cells,0.99999964
ATCCACCCAAGTAATG-1,B cells,0.99999654
ATCCACCCAATCGGTT-1,Mono,1.0
ATCCACCCAATCTGCA-1,Mono,1.0
ATCCACCCATAACCTG-1,T cells,0.9999993
ATCCACCCATCCAACA-1,T cells,0.99999857
ATCCACCGTACTTGAC-1,T cells,1.0
ATCCACCGTAGGCTGA-1,T cells,1.0
ATCCACCGTCGGCACT-1,Mono,1.0
ATCCACCGTTTCGCTC-1,T cells,1.0
ATCCGAAAGAAACGAG-1,T cells,0.9999994
ATCCGAAAGCACAGGT-1,T cells,0.99999976
ATCCGAAAGGCCATAG-1,T cells,0.99999964
ATCCGAAAGTACGTAA-1,Platelet,0.9999999
ATCCGAAAGTAGTGCG-1,T cells,0.99999964
ATCCGAACACAAGTAA-1,B cells,0.99999976
ATCCGAACATTACCTT-1,T cells,1.0
ATCCGAAGTCTGCCAG-1,T cells,1.0
ATCCGAATCACAGGCC-1,Mono,1.0
ATCCGAATCCAGATCA-1,B cells,0.9999999
ATCCGAATCCTGCTTG-1,T cells,0.99997604
ATCGAGTAGAGTCTGG-1,T cells,0.9995427
ATCGAGTAGATGTGGC-1,Mono,1.0
ATCGAGTAGGAGTTTA-1,Mono,1.0
ATCGAGTAGGTGATAT-1,T cells,0.9999999
ATCGAGTCACAGCGTC-1,T cells,0.9959793
ATCGAGTCACCAACCG-1,Mono,1.0
ATCGAGTGTCAAAGCG-1,NK,0.9999888
ATCGAGTGTCATGCAT-1,B cells,1.0
ATCGAGTGTCTTCAAG-1,Mono,1.0
ATCGAGTGTTATGCGT-1,T cells,1.0
ATCGAGTTCAGGCAAG-1,Mono,0.9999902
ATCGAGTTCGGACAAG-1,Mono,1.0
ATCGAGTTCGGTGTTA-1,Mono,1.0
ATCGAGTTCTTACCTA-1,Mono,1.0
ATCTACTAGACACGAC-1,T cells,0.9999995
ATCTACTAGCTACCGC-1,T cells,1.0
ATCTACTAGGCTCAGA-1,T cells,0.9999994
ATCTACTAGTACGATA-1,Mono,1.0
ATCTACTAGTACGCCC-1,T cells,0.52292657
ATCTACTAGTTGTAGA-1,T cells,0.9999995
ATCTACTAGTTTCCTT-1,NK,0.99999976
ATCTACTCACGCCAGT-1,Mono,1.0
ATCTACTCAGGCAGTA-1,Mono,1.0
ATCTACTCAGGGTATG-1,Mono,0.9999939
ATCTACTCATGCAATC-1,T cells,0.99999976
ATCTACTCATGCCACG-1,T cells,1.0
ATCTACTGTAAGGGCT-1,T cells,0.9999999
ATCTACTGTAATAGCA-1,Mono,1.0
ATCTACTGTCCTCTTG-1,T cells,0.9999995
ATCTACTGTTGTTTGG-1,T cells,0.9999999
ATCTACTTCACAACGT-1,Mono,1.0
ATCTACTTCGTTTATC-1,Mono,1.0
ATCTGCCAGACAGGCT-1,Mono,1.0
ATCTGCCAGATGCCAG-1,NK,0.99999964
ATCTGCCAGCCACCTG-1,T cells,1.0
ATCTGCCAGCCATCGC-1,T cells,1.0
ATCTGCCAGGTAGCTG-1,T cells,1.0
ATCTGCCCAAACAACA-1,T cells,1.0
ATCTGCCCAAACGTGG-1,T cells,1.0
ATCTGCCCACACCGAC-1,T cells,0.99999535
ATCTGCCCAGATCTGT-1,B cells,1.0
ATCTGCCCATCTATGG-1,T cells,0.9999995
ATCTGCCGTAAATGAC-1,Mono,0.9999999
ATCTGCCGTCAGATAA-1,T cells,0.99999964
ATCTGCCGTCGCTTTC-1,T cells,1.0
ATCTGCCGTCTAGGTT-1,Mono,1.0
ATCTGCCGTTACGCGC-1,T cells,1.0
ATCTGCCGTTACTGAC-1,T cells,1.0
ATCTGCCGTTCTGTTT-1,Mono,1.0
ATCTGCCGTTGGAGGT-1,B cells,1.0
ATCTGCCGTTTCGCTC-1,T cells,0.9999995
ATCTGCCTCACCCGAG-1,Platelet,1.0
ATCTGCCTCCATGCTC-1,Mono,1.0
ATCTGCCTCTGTCAAG-1,T cells,0.99899966
ATCTGCCTCTGTCTCG-1,T cells,1.0
ATCTGCCTCTTCAACT-1,T cells,1.0
ATGAGGGAGACCCACC-1,Platelet,0.5091394
ATGAGGGAGGAATCGC-1,Mono,1.0
ATGAGGGAGGACTGGT-1,T cells,0.7354922
ATGAGGGAGTAATCCC-1,Mono,1.0
ATGAGGGAGTAGGTGC-1,T cells,0.99999976
ATGAGGGAGTCCTCCT-1,T cells,0.9999999
ATGAGGGCAATCACAC-1,T cells,1.0
ATGAGGGCACCGATAT-1,T cells,0.9999826
ATGAGGGCACCTCGTT-1,Mono,1.0
ATGAGGGCACTCGACG-1,B cells,1.0
ATGAGGGCATCCGGGT-1,B cells,1.0
ATGAGGGCATGCGCAC-1,T cells,0.9999999
ATGAGGGGTACCTACA-1,T cells,0.99998975
ATGAGGGTCACGACTA-1,T cells,0.99999475
ATGCGATAGACATAAC-1,T cells,1.0
ATGCGATAGATCACGG-1,B cells,0.9999026
ATGCGATCAATGAAAC-1,Mono,1.0
ATGCGATCAATGGAAT-1,NK,0.857853
ATGCGATCACCTTGTC-1,T cells,0.99999917
ATGCGATCACGTTGGC-1,Mono,1.0
ATGCGATGTCACAAGG-1,B cells,0.99999917
ATGCGATGTTTGCATG-1,T cells,1.0
ATGCGATTCAGCATGT-1,Mono,1.0
ATGCGATTCGGAAATA-1,Mono,1.0
ATGCGATTCGGAGCAA-1,Mono,1.0
ATGGGAGAGACGACGT-1,Mono,1.0
ATGGGAGAGCGTTGCC-1,B cells,1.0
ATGGGAGAGCTAAACA-1,Mono,1.0
ATGGGAGAGGCTAGCA-1,Mono,1.0
ATGGGAGAGGGATGGG-1,B cells,1.0
ATGGGAGAGTACGTTC-1,Mono,1.0
ATGGGAGAGTTAGCGG-1,T cells,0.99999917
ATGGGAGCAATGGATA-1,T cells,0.99999976
ATGGGAGCACAGACAG-1,NK,0.9999989
ATGGGAGCACGAAAGC-1,T cells,0.9999995
ATGGGAGCATGGATGG-1,T cells,1.0
ATGGGAGGTAAGTGGC-1,Mono,1.0
ATGGGAGGTGTTCTTT-1,Mono,1.0
ATGGGAGGTTCCCGAG-1,T cells,1.0
ATGGGAGTCAGTTAGC-1,B cells,1.0
ATGGGAGTCCCTCTTT-1,B cells,1.0
ATGGGAGTCCCTTGTG-1,T cells,0.9999999
ATGGGAGTCTCCAGGG-1,T cells,1.0
ATGGGAGTCTGCCAGG-1,T cells,0.9999999
ATGGGAGTCTTATCTG-1,Mono,1.0
ATGTGTGAGCAACGGT-1,T cells,0.9999999
ATGTGTGAGCCCAGCT-1,T cells,1.0
ATGTGTGCAGGACGTA-1,Mono,1.0
ATGTGTGCAGTTTACG-1,B cells,1.0
ATGTGTGCATCACCCT-1,T cells,1.0
ATGTGTGGTCAAACTC-1,Mono,1.0
ATGTGTGGTGCTCTTC-1,Mono,1.0
ATGTGTGTCACAACGT-1,T cells,1.0
ATGTGTGTCCGTAGTA-1,B cells,1.0
ATGTGTGTCTCGATGA-1,T cells,1.0
ATTACTCAGCAAATCA-1,B cells,1.0
ATTACTCAGCTGATAA-1,Mono,1.0
ATTACTCAGGAGTTTA-1,T cells,0.99999857
ATTACTCAGGTACTCT-1,NK,0.99999964
ATTACTCCAACGATCT-1,T cells,0.9926358
ATTACTCCACGAGAGT-1,Mono,1.0
ATTACTCCAGATAATG-1,T cells,1.0
ATTACTCCAGATCTGT-1,T cells,0.99999964
ATTACTCCATGAACCT-1,Mono,1.0
ATTACTCCATTACGAC-1,B cells,0.99999976
ATTACTCGTCCAGTAT-1,B cells,1.0
ATTACTCGTCTAGCCG-1,Mono,1.0
ATTACTCGTTTGTTGG-1,Mono,1.0
ATTACTCTCAGTTTGG-1,T cells,0.999897
ATTACTCTCCTAGTGA-1,B cells,0.9999993
ATTATCCAGGCTAGGT-1,B cells,1.0
ATTATCCCAAGTAATG-1,B cells,1.0
ATTATCCCAGACAGGT-1,T cells,1.0
ATTATCCCAGTGGAGT-1,B cells,0.99999917
ATTATCCGTAGAAAGG-1,B cells,0.999995
ATTATCCGTCCCGACA-1,Mono,1.0
ATTATCCGTGTTAAGA-1,T cells,1.0
ATTATCCTCGAGGTAG-1,T cells,0.9999087
ATTATCCTCTTGTACT-1,T cells,0.99992275
ATTCTACAGAAGATTC-1,B cells,1.0
ATTCTACAGAGCTATA-1,T cells,0.9999629
ATTCTACCAAATACAG-1,Mono,1.0
ATTCTACCAAGACACG-1,T cells,0.999972
ATTCTACCAAGAGGCT-1,T cells,0.99999976
ATTCTACCAAGCGTAG-1,T cells,0.9999999
ATTCTACCAGACGTAG-1,T cells,0.9999949
ATTCTACCAGCCTTGG-1,Mono,1.0
ATTCTACCATCGATGT-1,Mono,1.0
ATTCTACGTACCAGTT-1,T cells,1.0
ATTCTACGTAGCCTAT-1,Mono,1.0
ATTCTACGTCTCACCT-1,T cells,1.0
ATTCTACTCCGGGTGT-1,Mono,1.0
ATTCTACTCCTTTCTC-1,T cells,1.0
ATTCTACTCTCAAACG-1,B cells,1.0
ATTGGACAGACGCAAC-1,Mono,1.0
ATTGGACAGCTAGTTC-1,B cells,1.0
ATTGGACAGCTGCAAG-1,T cells,0.9999993
ATTGGACAGTGGAGTC-1,T cells,0.99999845
ATTGGACGTACCGAGA-1,T cells,0.9999653
ATTGGACGTAGGGTAC-1,T cells,1.0
ATTGGACTCAAGAAGT-1,T cells,0.9999999
ATTGGACTCACAAACC-1,T cells,0.9998863
ATTGGACTCCGCGCAA-1,T cells,0.9999969
ATTGGACTCCTGCAGG-1,B cells,0.99999917
ATTGGACTCGTAGGTT-1,T cells,0.97642857
ATTGGACTCTCGAGTA-1,T cells,0.99999917
ATTGGACTCTGGCGAC-1,T cells,1.0
ATTGGTGAGCGAGAAA-1,Mono,1.0
ATTGGTGAGTACGACG-1,B cells,0.9999969
ATTGGTGCAAAGTGCG-1,B cells,1.0
ATTGGTGCAAGCGATG-1,T cells,1.0
ATTGGTGCAAGTAATG-1,Mono,1.0
ATTGGTGCAAGTTAAG-1,Mono,1.0
ATTGGTGCACAACGTT-1,T cells,0.9999999
ATTGGTGCATTTGCCC-1,T cells,1.0
ATTGGTGGTCACCCAG-1,T cells,0.9999999
ATTGGTGGTCTGGAGA-1,T cells,0.9999944
ATTGGTGGTGATGATA-1,Mono,0.99967206
ATTGGTGGTTCGCTAA-1,Mono,1.0
ATTGGTGTCCTGTAGA-1,Mono,1.0
ATTGGTGTCCTTAATC-1,Mono,1.0
ATTGGTGTCGCTTGTC-1,B cells,0.9999995
ATTGGTGTCGTACCGG-1,T cells,0.9999995
ATTGGTGTCGTAGGAG-1,T cells,0.9999968
ATTTCTGAGAGCCCAA-1,T cells,0.99999976
ATTTCTGAGGTAGCTG-1,T cells,0.999998
ATTTCTGAGTACGCGA-1,T cells,0.9999999
ATTTCTGAGTATCGAA-1,NK,0.9999801
ATTTCTGAGTATGACA-1,B cells,1.0
ATTTCTGAGTTAACGA-1,Mono,1.0
ATTTCTGCAATGGAGC-1,Mono,1.0
ATTTCTGCACGGTGTC-1,Mono,1.0
ATTTCTGCACTCGACG-1,T cells,1.0
ATTTCTGCAGCGTAAG-1,T cells,0.99999845
ATTTCTGCAGGTGCCT-1,Mono,1.0
ATTTCTGCATAAAGGT-1,B cells,1.0
ATTTCTGCATACGCTA-1,T cells,0.99999857
ATTTCTGCATGCGCAC-1,NK,0.99998236
ATTTCTGCATTTGCTT-1,Mono,1.0
ATTTCTGGTCATGCCG-1,B cells,1.0
ATTTCTGGTCCCTACT-1,NK,0.9998235
ATTTCTGGTGAACCTT-1,T cells,1.0
ATTTCTGGTGGTCCGT-1,T cells,0.9999068
ATTTCTGTCCCACTTG-1,B cells,1.0
ATTTCTGTCCGAATGT-1,T cells,1.0
ATTTCTGTCCTGTACC-1,Mono,1.0
ATTTCTGTCGTTGACA-1,T cells,0.9999999
ATTTCTGTCTGCTGTC-1,Mono,1.0
ATTTCTGTCTGTGCAA-1,T cells,0.99999976
CAACCAACAAATCCGT-1,T cells,1.0
CAACCAACAGTGGGAT-1,B cells,0.99999964
CAACCAACAGTTAACC-1,T cells,1.0
CAACCAACATTTGCTT-1,B cells,1.0
CAACCAAGTATCGCAT-1,T cells,1.0
CAACCAAGTCAAACTC-1,Mono,1.0
CAACCAAGTCACTGGC-1,T cells,0.9999999
CAACCAAGTCAGCTAT-1,Mono,1.0
CAACCAAGTCGAACAG-1,Mono,1.0
CAACCAAGTCTGGAGA-1,Mono,1.0
CAACCAAGTGCTTCTC-1,T cells,1.0
CAACCAAGTGTTGAGG-1,Mono,1.0
CAACCAATCAGGCAAG-1,T cells,0.9978849
CAACCAATCATCATTC-1,Mono,1.0
CAACCAATCCACTGGG-1,T cells,1.0
CAACCAATCGTCTGAA-1,Mono,1.0
CAACCAATCTAACTGG-1,T cells,0.9999162
CAACCTCAGAGACGAA-1,T cells,1.0
CAACCTCAGGCACATG-1,NK,0.999998
CAACCTCAGGGAACGG-1,B cells,0.99999917
CAACCTCAGTGGTAGC-1,T cells,1.0
CAACCTCCAAGCCTAT-1,B cells,1.0
CAACCTCCAAGCTGTT-1,T cells,0.99999964
CAACCTCCAATGTAAG-1,T cells,0.99623114
CAACCTCCACCAGGCT-1,Mono,1.0
CAACCTCCACTATCTT-1,Mono,1.0
CAACCTCCACTGAAGG-1,Mono,1.0
CAACCTCCAGATCCAT-1,T cells,0.9999931
CAACCTCCAGTAACGG-1,B cells,1.0
CAACCTCCATTCTCAT-1,Mono,0.99828064
CAACCTCGTAGCGCAA-1,B cells,1.0
CAACCTCGTAGTAGTA-1,T cells,0.99999976
CAACCTCGTCTTGATG-1,T cells,1.0
CAACCTCGTTCCTCCA-1,Mono,1.0
CAACCTCGTTCGGCAC-1,T cells,1.0
CAACCTCTCCAGAAGG-1,Mono,0.99999964
CAACCTCTCTGCGTAA-1,B cells,0.9999988
CAACCTCTCTGTTGAG-1,Mono,1.0
CAACTAGAGAGCAATT-1,Mono,1.0
CAACTAGCAAGCGATG-1,T cells,0.99964046
CAACTAGCAAGTCATC-1,T cells,0.99999845
CAACTAGCACAGACTT-1,T cells,1.0
CAACTAGCACAGGTTT-1,Mono,1.0
CAACTAGCAGCCAGAA-1,T cells,0.99999976
CAACTAGGTAGCACGA-1,B cells,0.9999999
CAACTAGGTCATCGGC-1,T cells,1.0
CAACTAGGTTGCCTCT-1,T cells,1.0
CAACTAGTCACCTTAT-1,T cells,0.9996045
CAACTAGTCAGAGACG-1,T cells,0.9999999
CAACTAGTCGCATGAT-1,T cells,0.99999964
CAAGAAAAGAGCAATT-1,B cells,0.99999976
CAAGAAAAGCGGCTTC-1,Mono,1.0
CAAGAAACACACCGCA-1,T cells,0.9999993
CAAGAAACACATGTGT-1,B cells,0.9999988
CAAGAAACACCACGTG-1,T cells,0.9999981
CAAGAAACATTCTTAC-1,T cells,1.0
CAAGAAAGTCAAAGCG-1,T cells,1.0
CAAGAAAGTCCAGTAT-1,Mono,1.0
CAAGAAAGTCGCGTGT-1,Mono,1.0
CAAGAAAGTCGGGTCT-1,T cells,0.9999882
CAAGAAAGTCTGGTCG-1,Mono,1.0
CAAGAAAGTTAAGTAG-1,T cells,1.0
CAAGAAAGTTCCTCCA-1,T cells,1.0
CAAGAAAGTTGAGTTC-1,B cells,1.0
CAAGAAAGTTTAAGCC-1,T cells,0.99999964
CAAGAAATCACGCGGT-1,B cells,1.0
CAAGAAATCTTCAACT-1,T cells,0.99999046
CAAGATCAGACCACGA-1,B cells,0.9999993
CAAGATCAGGACTGGT-1,B cells,0.9999927
CAAGATCAGTATTGGA-1,NK,0.999997
CAAGATCAGTTGAGTA-1,Mono,1.0
CAAGATCCACGTTGGC-1,T cells,0.99999964
CAAGATCCAGCTCGAC-1,T cells,0.9999999
CAAGATCGTAAGGGAA-1,T cells,0.9999999
CAAGATCGTCAACTGT-1,Mono,1.0
CAAGATCGTCAGAATA-1,T cells,0.9999999
CAAGATCGTGCACCAC-1,T cells,1.0
CAAGATCGTGTGTGCC-1,T cells,1.0
CAAGATCGTTAGGGTG-1,B cells,1.0
CAAGATCGTTGCTCCT-1,T cells,1.0
CAAGATCTCACAATGC-1,T cells,0.99999976
CAAGATCTCACATAGC-1,Mono,1.0
CAAGATCTCGCCAGCA-1,B cells,1.0
CAAGGCCAGAGGTTAT-1,T cells,0.99999905
CAAGGCCAGCAGGCTA-1,B cells,1.0
CAAGGCCAGGGATACC-1,T cells,0.9968278
CAAGGCCAGGGTCGAT-1,B cells,1.0
CAAGGCCAGGTAGCCA-1,T cells,0.99997413
CAAGGCCCAACACGCC-1,Mono,1.0
CAAGGCCCACCTGGTG-1,T cells,0.9999989
CAAGGCCCACGTGAGA-1,Mono,0.9999999
CAAGGCCCAGCAGTTT-1,B cells,1.0
CAAGGCCCAGTGGAGT-1,T cells,1.0
CAAGGCCCATCCCACT-1,Mono,1.0
CAAGGCCCATGTCCTC-1,T cells,0.9999715
CAAGGCCGTACAGTGG-1,T cells,0.9999901
CAAGGCCGTCACAAGG-1,T cells,0.99999917
CAAGGCCGTCGAGTTT-1,Mono,1.0
CAAGGCCGTTATGCGT-1,T cells,0.99998593
CAAGGCCTCTCAAGTG-1,T cells,1.0
CAAGGCCTCTTCGGTC-1,Mono,1.0
CAAGTTGAGAGTAATC-1,Mono,1.0
CAAGTTGAGCTGCCCA-1,T cells,0.99999964
CAAGTTGAGTCTCGGC-1,T cells,0.99999976
CAAGTTGAGTGACTCT-1,B cells,1.0
CAAGTTGAGTTAGCGG-1,B cells,1.0
CAAGTTGCAAACTGTC-1,T cells,0.9999993
CAAGTTGCAATCGGTT-1,Mono,1.0
CAAGTTGCAATTGCTG-1,T cells,0.9999999
CAAGTTGCACAGCGTC-1,B cells,1.0
CAAGTTGCACCCAGTG-1,T cells,0.9999975
CAAGTTGCAGTAAGCG-1,T cells,0.9999969
CAAGTTGCATCTACGA-1,Mono,1.0
CAAGTTGGTACTTAGC-1,NK,0.998762
CAAGTTGGTATAAACG-1,Mono,1.0
CAAGTTGGTCGACTGC-1,T cells,0.9999999
CAAGTTGGTCGCATAT-1,Mono,1.0
CAAGTTGGTCGGCTCA-1,T cells,1.0
CAAGTTGGTCTCGTTC-1,Mono,1.0
CAAGTTGGTCTTCAAG-1,T cells,0.9999999
CAAGTTGGTGTGCGTC-1,B cells,0.9999999
CAAGTTGTCATAAAGG-1,T cells,1.0
CAAGTTGTCGGCCGAT-1,T cells,0.99999845
CAAGTTGTCGGGAGTA-1,T cells,0.99999774
CAAGTTGTCTCTTGAT-1,T cells,0.9999999
CACAAACAGCTACCGC-1,Mono,1.0
CACAAACAGTAGGTGC-1,Mono,1.0
CACAAACCACGCTTTC-1,B cells,1.0
CACAAACCACTGTGTA-1,B cells,1.0
CACAAACCATAAGACA-1,T cells,1.0
CACAAACCATACTCTT-1,T cells,1.0
CACAAACGTCGCATAT-1,T cells,1.0
CACAAACGTTAAAGTG-1,NK,0.9999989
CACAAACTCCAGAGGA-1,Mono,1.0
CACAAACTCCGGCACA-1,Mono,1.0
CACACAAAGACTGTAA-1,B cells,1.0
CACACAAAGGTTCCTA-1,T cells,1.0
CACACAACAATCTACG-1,T cells,1.0
CACACAACAATGGTCT-1,T cells,1.0
CACACAACAGCGAACA-1,T cells,1.0
CACACAACATCGATTG-1,Mono,1.0
CACACAACATGGTTGT-1,Mono,1.0
CACACAAGTAAGGGAA-1,B cells,0.99993336
CACACAAGTAGCGATG-1,B cells,0.9999999
CACACAAGTGACCAAG-1,T cells,1.0
CACACAATCACCATAG-1,Mono,1.0
CACACAATCCGCAAGC-1,T cells,0.99999905
CACACAATCCGTAGGC-1,Mono,1.0
CACACAATCCTATGTT-1,Mono,1.0
CACACAATCGACAGCC-1,B cells,0.9999999
CACACAATCGAGAACG-1,T cells,1.0
CACACCTAGGCACATG-1,T cells,0.9992231
CACACCTAGGCCGAAT-1,NK,0.7718881
CACACCTCAAGGTTCT-1,B cells,1.0
CACACCTCAGAAGCAC-1,T cells,0.9999938
CACACCTCATAAAGGT-1,Mono,1.0
CACACCTCATCCAACA-1,Mono,1.0
CACACCTCATGAGCGA-1,Mono,1.0
CACACCTGTATGGTTC-1,T cells,0.99991214
CACACCTGTCAGAAGC-1,T cells,1.0
CACACCTGTCTAAACC-1,Mono,1.0
CACACCTGTCTGATCA-1,Mono,1.0
CACACCTTCAAAGACA-1,Mono,1.0
CACACCTTCAGTCCCT-1,Mono,1.0
CACACCTTCCCGGATG-1,Mono,1.0
CACACCTTCGAGGTAG-1,Mono,1.0
CACACTCAGAAGAAGC-1,T cells,1.0
CACACTCAGCCACCTG-1,Mono,0.9999999
CACACTCAGCCATCGC-1,T cells,0.99999976
CACACTCAGCTAAGAT-1,T cells,1.0
CACACTCAGGTGTTAA-1,B cells,1.0
CACACTCAGTACGTTC-1,T cells,1.0
CACACTCAGTTTGCGT-1,Mono,1.0
CACACTCCACAGATTC-1,T cells,0.99999917
CACACTCCACGTTGGC-1,T cells,0.9927604
CACACTCCATATGGTC-1,Mono,1.0
CACACTCGTACGAAAT-1,T cells,0.9999938
CACACTCGTAGAGCTG-1,T cells,0.9999999
CACACTCGTCCAGTAT-1,T cells,1.0
CACACTCGTCTAGTGT-1,B cells,1.0
CACACTCGTCTCATCC-1,Mono,1.0
CACACTCGTGTAAGTA-1,T cells,0.99806577
CACACTCGTTTACTCT-1,T cells,1.0
CACACTCTCAGGCCCA-1,T cells,0.998985
CACACTCTCCCTAACC-1,T cells,0.9999999
CACACTCTCCTTTCTC-1,B cells,1.0
CACACTCTCGCAAACT-1,T cells,0.9999999
CACAGGCAGACCGGAT-1,Mono,1.0
CACAGGCAGAGCTATA-1,T cells,1.0
CACAGGCAGCCACGTC-1,Mono,1.0
CACAGGCAGTGAACGC-1,T cells,1.0
CACAGGCCAAATTGCC-1,T cells,0.9999963
CACAGGCCAAGCCCAC-1,T cells,0.9991059
CACAGGCCAATGCCAT-1,T cells,0.9999999
CACAGGCCACCAGGTC-1,T cells,0.99998164
CACAGGCCACCTCGGA-1,T cells,0.9999999
CACAGGCTCAGCGATT-1,Mono,1.0
CACAGGCTCCAAGCCG-1,T cells,0.9999739
CACAGGCTCCGCAGTG-1,Mono,1.0
CACAGGCTCTCTTGAT-1,T cells,0.99982506
CACAGGCTCTGCAGTA-1,T cells,0.99999785
CACAGTAAGTACGATA-1,Mono,1.0
CACAGTAAGTGAACGC-1,T cells,0.9999999
CACAGTACAAGACGTG-1,Mono,1.0
CACAGTACACATAACC-1,T cells,1.0
CACAGTACATCGGTTA-1,B cells,0.9999912
CACAGTAGTCCCTACT-1,B cells,1.0
CACAGTAGTCGGCATC-1,B cells,1.0
CACAGTAGTGCTTCTC-1,T cells,0.9999999
CACAGTATCAGGCCCA-1,Mono,1.0
CACAGTATCCCAACGG-1,T cells,1.0
CACATAGAGACCCACC-1,Mono,1.0
CACATAGAGGCTAGGT-1,B cells,0.99999976
CACATAGAGTAATCCC-1,Mono,1.0
CACATAGCAAGACGTG-1,B cells,1.0
CACATAGCAAGTCTGT-1,Mono,1.0
CACATAGGTATTACCG-1,T cells,0.9999974
CACATAGGTCAGTGGA-1,B cells,1.0
CACATAGTCATCACCC-1,Mono,1.0
CACATAGTCCGCATAA-1,B cells,1.0
CACATTTAGCACCGTC-1,T cells,1.0
CACATTTAGGGTGTGT-1,B cells,0.99999964
CACATTTAGTAGCGGT-1,Mono,1.0
CACATTTAGTTACGGG-1,Platelet,0.9999999
CACATTTCAGATTGCT-1,T cells,1.0
CACATTTGTAATCACC-1,B cells,1.0
CACATTTGTACTCAAC-1,Mono,1.0
CACATTTGTCACACGC-1,Mono,1.0
CACATTTGTCACCTAA-1,T cells,0.99999976
CACATTTGTCTCCATC-1,T cells,1.0
CACATTTTCAGTTAGC-1,T cells,1.0
CACATTTTCGGAAATA-1,B cells,1.0
CACATTTTCTGAGGGA-1,T cells,1.0
CACATTTTCTTGCAAG-1,T cells,0.9999999
CACCACTAGACTTGAA-1,T cells,0.99999964
CACCACTAGAGGACGG-1,T cells,0.99788576
CACCACTAGATAGTCA-1,T cells,0.9778217
CACCACTAGATCACGG-1,Mono,1.0
CACCACTAGCCGTCGT-1,T cells,0.9999999
CACCACTAGTACGACG-1,Mono,1.0
CACCACTAGTGCGATG-1,T cells,0.99993515
CACCACTCAGTATGCT-1,Mono,1.0
CACCACTCATGTCCTC-1,B cells,0.9999974
CACCACTCATTCGACA-1,Mono,1.0
CACCACTGTAGTAGTA-1,Mono,1.0
CACCACTGTATGGTTC-1,T cells,0.9999988
CACCACTGTTGTCGCG-1,T cells,1.0
CACCACTTCTATCCCG-1,NK,0.99921227
CACCACTTCTTCATGT-1,T cells,0.9999403
CACCAGGAGAAGGGTA-1,T cells,0.9999995
CACCAGGAGAGCTGGT-1,Mono,1.0
CACCAGGAGCCAGGAT-1,B cells,1.0
CACCAGGAGGTAGCTG-1,Mono,1.0
CACCAGGAGTATCGAA-1,T cells,0.99999607
CACCAGGAGTCGAGTG-1,T cells,0.99999917
CACCAGGAGTTCGCGC-1,T cells,1.0
CACCAGGAGTTTGCGT-1,T cells,1.0
CACCAGGCAACTGCGC-1,Mono,1.0
CACCAGGCACAGCGTC-1,T cells,0.9999993
CACCAGGCACGTCAGC-1,T cells,1.0
CACCAGGCAGTCAGAG-1,T cells,0.9999994
CACCAGGCAGTCCTTC-1,Mono,1.0
CACCAGGCAGTCTTCC-1,B cells,1.0
CACCAGGGTATCAGTC-1,Platelet,0.96503454
CACCAGGGTTCCCGAG-1,T cells,1.0
CACCAGGGTTCGCGAC-1,NK,0.99880207
CACCAGGTCGTACCGG-1,B cells,1.0
CACCAGGTCTACTATC-1,T cells,0.9996123
CACCAGGTCTGTTGAG-1,T cells,1.0
CACCAGGTCTTCAACT-1,T cells,1.0
CACCTTGAGAACTGTA-1,T cells,0.99999297
CACCTTGAGACAGAGA-1,T cells,0.9999994
CACCTTGAGAGACGAA-1,T cells,0.9999995
CACCTTGAGCAGACTG-1,T cells,0.99999416
CACCTTGAGCAGCGTA-1,Mono,1.0
CACCTTGAGGCCCTCA-1,Mono,1.0
CACCTTGAGTGGAGAA-1,B cells,1.0
CACCTTGAGTGTACCT-1,B cells,0.99885726
CACCTTGCAGCTGCTG-1,B cells,1.0
CACCTTGGTAAGAGGA-1,T cells,1.0
CACCTTGGTATGGTTC-1,B cells,1.0
CACCTTGGTCCATGAT-1,T cells,1.0
CACCTTGGTCTTTCAT-1,Mono,1.0
CACCTTGGTGGCTCCA-1,Mono,1.0
CACCTTGGTGTGGCTC-1,NK,1.0
CACCTTGGTTGCCTCT-1,NK,1.0
CACCTTGGTTTACTCT-1,NK,0.99999964
CACCTTGTCAGAAATG-1,Mono,1.0
CACCTTGTCAGCTGGC-1,T cells,1.0
CACCTTGTCATTTGGG-1,Mono,1.0
CACCTTGTCCGTTGCT-1,T cells,1.0
CACCTTGTCCTGCAGG-1,T cells,1.0
CACCTTGTCTACTCAT-1,Mono,1.0
CACCTTGTCTCTGAGA-1,B cells,1.0
CACTCCAAGAGCTTCT-1,T cells,0.99998677
CACTCCAAGAGGTACC-1,T cells,0.9999999
CACTCCAAGATGCGAC-1,T cells,1.0
CACTCCAAGCGATGAC-1,Mono,1.0
CACTCCAAGTGGTAGC-1,Mono,1.0
CACTCCACAAGCGTAG-1,Mono,1.0
CACTCCACACAAGCCC-1,Mono,1.0
CACTCCACACCTATCC-1,T cells,0.99999785
CACTCCACACGCGAAA-1,T cells,0.99999976
CACTCCACATACTACG-1,B cells,1.0
CACTCCACATTCCTCG-1,T cells,0.9999999
CACTCCAGTACAGTGG-1,Mono,1.0
CACTCCAGTCGCGGTT-1,Mono,1.0
CACTCCAGTGAAATCA-1,T cells,1.0
CACTCCAGTGATAAGT-1,Mono,1.0
CACTCCAGTGATGATA-1,T cells,1.0
CACTCCAGTGTCGCTG-1,T cells,0.99999833
CACTCCAGTTATCGGT-1,Mono,1.0
CACTCCATCGCCAAAT-1,Mono,1.0
CACTCCATCGGACAAG-1,T cells,0.9999999
CACTCCATCTCTTATG-1,T cells,1.0
CACTCCATCTGTCAAG-1,B cells,1.0
CAGAATCAGAAACCAT-1,Mono,1.0
CAGAATCAGCGGCTTC-1,B cells,1.0
CAGAATCAGTATGACA-1,T cells,1.0
CAGAATCAGTCCCACG-1,T cells,0.99999976
CAGAATCCAAAGAATC-1,B cells,1.0
CAGAATCCACCGGAAA-1,T cells,0.9998622
CAGAATCCACGGTGTC-1,Mono,1.0
CAGAATCCACTGAAGG-1,B cells,1.0
CAGAATCCACTGTGTA-1,T cells,0.9999893
CAGAATCCAGCCTATA-1,T cells,1.0
CAGAATCCATCGGGTC-1,Mono,0.9999999
CAGAATCGTACTTAGC-1,T cells,0.99999774
CAGAATCGTATATGAG-1,Mono,0.9999999
CAGAATCGTATCGCAT-1,T cells,0.9999982
CAGAATCGTATGAAAC-1,T cells,0.9999999
CAGAATCGTCGTCTTC-1,B cells,1.0
CAGAATCGTGATGCCC-1,B cells,1.0
CAGAATCGTGGGTATG-1,T cells,0.9992229
CAGAATCGTTTCGCTC-1,T cells,0.9999999
CAGAATCTCACCGTAA-1,T cells,0.9999999
CAGAATCTCCACTGGG-1,T cells,1.0
CAGAATCTCGGCGCAT-1,T cells,1.0
CAGAATCTCTATGTGG-1,Mono,1.0
CAGAATCTCTGAGGGA-1,B cells,1.0
CAGAATCTCTTCGGTC-1,Mono,1.0
CAGAGAGAGAGTGAGA-1,T cells,0.9999982
CAGAGAGAGATAGTCA-1,T cells,1.0
CAGAGAGAGCGTGAGT-1,B cells,1.0
CAGAGAGAGCTACCTA-1,B cells,1.0
CAGAGAGAGGAGTTGC-1,T cells,1.0
CAGAGAGAGGCGTACA-1,Mono,1.0
CAGAGAGAGTAATCCC-1,Mono,1.0
CAGAGAGAGTACACCT-1,Mono,0.99999905
CAGAGAGCATAAAGGT-1,T cells,1.0
CAGAGAGGTAAGTAGT-1,T cells,1.0
CAGAGAGGTCAACTGT-1,Mono,1.0
CAGAGAGGTTTACTCT-1,Mono,1.0
CAGAGAGTCAATACCG-1,T cells,0.99978
CAGAGAGTCCCAAGAT-1,T cells,0.999736
CAGAGAGTCGGCGCTA-1,T cells,0.99999666
CAGAGAGTCTGGTGTA-1,B cells,1.0
CAGATCAAGACTAAGT-1,Mono,1.0
CAGATCAAGCCACCTG-1,Mono,1.0
CAGATCAAGCCAGGAT-1,Mono,1.0
CAGATCAAGCGTAATA-1,Mono,1.0
CAGATCAAGGCGATAC-1,T cells,1.0
CAGATCAAGGGTCGAT-1,Mono,1.0
CAGATCAAGTGTCCAT-1,T cells,1.0
CAGATCACAAAGGTGC-1,B cells,1.0
CAGATCACAATGTTGC-1,NK,0.99970406
CAGATCACAGACGCAA-1,Mono,1.0
CAGATCAGTACAGTGG-1,NK,1.0
CAGATCAGTACCGTAT-1,T cells,0.99999917
CAGATCAGTCTGGAGA-1,T cells,1.0
CAGATCAGTGCACTTA-1,T cells,0.9919051
CAGATCAGTTCAGCGC-1,T cells,0.9999999
CAGATCATCATCACCC-1,T cells,0.9999999
CAGATCATCTGCTGCT-1,Mono,1.0
CAGCAGCAGATGTCGG-1,T cells,0.9999993
CAGCAGCAGGTGCACA-1,T cells,1.0
CAGCAGCCACCGAATT-1,T cells,0.9999839
CAGCAGCCACGAGGTA-1,Mono,1.0
CAGCAGCCAGGGATTG-1,T cells,1.0
CAGCAGCGTAATAGCA-1,Mono,1.0
CAGCAGCGTATAAACG-1,Mono,1.0
CAGCAGCGTCAGAATA-1,Mono,1.0
CAGCAGCGTGCATCTA-1,Mono,1.0
CAGCAGCGTTCGCTAA-1,Mono,1.0
CAGCAGCGTTCGGCAC-1,B cells,1.0
CAGCAGCTCAACGAAA-1,B cells,1.0
CAGCAGCTCAAGGCTT-1,T cells,1.0
CAGCAGCTCCGTACAA-1,T cells,0.9999994
CAGCAGCTCGTGGTCG-1,T cells,1.0
CAGCATAAGACATAAC-1,B cells,0.99999976
CAGCATAAGGATCGCA-1,T cells,1.0
CAGCATAAGGCTCATT-1,Mono,1.0
CAGCATACACATTAGC-1,T cells,1.0
CAGCATACAGCGTTCG-1,Mono,1.0
CAGCATACAGGTCCAC-1,B cells,1.0
CAGCATAGTACCGCTG-1,B cells,1.0
CAGCATAGTACGAAAT-1,T cells,0.99662894
CAGCATATCACTTATC-1,T cells,1.0
CAGCATATCAGTGCAT-1,B cells,1.0
CAGCATATCAGTGTTG-1,T cells,1.0
CAGCATATCCCTAATT-1,Mono,1.0
CAGCATATCTTCGAGA-1,T cells,0.99999964
CAGCCGAAGATGTTAG-1,T cells,1.0
CAGCCGAAGCAGGCTA-1,T cells,1.0
CAGCCGAAGCCTATGT-1,Mono,1.0
CAGCCGAAGGCAAAGA-1,T cells,1.0
CAGCCGAAGGTCATCT-1,T cells,1.0
CAGCCGACAGACGCCT-1,T cells,0.9969597
CAGCCGACATGTTGAC-1,Mono,1.0
CAGCCGAGTAGGAGTC-1,T cells,0.9999999
CAGCCGAGTCAGAAGC-1,T cells,0.99971634
CAGCCGAGTCGTCTTC-1,T cells,0.9997503
CAGCCGAGTCTTGATG-1,Mono,1.0
CAGCCGAGTTGATTCG-1,T cells,1.0
CAGCCGAGTTGTCTTT-1,Mono,1.0
CAGCCGATCATCGGAT-1,B cells,0.9999989
CAGCCGATCATTATCC-1,T cells,1.0
CAGCGACAGATCCGAG-1,T cells,0.9999982
CAGCGACAGTCAAGGC-1,B cells,0.9999995
CAGCGACAGTTGAGAT-1,Mono,1.0
CAGCGACCAGCTCGAC-1,B cells,1.0
CAGCGACGTAGTACCT-1,T cells,0.99999917
CAGCGACGTCCGTCAG-1,B cells,0.9999958
CAGCGACGTCTAGCGC-1,T cells,0.9999999
CAGCGACGTTATCCGA-1,T cells,1.0
CAGCGACGTTTAGGAA-1,T cells,0.99999666
CAGCGACTCCACGAAT-1,T cells,0.99999905
CAGCGACTCGGATGGA-1,T cells,1.0
CAGCGACTCTGTTTGT-1,T cells,0.99998
CAGCGACTCTTAGAGC-1,NK,0.9997116
CAGCTAAAGCCCAATT-1,T cells,0.99999976
CAGCTAAAGGCAAAGA-1,T cells,0.9999999
CAGCTAACAAATACAG-1,T cells,0.9999932
CAGCTAACAAGTAGTA-1,B cells,1.0
CAGCTAACACTTCTGC-1,B cells,1.0
CAGCTAACATGCAACT-1,T cells,1.0
CAGCTAAGTCCTAGCG-1,B cells,1.0
CAGCTAATCAGCACAT-1,NK,0.9663132
CAGCTAATCGTCGTTC-1,T cells,0.9999999
CAGCTAATCTGTCAAG-1,T cells,0.9998702
CAGCTGGAGAAACCTA-1,B cells,1.0
CAGCTGGAGATCTGCT-1,T cells,1.0
CAGCTGGAGGATGGAA-1,Mono,1.0
CAGCTGGCAAACCTAC-1,NK,0.99912244
CAGCTGGCAAGTCTAC-1,T cells,0.9997849
CAGCTGGCACCAGGCT-1,NK,0.99394155
CAGCTGGCACCGATAT-1,T cells,0.99964285
CAGCTGGCACGTCAGC-1,NK,0.99626154
CAGCTGGCAGCGAACA-1,Mono,1.0
CAGCTGGGTACCGCTG-1,Mono,1.0
CAGCTGGGTATTCTCT-1,Mono,1.0
CAGCTGGGTCGGCACT-1,T cells,0.93519264
CAGCTGGGTCGTTGTA-1,T cells,0.999954
CAGCTGGGTCTAAACC-1,T cells,1.0
CAGCTGGGTCTCATCC-1,Mono,1.0
CAGCTGGGTTACTGAC-1,T cells,1.0
CAGCTGGGTTATCGGT-1,Mono,1.0
CAGCTGGGTTGAACTC-1,T cells,0.9998659
CAGCTGGTCACGGTTA-1,Mono,1.0
CAGCTGGTCAGAAATG-1,Mono,1.0
CAGCTGGTCAGCACAT-1,Mono,1.0
CAGCTGGTCAGTGTTG-1,T cells,0.9999999
CAGGTGCAGAGCTGGT-1,T cells,1.0
CAGGTGCAGAGGGCTT-1,B cells,1.0
CAGGTGCAGATCGGGT-1,T cells,0.9999999
CAGGTGCAGGCGTACA-1,Mono,1.0
CAGGTGCAGTGTTTGC-1,T cells,1.0
CAGGTGCCACAACGCC-1,T cells,0.99999785
CAGGTGCCACCTATCC-1,T cells,0.9999988
CAGGTGCGTAACGCGA-1,T cells,0.99999976
CAGGTGCGTATTACCG-1,Mono,1.0
CAGGTGCGTGTGAATA-1,T cells,0.9999993
CAGGTGCTCATCGATG-1,T cells,0.99999833
CAGGTGCTCCCGACTT-1,Mono,1.0
CAGGTGCTCTGGTATG-1,T cells,0.99999917
CAGTAACAGAGCCCAA-1,T cells,0.99999344
CAGTAACAGGCCCTCA-1,B cells,1.0
CAGTAACAGTGTGGCA-1,T cells,0.99999094
CAGTAACCACAGGCCT-1,T cells,0.99999154
CAGTAACCAGACTCGC-1,Mono,1.0
CAGTAACCAGGACGTA-1,T cells,1.0
CAGTAACCAGTCAGAG-1,Mono,1.0
CAGTAACGTAAGAGAG-1,T cells,1.0
CAGTAACGTCGCTTCT-1,T cells,0.9999999
CAGTAACGTGCATCTA-1,T cells,0.9999982
CAGTAACGTTTGTTTC-1,T cells,1.0
CAGTAACTCCTGTACC-1,Mono,1.0
CAGTAACTCGGACAAG-1,Mono,1.0
CAGTAACTCGGTCCGA-1,Mono,1.0
CAGTAACTCTTTACGT-1,T cells,0.9999988
CAGTCCTAGAAGGACA-1,B cells,0.9999999
CAGTCCTAGACGCAAC-1,T cells,0.9999999
CAGTCCTAGATGTCGG-1,T cells,0.9999994
CAGTCCTAGCAATCTC-1,T cells,0.99999905
CAGTCCTAGTTGAGTA-1,T cells,0.9999999
CAGTCCTCAATGGATA-1,T cells,0.99999654
CAGTCCTCACACGCTG-1,T cells,0.99869055
CAGTCCTCACATGTGT-1,T cells,1.0
CAGTCCTCAGCTGTGC-1,T cells,1.0
CAGTCCTCATGCGCAC-1,Mono,1.0
CAGTCCTCATGTCCTC-1,NK,0.997451
CAGTCCTCATTTGCTT-1,T cells,1.0
CAGTCCTTCTCAAGTG-1,T cells,1.0
CAGTCCTTCTGCGTAA-1,T cells,0.9999999
CAGTCCTTCTTCAACT-1,T cells,1.0
CATATGGAGAACAACT-1,T cells,1.0
CATATGGAGGAGTAGA-1,T cells,0.99999976
CATATGGAGGCTCTTA-1,T cells,1.0
CATATGGAGGTCATCT-1,T cells,0.99796885
CATATGGAGTCACGCC-1,B cells,0.99997616
CATATGGAGTGCCAGA-1,B cells,1.0
CATATGGAGTGTTAGA-1,T cells,1.0
CATATGGCAACACCCG-1,T cells,0.9999951
CATATGGCAAGCCGTC-1,T cells,0.9999999
CATATGGCACGGCCAT-1,B cells,1.0
CATATGGCAGGGTATG-1,Mono,1.0
CATATGGCAGTAAGCG-1,T cells,0.9999995
CATATGGGTGAGCGAT-1,B cells,1.0
CATATGGGTTGATTGC-1,Mono,1.0
CATATGGTCAGGCGAA-1,B cells,1.0
CATATGGTCCGCGTTT-1,T cells,1.0
CATATGGTCGCAGGCT-1,Mono,1.0
CATATGGTCGGCTACG-1,Mono,1.0
CATATGGTCTATCCCG-1,T cells,0.9999465
CATATGGTCTCAAACG-1,T cells,0.99988437
CATATGGTCTCGCTTG-1,T cells,0.97604465
CATATGGTCTTGTCAT-1,T cells,0.99999976
CATATTCAGAGGTACC-1,T cells,1.0
CATATTCAGCTCCCAG-1,T cells,0.9994752
CATATTCAGGGAACGG-1,T cells,0.99999
CATATTCAGGTGATTA-1,B cells,1.0
CATATTCAGTGAACAT-1,T cells,0.9999968
CATATTCCAATCGAAA-1,T cells,1.0
CATATTCCACCTATCC-1,T cells,0.99999166
CATATTCCATCGTCGG-1,T cells,0.9997898
CATATTCCATTAGCCA-1,Mono,1.0
CATATTCGTGAGGCTA-1,Mono,1.0
CATATTCGTGTAAGTA-1,T cells,0.9999958
CATATTCGTTGTCGCG-1,B cells,1.0
CATATTCTCACAATGC-1,B cells,1.0
CATATTCTCACAGTAC-1,T cells,1.0
CATATTCTCATCGGAT-1,T cells,1.0
CATATTCTCCTGCTTG-1,Mono,1.0
CATCAAGAGATATACG-1,B cells,0.9997969
CATCAAGAGCCACCTG-1,NK,0.75470805
CATCAAGAGTCCATAC-1,B cells,0.9999999
CATCAAGAGTTGCAGG-1,Mono,1.0
CATCAAGAGTTGTCGT-1,NK,0.99998903
CATCAAGCAAGCGAGT-1,T cells,0.9999999
CATCAAGCACGACGAA-1,Mono,1.0
CATCAAGCACGGTAAG-1,Mono,1.0
CATCAAGCAGGTCCAC-1,T cells,0.9999999
CATCAAGCATGCCACG-1,Mono,1.0
CATCAAGGTCGAATCT-1,Mono,1.0
CATCAAGGTCGACTGC-1,B cells,1.0
CATCAAGGTGAACCTT-1,T cells,1.0
CATCAAGGTGTCCTCT-1,T cells,0.9999999
CATCAAGGTTGACGTT-1,B cells,1.0
CATCAAGTCAACGCTA-1,Mono,1.0
CATCAAGTCGTCCGTT-1,T cells,0.944062
CATCAAGTCTCCAACC-1,Mono,1.0
CATCAAGTCTCTGAGA-1,T cells,1.0
CATCAGAAGCGTAGTG-1,T cells,0.9999999
CATCAGAAGCTATGCT-1,Mono,1.0
CATCAGAAGGCAGGTT-1,T cells,0.99999774
CATCAGAAGGCCGAAT-1,T cells,0.9999943
CATCAGAAGTGATCGG-1,T cells,0.99998343
CATCAGACAACTGCGC-1,T cells,1.0
CATCAGACAAGGTTCT-1,T cells,0.9999839
CATCAGACAAGTCATC-1,Mono,1.0
CATCAGACACAAGACG-1,NK,0.5287246
CATCAGACAGATAATG-1,B cells,1.0
CATCAGACATATACCG-1,T cells,0.99999905
CATCAGAGTAACGACG-1,B cells,1.0
CATCAGAGTAATAGCA-1,T cells,1.0
CATCAGAGTAGGGACT-1,B cells,1.0
CATCAGAGTCGAACAG-1,Mono,1.0
CATCAGAGTGTCTGAT-1,Mono,1.0
CATCAGAGTTCCCGAG-1,T cells,0.99999917
CATCAGATCATCGGAT-1,T cells,1.0
CATCAGATCATGCATG-1,T cells,1.0
CATCAGATCCGTAGGC-1,T cells,0.9999999
CATCAGATCGGAAATA-1,T cells,1.0
CATCAGATCGTAGATC-1,T cells,0.99999976
CATCCACAGAAACCGC-1,T cells,1.0
CATCCACAGTGCGTGA-1,T cells,0.9999424
CATCCACAGTGTACGG-1,T cells,1.0
CATCCACCACAACTGT-1,T cells,1.0
CATCCACCACGGTAAG-1,Mono,1.0
CATCCACCATCATCCC-1,NK,0.97125703
CATCCACGTACTCAAC-1,T cells,0.9999999
CATCCACGTAGCCTCG-1,T cells,1.0
CATCCACGTCGCTTCT-1,B cells,1.0
CATCCACGTCGGATCC-1,NK,0.99987257
CATCCACGTGCTGTAT-1,NK,0.9824128
CATCCACTCAGTGTTG-1,Mono,1.0
CATCCACTCATTGCCC-1,NK,0.99999845
CATCCACTCCGAACGC-1,T cells,1.0
CATCCACTCGAATCCA-1,T cells,0.9999999
CATCGAAAGGCGCTCT-1,T cells,0.99999917
CATCGAAAGGGATCTG-1,T cells,0.9999999
CATCGAACATTTGCTT-1,T cells,1.0
CATCGAAGTGGCGAAT-1,B cells,1.0
CATCGAAGTTCTGTTT-1,T cells,0.99970585
CATCGAATCAACACTG-1,NK,0.9999926
CATCGAATCACAGGCC-1,Mono,1.0
CATCGGGAGAGAACAG-1,NK,0.9999987
CATCGGGAGATAGCAT-1,B cells,0.9999995
CATCGGGAGCAGGCTA-1,T cells,0.9998785
CATCGGGAGGCGCTCT-1,B cells,1.0
CATCGGGAGTGGTAGC-1,T cells,0.9999912
CATCGGGCAAGAAGAG-1,T cells,1.0
CATCGGGGTACAGTGG-1,Mono,1.0
CATCGGGGTAGCGCAA-1,T cells,0.98025906
CATCGGGGTTAAAGTG-1,T cells,1.0
CATCGGGGTTCCGTCT-1,NK,0.9969543
CATCGGGGTTGGGACA-1,T cells,1.0
CATCGGGGTTGTGGCC-1,Mono,1.0
CATCGGGTCACATGCA-1,B cells,1.0
CATCGGGTCACGCGGT-1,Mono,1.0
CATCGGGTCCGCAGTG-1,Mono,1.0
CATCGGGTCCTCAATT-1,T cells,0.9999989
CATCGGGTCGCCTGAG-1,T cells,0.9999999
CATCGGGTCTCTGAGA-1,T cells,1.0
CATCGGGTCTGACCTC-1,T cells,1.0
CATCGGGTCTGCCCTA-1,T cells,0.99999976
CATCGGGTCTGTCAAG-1,T cells,0.9999999
CATGACAAGCGGCTTC-1,T cells,0.9999999
CATGACAAGGCATTGG-1,T cells,1.0
CATGACAAGGGTATCG-1,T cells,1.0
CATGACACAAGCCGCT-1,T cells,0.99999845
CATGACACAATCCAAC-1,T cells,0.99999917
CATGACACACGGTAGA-1,Mono,1.0
CATGACACAGGAATGC-1,T cells,0.99999833
CATGACACATAAGACA-1,NK,0.69704914
CATGACAGTAAGTGGC-1,T cells,1.0
CATGACAGTAGAAGGA-1,Mono,1.0
CATGACAGTGGGTCAA-1,T cells,0.9999994
CATGACAGTTCCACAA-1,Mono,1.0
CATGACAGTTCCATGA-1,B cells,1.0
CATGACATCACGATGT-1,Mono,1.0
CATGACATCAGCAACT-1,B cells,1.0
CATGACATCAGTGCAT-1,T cells,1.0
CATGACATCTCCTATA-1,Mono,1.0
CATGACATCTGTCTCG-1,B cells,0.99994826
CATGCCTAGGCATGGT-1,Mono,1.0
CATGCCTCACCAGTTA-1,T cells,1.0
CATGCCTCACCTCGGA-1,Mono,1.0
CATGCCTCACTATCTT-1,B cells,1.0
CATGCCTCATCTCGCT-1,T cells,0.9999999
CATGCCTGTACCAGTT-1,B cells,1.0
CATGCCTGTCTGGAGA-1,T cells,0.9999993
CATGCCTGTGCCTGTG-1,T cells,0.9999995
CATGCCTGTGTAAGTA-1,T cells,0.9999994
CATGCCTTCAACACAC-1,T cells,0.99999964
CATGCCTTCACCCGAG-1,Mono,1.0
CATGCCTTCACCGGGT-1,Mono,1.0
CATGCCTTCAGCTCGG-1,B cells,0.99991727
CATGCCTTCCGGGTGT-1,T cells,1.0
CATGCCTTCCTTGCCA-1,T cells,0.9999995
CATGCCTTCGATAGAA-1,B cells,1.0
CATGCCTTCGGAAATA-1,T cells,0.99999976
CATGCCTTCGGTTCGG-1,T cells,0.99995613
CATGCCTTCTGCCCTA-1,NK,0.9798614
CATGGCGAGGAGTTTA-1,T cells,1.0
CATGGCGAGTCCTCCT-1,T cells,1.0
CATGGCGCAATCCGAT-1,Mono,1.0
CATGGCGCACACGCTG-1,B cells,0.999941
CATGGCGCAGATGGGT-1,T cells,1.0
CATGGCGCAGCTGTAT-1,T cells,1.0
CATGGCGCAGGTCCAC-1,T cells,0.9999988
CATGGCGGTCTAGTGT-1,T cells,0.99999857
CATGGCGTCACGGTTA-1,B cells,1.0
CATTATCAGAGTGACC-1,Mono,1.0
CATTATCAGCGTCTAT-1,Mono,1.0
CATTATCAGGAGTTGC-1,Mono,1.0
CATTATCAGGTGTGGT-1,B cells,1.0
CATTATCAGTCTTGCA-1,NK,0.99657565
CATTATCCAACAACCT-1,T cells,1.0
CATTATCCACGCATCG-1,T cells,0.9999995
CATTATCCACGGATAG-1,B cells,1.0
CATTATCCACTGCCAG-1,T cells,0.9999858
CATTATCCAGTTCATG-1,T cells,1.0
CATTATCCATAACCTG-1,Mono,1.0
CATTATCCATCTACGA-1,B cells,0.9999299
CATTATCCATCTGGTA-1,Mono,1.0
CATTATCCATGCCACG-1,T cells,1.0
CATTATCCATGCCCGA-1,T cells,1.0
CATTATCGTGTGCGTC-1,Mono,1.0
CATTATCTCACAACGT-1,Mono,1.0
CATTCGCAGACTTTCG-1,T cells,0.99999976
CATTCGCAGAGAGCTC-1,Mono,0.9999999
CATTCGCAGCGTGAGT-1,T cells,1.0
CATTCGCAGCTAACAA-1,T cells,0.99999964
CATTCGCAGGATATAC-1,T cells,1.0
CATTCGCAGGTGTTAA-1,T cells,0.99999785
CATTCGCCAATGTTGC-1,T cells,0.9999976
CATTCGCCATTTGCTT-1,T cells,0.9999993
CATTCGCGTACCGTTA-1,Mono,1.0
CATTCGCGTAGGCATG-1,T cells,1.0
CATTCGCGTCTTCGTC-1,T cells,1.0
CATTCGCGTGAACCTT-1,Mono,1.0
CATTCGCTCAACCAAC-1,T cells,0.9999932
CATTCGCTCAGAGGTG-1,B cells,0.9998648
CATTCGCTCAGTTTGG-1,NK,0.9996039
CATTCGCTCGAACGGA-1,B cells,1.0
CATTCGCTCGCTTAGA-1,B cells,1.0
CATTCGCTCGGAGGTA-1,T cells,0.9999548
CATTCGCTCTCGCTTG-1,B cells,1.0
CATTCGCTCTTCTGGC-1,T cells,1.0
CCAATCCAGAAACCAT-1,B cells,1.0
CCAATCCAGACCACGA-1,T cells,0.9999999
CCAATCCAGCACCGTC-1,T cells,0.99999976
CCAATCCAGCAGCGTA-1,Mono,1.0
CCAATCCAGGACACCA-1,T cells,1.0
CCAATCCAGGCACATG-1,Mono,1.0
CCAATCCAGTGGAGAA-1,T cells,0.99999833
CCAATCCCACTGTGTA-1,Mono,1.0
CCAATCCGTCCCTTGT-1,Mono,1.0
CCAATCCGTCCTAGCG-1,T cells,0.9999995
CCAATCCGTCGACTGC-1,T cells,1.0
CCAATCCGTGATGTGG-1,T cells,0.99999976
CCAATCCGTGCTTCTC-1,T cells,0.91985154
CCAATCCGTTACCGAT-1,Mono,1.0
CCAATCCGTTCCCGAG-1,B cells,0.9999981
CCAATCCTCAACGAAA-1,B cells,0.9999999
CCAATCCTCACTATTC-1,Mono,1.0
CCAATCCTCAGGCGAA-1,T cells,1.0
CCAATCCTCATGGTCA-1,T cells,0.99999964
CCAATCCTCCGCATCT-1,T cells,1.0
CCACCTAAGACAAGCC-1,T cells,0.99999976
CCACCTAAGACAGACC-1,Mono,1.0
CCACCTAAGCTGAAAT-1,T cells,0.99998665
CCACCTAAGCTTATCG-1,B cells,1.0
CCACCTAAGGAGCGAG-1,Mono,1.0
CCACCTAAGGTGATTA-1,Mono,1.0
CCACCTAAGTATCGAA-1,B cells,1.0
CCACCTAAGTCCGTAT-1,T cells,1.0
CCACCTAAGTTAGGTA-1,T cells,0.9999999
CCACCTACAATGGTCT-1,Mono,1.0
CCACCTACAGGGATTG-1,T cells,0.99999964
CCACCTACAGTCGTGC-1,Mono,1.0
CCACCTACAGTTTACG-1,T cells,0.9999995
CCACCTAGTTAAGGGC-1,T cells,1.0
CCACCTAGTTCCCGAG-1,Mono,0.9999999
CCACCTATCCTGTACC-1,Mono,0.9999994
CCACGGAAGATAGCAT-1,T cells,0.99996877
CCACGGAAGCCGGTAA-1,B cells,1.0
CCACGGAAGGTGTTAA-1,Mono,1.0
CCACGGACACGGCCAT-1,T cells,0.9999995
CCACGGACACGTCAGC-1,Mono,1.0
CCACGGAGTAAATGTG-1,B cells,1.0
CCACGGAGTATAGGTA-1,T cells,0.9999994
CCACGGAGTCGCTTTC-1,Mono,1.0
CCACGGAGTCTCTTTA-1,B cells,1.0
CCACGGAGTTAGGGTG-1,Mono,1.0
CCACGGATCACCTTAT-1,Mono,0.9999999
CCACGGATCATAAAGG-1,Mono,1.0
CCACGGATCCTTTCGG-1,T cells,1.0
CCACGGATCGCAGGCT-1,T cells,1.0
CCACGGATCTCCAGGG-1,Mono,1.0
CCACGGATCTGGAGCC-1,T cells,0.9999999
CCACGGATCTTACCTA-1,T cells,1.0
CCACGGATCTTTAGTC-1,T cells,1.0
CCACTACAGCCCAACC-1,Mono,1.0
CCACTACAGCTACCTA-1,T cells,1.0
CCACTACAGGGTCTCC-1,T cells,0.9999794
CCACTACAGTGTGAAT-1,T cells,0.99942553
CCACTACCAATGGAAT-1,T cells,0.9999999
CCACTACCAGCTGTTA-1,T cells,1.0
CCACTACCAGTCCTTC-1,T cells,0.9999995
CCACTACCATTTCAGG-1,T cells,1.0
CCACTACGTCCAGTAT-1,T cells,0.99999905
CCACTACGTTCTGGTA-1,T cells,1.0
CCACTACTCCGTCAAA-1,T cells,0.9986829
CCACTACTCTTGACGA-1,Mono,1.0
CCAGCGAAGATGTTAG-1,Mono,1.0
CCAGCGAAGGGCTTGA-1,T cells,0.9999999
CCAGCGAAGTCACGCC-1,T cells,1.0
CCAGCGACAAAGTGCG-1,T cells,0.9999999
CCAGCGACAAGCGCTC-1,NK,1.0
CCAGCGACAAGCGTAG-1,T cells,1.0
CCAGCGACACATGTGT-1,Mono,1.0
CCAGCGACAGTGGAGT-1,T cells,1.0
CCAGCGAGTATAGGGC-1,B cells,1.0
CCAGCGAGTCACCTAA-1,NK,0.9097389
CCAGCGAGTCTAGGTT-1,T cells,1.0
CCAGCGAGTGATGTCT-1,T cells,0.9999999
CCAGCGAGTTGCTCCT-1,T cells,0.9999994
CCAGCGATCAACGGCC-1,T cells,0.999998
CCAGCGATCCGAACGC-1,T cells,0.9999999
CCAGCGATCCGTTGCT-1,T cells,0.9999999
CCAGCGATCCTAGTGA-1,T cells,1.0
CCAGCGATCGAGGTAG-1,T cells,0.9999938
CCATGTCAGAGTCTGG-1,T cells,1.0
CCATGTCAGGCAGTCA-1,Mono,1.0
CCATGTCAGGCGTACA-1,T cells,1.0
CCATGTCCACCACCAG-1,T cells,0.999912
CCATGTCCAGGCTCAC-1,NK,0.99993217
CCATGTCCATGCCCGA-1,B cells,1.0
CCATGTCGTAGAAAGG-1,Mono,1.0
CCATGTCGTCAGAAGC-1,T cells,0.99999976
CCATGTCGTTCGGGCT-1,T cells,0.9999939
CCATGTCTCAACACTG-1,Mono,1.0
CCATGTCTCAATCTCT-1,T cells,1.0
CCATGTCTCCAAATGC-1,Mono,1.0
CCATTCGAGACAAAGG-1,Mono,1.0
CCATTCGAGATGCCAG-1,NK,0.9999937
CCATTCGAGTAATCCC-1,T cells,0.9999926
CCATTCGCAACTGCTA-1,T cells,1.0
CCATTCGCACAGGAGT-1,T cells,0.9999989
CCATTCGCATACTACG-1,T cells,0.9999255
CCATTCGCATGTCGAT-1,Mono,1.0
CCATTCGGTGTGCGTC-1,Mono,1.0
CCATTCGTCATATCGG-1,T cells,0.9999993
CCATTCGTCCACTGGG-1,B cells,1.0
CCATTCGTCGCCCTTA-1,Mono,1.0
CCATTCGTCGCGGATC-1,B cells,0.9999968
CCATTCGTCTCAACTT-1,T cells,0.9997055
CCATTCGTCTCCAACC-1,T cells,0.9999999
CCCAATCAGAAGGTGA-1,T cells,1.0
CCCAATCAGACAGGCT-1,T cells,0.9957897
CCCAATCAGATCACGG-1,B cells,0.999995
CCCAATCAGATCCCGC-1,Mono,1.0
CCCAATCAGCTTCGCG-1,NK,0.99999917
CCCAATCCAAGAAGAG-1,B cells,1.0
CCCAATCCACCACGTG-1,T cells,0.9999962
CCCAATCCAGAGTGTG-1,T cells,0.9999995
CCCAATCCATCTCCCA-1,Mono,1.0
CCCAATCCATTTCACT-1,T cells,0.9999999
CCCAATCGTCACACGC-1,B cells,1.0
CCCAATCGTCAGAATA-1,Mono,1.0
CCCAATCGTGCTGTAT-1,T cells,0.99999464
CCCAATCGTTACCAGT-1,T cells,0.99999714
CCCAATCGTTGTACAC-1,Mono,1.0
CCCAATCTCAGTGTTG-1,T cells,1.0
CCCAATCTCGCGTTTC-1,B cells,1.0
CCCAGTTAGAAACCTA-1,T cells,0.9999999
CCCAGTTAGATGAGAG-1,T cells,0.9999993
CCCAGTTAGTGTCCAT-1,Mono,1.0
CCCAGTTCAAGAGGCT-1,B cells,1.0
CCCAGTTCAATAGCAA-1,B cells,1.0
CCCAGTTCACCATGTA-1,T cells,0.9999999
CCCAGTTCACGGATAG-1,Mono,1.0
CCCAGTTCAGGAATGC-1,T cells,1.0
CCCAGTTCAGGTGGAT-1,Mono,1.0
CCCAGTTGTACATGTC-1,T cells,1.0
CCCAGTTGTGTCGCTG-1,Mono,1.0
CCCAGTTGTTATGTGC-1,T cells,0.99999905
CCCAGTTGTTGTACAC-1,T cells,0.9999999
CCCAGTTTCAGCATGT-1,T cells,1.0
CCCAGTTTCCACGAAT-1,T cells,0.99999905
CCCAGTTTCCCTAACC-1,T cells,0.999871
CCCAGTTTCCTCAACC-1,T cells,0.9999999
CCCATACAGCTTCGCG-1,T cells,0.9999995
CCCATACAGTCTTGCA-1,T cells,0.99999964
CCCATACAGTGGTAGC-1,Mono,1.0
CCCATACAGTTGAGTA-1,Mono,1.0
CCCATACCAAGCGATG-1,Mono,1.0
CCCATACCAAGGACTG-1,Mono,1.0
CCCATACCACCTGGTG-1,B cells,0.78114456
CCCATACCACGAGAGT-1,B cells,1.0
CCCATACCAGTTTACG-1,T cells,1.0
CCCATACGTAGGACAC-1,Mono,1.0
CCCATACGTCATACTG-1,NK,0.9999999
CCCATACGTCCGTCAG-1,Mono,1.0
CCCATACGTGAGGGAG-1,T cells,1.0
CCCATACGTGTTCGAT-1,T cells,0.99999106
CCCATACGTTGTCTTT-1,Mono,1.0
CCCATACTCTGAAAGA-1,T cells,0.9999999
CCCTCCTAGAAGGGTA-1,T cells,0.9999802
CCCTCCTAGACAAAGG-1,NK,0.99999976
CCCTCCTAGACCCACC-1,B cells,0.99999857
CCCTCCTAGACTGGGT-1,T cells,0.99999964
CCCTCCTAGAGTCGGT-1,T cells,1.0
CCCTCCTAGCACGCCT-1,T cells,0.9999987
CCCTCCTAGGCAGGTT-1,Mono,1.0
CCCTCCTAGGCGCTCT-1,T cells,0.99999976
CCCTCCTAGTCGCCGT-1,Platelet,0.99999857
CCCTCCTCAAGAGTCG-1,T cells,1.0
CCCTCCTCAATCAGAA-1,T cells,0.99999857
CCCTCCTCAGATCCAT-1,B cells,1.0
CCCTCCTCAGGGTATG-1,Mono,1.0
CCCTCCTCAGTAACGG-1,T cells,0.9999999
CCCTCCTCATTTCAGG-1,B cells,1.0
CCCTCCTGTAATAGCA-1,B cells,1.0
CCCTCCTGTACCCAAT-1,Mono,1.0
CCCTCCTGTCAGTGGA-1,T cells,1.0
CCCTCCTGTGAGGGTT-1,T cells,0.9998925
CCCTCCTGTGCAGTAG-1,Mono,1.0
CCCTCCTGTGTGACCC-1,Mono,1.0
CCCTCCTTCAGTCAGT-1,Mono,1.0
CCCTCCTTCCAGATCA-1,T cells,0.9999982
CCCTCCTTCGCCTGAG-1,Mono,1.0
CCCTCCTTCGTCTGCT-1,T cells,1.0
CCCTCCTTCTCCCTGA-1,T cells,0.9998827
CCGGGATCAAACCCAT-1,Mono,1.0
CCGGGATCAAAGGAAG-1,T cells,1.0
CCGGGATCAGATAATG-1,T cells,1.0
CCGGGATCAGCGTCCA-1,T cells,0.99999976
CCGGGATCAGCTGCAC-1,T cells,0.99999964
CCGGGATCATAGGATA-1,T cells,0.99999785
CCGGGATCATCCGGGT-1,T cells,1.0
CCGGGATGTAAAGTCA-1,Mono,1.0
CCGGGATGTAAGGGAA-1,T cells,0.9999999
CCGGGATGTACCGTAT-1,T cells,1.0
CCGGGATGTACTCGCG-1,T cells,1.0
CCGGGATGTAGCTTGT-1,T cells,1.0
CCGGGATGTATTCGTG-1,Mono,1.0
CCGGGATGTCCGTTAA-1,T cells,1.0
CCGGGATGTGATGATA-1,B cells,0.9999989
CCGGGATGTTACTGAC-1,B cells,0.99999726
CCGGGATGTTCGTCTC-1,Mono,1.0
CCGGGATTCAACGAAA-1,B cells,0.9999999
CCGGGATTCATAGCAC-1,B cells,0.9999913
CCGGGATTCCCAGGTG-1,T cells,0.9999989
CCGGGATTCCGTAGGC-1,Mono,1.0
CCGGGATTCTCAACTT-1,Mono,1.0
CCGGTAGAGCCAGAAC-1,Mono,1.0
CCGGTAGAGCTCCTCT-1,B cells,1.0
CCGGTAGAGCTTATCG-1,T cells,0.9999999
CCGGTAGAGGCTAGAC-1,T cells,0.99999917
CCGGTAGAGTCCGTAT-1,T cells,0.9999999
CCGGTAGCAAACGCGA-1,T cells,1.0
CCGGTAGCAGACGCTC-1,T cells,0.99999917
CCGGTAGCAGTAGAGC-1,T cells,0.9999999
CCGGTAGCATATGAGA-1,T cells,1.0
CCGGTAGCATCGATGT-1,T cells,0.99999225
CCGGTAGCATTACCTT-1,Platelet,0.997329
CCGGTAGGTAACGTTC-1,B cells,1.0
CCGGTAGGTTGAGTTC-1,B cells,1.0
CCGGTAGTCAACACGT-1,T cells,0.9999602
CCGGTAGTCGAGCCCA-1,B cells,0.9999995
CCGGTAGTCGTCTGAA-1,B cells,1.0
CCGGTAGTCTCTTATG-1,Mono,1.0
CCGTACTAGAGACTTA-1,T cells,0.99791354
CCGTACTAGAGCTATA-1,T cells,0.9983796
CCGTACTAGCTACCTA-1,T cells,0.9999982
CCGTACTAGCTCTCGG-1,T cells,0.9999999
CCGTACTCAGACGCTC-1,T cells,0.9999074
CCGTACTCAGCCAATT-1,Mono,1.0
CCGTACTCAGTCAGCC-1,B cells,1.0
CCGTACTGTAAATACG-1,B cells,1.0
CCGTACTGTAACGTTC-1,T cells,0.9999999
CCGTACTGTACCGGCT-1,T cells,0.9999995
CCGTACTGTCGGGTCT-1,B cells,1.0
CCGTACTGTCTAAACC-1,Mono,1.0
CCGTACTGTTCCTCCA-1,NK,0.9994955
CCGTACTGTTTGCATG-1,T cells,0.9999982
CCGTACTTCAGTTGAC-1,T cells,0.9999987
CCGTACTTCATAACCG-1,Mono,1.0
CCGTACTTCCTCATTA-1,T cells,0.99999976
CCGTACTTCGGTGTTA-1,T cells,0.99999964
CCGTACTTCTGTCCGT-1,T cells,0.99999976
CCGTGGAAGATCGGGT-1,T cells,1.0
CCGTGGAAGCAGCGTA-1,Mono,1.0
CCGTGGAAGCAGGCTA-1,T cells,0.9999999
CCGTGGACAACACCTA-1,Mono,1.0
CCGTGGACAATGTTGC-1,T cells,0.9999999
CCGTGGACACCCATGG-1,Mono,1.0
CCGTGGACAGATCTGT-1,T cells,0.87165046
CCGTGGACAGGATCGA-1,T cells,1.0
CCGTGGACAGTCAGCC-1,T cells,0.9999994
CCGTGGACAGTGACAG-1,T cells,1.0
CCGTGGACAGTTCATG-1,Mono,1.0
CCGTGGACATCCTTGC-1,Mono,1.0
CCGTGGAGTCATGCAT-1,T cells,0.99999785
CCGTGGAGTCTAGCGC-1,B cells,1.0
CCGTGGAGTTACGCGC-1,T cells,0.99986553
CCGTGGATCGTACCGG-1,T cells,1.0
CCGTTCAAGACTTGAA-1,T cells,1.0
CCGTTCAAGAGAACAG-1,T cells,0.99999833
CCGTTCAAGGCTCAGA-1,B cells,0.99999976
CCGTTCAAGGTAGCTG-1,T cells,1.0
CCGTTCAAGTCTCAAC-1,T cells,0.99999607
CCGTTCACAAGGCTCC-1,T cells,0.9989114
CCGTTCACACCCATGG-1,Mono,1.0
CCGTTCACAGTAACGG-1,T cells,1.0
CCGTTCACATGCCACG-1,T cells,0.9998976
CCGTTCACATGCCTAA-1,Mono,1.0
CCGTTCACATGGAATA-1,T cells,0.9999993
CCGTTCAGTCCTAGCG-1,T cells,0.9999999
CCGTTCAGTGAGGGAG-1,T cells,0.99999917
CCGTTCAGTGCACGAA-1,T cells,1.0
CCGTTCAGTGCGCTTG-1,B cells,1.0
CCGTTCAGTGCTCTTC-1,T cells,1.0
CCGTTCAGTTGGAGGT-1,T cells,0.9999999
CCGTTCATCACCACCT-1,NK,0.8467093
CCGTTCATCACTCCTG-1,Mono,1.0
CCGTTCATCCACGCAG-1,Mono,1.0
CCGTTCATCCATGAAC-1,B cells,1.0
CCGTTCATCGGTCTAA-1,B cells,1.0
CCGTTCATCTTACCTA-1,T cells,1.0
CCGTTCATCTTCTGGC-1,T cells,1.0
CCTAAAGAGAATGTTG-1,T cells,1.0
CCTAAAGAGCACACAG-1,Mono,1.0
CCTAAAGAGCCAGTAG-1,T cells,0.99999833
CCTAAAGAGCTCCCAG-1,T cells,0.99999607
CCTAAAGAGGGTCGAT-1,T cells,0.99999964
CCTAAAGAGTAATCCC-1,T cells,0.99999976
CCTAAAGAGTGGTAAT-1,T cells,1.0
CCTAAAGCAAGTAGTA-1,T cells,0.9999999
CCTAAAGCACACAGAG-1,B cells,0.9975848
CCTAAAGCACCTGGTG-1,T cells,1.0
CCTAAAGCAGCATACT-1,NK,0.99999976
CCTAAAGCAGCTCCGA-1,Mono,1.0
CCTAAAGCAGGTTTCA-1,Mono,0.9999999
CCTAAAGCAGTGACAG-1,T cells,0.9999995
CCTAAAGCATGAACCT-1,T cells,0.9999982
CCTAAAGCATTAGGCT-1,T cells,1.0
CCTAAAGCATTTCACT-1,T cells,0.9999999
CCTAAAGGTCAGAGGT-1,Mono,1.0
CCTAAAGTCGTTTGCC-1,T cells,1.0
CCTAAAGTCTCAAACG-1,NK,0.9845547
CCTAAAGTCTGAGTGT-1,B cells,0.99999964
CCTACACAGAATTCCC-1,B cells,1.0
CCTACACAGATGTGTA-1,Mono,1.0
CCTACACAGCTACCGC-1,T cells,1.0
CCTACACCAAGCCGTC-1,T cells,0.9999448
CCTACACCACGCCAGT-1,T cells,1.0
CCTACACCAGCTCCGA-1,T cells,1.0
CCTACACCAGTTCCCT-1,T cells,0.99999976
CCTACACCATCTCCCA-1,B cells,1.0
CCTACACGTACCAGTT-1,T cells,0.9999999
CCTACACGTATCAGTC-1,T cells,1.0
CCTACACGTCTAAAGA-1,Mono,1.0
CCTACACGTTCGAATC-1,Mono,1.0
CCTACACTCAACGGCC-1,T cells,1.0
CCTACACTCGAATCCA-1,Mono,1.0
CCTACACTCGGCGGTT-1,T cells,0.9999999
CCTACCAAGACTCGGA-1,T cells,0.99991083
CCTACCAAGCCAGTTT-1,Mono,1.0
CCTACCAAGCGGCTTC-1,Mono,1.0
CCTACCAAGCTGGAAC-1,T cells,1.0
CCTACCAAGGCTCATT-1,Mono,1.0
CCTACCAAGGTGCACA-1,T cells,1.0
CCTACCACAAATACAG-1,T cells,0.99999976
CCTACCACAAGTAGTA-1,T cells,1.0
CCTACCACAGCTATTG-1,T cells,1.0
CCTACCACAGTAAGCG-1,Mono,1.0
CCTACCACATGAACCT-1,T cells,0.9999995
CCTACCACATTCACTT-1,T cells,0.9363974
CCTACCAGTAGCTGCC-1,T cells,0.9999999
CCTACCAGTATCGCAT-1,T cells,0.9998385
CCTACCAGTCCCTACT-1,Mono,1.0
CCTACCAGTCTAGAGG-1,T cells,0.9999969
CCTACCAGTCTGATTG-1,T cells,0.9999999
CCTACCAGTGGTCTCG-1,T cells,1.0
CCTACCAGTGTTTGGT-1,T cells,0.9999826
CCTACCAGTTTAAGCC-1,T cells,1.0
CCTACCATCCAAATGC-1,T cells,0.999619
CCTACCATCCCATTTA-1,Mono,1.0
CCTACCATCCTCCTAG-1,T cells,0.9999969
CCTACCATCGGAATCT-1,T cells,0.9999999
CCTAGCTAGAGACGAA-1,T cells,1.0
CCTAGCTAGAGGTTAT-1,T cells,0.99999976
CCTAGCTAGATGCGAC-1,Mono,1.0
CCTAGCTAGCTTCGCG-1,B cells,1.0
CCTAGCTAGTGTACGG-1,Mono,1.0
CCTAGCTAGTTTGCGT-1,T cells,0.99999857
CCTAGCTCAATAACGA-1,T cells,0.9999999
CCTAGCTCAATCGGTT-1,NK,0.99991286
CCTAGCTCACCTCGTT-1,Mono,1.0
CCTAGCTCATAGACTC-1,T cells,0.9999999
CCTAGCTCATGCGCAC-1,B cells,0.9999993
CCTAGCTGTGCACTTA-1,T cells,1.0
CCTAGCTGTGGTTTCA-1,Mono,1.0
CCTAGCTGTTAAGATG-1,T cells,0.9999541
CCTAGCTGTTGGAGGT-1,Mono,1.0
CCTAGCTGTTTGGCGC-1,B cells,1.0
CCTAGCTTCAAACCGT-1,T cells,0.9999999
CCTAGCTTCAGCACAT-1,T cells,0.9999999
CCTAGCTTCCCATTAT-1,Mono,1.0
CCTAGCTTCCGAACGC-1,Mono,1.0
CCTATTAAGTACTTGC-1,Mono,1.0
CCTATTAAGTCTCAAC-1,T cells,1.0
CCTATTACATCTACGA-1,T cells,1.0
CCTATTACATTGAGCT-1,T cells,0.99999094
CCTATTAGTAAATACG-1,Mono,1.0
CCTATTAGTGACAAAT-1,B cells,1.0
CCTATTAGTGTGGTTT-1,Mono,1.0
CCTATTATCACGCGGT-1,Mono,1.0
CCTATTATCGATGAGG-1,NK,0.9976921
CCTATTATCGCGCCAA-1,T cells,1.0
CCTATTATCGTTGACA-1,NK,0.9575188
CCTATTATCTGGCGTG-1,Mono,1.0
CCTATTATCTTACCGC-1,Mono,1.0
CCTCAGTAGGATGTAT-1,Mono,1.0
CCTCAGTAGGCTATCT-1,T cells,0.99999964
CCTCAGTAGGGAACGG-1,Mono,1.0
CCTCAGTAGTCCATAC-1,T cells,0.9999994
CCTCAGTCAAACGCGA-1,Mono,1.0
CCTCAGTCAACACCCG-1,T cells,1.0
CCTCAGTCAAGCCTAT-1,T cells,1.0
CCTCAGTCACCATCCT-1,T cells,1.0
CCTCAGTGTACATCCA-1,B cells,0.9999976
CCTCAGTGTAGAAAGG-1,T cells,1.0
CCTCAGTGTATCTGCA-1,T cells,1.0
CCTCAGTGTGCAGGTA-1,T cells,0.9999999
CCTCAGTTCCACGCAG-1,Mono,1.0
CCTCAGTTCGTTTATC-1,T cells,1.0
CCTCAGTTCTGACCTC-1,Platelet,1.0
CCTCAGTTCTGAGGGA-1,T cells,0.9873904
CCTCAGTTCTTGTACT-1,T cells,0.9993173
CCTCTGAAGACCACGA-1,T cells,1.0
CCTCTGAAGCGTCAAG-1,T cells,0.9999988
CCTCTGACACATTCGA-1,T cells,1.0
CCTCTGACACCTTGTC-1,Mono,1.0
CCTCTGACAGCTTAAC-1,NK,0.9999987
CCTCTGACAGGGTTAG-1,Mono,1.0
CCTCTGACATCGATGT-1,Mono,1.0
CCTCTGACATGGAATA-1,B cells,0.99999964
CCTCTGACATGGATGG-1,T cells,0.99999845
CCTCTGAGTCTTCGTC-1,Mono,1.0
CCTCTGAGTTGACGTT-1,Mono,1.0
CCTCTGATCAAGGCTT-1,NK,0.9999937
CCTCTGATCTAAGCCA-1,T cells,0.99996305
CCTCTGATCTACCAGA-1,Mono,1.0
CCTTACGAGCAACGGT-1,B cells,1.0
CCTTACGAGTCTCAAC-1,Mono,1.0
CCTTACGAGTGTACTC-1,Mono,1.0
CCTTACGCAAGCGCTC-1,T cells,1.0
CCTTACGCACATTTCT-1,Mono,1.0
CCTTACGCACGTCAGC-1,T cells,1.0
CCTTACGCAGCGAACA-1,T cells,0.999998
CCTTACGCATAGACTC-1,T cells,1.0
CCTTACGCATTGTGCA-1,T cells,1.0
CCTTACGGTACAAGTA-1,NK,0.99999833
CCTTACGGTCAATACC-1,B cells,0.99999964
CCTTACGGTGTCTGAT-1,T cells,0.9999925
CCTTACGGTGTTAAGA-1,T cells,1.0
CCTTACGTCAATCTCT-1,B cells,1.0
CCTTACGTCAGCCTAA-1,Mono,1.0
CCTTACGTCATGCTCC-1,T cells,0.99998856
CCTTACGTCCCAAGAT-1,T cells,0.99999654
CCTTACGTCCTACAGA-1,Mono,1.0
CCTTACGTCGCTTGTC-1,Mono,1.0
CCTTACGTCGGAAACG-1,T cells,1.0
CCTTACGTCTCAAGTG-1,Mono,1.0
CCTTCCCAGAGTGAGA-1,Mono,1.0
CCTTCCCAGCTGAACG-1,B cells,0.9999999
CCTTCCCAGCTTATCG-1,T cells,0.99999976
CCTTCCCAGGCAATTA-1,B cells,1.0
CCTTCCCCAATAGCAA-1,Mono,1.0
CCTTCCCCAATGACCT-1,Mono,1.0
CCTTCCCCACAGATTC-1,Mono,1.0
CCTTCCCCATAGGATA-1,B cells,1.0
CCTTCCCGTACACCGC-1,Mono,1.0
CCTTCCCGTCGGCTCA-1,T cells,1.0
CCTTCCCGTTTACTCT-1,Mono,1.0
CCTTCCCTCACGAAGG-1,T cells,1.0
CCTTCCCTCAGCTTAG-1,T cells,0.9999492
CCTTCCCTCATCTGTT-1,T cells,1.0
CCTTCCCTCCTTTCTC-1,Mono,1.0
CCTTCGAAGACTAAGT-1,T cells,1.0
CCTTCGAAGAGCTGCA-1,B cells,1.0
CCTTCGAAGCTAACTC-1,Mono,1.0
CCTTCGAAGGCGTACA-1,T cells,0.9999634
CCTTCGAAGGTGCTTT-1,T cells,1.0
CCTTCGAAGTCCAGGA-1,T cells,0.99999964
CCTTCGAAGTGCTGCC-1,T cells,1.0
CCTTCGACAACAACCT-1,T cells,0.9999999
CCTTCGACACAGACAG-1,T cells,1.0
CCTTCGACATGTTCCC-1,Mono,1.0
CCTTCGAGTAAGTAGT-1,B cells,1.0
CCTTCGAGTCGAGATG-1,T cells,0.9999999
CCTTCGAGTCGAGTTT-1,T cells,1.0
CCTTCGAGTTCCCGAG-1,Mono,1.0
CCTTCGATCCAAGCCG-1,T cells,0.9999968
CCTTCGATCGGCGCTA-1,T cells,1.0
CCTTCGATCTTGTCAT-1,T cells,0.9999875
CCTTTCTAGCCAGTTT-1,T cells,0.9999999
CCTTTCTAGGCAAAGA-1,T cells,0.9999989
CCTTTCTAGTAGATGT-1,T cells,0.997724
CCTTTCTAGTGTGAAT-1,Mono,1.0
CCTTTCTCACAGAGGT-1,NK,0.99999976
CCTTTCTCACATAACC-1,T cells,0.9999987
CCTTTCTCACGTCAGC-1,T cells,0.9999999
CCTTTCTGTCTTTCAT-1,Mono,1.0
CCTTTCTGTGCGATAG-1,Mono,1.0
CCTTTCTGTGCGGTAA-1,NK,0.9999969
CCTTTCTGTGTGAATA-1,Mono,1.0
CCTTTCTTCAATCTCT-1,Mono,1.0
CCTTTCTTCGCCTGTT-1,Mono,1.0
CCTTTCTTCGGTCCGA-1,Mono,1.0
CGAACATAGAAACCGC-1,T cells,1.0
CGAACATAGCCGATTT-1,Mono,1.0
CGAACATAGGCCCGTT-1,T cells,1.0
CGAACATAGGTAAACT-1,T cells,0.9998068
CGAACATAGTAGCCGA-1,T cells,1.0
CGAACATCAAACCCAT-1,T cells,0.99999905
CGAACATCAAGTAATG-1,T cells,0.99999976
CGAACATCAGATGGGT-1,T cells,0.9999964
CGAACATCATCATCCC-1,B cells,1.0
CGAACATCATCGATGT-1,Mono,1.0
CGAACATCATTCGACA-1,T cells,0.99998915
CGAACATGTAAGTTCC-1,B cells,1.0
CGAACATGTCAAAGAT-1,Mono,1.0
CGAACATGTCATCGGC-1,T cells,1.0
CGAACATGTCCAAGTT-1,T cells,1.0
CGAACATGTCTTGATG-1,Mono,1.0
CGAACATGTGCAGTAG-1,B cells,0.9999286
CGAACATGTGGCCCTA-1,Mono,1.0
CGAACATGTTAAGGGC-1,T cells,0.9999627
CGAACATTCAACACAC-1,B cells,1.0
CGAACATTCACATAGC-1,Mono,1.0
CGAACATTCCAAGCCG-1,T cells,0.9999995
CGAACATTCCCAAGTA-1,NK,0.99999046
CGAACATTCCGATATG-1,T cells,1.0
CGAACATTCTTACCTA-1,B cells,1.0
CGAATGTAGACCTAGG-1,Mono,1.0
CGAATGTAGAGTCTGG-1,T cells,0.9999999
CGAATGTAGTCCATAC-1,T cells,1.0
CGAATGTCATTGCGGC-1,T cells,0.9972289
CGAATGTGTGAGGCTA-1,T cells,1.0
CGAATGTGTGCAGACA-1,Mono,1.0
CGAATGTGTTTCGCTC-1,NK,0.77776736
CGAATGTGTTTGGGCC-1,T cells,1.0
CGAATGTTCAACGAAA-1,B cells,0.99999845
CGAATGTTCCGAGCCA-1,B cells,1.0
CGAATGTTCGTACGGC-1,Mono,1.0
CGAATGTTCTATCGCC-1,T cells,0.9999995
CGACCTTAGATCTGCT-1,T cells,0.99999976
CGACCTTAGCCTTGAT-1,T cells,0.99999523
CGACCTTCACGTTGGC-1,T cells,0.99996805
CGACCTTCAGCGATCC-1,B cells,1.0
CGACCTTCAGCTATTG-1,Mono,1.0
CGACCTTCATCCAACA-1,T cells,0.9999958
CGACCTTCATCCCATC-1,Mono,1.0
CGACCTTCATCTGGTA-1,T cells,0.9997559
CGACCTTCATGCAATC-1,T cells,0.99988914
CGACCTTCATTACGAC-1,T cells,1.0
CGACCTTGTACCGGCT-1,T cells,1.0
CGACCTTGTCAACATC-1,T cells,1.0
CGACCTTGTCCTCCAT-1,Mono,1.0
CGACCTTGTGGTGTAG-1,Mono,1.0
CGACCTTTCCACGTGG-1,T cells,0.99999213
CGACCTTTCCGCGCAA-1,T cells,0.9999976
CGACTTCAGAAGGCCT-1,T cells,1.0
CGACTTCAGACCCACC-1,T cells,0.9999999
CGACTTCAGTACGTAA-1,T cells,1.0
CGACTTCCAAAGCGGT-1,T cells,0.99999976
CGACTTCCACGACGAA-1,T cells,0.9874665
CGACTTCCACGGCTAC-1,T cells,0.9999981
CGACTTCCATACTCTT-1,B cells,1.0
CGACTTCCATCCGCGA-1,T cells,1.0
CGACTTCGTAGATTAG-1,T cells,1.0
CGACTTCGTATGAAAC-1,T cells,1.0
CGACTTCGTTCCACAA-1,Mono,1.0
CGACTTCTCAGGCAAG-1,T cells,0.99998605
CGACTTCTCAGGTTCA-1,T cells,1.0
CGACTTCTCGATCCCT-1,T cells,0.9999999
CGACTTCTCGGAAACG-1,B cells,1.0
CGACTTCTCGTGGTCG-1,T cells,0.9999999
CGAGAAGAGATATGGT-1,T cells,0.9999995
CGAGAAGAGCGGCTTC-1,T cells,1.0
CGAGAAGAGGTACTCT-1,B cells,1.0
CGAGAAGAGTACGCCC-1,T cells,0.9989343
CGAGAAGCAGTAAGCG-1,B cells,0.99999964
CGAGAAGCATCTGGTA-1,T cells,0.9999989
CGAGAAGGTAAGTAGT-1,T cells,0.9999999
CGAGAAGGTACCCAAT-1,B cells,1.0
CGAGAAGGTACCGTTA-1,Mono,1.0
CGAGAAGGTAGGACAC-1,T cells,0.99998796
CGAGAAGGTGTTTGGT-1,B cells,1.0
CGAGAAGGTTATCACG-1,T cells,0.9993293
CGAGAAGTCACGGTTA-1,NK,1.0
CGAGAAGTCACTTCAT-1,NK,0.99999607
CGAGAAGTCAGTGTTG-1,T cells,0.99999464
CGAGAAGTCATCTGTT-1,T cells,0.9999999
CGAGAAGTCTGACCTC-1,Mono,1.0
CGAGCACAGGCTCATT-1,Mono,1.0
CGAGCACAGTCGTTTG-1,NK,0.9999821
CGAGCACCAACTTGAC-1,B cells,0.9999981
CGAGCACCAAGGACAC-1,Mono,1.0
CGAGCACCACGGTAAG-1,B cells,1.0
CGAGCACCAGATAATG-1,Mono,1.0
CGAGCACCAGTGACAG-1,Mono,1.0
CGAGCACGTAAGGATT-1,T cells,0.9999839
CGAGCACGTGCACCAC-1,B cells,1.0
CGAGCACGTGTAAGTA-1,T cells,0.9999999
CGAGCACTCAGCTCGG-1,T cells,1.0
CGAGCACTCGACCAGC-1,T cells,0.99999976
CGAGCACTCGCGATCG-1,Mono,1.0
CGAGCCAAGATAGTCA-1,B cells,1.0
CGAGCCAAGATGCGAC-1,Mono,1.0
CGAGCCAAGCCACGTC-1,T cells,1.0
CGAGCCAAGGAATTAC-1,Mono,1.0
CGAGCCAAGTGGACGT-1,T cells,0.9999999
CGAGCCACACCCTATC-1,B cells,1.0
CGAGCCACACGTGAGA-1,Mono,1.0
CGAGCCACAGGAACGT-1,B cells,1.0
CGAGCCACAGGTGGAT-1,Mono,1.0
CGAGCCACATGAACCT-1,B cells,0.99999976
CGAGCCACATGCCCGA-1,T cells,1.0
CGAGCCACATGTTGAC-1,T cells,0.9999976
CGAGCCAGTAAGTGGC-1,B cells,0.9999999
CGAGCCAGTAGCCTCG-1,T cells,0.99998796
CGAGCCAGTCCATCCT-1,Mono,1.0
CGAGCCAGTCCGAGTC-1,T cells,0.99999976
CGAGCCAGTGACGGTA-1,Mono,1.0
CGAGCCATCACGATGT-1,B cells,1.0
CGAGCCATCCATTCTA-1,T cells,0.9999995
CGAGCCATCCCTAACC-1,T cells,1.0
CGAGCCATCCCTGACT-1,T cells,0.9999943
CGAGCCATCCTTGACC-1,T cells,0.9999999
CGAGCCATCGCTTGTC-1,T cells,1.0
CGAGCCATCGGAGGTA-1,NK,0.9999981
CGAGCCATCTCGAGTA-1,T cells,0.99997914
CGAGCCATCTGGAGCC-1,T cells,1.0
CGAGCCATCTTACCTA-1,T cells,0.9999871
CGATCGGAGTATCTCG-1,Mono,1.0
CGATCGGAGTCAAGCG-1,NK,0.99999785
CGATCGGAGTCCAGGA-1,T cells,0.9723603
CGATCGGAGTGAACAT-1,Mono,1.0
CGATCGGCACAAGACG-1,B cells,0.99998796
CGATCGGCACACCGAC-1,Mono,1.0
CGATCGGCACACCGCA-1,T cells,1.0
CGATCGGCACATCCAA-1,B cells,0.9999999
CGATCGGCATTGGTAC-1,B cells,1.0
CGATCGGGTACCCAAT-1,Mono,1.0
CGATCGGGTACCGGCT-1,T cells,0.9999999
CGATCGGGTAGAGGAA-1,T cells,1.0
CGATCGGGTATAGGTA-1,Mono,1.0
CGATCGGGTCCAGTAT-1,Mono,0.99999547
CGATCGGGTCTAGCCG-1,Mono,1.0
CGATCGGGTGCGCTTG-1,T cells,0.9999976
CGATCGGGTTGCCTCT-1,Mono,0.9999852
CGATCGGTCAGTTTGG-1,Mono,1.0
CGATCGGTCATAAAGG-1,NK,0.9999937
CGATCGGTCTCTGCTG-1,T cells,0.9994856
CGATGGCAGCACCGTC-1,T cells,1.0
CGATGGCAGGAATCGC-1,B cells,0.9999995
CGATGGCAGGTAGCCA-1,B cells,1.0
CGATGGCAGTGAACAT-1,NK,0.9998684
CGATGGCAGTTGAGTA-1,T cells,0.9999999
CGATGGCCACAGACTT-1,B cells,0.99999976
CGATGGCCACATCCAA-1,NK,0.9999994
CGATGGCCACGAAAGC-1,B cells,0.99996936
CGATGGCCAGGGAGAG-1,T cells,0.9999999
CGATGGCCATCACGAT-1,T cells,1.0
CGATGGCCATGGTTGT-1,T cells,0.99965763
CGATGGCGTAGCGATG-1,Mono,1.0
CGATGGCGTAGCGCTC-1,Mono,1.0
CGATGGCGTCGAACAG-1,T cells,1.0
CGATGGCTCAACACTG-1,Mono,1.0
CGATGGCTCACCAGGC-1,T cells,1.0
CGATGGCTCTTGACGA-1,T cells,1.0
CGATGTAAGAAACCAT-1,B cells,1.0
CGATGTAAGCTAGTGG-1,B cells,1.0
CGATGTAAGGGCTTCC-1,Mono,1.0
CGATGTACACTCAGGC-1,Mono,1.0
CGATGTAGTAGCTAAA-1,T cells,0.9999993
CGATGTAGTATCAGTC-1,NK,0.9454048
CGATGTATCACCTTAT-1,Mono,1.0
CGATGTATCGTGGGAA-1,Mono,0.9999999
CGATGTATCTCAACTT-1,T cells,0.9999969
CGATTGAAGCGTAGTG-1,B cells,1.0
CGATTGAAGGTGTTAA-1,T cells,0.99999607
CGATTGAAGTTCGCAT-1,Mono,1.0
CGATTGACAAGCCGCT-1,Mono,1.0
CGATTGACAGAGTGTG-1,T cells,0.9999999
CGATTGACATAGAAAC-1,T cells,0.99999976
CGATTGAGTAAACCTC-1,B cells,0.9999993
CGATTGAGTACAGTGG-1,B cells,0.99999857
CGATTGAGTAGCGATG-1,Mono,1.0
CGATTGAGTCCGAATT-1,T cells,0.9999863
CGATTGAGTCTGCAAT-1,Mono,1.0
CGATTGAGTCTTTCAT-1,T cells,1.0
CGATTGAGTGACAAAT-1,B cells,1.0
CGATTGATCGTAGGAG-1,Mono,1.0
CGATTGATCGTGGACC-1,B cells,1.0
CGATTGATCTGTGCAA-1,Mono,1.0
CGCCAAGAGAAGAAGC-1,Mono,1.0
CGCCAAGAGCTAGTCT-1,B cells,1.0
CGCCAAGAGCTGAACG-1,T cells,1.0
CGCCAAGAGGCATGTG-1,T cells,0.99996686
CGCCAAGCACTCTGTC-1,T cells,0.9999994
CGCCAAGCATATGGTC-1,B cells,0.9999999
CGCCAAGCATCTCGCT-1,Mono,1.0
CGCCAAGCATGAAGTA-1,T cells,1.0
CGCCAAGCATTAGGCT-1,B cells,1.0
CGCCAAGGTAAAGGAG-1,T cells,1.0
CGCCAAGGTAGGAGTC-1,T cells,1.0
CGCCAAGGTTACGCGC-1,T cells,1.0
CGCCAAGTCACCCGAG-1,T cells,0.9999999
CGCCAAGTCAGCGATT-1,B cells,1.0
CGCCAAGTCCATGCTC-1,NK,0.9999995
CGCCAAGTCCGAACGC-1,Mono,1.0
CGCCAAGTCGGTCTAA-1,B cells,1.0
CGCCAAGTCGTACCGG-1,T cells,0.9999428
CGCCAAGTCTACCAGA-1,Mono,1.0
CGCGGTAAGAAACCAT-1,T cells,0.99999857
CGCGGTAAGAGTACCG-1,B cells,1.0
CGCGGTAAGCAAATCA-1,T cells,1.0
CGCGGTAAGGTGCAAC-1,T cells,0.99999976
CGCGGTAAGTGCCATT-1,T cells,1.0
CGCGGTACAAGCCATT-1,T cells,1.0
CGCGGTACAAGCCGTC-1,T cells,1.0
CGCGGTACAGTACACT-1,NK,0.9573233
CGCGGTAGTACTCGCG-1,Mono,1.0
CGCGGTAGTATCTGCA-1,T cells,0.99999964
CGCGGTAGTCAACTGT-1,T cells,0.9999988
CGCGGTAGTGGGTCAA-1,Mono,1.0
CGCGGTATCAGAAATG-1,T cells,0.99999845
CGCGGTATCGCCAAAT-1,T cells,0.99995434
CGCGGTATCGTAGGAG-1,T cells,0.99999976
CGCGGTATCTGCAAGT-1,Mono,1.0
CGCGGTATCTTTACAC-1,Mono,1.0
CGCGTTTAGACAGACC-1,Mono,1.0
CGCGTTTAGGACATTA-1,Mono,1.0
CGCGTTTAGGTGTTAA-1,T cells,1.0
CGCGTTTAGTTGAGTA-1,Mono,1.0
CGCGTTTCACAGTCGC-1,T cells,0.9999994
CGCGTTTCACGTCTCT-1,T cells,0.9999999
CGCGTTTCACTGTCGG-1,Mono,1.0
CGCGTTTCAGAAGCAC-1,T cells,1.0
CGCGTTTCAGCTTAAC-1,T cells,0.99999976
CGCGTTTCATAACCTG-1,T cells,1.0
CGCGTTTCATGTAAGA-1,B cells,0.9999999
CGCGTTTGTCAAACTC-1,T cells,0.99999964
CGCGTTTGTCACTTCC-1,T cells,1.0
CGCGTTTGTCGCTTCT-1,T cells,1.0
CGCGTTTGTCGGATCC-1,NK,0.9999814
CGCGTTTGTCTGCCAG-1,T cells,1.0
CGCGTTTGTCTTGCGG-1,T cells,0.9990426
CGCGTTTGTGTCGCTG-1,T cells,0.99999845
CGCGTTTGTGTTCTTT-1,T cells,0.97859657
CGCGTTTGTTTAGCTG-1,T cells,0.9999995
CGCGTTTTCCGCGGTA-1,T cells,0.9998982
CGCGTTTTCGCTGATA-1,Mono,1.0
CGCGTTTTCGTGACAT-1,T cells,0.99956554
CGCTATCAGAATTCCC-1,T cells,1.0
CGCTATCAGCAGATCG-1,Mono,1.0
CGCTATCAGCGATATA-1,Mono,1.0
CGCTATCAGTACCGGA-1,B cells,0.9999999
CGCTATCCACTTAACG-1,T cells,0.99999976
CGCTATCCAGGCTCAC-1,T cells,0.999998
CGCTATCCAGTGGAGT-1,T cells,0.99999976
CGCTATCCATCGGGTC-1,T cells,0.9787852
CGCTATCCATGCTGGC-1,T cells,0.9999994
CGCTATCGTATTCGTG-1,T cells,1.0
CGCTATCGTCAGAGGT-1,B cells,0.9999999
CGCTATCGTGAGGGTT-1,NK,0.9981359
CGCTATCGTTTGTTGG-1,T cells,1.0
CGCTATCTCTAGCACA-1,T cells,0.9999161
CGCTATCTCTGGAGCC-1,NK,0.99999845
CGCTATCTCTGTCCGT-1,NK,1.0
CGCTGGAAGCGAAGGG-1,Mono,1.0
CGCTGGAAGCTAGCCC-1,Mono,0.99999774
CGCTGGAAGGACAGCT-1,T cells,1.0
CGCTGGAAGGCTACGA-1,Mono,1.0
CGCTGGACACAGCCCA-1,T cells,0.99999976
CGCTGGACACATAACC-1,T cells,0.9999999
CGCTGGACAGTCGTGC-1,Mono,0.99999976
CGCTGGACATATGGTC-1,B cells,0.99999344
CGCTGGATCGTCTGAA-1,T cells,1.0
CGCTGGATCTCTTGAT-1,T cells,1.0
CGCTGGATCTTGCATT-1,T cells,1.0
CGCTTCAAGTGACATA-1,T cells,0.9999999
CGCTTCAAGTTCGATC-1,Mono,1.0
CGCTTCACAATCGGTT-1,Mono,1.0
CGCTTCACAGGTCCAC-1,T cells,0.9999113
CGCTTCACATAGGATA-1,T cells,0.99999976
CGCTTCACATGAGCGA-1,Mono,1.0
CGCTTCAGTAGCGTGA-1,T cells,0.9999999
CGCTTCAGTCCGCTGA-1,B cells,1.0
CGCTTCAGTGCGCTTG-1,Mono,1.0
CGCTTCAGTTCCACTC-1,Mono,1.0
CGCTTCATCCGGCACA-1,Mono,1.0
CGCTTCATCGCATGAT-1,T cells,1.0
CGCTTCATCTTGTACT-1,T cells,1.0
CGGACACAGAACTGTA-1,B cells,1.0
CGGACACAGAATAGGG-1,Mono,1.0
CGGACACAGATACACA-1,T cells,1.0
CGGACACAGTACGTTC-1,T cells,0.9999999
CGGACACAGTCCGTAT-1,T cells,0.9999995
CGGACACCAAATTGCC-1,T cells,0.9999759
CGGACACCAGGTGGAT-1,T cells,0.99999964
CGGACACGTAGAAAGG-1,T cells,0.9999999
CGGACACGTCGAAAGC-1,T cells,1.0
CGGACACGTGTTTGGT-1,T cells,0.99908733
CGGACACTCAGCTGGC-1,Mono,1.0
CGGACACTCCCTCAGT-1,T cells,0.99834573
CGGACACTCGCCCTTA-1,T cells,0.9999485
CGGACACTCTTACCGC-1,Mono,1.0
CGGACGTAGACAAAGG-1,T cells,1.0
CGGACGTAGACACTAA-1,Mono,1.0
CGGACGTAGCGTCTAT-1,T cells,0.99998665
CGGACGTAGTAACCCT-1,T cells,1.0
CGGACGTAGTGGGCTA-1,Mono,1.0
CGGACGTCAAATTGCC-1,T cells,0.9999999
CGGACGTCACAACGTT-1,T cells,0.99999976
CGGACGTCACATTCGA-1,T cells,0.99997187
CGGACGTCACCGATAT-1,T cells,1.0
CGGACGTCACCTGGTG-1,T cells,1.0
CGGACGTCACGGACAA-1,T cells,1.0
CGGACGTCATCTCCCA-1,T cells,0.9999999
CGGACGTCATGAAGTA-1,T cells,0.9999993
CGGACGTGTACCATCA-1,T cells,0.99997437
CGGACGTGTCACCCAG-1,T cells,1.0
CGGACGTGTGCTTCTC-1,T cells,0.9999976
CGGACGTGTGGGTATG-1,Mono,1.0
CGGACGTGTGTCAATC-1,T cells,1.0
CGGACGTTCACAATGC-1,B cells,1.0
CGGACGTTCACATGCA-1,T cells,0.9918617
CGGACGTTCCATGAGT-1,Mono,1.0
CGGACGTTCCTCATTA-1,T cells,1.0
CGGACGTTCGCGGATC-1,T cells,0.91791445
CGGACGTTCTTCATGT-1,Mono,1.0
CGGACTGAGCGATTCT-1,T cells,1.0
CGGACTGAGTACTTGC-1,T cells,1.0
CGGACTGAGTCGCCGT-1,T cells,0.99998915
CGGACTGCAACTGGCC-1,T cells,0.9999999
CGGACTGCAAGAGTCG-1,Mono,1.0
CGGACTGCACACGCTG-1,Mono,1.0
CGGACTGGTAAGGGAA-1,T cells,0.999997
CGGACTGTCAACGCTA-1,T cells,1.0
CGGAGCTAGAATTCCC-1,B cells,0.9999999
CGGAGCTAGAGACTTA-1,T cells,0.9995441
CGGAGCTAGATGTGTA-1,T cells,0.99999285
CGGAGCTAGCCCAGCT-1,Mono,1.0
CGGAGCTCAAACCCAT-1,T cells,1.0
CGGAGCTGTAACGCGA-1,T cells,0.9999995
CGGAGCTGTAATTGGA-1,T cells,0.9999908
CGGAGCTGTAGCGATG-1,B cells,1.0
CGGAGCTGTATATGGA-1,B cells,0.99999774
CGGAGCTGTCTCAACA-1,B cells,1.0
CGGAGCTGTGCAACGA-1,T cells,1.0
CGGAGCTGTGGACGAT-1,Mono,1.0
CGGAGCTGTTACCAGT-1,B cells,1.0
CGGAGCTGTTATGTGC-1,T cells,0.99999976
CGGAGCTTCAGTGTTG-1,T cells,0.99999285
CGGAGTCAGCTGAAAT-1,T cells,0.9999995
CGGAGTCAGGGAACGG-1,T cells,1.0
CGGAGTCCAAGCCGCT-1,B cells,1.0
CGGAGTCCACGAAATA-1,T cells,0.9999999
CGGAGTCCAGCGTCCA-1,T cells,0.99881446
CGGAGTCCAGGAATGC-1,T cells,1.0
CGGAGTCCATCCCATC-1,T cells,1.0
CGGAGTCGTAATCACC-1,Mono,1.0
CGGAGTCGTGTGTGCC-1,Mono,1.0
CGGAGTCTCAGATAAG-1,Mono,1.0
CGGAGTCTCATGCATG-1,T cells,0.9999999
CGGAGTCTCCAAACAC-1,Mono,1.0
CGGAGTCTCGCAAACT-1,T cells,0.99999654
CGGAGTCTCGGTTAAC-1,Mono,0.9999999
CGGAGTCTCTTCGGTC-1,T cells,1.0
CGGCTAGAGACGCAAC-1,B cells,1.0
CGGCTAGAGCAATATG-1,B cells,0.99999547
CGGCTAGAGGGTATCG-1,T cells,0.99996686
CGGCTAGAGTGATCGG-1,B cells,0.9999999
CGGCTAGAGTGTTGAA-1,T cells,1.0
CGGCTAGCACCATCCT-1,T cells,0.9999999
CGGCTAGCAGCATGAG-1,Mono,0.99999964
CGGCTAGCATCGACGC-1,T cells,1.0
CGGCTAGCATCGGGTC-1,T cells,1.0
CGGCTAGCATTAGGCT-1,Mono,1.0
CGGCTAGGTACGCTGC-1,B cells,1.0
CGGCTAGGTCAGATAA-1,Mono,1.0
CGGCTAGGTCCCTACT-1,NK,0.99991643
CGGCTAGGTCGAGTTT-1,B cells,0.9985251
CGGCTAGGTGATGATA-1,T cells,1.0
CGGCTAGGTTAAAGAC-1,Mono,1.0
CGGCTAGGTTGGGACA-1,T cells,1.0
CGGCTAGTCACAACGT-1,Mono,1.0
CGGCTAGTCACCTCGT-1,T cells,0.9999999
CGGCTAGTCTATCGCC-1,T cells,0.99999857
CGGCTAGTCTCAACTT-1,T cells,1.0
CGGGTCAAGAGAGCTC-1,B cells,0.99999976
CGGGTCAAGATAGGAG-1,Mono,1.0
CGGGTCAAGATGGCGT-1,Mono,1.0
CGGGTCAAGCTAACAA-1,T cells,0.9999999
CGGGTCAAGGCACATG-1,T cells,0.99999964
CGGGTCAAGGGTCGAT-1,T cells,0.99999917
CGGGTCAAGGGTCTCC-1,T cells,0.9999901
CGGGTCAAGTATCGAA-1,B cells,0.9999994
CGGGTCAAGTATCTCG-1,B cells,1.0
CGGGTCAAGTGTACGG-1,T cells,0.9999964
CGGGTCACAATTCCTT-1,T cells,1.0
CGGGTCACATTGGGCC-1,Mono,1.0
CGGGTCAGTCACTGGC-1,T cells,1.0
CGGGTCAGTCTCTTAT-1,T cells,0.9999913
CGGGTCAGTCTGATCA-1,T cells,1.0
CGGGTCAGTTCATGGT-1,B cells,1.0
CGGGTCATCATCACCC-1,T cells,0.99999774
CGGTTAAAGAGTAAGG-1,T cells,1.0
CGGTTAAAGCGATTCT-1,B cells,1.0
CGGTTAAAGCTACCTA-1,T cells,1.0
CGGTTAAAGTAAGTAC-1,B cells,1.0
CGGTTAACAAGTCTAC-1,T cells,0.9999989
CGGTTAACAATGAATG-1,Mono,1.0
CGGTTAACATCCGGGT-1,Mono,1.0
CGGTTAAGTACTCGCG-1,Mono,1.0
CGGTTAAGTAGTGAAT-1,T cells,0.9999969
CGGTTAAGTGCAGTAG-1,Mono,1.0
CGGTTAAGTGGTCCGT-1,T cells,0.9999999
CGGTTAAGTTTGGGCC-1,Mono,1.0
CGGTTAATCAGAAATG-1,Mono,1.0
CGGTTAATCAGCACAT-1,T cells,0.9999926
CGGTTAATCCAAACAC-1,T cells,1.0
CGGTTAATCCATGAGT-1,B cells,0.99999976
CGGTTAATCCCTAATT-1,T cells,0.9999976
CGGTTAATCCGTAGGC-1,Mono,1.0
CGGTTAATCGAGCCCA-1,B cells,1.0
CGGTTAATCGCGTTTC-1,Mono,1.0
CGTAGCGAGAAACGCC-1,T cells,1.0
CGTAGCGAGAACAACT-1,Mono,1.0
CGTAGCGAGCACGCCT-1,T cells,1.0
CGTAGCGAGCGATAGC-1,T cells,0.9999999
CGTAGCGAGGACAGCT-1,T cells,0.99999845
CGTAGCGAGGGATACC-1,T cells,0.9997048
CGTAGCGAGTATCTCG-1,T cells,1.0
CGTAGCGCAGGCTCAC-1,B cells,1.0
CGTAGCGCAGTACACT-1,Mono,1.0
CGTAGCGGTCCGAGTC-1,Mono,1.0
CGTAGCGGTCGAGATG-1,T cells,0.9999982
CGTAGCGTCAGAGGTG-1,T cells,0.99999917
CGTAGCGTCATGTGGT-1,NK,0.9999944
CGTAGCGTCATTTGGG-1,T cells,0.99949586
CGTAGCGTCGTAGGTT-1,T cells,0.999998
CGTAGGCAGCCACGTC-1,T cells,0.9999994
CGTAGGCAGCTCCCAG-1,T cells,0.99999785
CGTAGGCAGTATCGAA-1,Mono,1.0
CGTAGGCAGTCTCAAC-1,NK,0.88762355
CGTAGGCAGTGTGAAT-1,T cells,0.99999964
CGTAGGCCACAGGTTT-1,Mono,1.0
CGTAGGCCACCAACCG-1,T cells,1.0
CGTAGGCCACGAAATA-1,Mono,1.0
CGTAGGCCAGGACCCT-1,T cells,0.9999999
CGTAGGCCAGTAAGCG-1,Mono,1.0
CGTAGGCCATAGAAAC-1,Mono,1.0
CGTAGGCCATATACGC-1,T cells,0.999874
CGTAGGCGTACGACCC-1,Mono,1.0
CGTAGGCGTCAGGACA-1,Mono,1.0
CGTAGGCGTCCGTGAC-1,T cells,1.0
CGTAGGCGTCGGCACT-1,T cells,1.0
CGTAGGCTCGTTACGA-1,T cells,1.0
CGTCACTAGCACGCCT-1,Mono,1.0
CGTCACTAGGAGTAGA-1,B cells,0.99999857
CGTCACTAGTGAACGC-1,T cells,0.9999999
CGTCACTCAAACAACA-1,T cells,0.9999939
CGTCACTCACTGTGTA-1,T cells,0.9841755
CGTCACTCAGCTTCGG-1,B cells,1.0
CGTCACTGTAAAGTCA-1,T cells,0.9999999
CGTCACTGTCCAGTAT-1,Mono,1.0
CGTCACTGTCGCTTCT-1,T cells,0.99999475
CGTCACTGTGATAAGT-1,T cells,1.0
CGTCACTGTGGCGAAT-1,B cells,1.0
CGTCACTTCACCTTAT-1,NK,0.9997445
CGTCACTTCGGAATCT-1,T cells,1.0
CGTCACTTCGGTTCGG-1,B cells,0.99999976
CGTCACTTCTCCAACC-1,T cells,1.0
CGTCACTTCTCGATGA-1,Mono,1.0
CGTCACTTCTCTGTCG-1,T cells,0.99999964
CGTCAGGAGCAGCCTC-1,Mono,1.0
CGTCAGGAGCCACGCT-1,T cells,0.99996424
CGTCAGGAGGACAGCT-1,B cells,0.9999999
CGTCAGGAGTCTTGCA-1,NK,0.995218
CGTCAGGAGTGGGTTG-1,Mono,1.0
CGTCAGGCAAGGCTCC-1,T cells,1.0
CGTCAGGCAATAGCGG-1,T cells,0.9999999
CGTCAGGCACCCAGTG-1,T cells,0.99675757
CGTCAGGCACCTTGTC-1,T cells,1.0
CGTCAGGCACGGCCAT-1,T cells,1.0
CGTCAGGCACTGTCGG-1,T cells,1.0
CGTCAGGGTCATGCCG-1,T cells,1.0
CGTCAGGGTCTCTTTA-1,T cells,1.0
CGTCAGGTCTATGTGG-1,T cells,1.0
CGTCCATAGAAACGCC-1,T cells,0.9999925
CGTCCATAGATGCCTT-1,T cells,0.9999999
CGTCCATAGCTTTGGT-1,T cells,1.0
CGTCCATAGTAGCCGA-1,T cells,1.0
CGTCCATAGTTTGCGT-1,T cells,0.9999645
CGTCCATGTAGCTCCG-1,T cells,0.99999774
CGTCCATGTCTTCGTC-1,T cells,1.0
CGTCCATGTGACAAAT-1,T cells,1.0
CGTCCATGTGCAACGA-1,T cells,1.0
CGTCCATGTTGGTTTG-1,T cells,0.9999999
CGTCCATTCAGGTTCA-1,T cells,1.0
CGTCCATTCCAACCAA-1,Mono,1.0
CGTCCATTCCACTGGG-1,T cells,0.99641764
CGTCCATTCGGTGTTA-1,T cells,1.0
CGTCCATTCTAACTCT-1,Mono,1.0
CGTCCATTCTGCTTGC-1,B cells,1.0
CGTCTACAGAGACGAA-1,T cells,1.0
CGTCTACAGCTCAACT-1,T cells,1.0
CGTCTACAGGATGTAT-1,T cells,1.0
CGTCTACAGTGCCATT-1,Mono,1.0
CGTCTACAGTTACCCA-1,Mono,1.0
CGTCTACCAAAGCAAT-1,Mono,1.0
CGTCTACCAAGGACTG-1,T cells,0.9999993
CGTCTACCAGGTGCCT-1,Mono,1.0
CGTCTACGTAATTGGA-1,T cells,0.9999999
CGTCTACGTGATAAAC-1,T cells,1.0
CGTCTACGTTAGTGGG-1,T cells,1.0
CGTCTACTCCTATTCA-1,T cells,1.0
CGTCTACTCGCGTAGC-1,B cells,1.0
CGTCTACTCTACTTAC-1,T cells,1.0
CGTGAGCAGAGGTTAT-1,T cells,1.0
CGTGAGCAGCCGGTAA-1,B cells,0.99999833
CGTGAGCAGGAATTAC-1,T cells,0.9999875
CGTGAGCCACGCCAGT-1,B cells,0.9999999
CGTGAGCCATCACGAT-1,Mono,1.0
CGTGAGCGTATGGTTC-1,Mono,1.0
CGTGAGCGTCTCCACT-1,T cells,0.99999654
CGTGAGCTCAGTTCGA-1,T cells,0.9999982
CGTGAGCTCATCTGCC-1,T cells,1.0
CGTGAGCTCCAAACAC-1,T cells,1.0
CGTGAGCTCCAATGGT-1,T cells,0.9999784
CGTGAGCTCCACGTGG-1,T cells,0.9999999
CGTGAGCTCGCATGGC-1,Mono,1.0
CGTGAGCTCGCTTGTC-1,T cells,1.0
CGTGAGCTCTATCGCC-1,NK,1.0
CGTGAGCTCTCTAAGG-1,T cells,1.0
CGTGTAAAGACTACAA-1,T cells,0.99924856
CGTGTAAAGCAGGTCA-1,B cells,1.0
CGTGTAAAGCGATCCC-1,Mono,1.0
CGTGTAAAGGCAGGTT-1,Mono,1.0
CGTGTAACAACTGCTA-1,Mono,1.0
CGTGTAACAATGAATG-1,B cells,1.0
CGTGTAACACAGGAGT-1,B cells,0.9999968
CGTGTAACACCTGGTG-1,T cells,1.0
CGTGTAACACCTTGTC-1,Mono,1.0
CGTGTAACATCTATGG-1,T cells,0.99999976
CGTGTAACATGGTAGG-1,Mono,1.0
CGTGTAAGTAAACGCG-1,Mono,1.0
CGTGTAAGTAGCAAAT-1,Mono,1.0
CGTGTAAGTAGCCTAT-1,T cells,0.99999964
CGTGTAAGTATAATGG-1,NK,0.99476457
CGTGTAAGTGATAAAC-1,T cells,0.9999927
CGTGTAAGTGCCTGCA-1,T cells,1.0
CGTGTAAGTGCTGTAT-1,T cells,1.0
CGTGTAAGTTCACGGC-1,T cells,0.9999999
CGTGTAATCAGATAAG-1,T cells,0.99999976
CGTGTAATCCAAAGTC-1,NK,0.99999595
CGTGTAATCGGGAGTA-1,T cells,0.99999535
CGTGTCTAGCGTGAGT-1,T cells,1.0
CGTGTCTAGTAGTGCG-1,T cells,1.0
CGTGTCTCAAAGGAAG-1,B cells,1.0
CGTGTCTCAAGTTGTC-1,Mono,1.0
CGTGTCTCACATAACC-1,T cells,0.9999999
CGTGTCTCACCGAAAG-1,B cells,1.0
CGTGTCTCAGCGATCC-1,B cells,0.9999716
CGTGTCTCATGGTAGG-1,Mono,1.0
CGTGTCTGTAAGAGAG-1,Mono,0.99999714
CGTGTCTGTATTCTCT-1,T cells,0.99999964
CGTGTCTGTCCGAGTC-1,NK,0.99979943
CGTGTCTGTTCATGGT-1,Mono,1.0
CGTGTCTGTTGCCTCT-1,T cells,1.0
CGTGTCTGTTTGTTGG-1,Mono,1.0
CGTGTCTTCATCGATG-1,B cells,1.0
CGTGTCTTCCTTAATC-1,T cells,0.9999999
CGTGTCTTCTACGAGT-1,T cells,0.99999976
CGTTAGAAGATAGGAG-1,T cells,1.0
CGTTAGAAGCTGGAAC-1,T cells,1.0
CGTTAGACAACACGCC-1,T cells,1.0
CGTTAGACACTCGACG-1,T cells,1.0
CGTTAGACAGGCAGTA-1,Mono,1.0
CGTTAGACAGGGCATA-1,T cells,0.99996316
CGTTAGACATCTCCCA-1,Mono,1.0
CGTTAGACATGTCGAT-1,Mono,1.0
CGTTAGACATTCTCAT-1,B cells,1.0
CGTTAGAGTACTTAGC-1,T cells,1.0
CGTTAGAGTGACGCCT-1,T cells,0.9999913
CGTTAGATCATGCTCC-1,T cells,1.0
CGTTCTGAGAGCCCAA-1,T cells,1.0
CGTTCTGAGGGTCGAT-1,Mono,1.0
CGTTCTGAGTAGCGGT-1,T cells,0.9999727
CGTTCTGAGTATCGAA-1,T cells,1.0
CGTTCTGAGTCCGTAT-1,T cells,0.9999783
CGTTCTGCAAGTTCTG-1,NK,0.9983943
CGTTCTGCAGACAGGT-1,T cells,0.9999987
CGTTCTGCAGTAGAGC-1,T cells,1.0
CGTTCTGGTACAGTGG-1,B cells,0.99999964
CGTTCTGGTCACCTAA-1,Mono,1.0
CGTTCTGGTCGTTGTA-1,B cells,0.99993634
CGTTCTGGTCTGGTCG-1,T cells,0.99686086
CGTTCTGGTTGCTCCT-1,B cells,1.0
CGTTCTGTCACAAACC-1,T cells,1.0
CGTTCTGTCACCGGGT-1,Mono,1.0
CGTTCTGTCACGACTA-1,T cells,1.0
CGTTCTGTCAGGCGAA-1,T cells,0.9999999
CGTTCTGTCCTGTACC-1,T cells,0.9999989
CGTTCTGTCGCCCTTA-1,T cells,0.99999535
CGTTGGGAGAAACCTA-1,NK,0.5274386
CGTTGGGAGAACAATC-1,T cells,0.9999999
CGTTGGGAGAAGGTGA-1,T cells,1.0
CGTTGGGAGAGCCTAG-1,Mono,1.0
CGTTGGGAGCTCTCGG-1,B cells,0.99999976
CGTTGGGAGGTGATTA-1,NK,1.0
CGTTGGGCAACACGCC-1,B cells,0.9999993
CGTTGGGCAATGGAAT-1,B cells,1.0
CGTTGGGCACGTGAGA-1,Mono,1.0
CGTTGGGCAGGCTGAA-1,T cells,1.0
CGTTGGGCATCCGTGG-1,T cells,0.9999982
CGTTGGGCATTTCACT-1,T cells,0.9999937
CGTTGGGGTGAGGCTA-1,T cells,1.0
CGTTGGGGTGAGGGTT-1,Mono,1.0
CGTTGGGGTGTAAGTA-1,T cells,1.0
CGTTGGGGTTCAGTAC-1,B cells,1.0
CGTTGGGGTTCCGTCT-1,T cells,0.99999976
CGTTGGGTCAAACAAG-1,Mono,1.0
CGTTGGGTCCAGGGCT-1,Mono,1.0
CGTTGGGTCCGGCACA-1,Mono,1.0
CGTTGGGTCTGAGTGT-1,T cells,0.9999974
CTAACTTAGACTTTCG-1,T cells,1.0
CTAACTTAGAGAGCTC-1,Mono,1.0
CTAACTTAGATAGGAG-1,T cells,0.99999917
CTAACTTAGCCCGAAA-1,T cells,0.9999999
CTAACTTAGCTTATCG-1,Mono,1.0
CTAACTTAGGTGATAT-1,T cells,0.9999993
CTAACTTAGTCATCCA-1,T cells,1.0
CTAACTTAGTCCCACG-1,T cells,0.99999964
CTAACTTAGTGTACGG-1,T cells,0.99998355
CTAACTTCAGATGAGC-1,B cells,1.0
CTAACTTCAGTCGTGC-1,T cells,1.0
CTAACTTCATGAAGTA-1,B cells,1.0
CTAACTTGTCAACTGT-1,T cells,1.0
CTAACTTGTCTCGTTC-1,Mono,1.0
CTAACTTTCCTCCTAG-1,T cells,1.0
CTAACTTTCCTTGGTC-1,T cells,0.9999995
CTAACTTTCGAGGTAG-1,Mono,1.0
CTAACTTTCTCGTATT-1,Mono,1.0
CTAACTTTCTGATTCT-1,T cells,1.0
CTAACTTTCTTCGAGA-1,T cells,1.0
CTAAGACAGATATGCA-1,T cells,1.0
CTAAGACAGCAGCGTA-1,NK,0.99999917
CTAAGACAGCTGCCCA-1,T cells,0.9998627
CTAAGACAGGGTATCG-1,Mono,1.0
CTAAGACCAACACGCC-1,Mono,1.0
CTAAGACCAATCGAAA-1,Mono,1.0
CTAAGACCAGTCTTCC-1,T cells,1.0
CTAAGACCAGTTCCCT-1,T cells,1.0
CTAAGACCATTAGCCA-1,Mono,1.0
CTAAGACGTCGACTGC-1,Mono,1.0
CTAAGACGTCGAGATG-1,B cells,1.0
CTAAGACGTTAGTGGG-1,Mono,1.0
CTAAGACTCACGCGGT-1,Mono,1.0
CTAAGACTCCACGTTC-1,T cells,0.997675
CTAAGACTCCGTAGGC-1,Mono,1.0
CTAAGACTCGCCCTTA-1,Mono,1.0
CTAAGACTCTGTCTAT-1,T cells,1.0
CTAATGGAGGTCGGAT-1,T cells,0.99999976
CTAATGGAGTACGTTC-1,B cells,1.0
CTAATGGAGTCGTTTG-1,NK,0.9999813
CTAATGGAGTTCGCAT-1,T cells,0.99999976
CTAATGGCAAGCGATG-1,T cells,1.0
CTAATGGCAATGAAAC-1,B cells,1.0
CTAATGGCACCATCCT-1,T cells,0.99999976
CTAATGGCACGACTCG-1,B cells,1.0
CTAATGGCAGATTGCT-1,Mono,1.0
CTAATGGCAGCCAATT-1,T cells,1.0
CTAATGGCATTGAGCT-1,Mono,1.0
CTAATGGGTACCGGCT-1,T cells,1.0
CTAATGGGTCCGTTAA-1,T cells,0.99995553
CTAATGGGTCGCCATG-1,Mono,1.0
CTAATGGGTGGGTCAA-1,T cells,1.0
CTAATGGGTTACGTCA-1,T cells,0.99999857
CTAATGGGTTCAGGCC-1,T cells,1.0
CTAATGGTCCAAACAC-1,T cells,1.0
CTAATGGTCGACAGCC-1,B cells,1.0
CTACACCAGAGCTGCA-1,B cells,1.0
CTACACCAGCACCGCT-1,T cells,0.9999999
CTACACCAGCCAGAAC-1,T cells,0.9999882
CTACACCAGGCAATTA-1,Mono,1.0
CTACACCCAATGTTGC-1,T cells,1.0
CTACACCCACAGCGTC-1,Mono,1.0
CTACACCCAGCGTTCG-1,T cells,0.9999366
CTACACCCATTCCTGC-1,T cells,1.0
CTACACCCATTGTGCA-1,T cells,0.9999989
CTACACCGTAGGACAC-1,T cells,0.9990709
CTACACCGTCAGAGGT-1,T cells,1.0
CTACACCGTCGTCTTC-1,T cells,0.99999976
CTACACCGTCTAAACC-1,T cells,0.99788135
CTACACCGTGATAAAC-1,T cells,1.0
CTACACCGTGTGCGTC-1,B cells,0.9999999
CTACACCTCAGCTTAG-1,T cells,0.86826277
CTACACCTCCCATTTA-1,T cells,0.9999968
CTACACCTCTGTCAAG-1,Mono,1.0
CTACACCTCTTATCTG-1,B cells,1.0
CTACACCTCTTGACGA-1,T cells,1.0
CTACATTAGAATAGGG-1,T cells,1.0
CTACATTAGACTAAGT-1,Mono,1.0
CTACATTAGAGCTTCT-1,T cells,1.0
CTACATTAGCCCGAAA-1,B cells,1.0
CTACATTAGCGTGAGT-1,T cells,1.0
CTACATTAGGCTAGGT-1,T cells,0.99999976
CTACATTAGTTATCGC-1,T cells,0.99999964
CTACATTCAAGACGTG-1,Mono,1.0
CTACATTCAAGAGGCT-1,Mono,1.0
CTACATTCACCCAGTG-1,B cells,1.0
CTACATTCAGACACTT-1,T cells,0.9999943
CTACATTGTAAGTGGC-1,Mono,1.0
CTACATTGTAATAGCA-1,B cells,0.99999034
CTACATTGTAGAGGAA-1,T cells,0.9999629
CTACATTGTATTAGCC-1,Mono,0.42320317
CTACATTGTCTACCTC-1,T cells,0.9994444
CTACATTGTCTAGAGG-1,B cells,1.0
CTACATTGTGTTTGGT-1,T cells,0.9999999
CTACATTGTTACGCGC-1,B cells,1.0
CTACATTGTTCGGCAC-1,B cells,0.99999976
CTACATTTCACTCTTA-1,T cells,0.99999976
CTACATTTCGTGGGAA-1,B cells,0.99998736
CTACATTTCTGGCGAC-1,T cells,1.0
CTACCCAAGAAACCTA-1,NK,0.7778729
CTACCCAAGACGCACA-1,T cells,0.9999902
CTACCCAAGAGCTTCT-1,T cells,1.0
CTACCCAAGATGGCGT-1,T cells,1.0
CTACCCAAGCCAGTAG-1,B cells,1.0
CTACCCAAGCGACGTA-1,T cells,1.0
CTACCCAAGTGAACAT-1,Mono,1.0
CTACCCACAACTGCTA-1,Mono,1.0
CTACCCACAAGTACCT-1,T cells,1.0
CTACCCACACCCATGG-1,Mono,1.0
CTACCCACAGTGACAG-1,Mono,1.0
CTACCCAGTAATCACC-1,T cells,1.0
CTACCCAGTCAGGACA-1,T cells,0.99999666
CTACCCAGTGCAGACA-1,T cells,0.99999976
CTACCCAGTGGCCCTA-1,T cells,0.99999976
CTACCCAGTTTAGGAA-1,B cells,1.0
CTACCCATCCGAATGT-1,Mono,1.0
CTACCCATCGATAGAA-1,Mono,1.0
CTACCCATCGGCTACG-1,Mono,1.0
CTACCCATCTGATTCT-1,Mono,1.0
CTACGTCAGGCTAGGT-1,T cells,0.9999994
CTACGTCAGTAGCCGA-1,T cells,0.9997296
CTACGTCAGTATGACA-1,T cells,1.0
CTACGTCCAATGACCT-1,T cells,1.0
CTACGTCCACGACTCG-1,Mono,1.0
CTACGTCCATGCAATC-1,NK,0.97231954
CTACGTCCATGTAAGA-1,T cells,1.0
CTACGTCGTACCAGTT-1,T cells,0.9999999
CTACGTCGTCGGCACT-1,T cells,0.99999976
CTACGTCGTGAGGGAG-1,Mono,1.0
CTACGTCGTTAAGACA-1,T cells,0.9999999
CTACGTCGTTGTCGCG-1,NK,0.9998093
CTACGTCGTTTGGGCC-1,T cells,1.0
CTACGTCTCAACACTG-1,T cells,0.99999666
CTACGTCTCCCAACGG-1,T cells,0.999998
CTAGAGTAGACGCACA-1,T cells,1.0
CTAGAGTAGCCAGGAT-1,Mono,1.0
CTAGAGTAGGTTCCTA-1,T cells,1.0
CTAGAGTAGTAGGTGC-1,T cells,0.9999999
CTAGAGTCAACTGGCC-1,T cells,0.9999999
CTAGAGTCAAGCGATG-1,T cells,0.999985
CTAGAGTCAAGCGCTC-1,T cells,1.0
CTAGAGTCAAGCTGTT-1,T cells,0.9999999
CTAGAGTCAAGTACCT-1,T cells,1.0
CTAGAGTCAATGGTCT-1,T cells,0.99999034
CTAGAGTCACGTAAGG-1,T cells,1.0
CTAGAGTCACTTCGAA-1,T cells,0.9999999
CTAGAGTGTCATGCAT-1,B cells,1.0
CTAGAGTGTCTAGCCG-1,T cells,1.0
CTAGAGTGTGTTGGGA-1,T cells,1.0
CTAGAGTTCATCATTC-1,Mono,1.0
CTAGAGTTCCGTTGTC-1,T cells,1.0
CTAGAGTTCCTAGTGA-1,T cells,0.9999994
CTAGCCTAGAGTAAGG-1,B cells,1.0
CTAGCCTAGCGATATA-1,B cells,0.99999917
CTAGCCTAGCTTCGCG-1,B cells,0.9999918
CTAGCCTAGTACACCT-1,T cells,0.7852637
CTAGCCTCACCGATAT-1,T cells,0.9999918
CTAGCCTCAGAAGCAC-1,Mono,1.0
CTAGCCTGTCAAACTC-1,T cells,0.9999999
CTAGCCTGTCATATGC-1,T cells,1.0
CTAGCCTGTCTCGTTC-1,Mono,1.0
CTAGCCTTCACAAACC-1,T cells,1.0
CTAGCCTTCACTTCAT-1,T cells,0.99999917
CTAGCCTTCCAAAGTC-1,Mono,1.0
CTAGCCTTCCTTCAAT-1,Mono,1.0
CTAGCCTTCGATCCCT-1,B cells,1.0
CTAGCCTTCGCGCCAA-1,T cells,0.9999989
CTAGCCTTCGGTCTAA-1,T cells,0.9999999
CTAGCCTTCGGTTCGG-1,T cells,0.9945281
CTAGCCTTCGTGGTCG-1,T cells,1.0
CTAGTGAAGTGTCCAT-1,Mono,1.0
CTAGTGACAAACCTAC-1,Mono,1.0
CTAGTGACACGAAGCA-1,B cells,0.9999995
CTAGTGACAGTAAGCG-1,T cells,0.9979091
CTAGTGACAGTCTTCC-1,Mono,0.9999999
CTAGTGAGTAAGCACG-1,T cells,1.0
CTAGTGAGTCAGTGGA-1,T cells,0.9999944
CTAGTGAGTTGTCGCG-1,T cells,0.9999995
CTAGTGATCTCGAGTA-1,T cells,0.9999999
CTAGTGATCTTGTACT-1,T cells,1.0
CTCACACAGATGTCGG-1,T cells,0.9999999
CTCACACAGTACATGA-1,Mono,1.0
CTCACACAGTGTCCCG-1,T cells,1.0
CTCACACAGTGTGAAT-1,T cells,0.9999969
CTCACACAGTTGAGAT-1,T cells,0.999985
CTCACACCAAAGAATC-1,T cells,0.99999976
CTCACACCAAGGTGTG-1,Mono,1.0
CTCACACCACAAGCCC-1,T cells,1.0
CTCACACCACTGTCGG-1,Mono,1.0
CTCACACCAGCTCCGA-1,Mono,1.0
CTCACACCATGTCTCC-1,T cells,1.0
CTCACACGTACTTAGC-1,T cells,1.0
CTCACACGTGGCTCCA-1,T cells,1.0
CTCACACGTGGTCCGT-1,T cells,1.0
CTCACACGTTGTTTGG-1,T cells,0.99999976
CTCACACTCCACGAAT-1,T cells,0.9999999
CTCACACTCGAATGCT-1,T cells,0.9999987
CTCACACTCGCGATCG-1,T cells,1.0
CTCACACTCTAGAGTC-1,T cells,1.0
CTCACACTCTGGTTCC-1,Mono,1.0
CTCAGAAAGACAATAC-1,T cells,1.0
CTCAGAAAGCCACTAT-1,T cells,0.9999999
CTCAGAAAGGTGCACA-1,B cells,1.0
CTCAGAAAGTCATGCT-1,B cells,1.0
CTCAGAAAGTCTTGCA-1,Mono,1.0
CTCAGAACAAATACAG-1,B cells,0.9999988
CTCAGAACACGAAAGC-1,T cells,0.9999635
CTCAGAACAGCGTAAG-1,Mono,1.0
CTCAGAAGTACTCGCG-1,T cells,0.99999404
CTCAGAAGTGTTCGAT-1,Mono,0.9999999
CTCAGAATCCGTTGTC-1,B cells,1.0
CTCAGAATCCTAGGGC-1,T cells,1.0
CTCATTAAGTCTTGCA-1,Mono,1.0
CTCATTAAGTGGAGAA-1,Mono,1.0
CTCATTAAGTTACCCA-1,T cells,1.0
CTCATTAAGTTCGATC-1,T cells,1.0
CTCATTACAAATTGCC-1,T cells,0.99997497
CTCATTACAAGTAATG-1,Mono,1.0
CTCATTACAATCCAAC-1,T cells,0.99999404
CTCATTACACCTGGTG-1,T cells,0.9999889
CTCATTACACGGCTAC-1,B cells,0.9998605
CTCATTACACGTGAGA-1,Mono,0.9999988
CTCATTACAGCTCGCA-1,Mono,1.0
CTCATTACAGCTGTGC-1,B cells,1.0
CTCATTACATATGAGA-1,T cells,0.9999999
CTCATTACATGCCTTC-1,T cells,0.990294
CTCATTACATTCACTT-1,Mono,1.0
CTCATTAGTAGGACAC-1,T cells,0.99999964
CTCATTAGTCGGCTCA-1,T cells,0.9999999
CTCATTAGTTCAGGCC-1,T cells,0.9999999
CTCATTATCTTCGGTC-1,B cells,1.0
CTCCTAGAGGAATCGC-1,T cells,1.0
CTCCTAGAGGACATTA-1,T cells,0.9999957
CTCCTAGAGTAAGTAC-1,T cells,0.9999999
CTCCTAGAGTGGTAGC-1,B cells,0.9999999
CTCCTAGCATAAGACA-1,T cells,0.99985135
CTCCTAGGTCCGAAGA-1,T cells,1.0
CTCCTAGGTCTCCATC-1,T cells,1.0
CTCCTAGGTGAGTGAC-1,Mono,1.0
CTCCTAGTCAATACCG-1,Mono,1.0
CTCCTAGTCATGTAGC-1,Mono,1.0
CTCCTAGTCGAGAGCA-1,T cells,0.9999988
CTCCTAGTCGTGGTCG-1,Mono,1.0
CTCCTAGTCTAACTGG-1,T cells,0.99999106
CTCGAAAAGACTAGGC-1,Mono,1.0
CTCGAAAAGCAGGTCA-1,Mono,1.0
CTCGAAAAGGCCCGTT-1,T cells,0.9219856
CTCGAAACACTGTGTA-1,B cells,0.99999857
CTCGAAACAGTAACGG-1,Mono,1.0
CTCGAAACATGTCTCC-1,Mono,1.0
CTCGAAAGTACAGTTC-1,T cells,1.0
CTCGAAAGTACTCTCC-1,T cells,0.999967
CTCGAAAGTAGAGCTG-1,B cells,1.0
CTCGAAAGTCTCCATC-1,Mono,1.0
CTCGAAAGTGCTTCTC-1,B cells,1.0
CTCGAAAGTGGCTCCA-1,B cells,1.0
CTCGAAAGTTGGAGGT-1,B cells,1.0
CTCGAAAGTTTCCACC-1,T cells,1.0
CTCGAAATCAGTACGT-1,B cells,0.9999752
CTCGAAATCGTTGCCT-1,T cells,1.0
CTCGAAATCGTTTGCC-1,Mono,1.0
CTCGAAATCTCGCATC-1,T cells,1.0
CTCGAGGAGAGGTTGC-1,B cells,1.0
CTCGAGGAGCTACCTA-1,T cells,1.0
CTCGAGGAGTGTCTCA-1,B cells,0.99999976
CTCGAGGCACTGTCGG-1,Mono,1.0
CTCGAGGGTAAACCTC-1,Mono,1.0
CTCGAGGGTCTTGATG-1,Mono,1.0
CTCGAGGGTGCTCTTC-1,T cells,0.999998
CTCGAGGGTTGAGTTC-1,Mono,1.0
CTCGAGGTCCTCCTAG-1,T cells,0.99999917
CTCGAGGTCCTGTACC-1,B cells,0.99993074
CTCGAGGTCGCCAGCA-1,T cells,0.9996456
CTCGAGGTCGTTACAG-1,T cells,0.99984527
CTCGAGGTCTCTTATG-1,T cells,0.99999964
CTCGGAGAGACAAAGG-1,Mono,1.0
CTCGGAGAGGACATTA-1,T cells,1.0
CTCGGAGAGGGCTCTC-1,T cells,1.0
CTCGGAGAGTAGCCGA-1,T cells,0.99998534
CTCGGAGCAACTTGAC-1,T cells,1.0
CTCGGAGCACCACGTG-1,T cells,1.0
CTCGGAGCAGGCTCAC-1,T cells,0.99999917
CTCGGAGCAGTTCATG-1,T cells,1.0
CTCGGAGGTAACGCGA-1,T cells,1.0
CTCGGAGGTCAGTGGA-1,Mono,1.0
CTCGGAGGTGGCCCTA-1,NK,0.998585
CTCGGAGGTTGATTCG-1,T cells,0.99999976
CTCGGAGGTTGGGACA-1,T cells,0.99989533
CTCGGAGGTTGTCGCG-1,T cells,1.0
CTCGGAGTCGCCTGAG-1,Mono,1.0
CTCGGAGTCGGCGCAT-1,B cells,1.0
CTCGGAGTCTATCCCG-1,T cells,0.9557393
CTCGGGAAGAATAGGG-1,T cells,0.99999106
CTCGGGAAGTGCGATG-1,B cells,0.9999995
CTCGGGACAAGCCATT-1,Mono,1.0
CTCGGGACACTAAGTC-1,T cells,1.0
CTCGGGACAGTTAACC-1,T cells,0.9999999
CTCGGGACATAAAGGT-1,Mono,1.0
CTCGGGACATCCCATC-1,T cells,0.99999726
CTCGGGACATTCCTCG-1,B cells,0.9999999
CTCGGGAGTCGAGTTT-1,B cells,0.99999714
CTCGGGAGTGAAAGAG-1,T cells,0.99999964
CTCGGGAGTTAAAGAC-1,T cells,1.0
CTCGGGAGTTCTGAAC-1,T cells,1.0
CTCGGGATCCATGAGT-1,B cells,1.0
CTCGGGATCCCAGGTG-1,T cells,1.0
CTCGGGATCTGCTGCT-1,T cells,0.9999995
CTCGGGATCTGTGCAA-1,B cells,1.0
CTCGGGATCTTACCGC-1,T cells,0.9999993
CTCGTACAGAAACCTA-1,Mono,0.99964833
CTCGTACAGTCACGCC-1,T cells,1.0
CTCGTACAGTTCGCGC-1,B cells,1.0
CTCGTACCAACGATCT-1,B cells,1.0
CTCGTACCAAGGACAC-1,T cells,1.0
CTCGTACCACTATCTT-1,T cells,1.0
CTCGTACCAGTAAGAT-1,Mono,1.0
CTCGTACCATAGACTC-1,T cells,0.9964833
CTCGTACGTACAGACG-1,T cells,0.999992
CTCGTACGTAGCGTCC-1,B cells,0.9999999
CTCGTACGTCAGTGGA-1,T cells,1.0
CTCGTACGTCCGAACC-1,B cells,1.0
CTCGTACGTGACGGTA-1,T cells,1.0
CTCGTACGTTAAGTAG-1,B cells,1.0
CTCGTACGTTATGTGC-1,T cells,1.0
CTCGTACTCCGAGCCA-1,Mono,1.0
CTCGTACTCCTAGTGA-1,Mono,1.0
CTCGTACTCGCGCCAA-1,Mono,1.0
CTCGTACTCTACTATC-1,T cells,1.0
CTCGTCAAGACACTAA-1,T cells,0.9999958
CTCGTCAAGATATGGT-1,T cells,0.99997044
CTCGTCAAGCACACAG-1,Mono,0.99999976
CTCGTCAAGCGATCCC-1,T cells,0.9997008
CTCGTCAAGCTAGTTC-1,T cells,0.999749
CTCGTCAAGGAACTGC-1,B cells,1.0
CTCGTCACAAAGGTGC-1,T cells,1.0
CTCGTCACAACTGGCC-1,T cells,0.99999976
CTCGTCACAATAGCAA-1,T cells,1.0
CTCGTCACAATGTTGC-1,Mono,1.0
CTCGTCACACGAAAGC-1,T cells,0.9999993
CTCGTCACACGTGAGA-1,Mono,1.0
CTCGTCACAGGACCCT-1,Mono,1.0
CTCGTCACATCTCGCT-1,T cells,1.0
CTCGTCAGTACCATCA-1,NK,0.9999995
CTCGTCAGTCAAACTC-1,B cells,0.9999999
CTCGTCAGTCATCCCT-1,T cells,0.9999999
CTCGTCAGTCTTTCAT-1,B cells,1.0
CTCGTCATCCAAACTG-1,T cells,0.9999999
CTCGTCATCCATGAAC-1,T cells,0.9999999
CTCGTCATCCCTGACT-1,B cells,1.0
CTCGTCATCCTAGAAC-1,T cells,1.0
CTCGTCATCGGATGTT-1,Mono,1.0
CTCGTCATCGGTCCGA-1,T cells,1.0
CTCGTCATCTGTCCGT-1,T cells,1.0
CTCTAATAGACCTTTG-1,T cells,0.99998736
CTCTAATAGTGGAGAA-1,B cells,1.0
CTCTAATCACACGCTG-1,B cells,0.9999993
CTCTAATCACCCATGG-1,Mono,1.0
CTCTAATCACGCTTTC-1,T cells,1.0
CTCTAATCAGCTGTGC-1,Mono,1.0
CTCTAATCAGGATCGA-1,Mono,1.0
CTCTAATCATCGGAAG-1,B cells,1.0
CTCTAATCATGACGGA-1,Mono,1.0
CTCTAATGTACCTACA-1,Mono,1.0
CTCTAATGTAGCGTCC-1,Mono,1.0
CTCTAATGTATTAGCC-1,T cells,0.99999774
CTCTAATGTCAATGTC-1,B cells,1.0
CTCTAATGTCAGTGGA-1,T cells,0.9999999
CTCTAATGTGCTTCTC-1,T cells,0.99999
CTCTAATGTGTAATGA-1,T cells,1.0
CTCTAATGTGTGAAAT-1,Mono,1.0
CTCTAATGTTGAGTTC-1,T cells,0.99920124
CTCTAATGTTTGTTGG-1,B cells,1.0
CTCTAATTCATCGCTC-1,T cells,1.0
CTCTAATTCTCTGAGA-1,T cells,0.99999607
CTCTACGAGGTGTGGT-1,Mono,1.0
CTCTACGCAAGCTGAG-1,T cells,1.0
CTCTACGCACAAGCCC-1,Mono,1.0
CTCTACGCAGTGACAG-1,B cells,0.86006165
CTCTACGGTCAGAGGT-1,T cells,1.0
CTCTACGGTGGTAACG-1,B cells,1.0
CTCTACGGTTTAGCTG-1,NK,0.99999976
CTCTACGTCAGGATCT-1,T cells,1.0
CTCTACGTCGGTTAAC-1,T cells,1.0
CTCTACGTCGTCGTTC-1,T cells,0.99999857
CTCTACGTCTGCGGCA-1,T cells,0.999997
CTCTGGTAGCTCCTTC-1,B cells,1.0
CTCTGGTAGTTTGCGT-1,NK,0.99999976
CTCTGGTCACAAGCCC-1,T cells,0.9999999
CTCTGGTCACCTTGTC-1,T cells,0.9999999
CTCTGGTCATGGTCAT-1,B cells,1.0
CTCTGGTGTAAGTAGT-1,B cells,1.0
CTCTGGTGTCATGCAT-1,T cells,0.9999999
CTCTGGTTCCACGACG-1,B cells,1.0
CTCTGGTTCTCTAGGA-1,T cells,0.9999881
CTCTGGTTCTGGTGTA-1,T cells,0.9999999
CTCTGGTTCTTGTTTG-1,T cells,0.99994516
CTGAAACAGAACAATC-1,T cells,1.0
CTGAAACAGAGGACGG-1,T cells,0.9999999
CTGAAACAGATGTTAG-1,T cells,0.9999999
CTGAAACAGCCACTAT-1,T cells,0.99999964
CTGAAACCAAACAACA-1,B cells,1.0
CTGAAACCAACTGGCC-1,T cells,0.9999987
CTGAAACCACACTGCG-1,Mono,1.0
CTGAAACCACATTAGC-1,T cells,0.99999964
CTGAAACCATTAGGCT-1,T cells,0.99999964
CTGAAACCATTTCACT-1,Mono,1.0
CTGAAACGTATAGGTA-1,T cells,0.99997604
CTGAAACGTCTCACCT-1,T cells,0.9999989
CTGAAACGTGGTGTAG-1,T cells,0.9999999
CTGAAACGTTCCGGCA-1,NK,0.99999845
CTGAAACTCAGCGACC-1,T cells,0.9082211
CTGAAACTCCCTTGCA-1,B cells,0.9999999
CTGAAACTCTTGAGGT-1,T cells,1.0
CTGAAGTAGCAGCCTC-1,T cells,0.9999976
CTGAAGTAGGCGCTCT-1,Mono,1.0
CTGAAGTAGGCTACGA-1,T cells,0.99993336
CTGAAGTCAACTGGCC-1,T cells,1.0
CTGAAGTCAATAGAGT-1,T cells,0.99999976
CTGAAGTCATCATCCC-1,T cells,0.9988649
CTGAAGTCATGGAATA-1,T cells,1.0
CTGAAGTCATGTTCCC-1,Mono,1.0
CTGAAGTGTAAAGGAG-1,T cells,0.999959
CTGAAGTGTAGCTAAA-1,NK,0.9999076
CTGAAGTTCATGCTCC-1,Mono,1.0
CTGAAGTTCCCATTTA-1,T cells,1.0
CTGATAGAGATCCCGC-1,Mono,1.0
CTGATAGAGCGCCTCA-1,B cells,1.0
CTGATAGAGGACCACA-1,T cells,0.9999982
CTGATAGAGTGATCGG-1,T cells,1.0
CTGATAGCAAGAGTCG-1,T cells,0.9999994
CTGATAGCATGGGACA-1,T cells,0.99999964
CTGATAGGTACAGCAG-1,T cells,1.0
CTGATAGGTAGCCTAT-1,Mono,1.0
CTGATAGGTATCACCA-1,T cells,1.0
CTGATAGGTCATGCAT-1,B cells,1.0
CTGATAGGTTGAGGTG-1,Mono,1.0
CTGATAGTCAAACCAC-1,T cells,0.98922837
CTGATAGTCACAGGCC-1,Mono,1.0
CTGATAGTCACCCGAG-1,Mono,0.9999999
CTGATAGTCAGCACAT-1,Mono,1.0
CTGATAGTCCGTCAAA-1,T cells,0.99999964
CTGATCCAGAAGGCCT-1,T cells,1.0
CTGATCCAGACGCTTT-1,Mono,1.0
CTGATCCAGATAGCAT-1,Mono,0.9999999
CTGATCCAGCGTTGCC-1,T cells,1.0
CTGATCCAGGACATTA-1,T cells,0.9999819
CTGATCCAGGCCCGTT-1,T cells,1.0
CTGATCCCACATCTTT-1,T cells,0.99999976
CTGATCCCACGAAAGC-1,T cells,1.0
CTGATCCCACTTCTGC-1,T cells,0.99997294
CTGATCCCAGACAGGT-1,T cells,0.9999999
CTGATCCCAGACTCGC-1,T cells,0.9999999
CTGATCCGTACCCAAT-1,Mono,1.0
CTGATCCGTGAGCGAT-1,B cells,1.0
CTGATCCGTTTCCACC-1,B cells,1.0
CTGATCCGTTTCGCTC-1,T cells,0.9999988
CTGATCCGTTTGTTGG-1,T cells,1.0
CTGATCCTCAAACGGG-1,B cells,0.9999999
CTGATCCTCCTCATTA-1,T cells,1.0
CTGCCTAAGAAACGCC-1,Mono,1.0
CTGCCTAAGAGGGCTT-1,Mono,1.0
CTGCCTAAGCGGATCA-1,T cells,1.0
CTGCCTAAGCTAGGCA-1,Mono,1.0
CTGCCTAAGCTGAAAT-1,T cells,0.9999974
CTGCCTAAGGACAGCT-1,T cells,1.0
CTGCCTAAGGCTAGAC-1,T cells,0.99999666
CTGCCTAAGGGCTTCC-1,T cells,0.99999976
CTGCCTACAAAGGAAG-1,NK,0.9999987
CTGCCTACAAAGGCGT-1,B cells,1.0
CTGCCTACAACACCTA-1,NK,0.99995947
CTGCCTACACTCGACG-1,T cells,0.9998758
CTGCCTACACTGTCGG-1,T cells,1.0
CTGCCTACATGGAATA-1,T cells,0.99999714
CTGCCTACATTAGCCA-1,Mono,1.0
CTGCCTAGTAGCACGA-1,B cells,1.0
CTGCCTAGTCGGGTCT-1,Mono,1.0
CTGCCTATCCGTTGCT-1,T cells,0.99999964
CTGCCTATCCTGCAGG-1,NK,0.99998415
CTGCCTATCCTTGGTC-1,B cells,0.9999937
CTGCCTATCTGTTTGT-1,T cells,1.0
CTGCCTATCTTTAGTC-1,T cells,0.99999833
CTGCGGAAGAGTGACC-1,T cells,1.0
CTGCGGAAGATATGCA-1,Mono,1.0
CTGCGGAAGCGATCCC-1,T cells,0.9999999
CTGCGGAAGCTAAACA-1,T cells,0.99999845
CTGCGGAAGGACTGGT-1,Mono,1.0
CTGCGGAAGGGTTTCT-1,Mono,1.0
CTGCGGAAGTGGACGT-1,T cells,0.9999969
CTGCGGAAGTGTACTC-1,Mono,1.0
CTGCGGACAAACCCAT-1,T cells,1.0
CTGCGGACAGATAATG-1,T cells,0.9999957
CTGCGGACAGGGTATG-1,Mono,1.0
CTGCGGACATCCCACT-1,Mono,1.0
CTGCGGACATGCGCAC-1,B cells,1.0
CTGCGGAGTACTCAAC-1,Mono,1.0
CTGCGGAGTCGCTTCT-1,T cells,0.99999714
CTGCGGAGTCGCTTTC-1,Mono,1.0
CTGCGGAGTCTCTTAT-1,T cells,1.0
CTGCGGAGTTATCGGT-1,T cells,0.9919145
CTGCGGAGTTCGCGAC-1,NK,0.893292
CTGCGGATCAATCACG-1,T cells,1.0
CTGCGGATCAGTTGAC-1,T cells,0.999995
CTGCGGATCCACTGGG-1,Mono,1.0
CTGCGGATCCGCTGTT-1,T cells,1.0
CTGCGGATCGTTTATC-1,NK,0.99842167
CTGCGGATCTAACGGT-1,T cells,0.99999654
CTGCTGTAGATAGGAG-1,T cells,0.9984211
CTGCTGTAGATTACCC-1,T cells,1.0
CTGCTGTAGGCCCGTT-1,NK,0.9999999
CTGCTGTAGGGATACC-1,T cells,0.99999917
CTGCTGTAGTCCATAC-1,T cells,1.0
CTGCTGTCAAAGCGGT-1,T cells,0.9999951
CTGCTGTCAATCCAAC-1,T cells,0.9999999
CTGCTGTCACAACGCC-1,T cells,0.9999999
CTGCTGTCACCAGATT-1,Mono,0.9999999
CTGCTGTCACGAAACG-1,T cells,1.0
CTGCTGTCACGGTTTA-1,Mono,1.0
CTGCTGTCACTAGTAC-1,B cells,0.9999993
CTGCTGTCAGATCGGA-1,B cells,0.9973979
CTGCTGTGTACCGTTA-1,Mono,0.999966
CTGCTGTGTCAACATC-1,Mono,1.0
CTGCTGTGTCGGCACT-1,Mono,1.0
CTGCTGTGTCTGGAGA-1,T cells,0.9999999
CTGCTGTGTGATGTCT-1,T cells,1.0
CTGCTGTTCCAAGCCG-1,T cells,0.999998
CTGCTGTTCTTTACGT-1,NK,0.8412599
CTGGTCTAGAGAGCTC-1,T cells,0.9999999
CTGGTCTAGCTAAGAT-1,T cells,0.9998553
CTGGTCTAGGAGCGAG-1,T cells,1.0
CTGGTCTAGGCTCTTA-1,Mono,1.0
CTGGTCTAGGGATCTG-1,T cells,0.9999999
CTGGTCTAGGTGGGTT-1,B cells,0.99999964
CTGGTCTAGTCCCACG-1,T cells,1.0
CTGGTCTAGTGGGCTA-1,B cells,0.9999999
CTGGTCTCAAACCCAT-1,Mono,1.0
CTGGTCTCAAAGCAAT-1,T cells,1.0
CTGGTCTCACGGCTAC-1,T cells,0.99999774
CTGGTCTCATTCCTGC-1,T cells,1.0
CTGGTCTCATTCTCAT-1,T cells,0.9999912
CTGGTCTGTGCAACTT-1,Mono,1.0
CTGGTCTGTGCCTTGG-1,Mono,1.0
CTGGTCTGTGCGGTAA-1,T cells,0.99999976
CTGGTCTGTTCCAACA-1,B cells,0.99986255
CTGGTCTGTTGTCTTT-1,T cells,1.0
CTGGTCTTCAGAGCTT-1,T cells,1.0
CTGGTCTTCAGCCTAA-1,Mono,1.0
CTGGTCTTCCAAGTAC-1,T cells,0.9999976
CTGGTCTTCTGCGACG-1,T cells,0.9999999
CTGGTCTTCTTTACAC-1,T cells,0.99999905
CTGTGCTAGAGTGAGA-1,Mono,1.0
CTGTGCTAGATCCCAT-1,T cells,0.9998148
CTGTGCTAGATCGATA-1,Mono,1.0
CTGTGCTAGCCCAGCT-1,Mono,1.0
CTGTGCTAGCCGTCGT-1,T cells,1.0
CTGTGCTAGCGTCTAT-1,Mono,1.0
CTGTGCTAGGACACCA-1,T cells,0.9999999
CTGTGCTCAAGAGTCG-1,T cells,0.99938893
CTGTGCTCACGCATCG-1,T cells,0.9999999
CTGTGCTCAGTGAGTG-1,T cells,0.99999964
CTGTGCTCATCATCCC-1,T cells,0.9999925
CTGTGCTGTATGGTTC-1,Mono,1.0
CTGTGCTGTGTTTGGT-1,T cells,1.0
CTGTGCTGTTACAGAA-1,T cells,1.0
CTGTGCTGTTCAGGCC-1,T cells,0.99999976
CTGTGCTTCAGCTTAG-1,T cells,1.0
CTGTGCTTCGTCGTTC-1,T cells,0.9999999
CTGTTTAAGGGTCGAT-1,B cells,1.0
CTGTTTAAGGTAGCCA-1,T cells,0.9999994
CTGTTTAAGTCACGCC-1,B cells,0.9999362
CTGTTTAAGTGGGATC-1,T cells,1.0
CTGTTTACAAGTCATC-1,Mono,1.0
CTGTTTACATCGTCGG-1,T cells,0.999005
CTGTTTACATTAACCG-1,T cells,1.0
CTGTTTAGTCAAAGCG-1,B cells,1.0
CTGTTTAGTCCCGACA-1,T cells,1.0
CTGTTTAGTCGCATCG-1,T cells,1.0
CTGTTTAGTCGCGAAA-1,T cells,0.99995804
CTGTTTAGTCGGGTCT-1,Mono,1.0
CTGTTTAGTCTAGAGG-1,T cells,0.9999993
CTGTTTAGTGATGATA-1,Mono,1.0
CTGTTTAGTTATCACG-1,B cells,1.0
CTGTTTATCAACGGCC-1,T cells,0.99986374
CTGTTTATCGGAAATA-1,Mono,1.0
CTGTTTATCTGCTTGC-1,T cells,0.99999976
CTTAACTAGACACGAC-1,T cells,1.0
CTTAACTAGCGATATA-1,Mono,1.0
CTTAACTAGCTGCAAG-1,T cells,1.0
CTTAACTAGTGTTTGC-1,T cells,0.9999999
CTTAACTCAAGGTGTG-1,T cells,1.0
CTTAACTCACGCCAGT-1,Mono,1.0
CTTAACTCACGGTGTC-1,T cells,1.0
CTTAACTCAGTGGGAT-1,T cells,0.99999905
CTTAACTGTAAGTGTA-1,T cells,0.99992704
CTTAACTGTCGACTGC-1,B cells,1.0
CTTAACTTCACGCGGT-1,B cells,0.999985
CTTAACTTCAGCTCTC-1,T cells,0.9999937
CTTAACTTCCAGTATG-1,B cells,1.0
CTTAACTTCGACGGAA-1,T cells,1.0
CTTAACTTCGCTTGTC-1,T cells,0.99999917
CTTAACTTCGTGGGAA-1,T cells,0.9998215
CTTAACTTCTGCGGCA-1,NK,0.9983438
CTTACCGAGAAGGTTT-1,T cells,0.9999976
CTTACCGAGCGTAGTG-1,B cells,1.0
CTTACCGAGGAGTTTA-1,T cells,0.99999857
CTTACCGCAGCCTATA-1,Mono,0.9999999
CTTACCGCAGGACCCT-1,T cells,0.9999999
CTTACCGCATTACCTT-1,T cells,0.99999964
CTTACCGGTAAACACA-1,T cells,0.9999989
CTTACCGGTACCGGCT-1,T cells,0.99999964
CTTACCGGTCGTTGTA-1,T cells,0.9959629
CTTACCGTCACGACTA-1,T cells,1.0
CTTACCGTCAGCATGT-1,T cells,0.9999999
CTTACCGTCAGCTCGG-1,T cells,0.9998375
CTTACCGTCATAGCAC-1,T cells,0.9999993
CTTACCGTCCACGAAT-1,T cells,1.0
CTTACCGTCCTTTCTC-1,B cells,1.0
CTTACCGTCGACCAGC-1,Mono,1.0
CTTACCGTCGCCAAAT-1,Mono,1.0
CTTAGGAAGAAGCCCA-1,T cells,1.0
CTTAGGAAGCGATATA-1,T cells,0.9999999
CTTAGGAAGCTACCTA-1,Mono,1.0
CTTAGGACACTAAGTC-1,Mono,1.0
CTTAGGATCAGCTCGG-1,Mono,0.9999976
CTTAGGATCCACTCCA-1,T cells,0.99999905
CTTAGGATCGCGGATC-1,Mono,1.0
CTTAGGATCGGAAACG-1,T cells,0.99999785
CTTAGGATCGTTTGCC-1,T cells,0.9999999
CTTAGGATCTACCTGC-1,Mono,1.0
CTTAGGATCTAGAGTC-1,T cells,1.0
CTTAGGATCTCCCTGA-1,B cells,1.0
CTTCTCTAGAGGTAGA-1,Mono,1.0
CTTCTCTAGGCATTGG-1,B cells,1.0
CTTCTCTAGGCTCAGA-1,Mono,1.0
CTTCTCTCAGATGGCA-1,B cells,1.0
CTTCTCTCATCAGTCA-1,T cells,0.99999964
CTTCTCTGTAAACGCG-1,Mono,1.0
CTTCTCTGTACCGTTA-1,B cells,1.0
CTTCTCTGTCAGATAA-1,B cells,0.999998
CTTCTCTGTTCCATGA-1,Mono,1.0
CTTCTCTTCCAAATGC-1,B cells,1.0
CTTCTCTTCGGAGGTA-1,Mono,1.0
CTTGGCTAGATAGTCA-1,NK,0.9999198
CTTGGCTAGATATGCA-1,Mono,1.0
CTTGGCTAGGGTGTGT-1,T cells,1.0
CTTGGCTAGGTTCCTA-1,T cells,0.9999999
CTTGGCTCAACTGCTA-1,T cells,0.9999995
CTTGGCTCACAGACAG-1,T cells,1.0
CTTGGCTCACGAAACG-1,T cells,0.99999964
CTTGGCTCACGGATAG-1,Mono,1.0
CTTGGCTCACTAAGTC-1,T cells,0.99994206
CTTGGCTCAGGCTCAC-1,B cells,1.0
CTTGGCTGTGGCCCTA-1,B cells,1.0
CTTGGCTGTGTTTGGT-1,T cells,1.0
CTTGGCTGTTAAGTAG-1,T cells,1.0
CTTGGCTGTTCCACTC-1,T cells,0.9999995
CTTGGCTTCAGAGCTT-1,B cells,0.9999987
CTTGGCTTCATTTGGG-1,B cells,1.0
CTTGGCTTCCCAGGTG-1,T cells,0.99999976
CTTTGCGAGAAGGCCT-1,Mono,1.0
CTTTGCGAGAGTACCG-1,Mono,1.0
CTTTGCGAGCATCATC-1,T cells,1.0
CTTTGCGAGCCCAATT-1,B cells,1.0
CTTTGCGAGCCTATGT-1,B cells,1.0
CTTTGCGAGGCATGGT-1,T cells,1.0
CTTTGCGAGTGTGAAT-1,B cells,0.99999976
CTTTGCGCAGCGATCC-1,Mono,1.0
CTTTGCGCAGTCAGAG-1,T cells,1.0
CTTTGCGGTACATCCA-1,T cells,0.999995
CTTTGCGGTAGCTAAA-1,T cells,1.0
CTTTGCGGTCCAACTA-1,Mono,1.0
CTTTGCGGTGTTTGTG-1,Mono,1.0
CTTTGCGGTTACAGAA-1,T cells,0.9998074
CTTTGCGTCACTCTTA-1,B cells,1.0
CTTTGCGTCACTTCAT-1,T cells,0.99999964
CTTTGCGTCATCTGCC-1,B cells,1.0
CTTTGCGTCATGTCTT-1,Mono,1.0
CTTTGCGTCCGTCAAA-1,B cells,1.0
CTTTGCGTCGTTTAGG-1,Mono,1.0
CTTTGCGTCTGACCTC-1,NK,0.93075293
GAAACTCAGTATTGGA-1,T cells,0.9998598
GAAACTCAGTTGCAGG-1,Mono,1.0
GAAACTCCAACGATCT-1,T cells,1.0
GAAACTCCAAGACACG-1,T cells,1.0
GAAACTCCACACGCTG-1,T cells,1.0
GAAACTCCAGATCTGT-1,T cells,1.0
GAAACTCCATCGTCGG-1,Mono,1.0
GAAACTCCATTGGGCC-1,T cells,0.99999976
GAAACTCGTCATATCG-1,T cells,1.0
GAAACTCGTGAGCGAT-1,NK,0.9999999
GAAACTCGTGCGGTAA-1,Mono,1.0
GAAACTCGTTACGGAG-1,T cells,1.0
GAAACTCGTTGATTGC-1,T cells,1.0
GAAACTCGTTGTCTTT-1,B cells,1.0
GAAACTCTCAAACAAG-1,Mono,1.0
GAAACTCTCAAACGGG-1,T cells,1.0
GAAACTCTCACTATTC-1,B cells,1.0
GAAACTCTCCAGATCA-1,T cells,1.0
GAAACTCTCGGAATCT-1,T cells,0.99999964
GAAACTCTCTATCCCG-1,Mono,1.0
GAAACTCTCTTATCTG-1,B cells,1.0
GAAATGAAGATCCGAG-1,Mono,1.0
GAAATGAAGGCATGGT-1,Mono,1.0
GAAATGAAGTAGCGGT-1,T cells,1.0
GAAATGACAAACGCGA-1,T cells,0.9998963
GAAATGACACGAAAGC-1,T cells,0.99999976
GAAATGACACTGAAGG-1,B cells,0.9999999
GAAATGACAGTCGATT-1,Mono,1.0
GAAATGACATCACGTA-1,T cells,1.0
GAAATGACATGGGACA-1,T cells,0.9999677
GAAATGACATGTAGTC-1,T cells,0.9999999
GAAATGAGTAGGGACT-1,T cells,0.9999999
GAAATGAGTATAATGG-1,B cells,1.0
GAAATGAGTATAGTAG-1,T cells,0.999995
GAAATGAGTCAGATAA-1,Mono,1.0
GAAATGATCAAACGGG-1,T cells,0.9999999
GAAATGATCACGATGT-1,NK,0.9999988
GAAATGATCATTATCC-1,T cells,0.9999989
GAAATGATCTCCAACC-1,T cells,0.99999964
GAACATCAGATGTTAG-1,NK,1.0
GAACATCAGCAATCTC-1,T cells,0.99999774
GAACATCAGCGTGTCC-1,Mono,1.0
GAACATCCAACTGCGC-1,B cells,1.0
GAACATCCAGTTCATG-1,Mono,1.0
GAACATCGTAATCACC-1,T cells,0.99999404
GAACATCGTAGCAAAT-1,B cells,1.0
GAACATCGTAGCGATG-1,B cells,1.0
GAACATCGTATGCTTG-1,T cells,1.0
GAACATCGTGGCGAAT-1,B cells,1.0
GAACATCGTGTGACGA-1,T cells,0.9999819
GAACATCGTTAGAACA-1,T cells,0.9999988
GAACATCGTTAGGGTG-1,T cells,1.0
GAACATCTCTAACGGT-1,T cells,0.830764
GAACATCTCTGCAAGT-1,Mono,1.0
GAACCTAAGATCTGAA-1,Mono,1.0
GAACCTAAGCCAACAG-1,Mono,1.0
GAACCTAAGCTAAGAT-1,T cells,0.9999988
GAACCTAAGGACCACA-1,T cells,0.9999999
GAACCTAAGGCAAAGA-1,Mono,1.0
GAACCTAAGTTTCCTT-1,T cells,0.9999995
GAACCTACAAACAACA-1,T cells,0.9999535
GAACCTACAAGCTGAG-1,T cells,0.9999993
GAACCTACAATCAGAA-1,NK,0.7735301
GAACCTACAGCCTGTG-1,T cells,0.99999964
GAACCTACATGCAATC-1,T cells,1.0
GAACCTACATTACCTT-1,Mono,1.0
GAACCTAGTAGCGCAA-1,T cells,1.0
GAACCTAGTATAGGTA-1,NK,0.99100715
GAACCTAGTATGGTTC-1,Mono,1.0
GAACCTAGTCTTGATG-1,Mono,1.0
GAACCTAGTGTTCTTT-1,T cells,0.9999995
GAACCTAGTTGTTTGG-1,Mono,1.0
GAACCTAGTTTAAGCC-1,Mono,0.99999785
GAACCTATCAACTCTT-1,T cells,1.0
GAACCTATCAGTGCAT-1,T cells,0.9999999
GAACCTATCATGTCTT-1,Mono,1.0
GAACCTATCCAAATGC-1,T cells,1.0
GAACCTATCCCAACGG-1,T cells,0.9999999
GAACCTATCGCCTGTT-1,T cells,0.9999999
GAACCTATCGGAATCT-1,T cells,1.0
GAACCTATCGGAGGTA-1,T cells,1.0
GAACGGAAGAGCAATT-1,T cells,0.9999919
GAACGGAAGGATGTAT-1,T cells,0.99999845
GAACGGAAGGCTCAGA-1,Mono,1.0
GAACGGAAGGGCTTGA-1,T cells,1.0
GAACGGACAATGGATA-1,NK,0.9999962
GAACGGACACAACTGT-1,T cells,1.0
GAACGGACAGCCAATT-1,Mono,1.0
GAACGGACAGTAAGAT-1,Mono,1.0
GAACGGACATAAGACA-1,T cells,0.99999964
GAACGGAGTAGAAAGG-1,NK,0.99934894
GAACGGAGTCGCGTGT-1,Mono,1.0
GAACGGAGTTAGATGA-1,B cells,1.0
GAACGGAGTTCCCGAG-1,T cells,0.99222505
GAACGGATCATAACCG-1,T cells,1.0
GAACGGATCGAATCCA-1,Mono,1.0
GAACGGATCTAACTCT-1,Mono,1.0
GAACGGATCTGAGTGT-1,Mono,1.0
GAACGGATCTGTCAAG-1,T cells,0.99999106
GAAGCAGAGAACTGTA-1,Mono,1.0
GAAGCAGAGACGCAAC-1,Mono,1.0
GAAGCAGAGAGAGCTC-1,T cells,0.99999976
GAAGCAGAGAGCAATT-1,Mono,1.0
GAAGCAGAGGGCTTGA-1,T cells,1.0
GAAGCAGAGGTGCACA-1,T cells,1.0
GAAGCAGAGTCATGCT-1,Mono,1.0
GAAGCAGGTAGAGTGC-1,Platelet,1.0
GAAGCAGGTCAATACC-1,T cells,0.99999976
GAAGCAGTCAGCTCTC-1,T cells,1.0
GAAGCAGTCATCTGCC-1,T cells,0.9999981
GAAGCAGTCGCCAAAT-1,Mono,1.0
GAAGCAGTCTCTTGAT-1,Mono,1.0
GAAGCAGTCTTGTATC-1,T cells,1.0
GAATAAGAGCTATGCT-1,Mono,1.0
GAATAAGAGGCATTGG-1,B cells,0.99999976
GAATAAGAGGGCTTCC-1,Mono,1.0
GAATAAGAGTCCATAC-1,B cells,0.9999999
GAATAAGAGTGCGATG-1,T cells,1.0
GAATAAGCAATAGCAA-1,T cells,0.99999976
GAATAAGCACGTGAGA-1,B cells,1.0
GAATAAGCACTACAGT-1,Mono,1.0
GAATAAGCATTGGGCC-1,Mono,1.0
GAATAAGGTCAGCTAT-1,T cells,0.9999999
GAATAAGGTCGAAAGC-1,Mono,1.0
GAATAAGGTCGCGTGT-1,T cells,0.99999917
GAATAAGGTGAAATCA-1,NK,0.9999995
GAATAAGGTGAAGGCT-1,B cells,1.0
GAATAAGGTGACGCCT-1,NK,0.6506857
GAATAAGGTGCAACTT-1,T cells,0.9999969
GAATAAGGTTAGAACA-1,Mono,1.0
GAATAAGGTTCCACTC-1,Mono,1.0
GAATAAGTCACAAACC-1,T cells,0.99999964
GAATAAGTCATGTCCC-1,B cells,0.99999905
GAATAAGTCCGCATCT-1,T cells,1.0
GAATAAGTCTATCCCG-1,T cells,1.0
GAATAAGTCTGGAGCC-1,T cells,1.0
GAATGAAAGAAACGCC-1,T cells,0.9999974
GAATGAACAAATCCGT-1,Mono,1.0
GAATGAACAACAACCT-1,Mono,1.0
GAATGAACAACACGCC-1,T cells,0.7842245
GAATGAACACACCGAC-1,B cells,1.0
GAATGAACACACTGCG-1,B cells,0.99843913
GAATGAACACCTGGTG-1,T cells,1.0
GAATGAACAGGGCATA-1,NK,0.99999356
GAATGAACAGGGTACA-1,B cells,0.9999999
GAATGAACAGTTCCCT-1,Mono,1.0
GAATGAACATATGGTC-1,Mono,0.9999995
GAATGAACATGCTAGT-1,T cells,0.99999976
GAATGAAGTATATGAG-1,T cells,1.0
GAATGAAGTATTACCG-1,Mono,1.0
GAATGAAGTTGCGCAC-1,B cells,0.9995173
GAATGAATCAACACGT-1,T cells,0.9999999
GAATGAATCAGCATGT-1,B cells,0.9999999
GAATGAATCCAAGCCG-1,T cells,1.0
GAATGAATCCAAGTAC-1,T cells,0.9999956
GAATGAATCCACGACG-1,T cells,0.99999523
GAATGAATCGTACCGG-1,T cells,0.99999964
GAATGAATCGTCACGG-1,T cells,0.9999881
GAATGAATCTCCAGGG-1,T cells,0.99999654
GAATGAATCTGCGACG-1,B cells,1.0
GAATGAATCTGTCTCG-1,B cells,0.99999976
GAATGAATCTTGAGAC-1,T cells,1.0
GACACGCAGAGTTGGC-1,Mono,1.0
GACACGCAGATTACCC-1,T cells,0.99369955
GACACGCAGCTATGCT-1,Mono,1.0
GACACGCAGGCATTGG-1,T cells,0.9999949
GACACGCAGTACTTGC-1,B cells,1.0
GACACGCCAGCCTTGG-1,T cells,0.9999982
GACACGCGTAATCACC-1,Mono,1.0
GACACGCGTAGAGCTG-1,Mono,1.0
GACACGCGTCACACGC-1,T cells,0.9999999
GACACGCGTGACAAAT-1,T cells,1.0
GACACGCGTTACTGAC-1,T cells,0.9999999
GACACGCGTTATTCTC-1,Mono,1.0
GACACGCGTTTGCATG-1,T cells,0.9104782
GACACGCTCGTTTATC-1,T cells,1.0
GACACGCTCTGAGGGA-1,Mono,1.0
GACAGAGAGAAACCTA-1,Mono,1.0
GACAGAGAGACGCAAC-1,T cells,0.9999994
GACAGAGAGCGATATA-1,T cells,1.0
GACAGAGAGTCGTACT-1,Mono,1.0
GACAGAGCAATGGTCT-1,Mono,1.0
GACAGAGCACGCGAAA-1,Mono,1.0
GACAGAGCAGATCTGT-1,T cells,1.0
GACAGAGCAGCCTGTG-1,B cells,1.0
GACAGAGGTACATCCA-1,T cells,1.0
GACAGAGGTAGCTAAA-1,T cells,1.0
GACAGAGGTCTAAAGA-1,B cells,1.0
GACAGAGGTCTGCGGT-1,T cells,0.9999999
GACAGAGGTTCGGGCT-1,Mono,1.0
GACAGAGGTTGGTGGA-1,T cells,1.0
GACAGAGTCCACTGGG-1,Mono,1.0
GACAGAGTCTGATACG-1,Mono,1.0
GACCAATAGCCTCGTG-1,T cells,1.0
GACCAATAGTACGTTC-1,B cells,1.0
GACCAATCACCGTTGG-1,T cells,0.9999764
GACCAATCACTTAACG-1,T cells,1.0
GACCAATCAGGGTACA-1,Mono,1.0
GACCAATCATCGGGTC-1,B cells,1.0
GACCAATGTCCGTGAC-1,T cells,1.0
GACCAATGTCTTGTCC-1,Mono,1.0
GACCAATGTGGTCCGT-1,Mono,0.99998975
GACCAATGTGGTCTCG-1,Mono,1.0
GACCAATGTTTGTTGG-1,T cells,1.0
GACCAATTCCTATGTT-1,T cells,0.99999976
GACCAATTCTCTGTCG-1,B cells,1.0
GACCAATTCTGCAAGT-1,T cells,1.0
GACCTGGAGAAACGAG-1,T cells,1.0
GACCTGGAGACGCAAC-1,T cells,0.99999976
GACCTGGAGACTCGGA-1,Mono,1.0
GACCTGGAGATCGGGT-1,Mono,1.0
GACCTGGAGCTAACAA-1,T cells,0.99999964
GACCTGGCACTTAACG-1,T cells,0.9999603
GACCTGGCAGGGAGAG-1,B cells,0.9999999
GACCTGGCAGTCAGAG-1,Mono,1.0
GACCTGGCATCCTTGC-1,T cells,1.0
GACCTGGGTACCGTTA-1,T cells,1.0
GACCTGGGTCTTTCAT-1,T cells,0.9999993
GACCTGGGTGGTGTAG-1,T cells,0.9999989
GACCTGGTCGGTTCGG-1,T cells,1.0
GACCTGGTCTTCATGT-1,Mono,1.0
GACGCGTAGCGATGAC-1,T cells,1.0
GACGCGTAGTTAACGA-1,NK,0.79368937
GACGCGTCAAGGTGTG-1,Mono,1.0
GACGCGTCAATCCGAT-1,Mono,1.0
GACGCGTCACAACTGT-1,B cells,0.9999999
GACGCGTCACGCATCG-1,T cells,0.99999964
GACGCGTCAGGGTACA-1,Mono,1.0
GACGCGTGTAGAGTGC-1,T cells,0.99994946
GACGCGTGTAGCGATG-1,B cells,0.999998
GACGCGTGTGAGTGAC-1,Mono,1.0
GACGCGTGTGCACTTA-1,T cells,0.9999988
GACGCGTGTTGAGTTC-1,T cells,0.9999999
GACGCGTTCATGTAGC-1,T cells,1.0
GACGCGTTCCAAAGTC-1,Mono,1.0
GACGCGTTCGTTTAGG-1,T cells,1.0
GACGCGTTCTTGTACT-1,T cells,0.9999999
GACGGCTAGAGATGAG-1,T cells,0.9999976
GACGGCTAGCCTATGT-1,T cells,0.99999976
GACGGCTAGTCACGCC-1,T cells,0.9999988
GACGGCTCACAACGCC-1,T cells,1.0
GACGGCTCATCACGAT-1,T cells,1.0
GACGGCTCATCACGTA-1,Mono,1.0
GACGGCTCATCTCCCA-1,Mono,1.0
GACGGCTCATGTCTCC-1,Mono,1.0
GACGGCTCATTAGCCA-1,T cells,1.0
GACGGCTCATTGGTAC-1,B cells,0.9999888
GACGGCTGTCTACCTC-1,T cells,0.9999224
GACGGCTGTGCGGTAA-1,Mono,1.0
GACGGCTGTGGACGAT-1,B cells,1.0
GACGGCTGTTCGTTGA-1,Mono,1.0
GACGGCTGTTGAGTTC-1,T cells,0.9999993
GACGGCTTCAGCTCGG-1,T cells,0.99993145
GACGGCTTCAGGTTCA-1,T cells,0.999998
GACGGCTTCCATTCTA-1,T cells,1.0
GACGTGCAGCGCCTTG-1,T cells,0.9999999
GACGTGCAGCGTTCCG-1,T cells,1.0
GACGTGCAGGATATAC-1,Mono,1.0
GACGTGCAGTGGGTTG-1,T cells,1.0
GACGTGCCAAATCCGT-1,Mono,1.0
GACGTGCCAGGATTGG-1,B cells,1.0
GACGTGCCATCGATTG-1,NK,0.99411494
GACGTGCGTACCAGTT-1,NK,0.99999976
GACGTGCGTCGAACAG-1,Mono,1.0
GACGTGCGTGCGGTAA-1,T cells,1.0
GACGTGCGTTACCGAT-1,T cells,0.9999945
GACGTGCGTTCTGTTT-1,Mono,1.0
GACGTGCTCAGAGACG-1,T cells,1.0
GACGTGCTCGTACCGG-1,T cells,1.0
GACGTGCTCGTTTGCC-1,Mono,1.0
GACGTTAAGAATCTCC-1,Mono,1.0
GACGTTAAGACACTAA-1,T cells,1.0
GACGTTAAGCGCTTAT-1,T cells,0.9999707
GACGTTAAGGTGATAT-1,Mono,1.0
GACGTTAAGTCATGCT-1,B cells,1.0
GACGTTACATGCGCAC-1,Mono,1.0
GACGTTAGTACCGGCT-1,B cells,0.9999999
GACGTTAGTCACACGC-1,T cells,0.99999976
GACGTTAGTCCTGCTT-1,B cells,1.0
GACGTTAGTCGTGGCT-1,T cells,1.0
GACGTTAGTCTTCAAG-1,Mono,1.0
GACGTTAGTTGCCTCT-1,T cells,1.0
GACGTTATCACTCTTA-1,T cells,1.0
GACGTTATCTTCATGT-1,T cells,0.9971512
GACTAACAGGCCGAAT-1,T cells,0.9999924
GACTAACAGGGCATGT-1,Mono,1.0
GACTAACCAATCTGCA-1,B cells,1.0
GACTAACCACCAGGCT-1,T cells,0.99999976
GACTAACCAGTCCTTC-1,NK,1.0
GACTAACCAGTGACAG-1,T cells,1.0
GACTAACCATGGTCTA-1,T cells,0.9999672
GACTAACGTCCCGACA-1,T cells,0.9999994
GACTAACGTCGGCATC-1,NK,1.0
GACTAACGTCTAAAGA-1,B cells,1.0
GACTAACGTCTAACGT-1,Mono,1.0
GACTAACGTCTGCAAT-1,T cells,0.9999999
GACTAACGTTCCACGG-1,NK,0.99999833
GACTAACGTTGTGGCC-1,T cells,0.99999
GACTAACTCCTGTACC-1,T cells,1.0
GACTAACTCTAACGGT-1,B cells,0.9999999
GACTAACTCTGCGTAA-1,Mono,1.0
GACTACAAGATGGGTC-1,T cells,0.99999976
GACTACAAGATGTGTA-1,T cells,0.9999999
GACTACAAGGCTAGAC-1,Mono,1.0
GACTACAAGTACGCGA-1,T cells,0.99939656
GACTACACAAGCGCTC-1,T cells,1.0
GACTACACAATGGTCT-1,T cells,0.9999999
GACTACACACCATCCT-1,Mono,1.0
GACTACACAGCCAGAA-1,Mono,1.0
GACTACAGTCTCTTAT-1,NK,0.9998847
GACTACAGTGTGCGTC-1,Mono,1.0
GACTACATCGAATGGG-1,T cells,1.0
GACTACATCGCGATCG-1,Mono,1.0
GACTACATCTCTAGGA-1,NK,0.9998925
GACTGCGAGACTAAGT-1,B cells,1.0
GACTGCGAGATCCCGC-1,T cells,0.9992618
GACTGCGAGCGTTCCG-1,Mono,1.0
GACTGCGAGCTAACTC-1,B cells,0.9999981
GACTGCGAGGTAAACT-1,NK,0.9999924
GACTGCGAGTTGCAGG-1,B cells,1.0
GACTGCGCAAGTCTAC-1,T cells,0.9999999
GACTGCGCAAGTTCTG-1,T cells,0.9999993
GACTGCGCAATGGAGC-1,B cells,1.0
GACTGCGCATAGTAAG-1,Mono,1.0
GACTGCGCATTGAGCT-1,Mono,1.0
GACTGCGGTCCGACGT-1,Mono,1.0
GACTGCGGTCGCCATG-1,Mono,1.0
GACTGCGGTTCCCTTG-1,T cells,1.0
GACTGCGGTTTAAGCC-1,T cells,0.9999442
GACTGCGTCACGCGGT-1,T cells,1.0
GACTGCGTCAGGCAAG-1,T cells,1.0
GACTGCGTCATCACCC-1,Mono,1.0
GACTGCGTCTTCTGGC-1,T cells,1.0
GAGCAGAAGAAACGCC-1,T cells,0.99999964
GAGCAGAAGAGCCCAA-1,B cells,1.0
GAGCAGAAGAGCTGCA-1,NK,1.0
GAGCAGAAGAGTAATC-1,Mono,1.0
GAGCAGAAGCAAATCA-1,Mono,1.0
GAGCAGAAGCAGCCTC-1,T cells,0.9998816
GAGCAGAAGCCACCTG-1,T cells,1.0
GAGCAGAAGTCGTTTG-1,T cells,1.0
GAGCAGAAGTTTAGGA-1,T cells,1.0
GAGCAGACACACCGCA-1,T cells,0.99999857
GAGCAGACAGACTCGC-1,T cells,0.99999917
GAGCAGACATAAAGGT-1,T cells,1.0
GAGCAGACATTCCTCG-1,T cells,0.99994767
GAGCAGAGTACAGACG-1,Mono,1.0
GAGCAGAGTAGAGTGC-1,Mono,1.0
GAGCAGAGTATAATGG-1,B cells,1.0
GAGCAGAGTCCGAAGA-1,B cells,0.9999999
GAGCAGAGTCTGATTG-1,T cells,0.99999905
GAGCAGAGTTGATTCG-1,T cells,0.9999999
GAGCAGATCAAGGCTT-1,T cells,1.0
GAGGTGAAGATACACA-1,T cells,0.9999993
GAGGTGAAGATCACGG-1,T cells,0.9998797
GAGGTGAAGGACAGCT-1,Mono,1.0
GAGGTGAAGTACGTAA-1,Mono,1.0
GAGGTGACAAGCCGTC-1,T cells,0.99999475
GAGGTGACAAGGACTG-1,B cells,1.0
GAGGTGACAAGTCTGT-1,T cells,1.0
GAGGTGACACAGACTT-1,T cells,0.9999938
GAGGTGACAGTAAGAT-1,T cells,1.0
GAGGTGACAGTGAGTG-1,Mono,1.0
GAGGTGACAGTGGGAT-1,Platelet,0.99540603
GAGGTGACAGTTTACG-1,Mono,1.0
GAGGTGAGTACCGAGA-1,B cells,1.0
GAGGTGAGTATCACCA-1,T cells,1.0
GAGGTGAGTCAACTGT-1,T cells,0.9999851
GAGGTGAGTCATGCAT-1,T cells,0.99999666
GAGGTGAGTGGCAAAC-1,T cells,1.0
GAGGTGAGTTCAGGCC-1,Mono,1.0
GAGGTGATCAGCACAT-1,T cells,1.0
GAGGTGATCCTGTAGA-1,B cells,0.99999964
GAGGTGATCGCATGGC-1,T cells,1.0
GAGGTGATCTAACTGG-1,T cells,0.9999999
GAGGTGATCTGCCCTA-1,NK,1.0
GAGTCCGAGAGCAATT-1,T cells,0.99980956
GAGTCCGAGAGCCCAA-1,Mono,1.0
GAGTCCGAGCGCTTAT-1,T cells,1.0
GAGTCCGAGGAGTTGC-1,T cells,1.0
GAGTCCGAGTGCAAGC-1,Mono,1.0
GAGTCCGCAACTTGAC-1,T cells,1.0
GAGTCCGCACACATGT-1,T cells,0.9999999
GAGTCCGCAGCAGTTT-1,T cells,0.9999995
GAGTCCGCAGCATACT-1,T cells,1.0
GAGTCCGCAGCCACCA-1,T cells,0.999974
GAGTCCGCATAAAGGT-1,T cells,0.9999987
GAGTCCGCATGAGCGA-1,T cells,1.0
GAGTCCGCATTAGCCA-1,B cells,1.0
GAGTCCGCATTCGACA-1,Mono,1.0
GAGTCCGGTAACGCGA-1,T cells,0.9999951
GAGTCCGGTATATCCG-1,Mono,1.0
GAGTCCGGTATCACCA-1,NK,0.99999154
GAGTCCGGTCCGCTGA-1,T cells,0.9999999
GAGTCCGGTCTGCCAG-1,T cells,0.9999945
GAGTCCGGTTTGTGTG-1,T cells,1.0
GAGTCCGTCACTGGGC-1,Mono,1.0
GAGTCCGTCATGCATG-1,B cells,1.0
GAGTCCGTCCGATATG-1,Mono,1.0
GAGTCCGTCGTCGTTC-1,T cells,0.99999976
GATCAGTAGCAGGTCA-1,NK,0.99999857
GATCAGTAGCCCGAAA-1,T cells,0.9999932
GATCAGTCAAGGTTTC-1,B cells,1.0
GATCAGTCACCACCAG-1,Mono,1.0
GATCAGTCAGCCACCA-1,T cells,0.9999999
GATCAGTCAGCGATCC-1,T cells,1.0
GATCAGTCAGGCTCAC-1,T cells,1.0
GATCAGTCAGTAGAGC-1,T cells,0.99999964
GATCAGTCAGTCCTTC-1,Mono,1.0
GATCAGTCATGCCTTC-1,T cells,0.9999999
GATCAGTCATTCTCAT-1,B cells,1.0
GATCAGTGTACCTACA-1,T cells,0.9999999
GATCAGTGTCCAGTAT-1,T cells,0.99999785
GATCAGTGTCCAGTTA-1,T cells,1.0
GATCAGTGTGTAATGA-1,T cells,1.0
GATCAGTTCCGGCACA-1,Mono,1.0
GATCAGTTCCTAAGTG-1,T cells,0.9999013
GATCAGTTCGCTTAGA-1,T cells,1.0
GATCGATAGAAACGCC-1,T cells,0.9999999
GATCGATAGAGTGACC-1,T cells,0.99999964
GATCGATAGATCACGG-1,T cells,0.99997056
GATCGATAGCCACGCT-1,T cells,0.99999964
GATCGATAGCTAACAA-1,T cells,1.0
GATCGATAGTGGGATC-1,Mono,1.0
GATCGATCAACTGGCC-1,B cells,1.0
GATCGATCACAACGCC-1,Mono,1.0
GATCGATCACAGAGGT-1,B cells,1.0
GATCGATCACTTACGA-1,Mono,1.0
GATCGATCATTACGAC-1,T cells,0.9999999
GATCGATGTCTGCCAG-1,Mono,1.0
GATCGATGTCTTTCAT-1,T cells,1.0
GATCGATGTGCACGAA-1,Mono,1.0
GATCGATGTTCCACTC-1,Mono,1.0
GATCGATTCACCGTAA-1,T cells,0.9999999
GATCGATTCCAGTATG-1,T cells,0.99999917
GATCGATTCTGTGCAA-1,Mono,1.0
GATCGCGAGACCGGAT-1,B cells,1.0
GATCGCGAGCGGCTTC-1,Mono,1.0
GATCGCGAGGTAAACT-1,B cells,1.0
GATCGCGAGTCTTGCA-1,Mono,1.0
GATCGCGAGTTTAGGA-1,T cells,0.99998844
GATCGCGCAAGCTGGA-1,NK,1.0
GATCGCGCACTTGGAT-1,Mono,1.0
GATCGCGCAGTATCTG-1,T cells,0.9999999
GATCGCGCATTACGAC-1,T cells,1.0
GATCGCGGTAGGGACT-1,NK,0.9999231
GATCGCGGTCGAAAGC-1,T cells,1.0
GATCGCGGTGAAAGAG-1,B cells,1.0
GATCGCGTCCGGGTGT-1,B cells,1.0
GATCGCGTCCTGCTTG-1,Mono,1.0
GATCGTAAGGCCCTTG-1,Mono,1.0
GATCGTAAGGTAAACT-1,T cells,1.0
GATCGTACAAAGGTGC-1,T cells,0.9999995
GATCGTACAAGCTGAG-1,NK,1.0
GATCGTACACATCCAA-1,T cells,0.9999999
GATCGTACACCGAAAG-1,B cells,0.9999999
GATCGTACAGAGCCAA-1,Mono,1.0
GATCGTAGTCACAAGG-1,T cells,0.99999976
GATCGTAGTCTAACGT-1,B cells,0.99999976
GATCGTATCAATAAGG-1,Mono,1.0
GATCTAGAGAATGTGT-1,T cells,0.99999404
GATCTAGAGCAAATCA-1,B cells,1.0
GATCTAGAGCCCAACC-1,Mono,1.0
GATCTAGAGCTACCTA-1,T cells,1.0
GATCTAGAGTGATCGG-1,Mono,1.0
GATCTAGCAAGCCGCT-1,B cells,0.9999999
GATCTAGCAAGGTGTG-1,Mono,1.0
GATCTAGCACCGCTAG-1,T cells,1.0
GATCTAGCATACGCCG-1,Mono,1.0
GATCTAGCATCCGTGG-1,T cells,0.9999981
GATCTAGCATTGGCGC-1,B cells,1.0
GATCTAGGTAAGTTCC-1,B cells,0.9999652
GATCTAGGTGCAACTT-1,T cells,0.9999989
GATCTAGGTGTAACGG-1,Mono,1.0
GATCTAGTCAGCATGT-1,Mono,1.0
GATCTAGTCAGTCCCT-1,T cells,0.9999995
GATCTAGTCCTTGACC-1,T cells,1.0
GATCTAGTCTATCGCC-1,Mono,1.0
GATGAAAAGACAATAC-1,T cells,1.0
GATGAAAAGATAGGAG-1,T cells,1.0
GATGAAAAGGAATCGC-1,T cells,0.9999951
GATGAAACACCCAGTG-1,Mono,1.0
GATGAAACAGACGCTC-1,T cells,0.9243182
GATGAAACAGATGGCA-1,Mono,1.0
GATGAAAGTAATCGTC-1,Mono,1.0
GATGAAAGTGGAAAGA-1,Mono,1.0
GATGAAAGTGTCTGAT-1,Mono,1.0
GATGAAAGTTGACGTT-1,T cells,1.0
GATGAAATCCCTTGTG-1,Mono,1.0
GATGAGGAGACAAGCC-1,T cells,0.99999964
GATGAGGAGACAGACC-1,T cells,1.0
GATGAGGAGCAATCTC-1,T cells,0.9999994
GATGAGGAGCAGCGTA-1,Mono,1.0
GATGAGGAGCTTCGCG-1,T cells,0.9999831
GATGAGGAGTACGTAA-1,Mono,1.0
GATGAGGAGTCCGGTC-1,Mono,1.0
GATGAGGAGTTGTAGA-1,Mono,1.0
GATGAGGCAATAGCGG-1,Mono,1.0
GATGAGGGTAGCGCTC-1,Mono,1.0
GATGAGGGTCCGTTAA-1,Mono,1.0
GATGAGGGTTAAGAAC-1,T cells,0.99999976
GATGAGGTCCACGCAG-1,Mono,1.0
GATGAGGTCCGCAAGC-1,T cells,1.0
GATGAGGTCGCACTCT-1,NK,0.9999999
GATGAGGTCTCTGAGA-1,T cells,0.99999976
GATGCTAAGAAGGACA-1,Mono,1.0
GATGCTAAGGCTATCT-1,B cells,1.0
GATGCTAAGTCGCCGT-1,B cells,1.0
GATGCTAAGTGGGCTA-1,T cells,1.0
GATGCTACAACCGCCA-1,B cells,1.0
GATGCTACAGAGCCAA-1,T cells,1.0
GATGCTACATTGGTAC-1,T cells,0.99999976
GATGCTAGTCGCATCG-1,T cells,0.99999785
GATGCTAGTCTTCAAG-1,Mono,1.0
GATGCTAGTGTGACGA-1,T cells,0.99999166
GATGCTAGTTCAGGCC-1,T cells,0.999995
GATGCTAGTTGCTCCT-1,T cells,1.0
GATGCTATCAACACTG-1,T cells,1.0
GATGCTATCATACGGT-1,T cells,1.0
GATGCTATCCTCCTAG-1,T cells,1.0
GATGCTATCCTTTCTC-1,T cells,1.0
GATGCTATCGAGAACG-1,T cells,0.547527
GATGCTATCGGAAACG-1,Mono,1.0
GATTCAGAGCACCGCT-1,Mono,1.0
GATTCAGAGTTGCAGG-1,T cells,0.9895502
GATTCAGCAAGCCGTC-1,Mono,1.0
GATTCAGCAATGGTCT-1,T cells,1.0
GATTCAGCACAGGCCT-1,B cells,0.99999094
GATTCAGCAGTAAGAT-1,Mono,1.0
GATTCAGCATGCCTAA-1,Mono,1.0
GATTCAGCATTCCTCG-1,T cells,1.0
GATTCAGGTAGCTCCG-1,T cells,0.9999999
GATTCAGGTATAGGGC-1,T cells,1.0
GATTCAGGTCTCACCT-1,B cells,1.0
GATTCAGGTCTTCTCG-1,B cells,1.0
GATTCAGGTGACTACT-1,T cells,1.0
GATTCAGTCAGTGCAT-1,B cells,1.0
GATTCAGTCCCAAGTA-1,B cells,0.9997205
GATTCAGTCGATCCCT-1,T cells,1.0
GATTCAGTCTGTCCGT-1,T cells,1.0
GATTCAGTCTGTTGAG-1,T cells,0.99999964
GCAAACTAGAAAGTGG-1,T cells,0.9932886
GCAAACTAGCCACCTG-1,T cells,0.9988716
GCAAACTAGCCCAGCT-1,Mono,1.0
GCAAACTCAAAGGTGC-1,T cells,1.0
GCAAACTCAAGAGGCT-1,T cells,1.0
GCAAACTCAAGGCTCC-1,T cells,1.0
GCAAACTCAATCTACG-1,T cells,0.9999987
GCAAACTCAATGGAAT-1,T cells,0.99999607
GCAAACTCACATGTGT-1,B cells,1.0
GCAAACTCACGGACAA-1,Mono,1.0
GCAAACTCAGGTCCAC-1,Mono,1.0
GCAAACTGTAAAGTCA-1,B cells,1.0
GCAAACTGTAAGGGCT-1,T cells,0.99999726
GCAAACTGTAGCTGCC-1,T cells,1.0
GCAAACTGTCACTGGC-1,T cells,1.0
GCAAACTGTCCTCCAT-1,T cells,1.0
GCAAACTGTCGAAAGC-1,Mono,1.0
GCAAACTGTGCATCTA-1,T cells,1.0
GCAAACTGTTCCACAA-1,NK,0.9999995
GCAAACTTCGATGAGG-1,B cells,0.9999993
GCAAACTTCTAGAGTC-1,T cells,1.0
GCAATCAAGATCCCAT-1,T cells,1.0
GCAATCAAGGCCATAG-1,B cells,0.9999963
GCAATCACAATCTGCA-1,T cells,0.99998784
GCAATCACAATGTTGC-1,T cells,1.0
GCAATCACACCACCAG-1,Mono,1.0
GCAATCACATGGATGG-1,Platelet,0.58068424
GCAATCAGTACCGTTA-1,Mono,1.0
GCAATCAGTATTACCG-1,B cells,1.0
GCAATCAGTCACTGGC-1,B cells,1.0
GCAATCAGTCTAACGT-1,B cells,1.0
GCAATCAGTTCTGGTA-1,T cells,0.9999999
GCAATCATCAGAGACG-1,T cells,0.9999999
GCAATCATCCAGTATG-1,Mono,1.0
GCAATCATCCGCGCAA-1,B cells,1.0
GCAATCATCCTTTACA-1,T cells,1.0
GCAATCATCGTAGATC-1,B cells,1.0
GCAATCATCGTCACGG-1,T cells,1.0
GCAATCATCTTGGGTA-1,Mono,1.0
GCACATAAGCGATCCC-1,Mono,1.0
GCACATACATCCCATC-1,T cells,1.0
GCACATACATTAACCG-1,Mono,1.0
GCACATACATTACGAC-1,T cells,0.9999943
GCACATAGTACTTAGC-1,T cells,0.99999976
GCACATAGTCATGCAT-1,Mono,1.0
GCACATAGTTTGTTTC-1,T cells,0.9998449
GCACATATCAACCATG-1,T cells,0.9999974
GCACATATCAACGGCC-1,T cells,1.0
GCACATATCCAGGGCT-1,T cells,1.0
GCACATATCGTTTGCC-1,T cells,0.99990475
GCACATATCTTACCTA-1,T cells,0.9999912
GCACTCTAGCTAAGAT-1,T cells,0.9999999
GCACTCTAGGACAGCT-1,T cells,0.99999964
GCACTCTCAAAGGCGT-1,T cells,0.9999999
GCACTCTCACACCGAC-1,T cells,0.9999995
GCACTCTCATATGAGA-1,Mono,1.0
GCACTCTCATCACGTA-1,T cells,0.99999464
GCACTCTGTACTTGAC-1,Mono,1.0
GCACTCTGTATTCTCT-1,T cells,1.0
GCACTCTGTCAAAGAT-1,T cells,0.99999547
GCACTCTGTCCAAGTT-1,Mono,1.0
GCACTCTGTCGTCTTC-1,T cells,0.99999964
GCACTCTGTTCAGGCC-1,T cells,1.0
GCACTCTGTTGAACTC-1,T cells,0.99999976
GCACTCTGTTGAGGTG-1,Mono,0.99984574
GCACTCTTCCTGCTTG-1,B cells,1.0
GCACTCTTCGGAAACG-1,NK,0.71698225
GCACTCTTCTGTCCGT-1,T cells,0.9999999
GCACTCTTCTTAGCCC-1,Mono,1.0
GCAGCCAAGAAGCCCA-1,T cells,0.9999814
GCAGCCAAGATATACG-1,T cells,0.9999999
GCAGCCAAGATCTGCT-1,T cells,0.9999999
GCAGCCAAGTCCGTAT-1,Mono,1.0
GCAGCCAAGTTAAGTG-1,Mono,1.0
GCAGCCAAGTTACCCA-1,T cells,0.9999999
GCAGCCACAAAGAATC-1,B cells,1.0
GCAGCCACAACACGCC-1,Mono,1.0
GCAGCCACAAGCCGCT-1,T cells,0.9999999
GCAGCCACAAGGACAC-1,T cells,0.9999999
GCAGCCACATCCGCGA-1,T cells,0.9999863
GCAGCCACATTAGGCT-1,T cells,1.0
GCAGCCAGTAAATACG-1,T cells,0.99999785
GCAGCCAGTAGTGAAT-1,T cells,0.9999999
GCAGCCAGTCTCCCTA-1,T cells,1.0
GCAGCCAGTGCATCTA-1,Mono,1.0
GCAGCCAGTGTTAAGA-1,T cells,1.0
GCAGCCAGTTGAACTC-1,Mono,1.0
GCAGCCATCATAAAGG-1,Mono,1.0
GCAGCCATCCAATGGT-1,Mono,1.0
GCAGCCATCGCGCCAA-1,NK,0.99999905
GCAGTTAAGAGACTAT-1,Mono,1.0
GCAGTTAAGAGAGCTC-1,T cells,1.0
GCAGTTAAGCAACGGT-1,T cells,0.9999993
GCAGTTAAGGAATTAC-1,Mono,1.0
GCAGTTAAGTGTCCAT-1,T cells,0.99999785
GCAGTTACAAGAGTCG-1,B cells,1.0
GCAGTTAGTAGGGTAC-1,T cells,0.99933416
GCAGTTAGTATTACCG-1,Mono,1.0
GCAGTTAGTTCCATGA-1,Mono,1.0
GCAGTTATCAACCATG-1,B cells,1.0
GCAGTTATCACAGGCC-1,T cells,0.9999975
GCAGTTATCAGCACAT-1,T cells,0.9999474
GCAGTTATCATGTCCC-1,T cells,1.0
GCAGTTATCCCGACTT-1,Mono,1.0
GCAGTTATCCGCATCT-1,T cells,0.9966653
GCAGTTATCGAACGGA-1,T cells,0.9999999
GCAGTTATCTAACGGT-1,Mono,1.0
GCATACAAGAGGGCTT-1,T cells,1.0
GCATACAAGAGTGAGA-1,T cells,1.0
GCATACAAGCGATGAC-1,Mono,1.0
GCATACAAGTGAACGC-1,Mono,1.0
GCATACAAGTTACCCA-1,T cells,0.99999964
GCATACAAGTTGAGAT-1,T cells,0.99999964
GCATACACAAGAGGCT-1,B cells,0.8994289
GCATACACAAGCCATT-1,T cells,1.0
GCATACACAAGCGATG-1,T cells,1.0
GCATACACAATGGATA-1,Mono,1.0
GCATACACACGCATCG-1,Mono,1.0
GCATACACACTACAGT-1,T cells,0.9999989
GCATACACAGATGAGC-1,T cells,0.99999595
GCATACACATATACCG-1,T cells,0.9999962
GCATACACATTATCTC-1,Mono,1.0
GCATACAGTCTAAAGA-1,T cells,1.0
GCATACATCCGGCACA-1,B cells,1.0
GCATACATCGCAAGCC-1,T cells,1.0
GCATGATAGACTGGGT-1,Mono,1.0
GCATGATAGCGATAGC-1,T cells,1.0
GCATGATAGCTAAACA-1,T cells,1.0
GCATGATAGTTGTCGT-1,B cells,0.9999999
GCATGATCAAGTTAAG-1,T cells,1.0
GCATGATCACTACAGT-1,Mono,1.0
GCATGATCAGGTCCAC-1,B cells,1.0
GCATGATCAGTGGGAT-1,T cells,0.99999547
GCATGATCATCACAAC-1,T cells,0.9999999
GCATGATGTAAGTGGC-1,T cells,0.9999995
GCATGATGTCTACCTC-1,T cells,0.9999305
GCATGATTCATCGCTC-1,T cells,1.0
GCATGATTCGAGCCCA-1,B cells,1.0
GCATGATTCGGCTTGG-1,Mono,1.0
GCATGATTCTGCGTAA-1,T cells,0.99998915
GCATGCGAGAGTGACC-1,T cells,0.9999995
GCATGCGAGCTCAACT-1,T cells,0.9999999
GCATGCGAGGATGCGT-1,B cells,0.999997
GCATGCGAGGGTCTCC-1,Mono,1.0
GCATGCGCAAGCGATG-1,NK,0.9999981
GCATGCGCACCATCCT-1,T cells,0.99999845
GCATGCGCATCAGTCA-1,Mono,1.0
GCATGCGCATGTCTCC-1,B cells,0.9999989
GCATGCGGTACCATCA-1,T cells,0.9999995
GCATGCGGTGTGTGCC-1,T cells,0.99999976
GCATGCGGTTAGTGGG-1,T cells,0.999666
GCATGCGGTTATGCGT-1,B cells,1.0
GCATGCGTCAAAGACA-1,T cells,0.9999989
GCATGCGTCAATACCG-1,T cells,0.999998
GCATGCGTCCACGTGG-1,B cells,1.0
GCATGCGTCCCATTTA-1,Mono,1.0
GCATGCGTCTTAACCT-1,B cells,1.0
GCATGCGTCTTCGAGA-1,Mono,1.0
GCATGCGTCTTTACGT-1,B cells,1.0
GCATGTAAGAGCTGGT-1,Mono,1.0
GCATGTAAGATTACCC-1,T cells,0.9999999
GCATGTAAGGCTAGAC-1,T cells,1.0
GCATGTACACCCTATC-1,T cells,0.9999826
GCATGTACAGATCCAT-1,NK,1.0
GCATGTACAGGCTGAA-1,NK,0.93363565
GCATGTACATGCCTTC-1,T cells,1.0
GCATGTAGTTAAGATG-1,Mono,1.0
GCATGTATCACCGGGT-1,T cells,0.9999999
GCATGTATCAGTCCCT-1,Mono,1.0
GCATGTATCATAACCG-1,Mono,1.0
GCATGTATCCACTGGG-1,T cells,1.0
GCATGTATCCGTTGCT-1,T cells,0.9999943
GCATGTATCTCGATGA-1,Mono,1.0
GCCAAATAGATAGTCA-1,T cells,1.0
GCCAAATAGTCAAGCG-1,T cells,0.99999774
GCCAAATCAAGTTAAG-1,B cells,1.0
GCCAAATCAATCGAAA-1,T cells,1.0
GCCAAATCACGAAGCA-1,T cells,0.9999999
GCCAAATCATATACCG-1,NK,0.99999976
GCCAAATCATGCCTTC-1,T cells,0.99999976
GCCAAATGTACAGTGG-1,Mono,1.0
GCCAAATGTACTCTCC-1,T cells,0.99952376
GCCAAATGTTACGGAG-1,T cells,0.99999976
GCCTCTAAGAAGAAGC-1,Mono,1.0
GCCTCTAAGAATTCCC-1,T cells,1.0
GCCTCTAAGACACGAC-1,T cells,0.99999523
GCCTCTAAGCCTATGT-1,T cells,0.99972326
GCCTCTAAGCGTGAAC-1,Mono,1.0
GCCTCTAAGCTAGTTC-1,B cells,1.0
GCCTCTAAGTGGGATC-1,B cells,1.0
GCCTCTACAACGATGG-1,T cells,1.0
GCCTCTACAATGCCAT-1,T cells,0.9999987
GCCTCTACAATGGACG-1,T cells,1.0
GCCTCTACATCTCCCA-1,B cells,1.0
GCCTCTACATGCTAGT-1,T cells,1.0
GCCTCTAGTCAATGTC-1,Mono,1.0
GCCTCTAGTCATACTG-1,T cells,0.9999827
GCCTCTAGTGCATCTA-1,T cells,0.9999927
GCCTCTAGTGGTAACG-1,T cells,1.0
GCCTCTAGTTCTGTTT-1,T cells,0.99286556
GCCTCTATCAACACAC-1,T cells,0.9999964
GCCTCTATCATGTCCC-1,T cells,1.0
GCCTCTATCCATTCTA-1,T cells,0.9999999
GCCTCTATCCCTGACT-1,B cells,1.0
GCCTCTATCGGTTAAC-1,NK,1.0
GCGACCAAGCCAGTAG-1,Mono,1.0
GCGACCAAGCTCCCAG-1,T cells,0.9999778
GCGACCACACCCATTC-1,Mono,1.0
GCGACCACAGGCAGTA-1,T cells,0.9998461
GCGACCACATCGGTTA-1,T cells,1.0
GCGACCAGTAGCCTAT-1,T cells,1.0
GCGACCAGTAGCCTCG-1,Mono,1.0
GCGACCAGTAGGCTGA-1,T cells,1.0
GCGACCAGTCCGAACC-1,B cells,0.9999999
GCGACCAGTGCCTGCA-1,T cells,0.9999999
GCGACCAGTGCGATAG-1,T cells,1.0
GCGACCAGTTCAGTAC-1,T cells,1.0
GCGACCATCACCCGAG-1,T cells,1.0
GCGACCATCCGAGCCA-1,T cells,1.0
GCGAGAAAGACTAAGT-1,T cells,0.9998066
GCGAGAAAGCCACGCT-1,T cells,0.99999833
GCGAGAAAGCCTTGAT-1,T cells,0.99863344
GCGAGAAAGTTAGCGG-1,T cells,0.99999917
GCGAGAACAAACGTGG-1,T cells,0.9999989
GCGAGAACAATAGAGT-1,T cells,0.9999995
GCGAGAACACCTCGGA-1,B cells,0.9999999
GCGAGAACAGGGTATG-1,Mono,1.0
GCGAGAACATAGAAAC-1,Mono,1.0
GCGAGAACATGTAAGA-1,Mono,1.0
GCGAGAAGTAAACGCG-1,T cells,0.9999989
GCGAGAAGTACGCACC-1,Mono,1.0
GCGAGAAGTAGCTAAA-1,T cells,0.9999987
GCGAGAAGTCCGACGT-1,T cells,1.0
GCGAGAATCCTCAATT-1,T cells,0.99999964
GCGAGAATCGCTTGTC-1,T cells,1.0
GCGAGAATCGTTTATC-1,B cells,1.0
GCGCAACAGAAGGTGA-1,T cells,1.0
GCGCAACAGACGCAAC-1,T cells,1.0
GCGCAACAGTGAAGAG-1,Mono,1.0
GCGCAACCAAGGACAC-1,T cells,1.0
GCGCAACCACGTCTCT-1,T cells,1.0
GCGCAACCAGCCTTGG-1,T cells,0.9999999
GCGCAACCATCCGGGT-1,B cells,1.0
GCGCAACCATCGACGC-1,T cells,0.9999982
GCGCAACCATGACGGA-1,T cells,0.52221674
GCGCAACCATTGGTAC-1,T cells,0.9999956
GCGCAACGTAAACACA-1,T cells,1.0
GCGCAACGTCCAGTAT-1,T cells,0.9999989
GCGCAACGTCGCGGTT-1,B cells,1.0
GCGCAACGTCTCTTTA-1,T cells,1.0
GCGCAACGTGCCTGCA-1,Mono,1.0
GCGCAACTCTGGGCCA-1,T cells,1.0
GCGCAGTAGACCACGA-1,T cells,0.9999987
GCGCAGTAGACCGGAT-1,T cells,0.9998178
GCGCAGTAGACCTAGG-1,T cells,1.0
GCGCAGTAGGCCGAAT-1,T cells,0.99999666
GCGCAGTAGTAGGCCA-1,T cells,0.9999994
GCGCAGTAGTCCGGTC-1,B cells,0.9999995
GCGCAGTAGTCGTTTG-1,T cells,0.9999707
GCGCAGTAGTGATCGG-1,T cells,1.0
GCGCAGTCAATCGGTT-1,B cells,1.0
GCGCAGTCACTTGGAT-1,B cells,1.0
GCGCAGTCAGTTCCCT-1,T cells,0.99999547
GCGCAGTCATTTGCTT-1,B cells,1.0
GCGCAGTGTAAGAGAG-1,T cells,0.99999964
GCGCAGTGTAATCGTC-1,B cells,1.0
GCGCAGTGTAGAAGGA-1,T cells,0.9999995
GCGCAGTGTCCATCCT-1,T cells,1.0
GCGCAGTGTCCGTTAA-1,B cells,0.99999905
GCGCAGTGTCTCCATC-1,Mono,1.0
GCGCAGTGTCTGCGGT-1,T cells,0.91044676
GCGCAGTGTGAAAGAG-1,T cells,0.9999999
GCGCAGTGTGCGCTTG-1,Mono,1.0
GCGCAGTGTTACGTCA-1,T cells,0.9998048
GCGCAGTTCCATTCTA-1,T cells,0.9999999
GCGCAGTTCGAGGTAG-1,B cells,1.0
GCGCAGTTCTCGTTTA-1,T cells,0.9999919
GCGCCAAAGAGGTAGA-1,T cells,0.9999993
GCGCCAAAGCTACCGC-1,Mono,1.0
GCGCCAAAGCTGCGAA-1,T cells,1.0
GCGCCAAAGCTTTGGT-1,Mono,1.0
GCGCCAAAGTACGTTC-1,T cells,0.99999976
GCGCCAAAGTGTCCAT-1,B cells,0.9999999
GCGCCAACAACTTGAC-1,B cells,0.9999827
GCGCCAACAAGTTCTG-1,T cells,0.998268
GCGCCAACACAGGCCT-1,T cells,0.999997
GCGCCAACACCAGTTA-1,B cells,1.0
GCGCCAACACGTTGGC-1,Mono,1.0
GCGCCAACATAGACTC-1,B cells,1.0
GCGCCAACATCTACGA-1,B cells,0.9999999
GCGCCAACATCTGGTA-1,T cells,1.0
GCGCCAAGTTCGCTAA-1,T cells,0.8326317
GCGCCAAGTTTCCACC-1,T cells,0.99996495
GCGCCAATCATTGCGA-1,T cells,0.9999988
GCGCCAATCTACCAGA-1,Mono,1.0
GCGCGATAGACACGAC-1,T cells,1.0
GCGCGATAGATCCGAG-1,T cells,0.99999964
GCGCGATAGATCGATA-1,T cells,0.99999976
GCGCGATAGGACACCA-1,Mono,1.0
GCGCGATAGGATCGCA-1,T cells,1.0
GCGCGATCAATCTACG-1,T cells,0.9999999
GCGCGATCAATGGAGC-1,T cells,0.9999888
GCGCGATCACATCTTT-1,T cells,0.9999988
GCGCGATCAGCTGCAC-1,T cells,0.9999994
GCGCGATGTACAGTTC-1,Mono,1.0
GCGCGATGTAGTGAAT-1,Mono,1.0
GCGCGATGTCAAAGAT-1,Mono,1.0
GCGCGATGTCTGGTCG-1,T cells,0.9999987
GCGCGATGTGCACTTA-1,T cells,0.9999918
GCGCGATGTTGAACTC-1,T cells,0.99872357
GCGCGATGTTTCGCTC-1,T cells,1.0
GCGCGATTCCCACTTG-1,Mono,1.0
GCGCGATTCGCAAACT-1,T cells,1.0
GCGCGATTCGTTACAG-1,T cells,0.99999964
GCGCGATTCTTTCCTC-1,Mono,1.0
GCGGGTTAGAGTCGGT-1,T cells,1.0
GCGGGTTAGGATATAC-1,Mono,1.0
GCGGGTTAGTACCGGA-1,Mono,1.0
GCGGGTTCACTCAGGC-1,Mono,1.0
GCGGGTTCAGTGACAG-1,T cells,1.0
GCGGGTTCATTCACTT-1,T cells,1.0
GCGGGTTCATTCCTCG-1,T cells,0.99999976
GCGGGTTGTACTCTCC-1,NK,0.9999944
GCGGGTTGTCATGCCG-1,Mono,1.0
GCGGGTTGTCCCTTGT-1,Mono,1.0
GCGGGTTGTCTCTCGT-1,T cells,0.99999046
GCGGGTTGTGTCAATC-1,B cells,1.0
GCGGGTTTCATGCAAC-1,T cells,0.8420262
GCGGGTTTCCGCATAA-1,T cells,0.99999917
GCGGGTTTCCTGTACC-1,T cells,1.0
GCGGGTTTCTGATACG-1,Mono,1.0
GCTCCTAAGACACGAC-1,T cells,1.0
GCTCCTAAGCCACGCT-1,Mono,1.0
GCTCCTAAGCTGTCTA-1,B cells,1.0
GCTCCTAAGGAACTGC-1,Mono,1.0
GCTCCTAAGGACAGAA-1,B cells,1.0
GCTCCTAAGTCGTTTG-1,T cells,0.9999833
GCTCCTACAGCCTGTG-1,Mono,1.0
GCTCCTACAGCGTAAG-1,Mono,1.0
GCTCCTACAGGAATGC-1,Mono,1.0
GCTCCTACAGGTCTCG-1,Mono,1.0
GCTCCTAGTCACTGGC-1,T cells,0.99999976
GCTCCTAGTGACAAAT-1,Mono,1.0
GCTCCTAGTTCGGCAC-1,Mono,1.0
GCTCCTATCACCAGGC-1,Mono,1.0
GCTCCTATCATCGATG-1,T cells,0.9999999
GCTCCTATCCAAGTAC-1,T cells,1.0
GCTCCTATCCTATGTT-1,T cells,1.0
GCTCCTATCCTTAATC-1,T cells,0.9999244
GCTCCTATCTTCCTTC-1,T cells,0.99991584
GCTCTGTAGAAGGGTA-1,B cells,0.9999999
GCTCTGTAGATATGCA-1,Mono,1.0
GCTCTGTAGATGTAAC-1,T cells,0.9999999
GCTCTGTAGGTGCAAC-1,T cells,1.0
GCTCTGTAGTAGTGCG-1,T cells,1.0
GCTCTGTCAAGAGGCT-1,T cells,1.0
GCTCTGTCAAGAGTCG-1,Mono,1.0
GCTCTGTCAATCCAAC-1,T cells,0.99999964
GCTCTGTCAATGGAAT-1,Mono,1.0
GCTCTGTCACAACTGT-1,NK,0.99973863
GCTCTGTCATTTCAGG-1,B cells,0.99994373
GCTCTGTGTACCAGTT-1,Mono,1.0
GCTCTGTGTCGCGGTT-1,T cells,0.99999416
GCTCTGTGTGTGACGA-1,T cells,1.0
GCTCTGTTCAGTTAGC-1,B cells,1.0
GCTCTGTTCATAACCG-1,Mono,1.0
GCTCTGTTCATCGGAT-1,T cells,0.9999999
GCTCTGTTCCGAGCCA-1,B cells,0.76113033
GCTCTGTTCCTTGCCA-1,Mono,1.0
GCTCTGTTCGTAGGTT-1,T cells,1.0
GCTGCAGAGCCAGGAT-1,B cells,0.99999523
GCTGCAGAGCCGGTAA-1,T cells,1.0
GCTGCAGAGCTAAACA-1,Mono,1.0
GCTGCAGAGTACACCT-1,B cells,1.0
GCTGCAGCAAAGTCAA-1,B cells,1.0
GCTGCAGCACACATGT-1,T cells,1.0
GCTGCAGCACGGATAG-1,T cells,1.0
GCTGCAGCACTCTGTC-1,NK,1.0
GCTGCAGCAGAGCCAA-1,T cells,0.9999877
GCTGCAGCATACTACG-1,Mono,1.0
GCTGCAGCATATACGC-1,B cells,1.0
GCTGCAGGTACAGCAG-1,T cells,0.6429992
GCTGCAGGTATCGCAT-1,T cells,0.99999905
GCTGCAGTCAGCGACC-1,T cells,0.6549568
GCTGCAGTCGAGCCCA-1,Mono,1.0
GCTGCAGTCGGAGGTA-1,Mono,1.0
GCTGCAGTCTGCTTGC-1,T cells,0.9999926
GCTGCGAAGACGACGT-1,Mono,1.0
GCTGCGAAGAGACGAA-1,T cells,0.9999994
GCTGCGAAGCAGGCTA-1,T cells,0.9999995
GCTGCGAAGTAGATGT-1,T cells,0.9999981
GCTGCGAAGTGTTTGC-1,T cells,0.9999994
GCTGCGACAGCGAACA-1,T cells,0.9999999
GCTGCGACAGGCTCAC-1,Mono,1.0
GCTGCGACAGTCTTCC-1,Mono,1.0
GCTGCGAGTACTCTCC-1,NK,0.99999917
GCTGCGAGTCGAGTTT-1,NK,0.99999726
GCTGCGATCCAGGGCT-1,B cells,1.0
GCTGCGATCCGCAAGC-1,T cells,0.99999976
GCTGCGATCTAAGCCA-1,Mono,1.0
GCTGCTTAGGATCGCA-1,Mono,1.0
GCTGCTTAGGCTAGGT-1,T cells,1.0
GCTGCTTAGGTCATCT-1,T cells,1.0
GCTGCTTAGTCCTCCT-1,NK,0.9999993
GCTGCTTCAAGTCATC-1,B cells,1.0
GCTGCTTCACAGTCGC-1,T cells,1.0
GCTGCTTCACCGATAT-1,T cells,0.9999999
GCTGCTTCACCGTTGG-1,T cells,1.0
GCTGCTTCAGTACACT-1,T cells,1.0
GCTGCTTGTACAGACG-1,B cells,1.0
GCTGCTTGTTCGCGAC-1,NK,0.9999995
GCTGCTTTCCCTAATT-1,Mono,1.0
GCTGCTTTCCTATTCA-1,T cells,1.0
GCTGCTTTCCTTGGTC-1,T cells,0.9998111
GCTGCTTTCGTGGACC-1,T cells,1.0
GCTGGGTAGAATCTCC-1,T cells,1.0
GCTGGGTAGATATGGT-1,T cells,1.0
GCTGGGTAGCCAGTAG-1,Mono,1.0
GCTGGGTAGCGATTCT-1,Mono,1.0
GCTGGGTAGCTAGTCT-1,B cells,1.0
GCTGGGTAGTCGTACT-1,T cells,0.9999993
GCTGGGTCAATGTTGC-1,B cells,1.0
GCTGGGTCACGTCAGC-1,Mono,1.0
GCTGGGTCACTTAAGC-1,Mono,1.0
GCTGGGTCATTGTGCA-1,B cells,1.0
GCTGGGTGTAGCTGCC-1,B cells,0.9512891
GCTGGGTGTCATATCG-1,T cells,1.0
GCTGGGTGTCGGCATC-1,B cells,1.0
GCTGGGTGTGACGGTA-1,Mono,1.0
GCTGGGTGTGTTCTTT-1,T cells,1.0
GCTGGGTGTTCCGTCT-1,T cells,1.0
GCTGGGTTCATAAAGG-1,T cells,0.9999999
GCTGGGTTCCTTGGTC-1,B cells,0.9999994
GCTGGGTTCTCACATT-1,B cells,1.0
GCTTCCAAGAATAGGG-1,B cells,1.0
GCTTCCAAGAGTACCG-1,Mono,1.0
GCTTCCAAGGGCACTA-1,T cells,0.61123955
GCTTCCAAGTGACTCT-1,B cells,1.0
GCTTCCACAAATCCGT-1,Mono,1.0
GCTTCCACAAGCCGCT-1,B cells,1.0
GCTTCCACAGATCTGT-1,Mono,1.0
GCTTCCAGTAAAGTCA-1,T cells,1.0
GCTTCCAGTAAGAGAG-1,T cells,0.9999994
GCTTCCAGTCGCATCG-1,T cells,0.9999993
GCTTCCAGTGACAAAT-1,B cells,1.0
GCTTCCATCCATTCTA-1,Mono,1.0
GCTTCCATCCCAGGTG-1,Mono,1.0
GCTTCCATCCTACAGA-1,Mono,1.0
GCTTCCATCTATCCCG-1,T cells,1.0
GCTTCCATCTGTGCAA-1,T cells,0.9999993
GCTTGAAAGACGCACA-1,T cells,0.9999957
GCTTGAAAGAGTCGGT-1,T cells,1.0
GCTTGAAAGCGTAATA-1,T cells,1.0
GCTTGAAAGCGTTGCC-1,B cells,1.0
GCTTGAAAGGTGATTA-1,B cells,1.0
GCTTGAAAGTGAACAT-1,T cells,1.0
GCTTGAAAGTTACCCA-1,NK,0.9999794
GCTTGAACAAGGACTG-1,Mono,1.0
GCTTGAACAATAGAGT-1,Mono,1.0
GCTTGAACACAGACAG-1,T cells,1.0
GCTTGAACACATTTCT-1,T cells,0.99999976
GCTTGAACACCGCTAG-1,Mono,1.0
GCTTGAACACTATCTT-1,T cells,0.99999857
GCTTGAACACTTGGAT-1,B cells,1.0
GCTTGAACAGCGTAAG-1,Mono,1.0
GCTTGAACAGCTTCGG-1,Mono,1.0
GCTTGAACATACGCTA-1,B cells,1.0
GCTTGAACATTAACCG-1,T cells,1.0
GCTTGAAGTACCGTTA-1,Mono,0.99999964
GCTTGAAGTAGCTTGT-1,T cells,0.9997738
GCTTGAAGTCCATCCT-1,T cells,0.99999976
GCTTGAAGTCTTGTCC-1,T cells,0.9999999
GCTTGAAGTGGTAACG-1,B cells,0.9999999
GCTTGAAGTTTAAGCC-1,B cells,1.0
GCTTGAATCACCTTAT-1,Mono,1.0
GGAAAGCAGCCGTCGT-1,B cells,1.0
GGAAAGCAGCTATGCT-1,T cells,0.9999995
GGAAAGCAGTTGAGAT-1,Mono,1.0
GGAAAGCCACTGTTAG-1,T cells,1.0
GGAAAGCGTCTAGCCG-1,B cells,0.9999988
GGAAAGCTCACTGGGC-1,T cells,1.0
GGAAAGCTCATGTGGT-1,T cells,0.99999857
GGAAAGCTCGGTCTAA-1,T cells,0.9999919
GGAACTTAGCTAGTCT-1,T cells,1.0
GGAACTTAGTACACCT-1,Mono,1.0
GGAACTTAGTTGCAGG-1,T cells,1.0
GGAACTTCAACGATCT-1,Mono,1.0
GGAACTTCACTCGACG-1,T cells,0.99999976
GGAACTTCATGACATC-1,T cells,0.9999999
GGAACTTCATGCCTTC-1,T cells,1.0
GGAACTTCATTTGCTT-1,T cells,1.0
GGAACTTGTACACCGC-1,T cells,0.99999976
GGAACTTGTACAGCAG-1,B cells,0.9999999
GGAACTTGTACTCAAC-1,T cells,1.0
GGAACTTGTCGTGGCT-1,T cells,0.9999999
GGAACTTGTGCACGAA-1,T cells,0.9999999
GGAACTTTCAATCTCT-1,B cells,0.9999995
GGAACTTTCAGCCTAA-1,T cells,1.0
GGAACTTTCAGCTCGG-1,T cells,0.9999969
GGAACTTTCATGTGGT-1,T cells,1.0
GGAACTTTCCTAAGTG-1,T cells,1.0
GGAACTTTCGCCATAA-1,T cells,0.997521
GGAACTTTCGTTTAGG-1,Mono,1.0
GGAACTTTCTGTCTCG-1,T cells,0.9995652
GGAATAAAGGACATTA-1,Mono,1.0
GGAATAAAGGACTGGT-1,T cells,0.9999933
GGAATAAAGGCTATCT-1,NK,0.9999945
GGAATAAAGTAACCCT-1,T cells,0.999998
GGAATAAAGTGGTAAT-1,Mono,1.0
GGAATAAAGTTCGATC-1,T cells,0.9599404
GGAATAACACTCAGGC-1,B cells,1.0
GGAATAACAGCATACT-1,B cells,1.0
GGAATAACAGCCACCA-1,Mono,1.0
GGAATAACATGGTCAT-1,T cells,1.0
GGAATAAGTACGCTGC-1,B cells,0.9999999
GGAATAAGTAGTACCT-1,B cells,1.0
GGAATAAGTATGAATG-1,T cells,1.0
GGAATAAGTGACAAAT-1,T cells,1.0
GGAATAAGTGGCCCTA-1,T cells,0.9999323
GGAATAAGTGGTACAG-1,T cells,0.999974
GGAATAATCAACGAAA-1,B cells,1.0
GGAATAATCATATCGG-1,T cells,1.0
GGAATAATCATCGGAT-1,Mono,1.0
GGAATAATCATGCTCC-1,Mono,1.0
GGAATAATCCCATTTA-1,T cells,0.9999968
GGACAAGAGAGAACAG-1,Mono,1.0
GGACAAGAGCATGGCA-1,Mono,1.0
GGACAAGAGTCTCGGC-1,T cells,0.9999994
GGACAAGCAAAGTGCG-1,T cells,0.9999988
GGACAAGCAAATCCGT-1,T cells,1.0
GGACAAGCAATTGCTG-1,T cells,1.0
GGACAAGCACAACTGT-1,T cells,0.9999925
GGACAAGCACGTTGGC-1,B cells,1.0
GGACAAGCACTAGTAC-1,T cells,0.999984
GGACAAGCATGCAACT-1,Mono,1.0
GGACAAGGTCTTGCGG-1,T cells,0.9999995
GGACAAGGTGCATCTA-1,T cells,0.99999607
GGACAAGGTGCTGTAT-1,T cells,1.0
GGACAAGGTGTTTGGT-1,T cells,1.0
GGACAAGGTTATCCGA-1,Mono,1.0
GGACAAGGTTATGTGC-1,T cells,1.0
GGACAAGGTTCGCTAA-1,B cells,0.99999976
GGACAAGTCAAACGGG-1,T cells,0.9999999
GGACAAGTCCCACTTG-1,Mono,1.0
GGACAGAAGACAAGCC-1,Mono,1.0
GGACAGAAGACAGACC-1,B cells,0.99999964
GGACAGAAGACCTAGG-1,T cells,0.9999999
GGACAGAAGAGCCCAA-1,T cells,0.9999938
GGACAGAAGCTGAAAT-1,T cells,1.0
GGACAGAAGGCGCTCT-1,T cells,0.99999964
GGACAGAAGGTAGCCA-1,B cells,1.0
GGACAGAAGTCGTACT-1,T cells,0.95482624
GGACAGAAGTCTTGCA-1,Mono,1.0
GGACAGACACGGCGTT-1,T cells,0.99999976
GGACAGACAGCCAATT-1,T cells,0.99999774
GGACAGACATTGAGCT-1,Mono,1.0
GGACAGAGTTGAGGTG-1,Mono,1.0
GGACAGATCCAAAGTC-1,B cells,1.0
GGACAGATCGTCCAGG-1,T cells,0.9998982
GGACAGATCTTGTATC-1,T cells,0.99999964
GGACATTAGTTGTAGA-1,B cells,1.0
GGACATTCACAGCCCA-1,T cells,1.0
GGACATTCACCATCCT-1,B cells,1.0
GGACATTCAGACACTT-1,T cells,1.0
GGACATTCAGGGTACA-1,T cells,0.99999845
GGACATTCATCGATTG-1,T cells,0.9999877
GGACATTCATCGGAAG-1,Mono,1.0
GGACATTCATGGATGG-1,B cells,0.9999999
GGACATTGTAACGCGA-1,T cells,1.0
GGACATTGTCTCAACA-1,B cells,1.0
GGACATTGTGACCAAG-1,T cells,1.0
GGACATTGTTTCGCTC-1,T cells,0.99654454
GGACATTTCAACACTG-1,Mono,1.0
GGACATTTCAATACCG-1,T cells,1.0
GGACATTTCACCATAG-1,Mono,1.0
GGACATTTCATTCACT-1,B cells,1.0
GGACATTTCGAATGCT-1,Mono,1.0
GGACATTTCTAACCGA-1,T cells,1.0
GGACGTCAGCATGGCA-1,T cells,0.9999846
GGACGTCCAAGGACTG-1,B cells,1.0
GGACGTCCACAGACAG-1,B cells,0.9999994
GGACGTCCAGCGAACA-1,B cells,1.0
GGACGTCCAGTTAACC-1,T cells,0.99999166
GGACGTCGTACAGACG-1,Mono,1.0
GGACGTCGTAGAAAGG-1,T cells,0.9999999
GGACGTCGTAGCGCTC-1,Mono,1.0
GGACGTCGTCCGAATT-1,T cells,0.9999957
GGACGTCGTCTTGCGG-1,T cells,0.99999976
GGACGTCGTGACCAAG-1,T cells,0.99999964
GGACGTCGTGAGCGAT-1,T cells,1.0
GGACGTCGTGATAAGT-1,B cells,0.9108073
GGACGTCGTTAAGGGC-1,T cells,0.9999995
GGACGTCGTTCCACGG-1,B cells,1.0
GGACGTCTCAAACGGG-1,T cells,1.0
GGACGTCTCCGCGTTT-1,Mono,1.0
GGACGTCTCGACCAGC-1,T cells,0.9999964
GGACGTCTCGGCGGTT-1,T cells,1.0
GGACGTCTCTTGTACT-1,Platelet,0.999882
GGAGCAAAGACCGGAT-1,T cells,0.99999976
GGAGCAAAGCGAAGGG-1,T cells,0.9999989
GGAGCAAAGCGCTTAT-1,T cells,0.9997638
GGAGCAAAGCTATGCT-1,B cells,0.9999994
GGAGCAAAGTCGATAA-1,T cells,0.9999943
GGAGCAACAAGCCCAC-1,T cells,0.9999865
GGAGCAACAAGTAGTA-1,T cells,0.9999968
GGAGCAACACATGGGA-1,Mono,0.5633384
GGAGCAACAGGCAGTA-1,Mono,1.0
GGAGCAAGTCGCTTCT-1,Mono,1.0
GGAGCAAGTTTCCACC-1,Mono,1.0
GGAGCAATCAACGCTA-1,Mono,1.0
GGAGCAATCACTCTTA-1,Mono,1.0
GGAGCAATCACTTACT-1,T cells,1.0
GGAGCAATCAGTGTTG-1,T cells,0.9999995
GGAGCAATCGGTGTTA-1,T cells,0.99999964
GGATGTTAGAGGTACC-1,T cells,0.99999976
GGATGTTAGCGTTGCC-1,T cells,0.9999999
GGATGTTAGGGAGTAA-1,T cells,0.99999964
GGATGTTAGTTTCCTT-1,T cells,1.0
GGATGTTCAAGAAGAG-1,T cells,1.0
GGATGTTCAATCGGTT-1,T cells,0.9999912
GGATGTTCACACATGT-1,T cells,1.0
GGATGTTCACACTGCG-1,T cells,1.0
GGATGTTCACATGTGT-1,T cells,1.0
GGATGTTCACGGCTAC-1,Mono,1.0
GGATGTTCAGGACCCT-1,Mono,1.0
GGATGTTCATGAACCT-1,NK,0.9999993
GGATGTTGTAAGTGTA-1,Mono,1.0
GGATGTTGTAGCGATG-1,T cells,0.99999964
GGATGTTGTATCACCA-1,T cells,1.0
GGATGTTGTTCACCTC-1,Mono,1.0
GGATGTTTCAACGGGA-1,T cells,1.0
GGATGTTTCACATGCA-1,NK,0.8598929
GGATGTTTCACCATAG-1,Mono,1.0
GGATGTTTCCAGGGCT-1,Mono,1.0
GGATGTTTCCATGAAC-1,B cells,0.99999833
GGATTACAGAGCTGCA-1,NK,0.9999989
GGATTACAGCAATCTC-1,Mono,1.0
GGATTACAGCCAACAG-1,B cells,1.0
GGATTACAGCCAGTAG-1,T cells,1.0
GGATTACAGTGTTGAA-1,T cells,0.9999995
GGATTACCAACAACCT-1,NK,0.9777518
GGATTACCAATCTGCA-1,T cells,0.99999917
GGATTACCAGAGCCAA-1,T cells,1.0
GGATTACCAGTATGCT-1,T cells,0.9999945
GGATTACGTCAGGACA-1,T cells,0.9999987
GGATTACGTCCGTTAA-1,T cells,0.9999863
GGATTACTCACCCGAG-1,T cells,1.0
GGATTACTCATGCAAC-1,T cells,1.0
GGATTACTCCATGCTC-1,T cells,0.85904616
GGATTACTCCCTAACC-1,T cells,0.9999999
GGATTACTCCGTACAA-1,Mono,1.0
GGATTACTCTTTACGT-1,Mono,1.0
GGCAATTAGAGAGCTC-1,Mono,1.0
GGCAATTAGGCTATCT-1,Mono,1.0
GGCAATTAGTAATCCC-1,Mono,1.0
GGCAATTAGTGAATTG-1,T cells,0.99999607
GGCAATTCAAAGTGCG-1,T cells,1.0
GGCAATTCAACTGCGC-1,T cells,1.0
GGCAATTCACGCGAAA-1,Mono,1.0
GGCAATTCACGGCGTT-1,B cells,1.0
GGCAATTCACGGTGTC-1,T cells,0.64086413
GGCAATTCACTGAAGG-1,T cells,1.0
GGCAATTGTCGTCTTC-1,B cells,0.9999994
GGCAATTTCACCCGAG-1,B cells,1.0
GGCAATTTCAGTGTTG-1,Mono,1.0
GGCAATTTCGTTGCCT-1,B cells,1.0
GGCAATTTCTCGATGA-1,B cells,0.99999976
GGCAATTTCTGTTGAG-1,T cells,0.99994755
GGCCGATAGCAATATG-1,B cells,1.0
GGCCGATAGCGTAGTG-1,T cells,0.99999964
GGCCGATAGCTCCTCT-1,T cells,1.0
GGCCGATAGGCTAGGT-1,T cells,1.0
GGCCGATAGTACGACG-1,T cells,0.9999999
GGCCGATAGTGCGATG-1,T cells,0.99999523
GGCCGATCACACTGCG-1,T cells,0.99983597
GGCCGATCACCACCAG-1,T cells,0.95589507
GGCCGATCAGCTTCGG-1,Mono,1.0
GGCCGATCAGTGGGAT-1,B cells,1.0
GGCCGATCATGAAGTA-1,T cells,0.9999932
GGCCGATCATTGGCGC-1,T cells,0.9999454
GGCCGATGTAACGCGA-1,T cells,0.99991465
GGCCGATGTAAGGGAA-1,T cells,1.0
GGCCGATGTGATGTGG-1,Mono,1.0
GGCCGATGTTATTCTC-1,B cells,0.9999924
GGCCGATGTTGAACTC-1,NK,0.9999926
GGCCGATGTTGCGCAC-1,T cells,0.9999999
GGCCGATGTTGCTCCT-1,T cells,0.9999999
GGCCGATTCCGTAGTA-1,T cells,0.99999964
GGCCGATTCCTTGGTC-1,B cells,0.99999917
GGCCGATTCGGCTACG-1,Mono,1.0
GGCGACTAGCGTTCCG-1,T cells,0.99999976
GGCGACTAGGGCATGT-1,T cells,1.0
GGCGACTAGGTAAACT-1,T cells,0.9999999
GGCGACTAGTCATCCA-1,Mono,1.0
GGCGACTCAATCACAC-1,Mono,1.0
GGCGACTCACTCAGGC-1,T cells,1.0
GGCGACTCACTGTCGG-1,T cells,0.9996474
GGCGACTCAGAGCCAA-1,T cells,1.0
GGCGACTCAGTATGCT-1,NK,0.99999917
GGCGACTCATCGGTTA-1,T cells,0.99999976
GGCGACTCATGGATGG-1,T cells,1.0
GGCGACTGTACGCACC-1,B cells,1.0
GGCGACTGTAGCGTAG-1,T cells,0.9999995
GGCGACTGTCCGAAGA-1,B cells,1.0
GGCGACTGTGAGTATA-1,Mono,1.0
GGCGACTTCACGGTTA-1,T cells,0.9995895
GGCGACTTCAGCTCTC-1,B cells,1.0
GGCGACTTCCTCAATT-1,T cells,0.9999999
GGCGACTTCGCGGATC-1,B cells,1.0
GGCGACTTCGTCCAGG-1,T cells,0.9999995
GGCGACTTCTTTACGT-1,Mono,1.0
GGCGTGTAGCCAACAG-1,T cells,0.99999833
GGCGTGTAGCCTCGTG-1,T cells,0.9999944
GGCGTGTAGCGCTTAT-1,T cells,0.9999906
GGCGTGTAGGTGTTAA-1,NK,0.9999924
GGCGTGTCACCATGTA-1,T cells,0.9999993
GGCGTGTCACGACGAA-1,B cells,0.9999999
GGCGTGTCACGGCCAT-1,T cells,1.0
GGCGTGTCAGACTCGC-1,T cells,0.99997675
GGCGTGTCATCCGTGG-1,T cells,1.0
GGCGTGTCATGCTGGC-1,T cells,0.9999999
GGCGTGTCATTGGCGC-1,B cells,1.0
GGCGTGTGTAAACGCG-1,B cells,0.9999999
GGCGTGTGTCAATACC-1,Mono,1.0
GGCGTGTGTCGGCTCA-1,T cells,0.99999976
GGCGTGTGTGCAGTAG-1,Mono,1.0
GGCGTGTGTTAGATGA-1,B cells,0.9999887
GGCGTGTGTTCTGAAC-1,T cells,0.9999602
GGCGTGTTCACTATTC-1,T cells,0.99999976
GGCGTGTTCGACGGAA-1,T cells,0.99999976
GGCGTGTTCGTACCGG-1,Mono,1.0
GGCGTGTTCTCGGACG-1,B cells,1.0
GGCTCGAAGAGGACGG-1,Mono,1.0
GGCTCGAAGAGGTAGA-1,Mono,0.96474665
GGCTCGAAGATGCCAG-1,Mono,1.0
GGCTCGAAGGCATGGT-1,Mono,1.0
GGCTCGAAGGTCGGAT-1,T cells,0.9999988
GGCTCGAAGTCGAGTG-1,Mono,1.0
GGCTCGAAGTTATCGC-1,B cells,1.0
GGCTCGACAACTGGCC-1,NK,0.9999995
GGCTCGACACATTCGA-1,B cells,1.0
GGCTCGACACCACCAG-1,Mono,1.0
GGCTCGACAGCTGTAT-1,T cells,0.99954957
GGCTCGACAGGATTGG-1,T cells,1.0
GGCTCGACAGTCGATT-1,B cells,1.0
GGCTCGACATGAGCGA-1,Mono,1.0
GGCTCGACATTAGGCT-1,T cells,1.0
GGCTCGAGTACAAGTA-1,B cells,1.0
GGCTCGAGTCGCGAAA-1,T cells,1.0
GGCTCGAGTCTACCTC-1,B cells,0.9992004
GGCTCGAGTCTTCTCG-1,B cells,0.99999976
GGCTCGAGTGCGATAG-1,Mono,1.0
GGCTCGAGTGCGGTAA-1,Mono,1.0
GGCTCGATCGGATGTT-1,Mono,1.0
GGCTCGATCTCTGCTG-1,B cells,0.99999976
GGCTGGTAGAAACGCC-1,Mono,1.0
GGCTGGTAGACAGACC-1,T cells,0.9999964
GGCTGGTAGGGATCTG-1,Mono,1.0
GGCTGGTAGTGTTAGA-1,Mono,1.0
GGCTGGTCAACGATGG-1,T cells,0.9975248
GGCTGGTCACCGTTGG-1,T cells,0.9999751
GGCTGGTCAGCTTCGG-1,T cells,0.9999999
GGCTGGTCAGTTCCCT-1,Mono,1.0
GGCTGGTCATCGGAAG-1,Mono,1.0
GGCTGGTCATTCCTCG-1,Mono,1.0
GGCTGGTGTACAAGTA-1,B cells,1.0
GGCTGGTGTATAGGTA-1,T cells,1.0
GGCTGGTGTCCTCCAT-1,T cells,0.99999857
GGCTGGTGTGCGAAAC-1,T cells,0.999997
GGCTGGTGTTTCGCTC-1,T cells,0.99999714
GGCTGGTTCAGCAACT-1,T cells,1.0
GGCTGGTTCGCCTGTT-1,T cells,0.9999999
GGCTGGTTCGCTTAGA-1,Mono,1.0
GGCTGGTTCGTTGCCT-1,Mono,1.0
GGCTGGTTCTATGTGG-1,Mono,1.0
GGCTGGTTCTGCAGTA-1,T cells,1.0
GGCTGGTTCTTGCATT-1,Mono,1.0
GGGAATGAGAAGGCCT-1,T cells,0.9999758
GGGAATGAGATGGCGT-1,T cells,0.99828124
GGGAATGAGCCTATGT-1,B cells,1.0
GGGAATGCAAGCTGTT-1,Mono,1.0
GGGAATGCACCAGGCT-1,NK,0.9998795
GGGAATGCATAGTAAG-1,T cells,0.9999912
GGGAATGCATGCAACT-1,T cells,0.9999999
GGGAATGGTAAAGGAG-1,Mono,1.0
GGGAATGGTTCGTCTC-1,T cells,0.99999976
GGGAATGTCACTTACT-1,T cells,0.9999993
GGGAATGTCCTTGGTC-1,T cells,0.9999999
GGGAATGTCGGTGTCG-1,T cells,0.99999547
GGGAATGTCTGATTCT-1,Mono,1.0
GGGACCTAGGACGAAA-1,Mono,1.0
GGGACCTAGTCAATAG-1,T cells,0.9999995
GGGACCTCAAACTGTC-1,Mono,1.0
GGGACCTCAAGACACG-1,T cells,1.0
GGGACCTCAAGCCGCT-1,T cells,0.9999999
GGGACCTCATGATCCA-1,T cells,0.9999994
GGGACCTCATTTGCTT-1,T cells,0.9999993
GGGACCTGTCAATACC-1,Mono,1.0
GGGACCTGTCACACGC-1,T cells,0.9999676
GGGACCTGTCTAGCGC-1,B cells,1.0
GGGACCTGTCTCCATC-1,B cells,1.0
GGGACCTGTTCCTCCA-1,T cells,1.0
GGGACCTGTTGGTTTG-1,T cells,1.0
GGGACCTTCCCGACTT-1,Mono,1.0
GGGACCTTCGATCCCT-1,T cells,0.99999845
GGGACCTTCGCAGGCT-1,T cells,0.9999987
GGGACCTTCTCAAGTG-1,T cells,0.9999999
GGGACCTTCTCTAGGA-1,Mono,1.0
GGGAGATAGAATTCCC-1,Mono,1.0
GGGAGATAGAGGACGG-1,T cells,0.9999999
GGGAGATAGCATGGCA-1,T cells,0.999326
GGGAGATAGTGGGATC-1,T cells,0.9774695
GGGAGATAGTGGTCCC-1,B cells,0.99999976
GGGAGATCAAATTGCC-1,T cells,1.0
GGGAGATCACATCCGG-1,T cells,1.0
GGGAGATCACCTCGTT-1,Mono,1.0
GGGAGATCAGTGACAG-1,T cells,0.98858625
GGGAGATCATTATCTC-1,T cells,0.9999999
GGGAGATTCCAGGGCT-1,T cells,0.9999999
GGGAGATTCGCGGATC-1,B cells,0.9972077
GGGATGAAGTGGTCCC-1,T cells,0.9999981
GGGATGACATGAAGTA-1,Mono,1.0
GGGATGACATGCTAGT-1,Mono,1.0
GGGATGAGTAGCGATG-1,T cells,0.9999963
GGGATGAGTAGGGACT-1,B cells,1.0
GGGATGAGTGGCTCCA-1,T cells,1.0
GGGATGAGTTCACGGC-1,T cells,1.0
GGGATGATCACAATGC-1,T cells,1.0
GGGATGATCAGAAATG-1,T cells,1.0
GGGATGATCAGAGGTG-1,T cells,0.9999988
GGGATGATCGCACTCT-1,T cells,0.99998903
GGGATGATCGCTAGCG-1,B cells,1.0
GGGATGATCGGTCTAA-1,T cells,0.99973077
GGGATGATCGTCACGG-1,T cells,1.0
GGGATGATCTGGTGTA-1,T cells,1.0
GGGATGATCTTAGCCC-1,T cells,0.99999905
GGGCACTAGCTGATAA-1,Mono,1.0
GGGCACTAGTACGACG-1,T cells,0.99999905
GGGCACTAGTCTCCTC-1,T cells,1.0
GGGCACTAGTTTAGGA-1,T cells,1.0
GGGCACTCACCACGTG-1,T cells,0.9999995
GGGCACTCAGGCAGTA-1,T cells,1.0
GGGCACTCAGTCACTA-1,T cells,1.0
GGGCACTCATGCAACT-1,B cells,1.0
GGGCACTCATGCTGGC-1,B cells,1.0
GGGCACTGTAAGAGGA-1,T cells,0.9999993
GGGCACTGTACGCTGC-1,T cells,0.9999999
GGGCACTGTGACCAAG-1,B cells,1.0
GGGCACTGTGCAGTAG-1,B cells,1.0
GGGCACTGTGGAAAGA-1,B cells,1.0
GGGCACTTCAGAAATG-1,Mono,1.0
GGGCACTTCCAGTAGT-1,NK,0.9999999
GGGCACTTCCCGACTT-1,Mono,1.0
GGGCACTTCCTTGACC-1,B cells,1.0
GGGCACTTCTAGCACA-1,T cells,0.9999999
GGGCACTTCTCGTATT-1,NK,0.9998784
GGGCACTTCTGATTCT-1,Mono,1.0
GGGCATCAGATGAGAG-1,T cells,0.9999999
GGGCATCAGGGAACGG-1,T cells,0.99999845
GGGCATCAGGTGACCA-1,B cells,1.0
GGGCATCCAATGTAAG-1,T cells,1.0
GGGCATCCACACGCTG-1,T cells,1.0
GGGCATCCACCAGGTC-1,T cells,1.0
GGGCATCCACGGATAG-1,T cells,0.98989224
GGGCATCCATAAAGGT-1,T cells,0.9999999
GGGCATCGTCGCATAT-1,T cells,1.0
GGGCATCGTCGCTTCT-1,T cells,0.99997985
GGGCATCGTCTCACCT-1,B cells,0.9999995
GGGCATCGTCTTGTCC-1,T cells,0.9999999
GGGCATCGTGGTACAG-1,T cells,1.0
GGGCATCGTTCAGGCC-1,B cells,1.0
GGGCATCTCCCGACTT-1,T cells,0.59259576
GGGCATCTCGAACTGT-1,Mono,1.0
GGGCATCTCTCTAAGG-1,T cells,0.9998367
GGGCATCTCTGCCAGG-1,T cells,1.0
GGGTCTGAGCCCAGCT-1,Mono,1.0
GGGTCTGAGCTGAACG-1,T cells,1.0
GGGTCTGAGGAGTTTA-1,T cells,0.99999976
GGGTCTGAGGATCGCA-1,T cells,0.9999999
GGGTCTGAGGGAGTAA-1,T cells,0.9999995
GGGTCTGAGGTGCAAC-1,T cells,1.0
GGGTCTGAGTCGAGTG-1,Mono,1.0
GGGTCTGAGTGACTCT-1,T cells,1.0
GGGTCTGCAAGAGGCT-1,B cells,1.0
GGGTCTGCACAAGACG-1,Mono,1.0
GGGTCTGCACATGGGA-1,T cells,1.0
GGGTCTGCACTGAAGG-1,Mono,1.0
GGGTCTGCAGACACTT-1,T cells,1.0
GGGTCTGCAGCTATTG-1,T cells,0.9999912
GGGTCTGCAGGTCTCG-1,Mono,1.0
GGGTCTGGTAGCGCAA-1,B cells,0.9999999
GGGTCTGGTAGGCATG-1,T cells,0.9999999
GGGTCTGGTCTGATCA-1,B cells,1.0
GGGTCTGGTCTGATTG-1,T cells,1.0
GGGTCTGGTGATAAAC-1,B cells,0.99999607
GGGTCTGGTTAAGACA-1,T cells,1.0
GGGTCTGGTTACGCGC-1,B cells,1.0
GGGTCTGTCAAACCAC-1,Mono,1.0
GGGTCTGTCACCATAG-1,Mono,1.0
GGGTCTGTCACCTTAT-1,T cells,0.9999995
GGGTCTGTCCCAAGAT-1,B cells,1.0
GGGTCTGTCGAATGGG-1,B cells,0.99999845
GGGTCTGTCGAGAACG-1,B cells,0.999984
GGGTCTGTCGTTACAG-1,Mono,1.0
GGGTCTGTCTGGCGTG-1,Mono,1.0
GGGTCTGTCTTACCTA-1,B cells,1.0
GGGTTGCAGAGCCTAG-1,T cells,1.0
GGGTTGCAGTTCGATC-1,T cells,1.0
GGGTTGCCAAAGTGCG-1,T cells,1.0
GGGTTGCGTACCGTAT-1,T cells,1.0
GGGTTGCGTAGAAAGG-1,B cells,1.0
GGGTTGCGTCATATGC-1,T cells,0.99999964
GGGTTGCGTTCGGCAC-1,T cells,0.9999999
GGGTTGCTCACCGGGT-1,B cells,1.0
GGGTTGCTCACGCATA-1,Mono,1.0
GGGTTGCTCACTCTTA-1,Mono,1.0
GGGTTGCTCAGCATGT-1,T cells,0.99999964
GGGTTGCTCAGGTAAA-1,T cells,1.0
GGGTTGCTCATGTGGT-1,T cells,0.9999727
GGGTTGCTCCAAAGTC-1,T cells,1.0
GGGTTGCTCCAGAAGG-1,NK,0.9999994
GGGTTGCTCCATGCTC-1,T cells,1.0
GGGTTGCTCTATCCTA-1,T cells,1.0
GGGTTGCTCTTGCAAG-1,Mono,1.0
GGTATTGAGAAACCAT-1,T cells,1.0
GGTATTGAGACCGGAT-1,Mono,1.0
GGTATTGAGAGTACAT-1,T cells,0.9999995
GGTATTGAGCTCCCAG-1,Mono,0.99903786
GGTATTGAGGTACTCT-1,B cells,1.0
GGTATTGAGGTGACCA-1,T cells,0.9999982
GGTATTGAGTGGGTTG-1,B cells,0.99999976
GGTATTGCAACACCTA-1,T cells,0.9999999
GGTATTGCAAGAAGAG-1,T cells,0.9999999
GGTATTGCAATGGAAT-1,T cells,1.0
GGTATTGCATCGGACC-1,Mono,1.0
GGTATTGGTACTCTCC-1,T cells,0.9999778
GGTATTGGTAGGCTGA-1,Mono,1.0
GGTATTGGTCGCGTGT-1,T cells,0.9999999
GGTATTGGTGGTCTCG-1,B cells,0.9999999
GGTATTGGTGTTTGGT-1,T cells,1.0
GGTATTGGTTGGTGGA-1,T cells,0.9999933
GGTATTGTCGGTTCGG-1,Mono,1.0
GGTGAAGAGACTCGGA-1,T cells,0.9986148
GGTGAAGAGCCAGAAC-1,T cells,0.9999988
GGTGAAGAGCGAAGGG-1,T cells,0.9999918
GGTGAAGAGTCTCGGC-1,T cells,0.9999994
GGTGAAGAGTGGGTTG-1,T cells,0.99999964
GGTGAAGAGTTACCCA-1,B cells,1.0
GGTGAAGCAAGCGCTC-1,T cells,0.99831605
GGTGAAGCAGCCAGAA-1,T cells,0.9999919
GGTGAAGCAGTTAACC-1,T cells,1.0
GGTGAAGGTAAAGGAG-1,NK,0.9909469
GGTGAAGGTAACGTTC-1,Mono,1.0
GGTGAAGGTAAGTAGT-1,T cells,1.0
GGTGAAGGTCGAAAGC-1,Mono,1.0
GGTGAAGGTGGTACAG-1,Mono,1.0
GGTGAAGTCAACCATG-1,Mono,1.0
GGTGAAGTCACCCTCA-1,Mono,1.0
GGTGAAGTCACGCGGT-1,T cells,0.9999981
GGTGAAGTCCACTCCA-1,B cells,1.0
GGTGAAGTCCGTCATC-1,B cells,1.0
GGTGAAGTCGGCGGTT-1,T cells,1.0
GGTGAAGTCTGCTGCT-1,T cells,0.9999993
GGTGCGTAGCTACCTA-1,T cells,0.9999994
GGTGCGTAGCTGATAA-1,T cells,0.9999999
GGTGCGTAGTGAAGAG-1,T cells,0.9999999
GGTGCGTCACATAACC-1,Mono,1.0
GGTGCGTCACTCGACG-1,B cells,1.0
GGTGCGTCAGAGTGTG-1,T cells,0.9999999
GGTGCGTCAGTAAGAT-1,T cells,0.9999993
GGTGCGTGTACCGAGA-1,T cells,0.99999976
GGTGCGTGTCATATGC-1,Mono,1.0
GGTGCGTGTCTCAACA-1,B cells,0.99999475
GGTGCGTGTCTCTCTG-1,Mono,1.0
GGTGCGTGTGAGGCTA-1,T cells,0.9999993
GGTGCGTGTTACCGAT-1,Mono,1.0
GGTGCGTTCAAACCGT-1,Mono,1.0
GGTGCGTTCACATGCA-1,B cells,0.9999999
GGTGCGTTCACCATAG-1,NK,0.99998844
GGTGCGTTCCAAACAC-1,Mono,1.0
GGTGCGTTCCACGAAT-1,T cells,0.9999999
GGTGTTAAGCCACGTC-1,B cells,1.0
GGTGTTAAGGACATTA-1,T cells,0.9998746
GGTGTTAAGTATTGGA-1,T cells,1.0
GGTGTTAAGTGAAGTT-1,Mono,1.0
GGTGTTACAAGAAAGG-1,Mono,1.0
GGTGTTAGTACAGACG-1,B cells,1.0
GGTGTTAGTCGGGTCT-1,Mono,1.0
GGTGTTATCAATAAGG-1,T cells,1.0
GGTGTTATCACATAGC-1,Mono,1.0
GGTGTTATCCAAAGTC-1,T cells,1.0
GGTGTTATCGAGCCCA-1,Mono,1.0
GGTGTTATCGGAAATA-1,Mono,1.0
GGTGTTATCGGCCGAT-1,T cells,1.0
GTAACGTAGATCGATA-1,T cells,0.75353014
GTAACGTCAAGTAGTA-1,T cells,1.0
GTAACGTCACGGATAG-1,T cells,1.0
GTAACGTCAGACAAGC-1,T cells,0.7467162
GTAACGTCAGCTGTGC-1,T cells,1.0
GTAACGTGTAGCTAAA-1,Mono,0.9999999
GTAACGTGTCTTGATG-1,B cells,1.0
GTAACGTGTGTGACGA-1,B cells,0.99999905
GTAACGTGTTACTGAC-1,Mono,1.0
GTAACGTTCGTTACAG-1,T cells,0.9999993
GTAACGTTCTGCCAGG-1,T cells,1.0
GTAACTGAGAAGGTGA-1,T cells,0.9999976
GTAACTGAGAGCTATA-1,B cells,1.0
GTAACTGAGATGTCGG-1,T cells,1.0
GTAACTGAGTCACGCC-1,T cells,0.9999956
GTAACTGCAAGGTTTC-1,B cells,1.0
GTAACTGCACCAGCAC-1,Mono,1.0
GTAACTGCACCAGGCT-1,B cells,1.0
GTAACTGCACTCGACG-1,Mono,1.0
GTAACTGCAGCTGCAC-1,T cells,1.0
GTAACTGCATAAGACA-1,T cells,1.0
GTAACTGCATTCCTCG-1,B cells,1.0
GTAACTGGTACCTACA-1,T cells,0.99999976
GTAACTGGTGGACGAT-1,T cells,0.9999994
GTAACTGTCAACTCTT-1,Mono,1.0
GTAACTGTCCAAGCCG-1,Mono,1.0
GTAACTGTCTAACGGT-1,Mono,1.0
GTACGTAAGAGACGAA-1,T cells,1.0
GTACGTACAAGACGTG-1,T cells,0.97349316
GTACGTACAAGCCATT-1,T cells,0.9999994
GTACGTACAATCCGAT-1,NK,0.9995567
GTACGTACACTTCGAA-1,Mono,1.0
GTACGTAGTCAACTGT-1,T cells,1.0
GTACGTAGTCTTTCAT-1,T cells,0.99999964
GTACGTAGTGACTACT-1,T cells,0.87386984
GTACGTAGTTGGTGGA-1,B cells,1.0
GTACGTATCAAAGTAG-1,Mono,1.0
GTACGTATCCTCCTAG-1,Mono,1.0
GTACGTATCTTAGCCC-1,T cells,0.99999976
GTACTCCAGAAGGTGA-1,Mono,1.0
GTACTCCAGAGCCCAA-1,T cells,0.99994075
GTACTCCAGAGGACGG-1,T cells,1.0
GTACTCCAGATAGTCA-1,T cells,0.99999976
GTACTCCCACCGCTAG-1,T cells,0.55145496
GTACTCCCATCAGTAC-1,B cells,1.0
GTACTCCGTAAATGTG-1,T cells,0.9999788
GTACTCCGTCGCTTCT-1,Mono,1.0
GTACTCCGTTATCCGA-1,T cells,0.99999845
GTACTCCGTTGCTCCT-1,T cells,1.0
GTACTCCGTTTAAGCC-1,T cells,1.0
GTACTCCTCAGGATCT-1,T cells,0.9999999
GTACTCCTCAGGCAAG-1,T cells,0.9995696
GTACTCCTCCACTGGG-1,Mono,1.0
GTACTCCTCCTAGAAC-1,T cells,1.0
GTACTCCTCTGAGGGA-1,B cells,0.99999726
GTACTCCTCTTAACCT-1,T cells,0.9999912
GTACTCCTCTTGCATT-1,T cells,0.99999976
GTACTTTAGATGTAAC-1,T cells,1.0
GTACTTTAGCACCGCT-1,T cells,0.9999995
GTACTTTAGCGCCTCA-1,B cells,0.9999999
GTACTTTAGCGCTTAT-1,B cells,0.9999994
GTACTTTAGCTAAGAT-1,T cells,0.71155274
GTACTTTAGTACGCGA-1,T cells,0.9999999
GTACTTTCACCGAAAG-1,NK,0.99999285
GTACTTTCAGATTGCT-1,Mono,1.0
GTACTTTCAGCCTGTG-1,T cells,1.0
GTACTTTCATACTACG-1,Mono,1.0
GTACTTTGTAGCACGA-1,Mono,1.0
GTACTTTGTCTGGTCG-1,Mono,1.0
GTACTTTGTCTTGCGG-1,T cells,0.99997926
GTACTTTGTGGCCCTA-1,T cells,0.9999999
GTACTTTGTTTGGCGC-1,T cells,0.9999962
GTACTTTTCAACCAAC-1,Mono,0.9999994
GTACTTTTCAATACCG-1,Mono,1.0
GTACTTTTCCGCAAGC-1,T cells,0.99999905
GTACTTTTCGCTGATA-1,Mono,1.0
GTACTTTTCGGCTACG-1,Mono,1.0
GTACTTTTCTGCAGTA-1,T cells,1.0
GTAGGCCAGCGTGTCC-1,T cells,0.99999976
GTAGGCCAGCTTCGCG-1,T cells,1.0
GTAGGCCAGTCCGTAT-1,T cells,0.9999999
GTAGGCCCAATGACCT-1,Mono,1.0
GTAGGCCCAATGCCAT-1,T cells,0.9999
GTAGGCCCACGGTAAG-1,T cells,0.9999994
GTAGGCCCACTTAACG-1,T cells,0.9999962
GTAGGCCCAGGACCCT-1,Mono,1.0
GTAGGCCGTAACGTTC-1,Mono,1.0
GTAGGCCGTAGCTTGT-1,NK,0.7417457
GTAGGCCGTATAGGGC-1,B cells,1.0
GTAGGCCGTCGCCATG-1,T cells,0.99971217
GTAGGCCGTTCACCTC-1,B cells,1.0
GTAGGCCGTTGCTCCT-1,NK,0.9999988
GTAGGCCTCCTAGGGC-1,T cells,0.9999994
GTAGGCCTCTATCCTA-1,B cells,1.0
GTAGTCAAGAGGTTGC-1,T cells,0.9999896
GTAGTCAAGATAGTCA-1,Mono,1.0
GTAGTCAAGATTACCC-1,T cells,0.9999993
GTAGTCAAGCTGAAAT-1,T cells,0.966931
GTAGTCAAGGACGAAA-1,Mono,1.0
GTAGTCAAGGAGTACC-1,Mono,1.0
GTAGTCAAGGGCACTA-1,NK,0.9999999
GTAGTCAAGGGCATGT-1,B cells,1.0
GTAGTCAAGGTCGGAT-1,T cells,0.9999989
GTAGTCAAGTCATCCA-1,T cells,0.9999974
GTAGTCAAGTTCCACA-1,Mono,1.0
GTAGTCACACCACCAG-1,T cells,0.9999994
GTAGTCACAGCCTATA-1,Mono,1.0
GTAGTCACAGCCTTTC-1,NK,0.94876015
GTAGTCACATCCCATC-1,T cells,1.0
GTAGTCAGTAAAGTCA-1,B cells,0.99999964
GTAGTCAGTACGACCC-1,B cells,0.99983
GTAGTCAGTACGCACC-1,T cells,1.0
GTAGTCAGTATGAAAC-1,Mono,1.0
GTAGTCAGTCCATCCT-1,T cells,1.0
GTAGTCAGTCTCGTTC-1,T cells,0.99999225
GTAGTCAGTTAAGTAG-1,Mono,1.0
GTAGTCAGTTTGTTTC-1,T cells,0.9930729
GTAGTCATCCATTCTA-1,Mono,1.0
GTAGTCATCGACCAGC-1,T cells,0.999959
GTAGTCATCGTCGTTC-1,T cells,1.0
GTAGTCATCTGGGCCA-1,T cells,0.9999194
GTAGTCATCTTGCAAG-1,B cells,1.0
GTATCTTAGAAGATTC-1,T cells,1.0
GTATCTTAGCCAGTAG-1,Mono,1.0
GTATCTTAGTATCTCG-1,B cells,1.0
GTATCTTAGTGAATTG-1,T cells,0.99999464
GTATCTTAGTGCGTGA-1,T cells,0.9999993
GTATCTTAGTGTTTGC-1,Mono,1.0
GTATCTTCAATCCGAT-1,Mono,1.0
GTATCTTCACAACGTT-1,T cells,0.9999976
GTATCTTCACTGTCGG-1,T cells,0.9999995
GTATCTTCAGTACACT-1,T cells,0.99999976
GTATCTTCAGTGACAG-1,B cells,0.99999774
GTATCTTGTCACTGGC-1,B cells,1.0
GTATCTTGTCGTGGCT-1,Mono,1.0
GTATCTTGTCTCTTTA-1,Mono,1.0
GTATCTTGTGAACCTT-1,B cells,0.99998
GTATCTTGTTTGCATG-1,T cells,0.9999987
GTATCTTTCAAAGTAG-1,T cells,1.0
GTATCTTTCAGGATCT-1,Mono,1.0
GTATCTTTCAGTGCAT-1,Mono,1.0
GTATTCTAGACAAAGG-1,T cells,0.9999999
GTATTCTAGATATACG-1,T cells,0.9999993
GTATTCTAGCGTCAAG-1,Mono,1.0
GTATTCTAGCGTTGCC-1,T cells,1.0
GTATTCTAGGACGAAA-1,T cells,1.0
GTATTCTAGGGTTTCT-1,T cells,0.99999917
GTATTCTAGTCATCCA-1,T cells,0.999984
GTATTCTAGTTGTCGT-1,T cells,0.9999987
GTATTCTCAACTGCTA-1,Mono,1.0
GTATTCTCAAGTTCTG-1,Mono,1.0
GTATTCTCACGGCGTT-1,T cells,1.0
GTATTCTCAGCTATTG-1,T cells,1.0
GTATTCTGTCCGAATT-1,Mono,1.0
GTATTCTGTCTAGCGC-1,T cells,0.9999999
GTATTCTGTGCGGTAA-1,T cells,0.9999994
GTATTCTGTTGATTGC-1,T cells,0.9989557
GTATTCTTCAGCTCGG-1,T cells,1.0
GTATTCTTCAGTGCAT-1,B cells,1.0
GTATTCTTCGGAAATA-1,T cells,0.9999988
GTATTCTTCGTTGCCT-1,T cells,0.99999976
GTATTCTTCTGAGTGT-1,Mono,1.0
GTATTCTTCTTCGAGA-1,T cells,1.0
GTCAAGTAGCAATATG-1,Mono,1.0
GTCAAGTAGCCACGCT-1,Mono,1.0
GTCAAGTAGGAGTCTG-1,T cells,0.99999905
GTCAAGTAGGCAATTA-1,B cells,0.9999994
GTCAAGTAGGGCTCTC-1,B cells,1.0
GTCAAGTAGGTGCACA-1,Mono,1.0
GTCAAGTCAAGCGCTC-1,T cells,1.0
GTCAAGTCACAGGTTT-1,T cells,1.0
GTCAAGTCACGCATCG-1,T cells,0.9999995
GTCAAGTCACTCGACG-1,T cells,1.0
GTCAAGTGTACAGTGG-1,NK,0.99997306
GTCAAGTGTATGCTTG-1,T cells,0.99999833
GTCAAGTTCATAGCAC-1,T cells,1.0
GTCAAGTTCATCGGAT-1,T cells,0.99999964
GTCAAGTTCTCGGACG-1,T cells,0.99993944
GTCAAGTTCTTCGAGA-1,B cells,0.9999999
GTCACAAAGACCCACC-1,T cells,0.9999876
GTCACAAAGGGTCTCC-1,Mono,1.0
GTCACAAAGTACCGGA-1,Mono,1.0
GTCACAACAACGATGG-1,T cells,0.99999905
GTCACAACACAGGCCT-1,Mono,1.0
GTCACAACAGTCGTGC-1,T cells,0.9999999
GTCACAACATACTCTT-1,T cells,0.99999976
GTCACAACATGCCCGA-1,T cells,0.99999964
GTCACAAGTACTCAAC-1,Mono,1.0
GTCACAAGTAGATTAG-1,B cells,1.0
GTCACAAGTGCAGGTA-1,T cells,0.9999999
GTCACAAGTGCAGTAG-1,Mono,1.0
GTCACAAGTGTCGCTG-1,Mono,1.0
GTCACAAGTGTTGAGG-1,B cells,1.0
GTCACAAGTTGAACTC-1,B cells,0.9999529
GTCACAAGTTGTCGCG-1,Mono,1.0
GTCACAATCTCTTGAT-1,T cells,1.0
GTCACAATCTTTCCTC-1,T cells,0.99998
GTCACGGAGGTTACCT-1,T cells,0.9999738
GTCACGGAGTACGACG-1,B cells,1.0
GTCACGGCAAATTGCC-1,T cells,0.99994516
GTCACGGCAAGAAGAG-1,T cells,0.99999976
GTCACGGCAAGTCTAC-1,T cells,1.0
GTCACGGGTATGAAAC-1,Mono,1.0
GTCACGGGTCCATCCT-1,T cells,0.9999201
GTCACGGGTCGCTTTC-1,T cells,1.0
GTCACGGGTCTAAAGA-1,T cells,1.0
GTCACGGGTGCGGTAA-1,B cells,1.0
GTCACGGGTTGTTTGG-1,T cells,1.0
GTCACGGTCAACACAC-1,T cells,1.0
GTCACGGTCAGGCAAG-1,Mono,1.0
GTCACGGTCAGTTGAC-1,T cells,1.0
GTCACGGTCGGACAAG-1,T cells,1.0
GTCATTTAGAAACGAG-1,Mono,1.0
GTCATTTAGGATTCGG-1,T cells,0.99999774
GTCATTTAGTCTCGGC-1,T cells,0.99999166
GTCATTTAGTTTGCGT-1,T cells,1.0
GTCATTTCAAGCCATT-1,T cells,0.9999999
GTCATTTGTAATTGGA-1,T cells,0.99584806
GTCATTTGTACACCGC-1,T cells,0.5325429
GTCATTTGTCAATACC-1,NK,0.9999999
GTCATTTGTCCAGTTA-1,T cells,1.0
GTCATTTTCAGCGACC-1,T cells,0.99981886
GTCATTTTCAGTACGT-1,T cells,0.99999964
GTCATTTTCCACGTGG-1,B cells,1.0
GTCATTTTCCCATTAT-1,Mono,1.0
GTCCTCAAGAATTGTG-1,T cells,1.0
GTCCTCAAGACGACGT-1,B cells,0.9999995
GTCCTCAAGATATGCA-1,Mono,1.0
GTCCTCAAGCTAGGCA-1,B cells,0.9999993
GTCCTCAAGTACGATA-1,T cells,0.9999995
GTCCTCAAGTGGTAAT-1,Mono,0.9999863
GTCCTCACAATGTAAG-1,T cells,1.0
GTCCTCACACAGGCCT-1,B cells,1.0
GTCCTCACAGCTGGCT-1,Mono,1.0
GTCCTCACAGGTCCAC-1,B cells,1.0
GTCCTCACAGTCAGAG-1,T cells,1.0
GTCCTCACAGTCAGCC-1,T cells,1.0
GTCCTCAGTCTCAACA-1,B cells,0.9999999
GTCCTCAGTCTTGTCC-1,T cells,1.0
GTCCTCAGTGGAAAGA-1,T cells,1.0
GTCCTCATCAACACCA-1,Mono,1.0
GTCCTCATCAAGCCTA-1,T cells,0.99999976
GTCCTCATCAAGGCTT-1,T cells,1.0
GTCCTCATCAGTTGAC-1,B cells,1.0
GTCCTCATCATGCAAC-1,T cells,0.9999993
GTCCTCATCCATGCTC-1,T cells,0.9999999
GTCCTCATCGAACTGT-1,T cells,1.0
GTCCTCATCGGCTACG-1,T cells,0.99999344
GTCCTCATCGTAGGAG-1,Mono,1.0
GTCGGGTAGACAAAGG-1,T cells,0.9955129
GTCGGGTAGAGTCGGT-1,T cells,1.0
GTCGGGTAGATGTCGG-1,T cells,0.9999999
GTCGGGTCAAACAACA-1,B cells,1.0
GTCGGGTCAATGGAGC-1,T cells,1.0
GTCGGGTCACCCTATC-1,NK,0.9999999
GTCGGGTCAGAGTGTG-1,T cells,1.0
GTCGGGTCATATACCG-1,B cells,0.99999845
GTCGGGTCATCCGGGT-1,T cells,1.0
GTCGGGTCATGGATGG-1,Mono,1.0
GTCGGGTGTAATAGCA-1,Mono,1.0
GTCGGGTGTCGGGTCT-1,Mono,1.0
GTCGGGTGTCTCGTTC-1,T cells,0.9999993
GTCGGGTGTGGTAACG-1,T cells,0.9999974
GTCGGGTGTGGTACAG-1,T cells,0.9999994
GTCGGGTGTTATCACG-1,Mono,1.0
GTCGGGTGTTCAGGCC-1,T cells,0.9999999
GTCGGGTGTTGAGTTC-1,B cells,1.0
GTCGGGTTCAAGGCTT-1,Mono,1.0
GTCGGGTTCACCTCGT-1,Mono,1.0
GTCGGGTTCCAAACTG-1,T cells,0.99999726
GTCGGGTTCCAATGGT-1,Mono,1.0
GTCGGGTTCGCTAGCG-1,B cells,1.0
GTCGGGTTCTGCGGCA-1,T cells,0.99999976
GTCGTAAAGACAAGCC-1,Mono,1.0
GTCGTAAAGACAGGCT-1,Mono,1.0
GTCGTAAAGCCACCTG-1,B cells,1.0
GTCGTAAAGCGTTGCC-1,T cells,0.9999999
GTCGTAAAGGGAAACA-1,T cells,1.0
GTCGTAACAACTGCGC-1,T cells,1.0
GTCGTAACAACTTGAC-1,T cells,1.0
GTCGTAACAAGAAAGG-1,Mono,1.0
GTCGTAACAAGCTGTT-1,B cells,1.0
GTCGTAACAGTCAGAG-1,T cells,0.99999964
GTCGTAACATAAGACA-1,Mono,1.0
GTCGTAACATACTACG-1,B cells,0.9999999
GTCGTAAGTCTCCCTA-1,Mono,0.99303
GTCGTAAGTGCACTTA-1,Mono,1.0
GTCGTAAGTGCCTGTG-1,T cells,0.9994301
GTCGTAAGTTGATTCG-1,T cells,1.0
GTCGTAATCACAACGT-1,T cells,1.0
GTCGTAATCACCCTCA-1,T cells,1.0
GTCGTAATCGTGTAGT-1,T cells,0.99999976
GTCTCGTAGAAACCGC-1,Mono,1.0
GTCTCGTAGAATGTGT-1,T cells,1.0
GTCTCGTAGACCTTTG-1,T cells,0.9999883
GTCTCGTAGTACGCCC-1,T cells,1.0
GTCTCGTAGTGGGTTG-1,B cells,0.9999981
GTCTCGTAGTTACCCA-1,Mono,1.0
GTCTCGTCAAGCGAGT-1,T cells,0.9999999
GTCTCGTCAGGCAGTA-1,Mono,1.0
GTCTCGTCATGAGCGA-1,T cells,0.9999845
GTCTCGTGTATTACCG-1,T cells,0.99993455
GTCTCGTGTCTCGTTC-1,B cells,0.99999976
GTCTCGTGTCTCTTTA-1,Mono,1.0
GTCTCGTGTCTGATTG-1,B cells,1.0
GTCTCGTGTGGCTCCA-1,Mono,1.0
GTCTCGTTCCTTGACC-1,T cells,0.999997
GTCTCGTTCGGAGGTA-1,T cells,1.0
GTCTCGTTCTGCGACG-1,T cells,1.0
GTCTCGTTCTGTTTGT-1,B cells,1.0
GTCTCGTTCTTGCCGT-1,T cells,0.99996114
GTCTTCGAGATACACA-1,T cells,0.9999999
GTCTTCGAGATGCCAG-1,T cells,0.9999975
GTCTTCGAGCAGCCTC-1,B cells,0.9999999
GTCTTCGAGGAACTGC-1,Mono,1.0
GTCTTCGAGGTACTCT-1,T cells,0.9999999
GTCTTCGAGTTTCCTT-1,T cells,1.0
GTCTTCGCAACACGCC-1,Mono,1.0
GTCTTCGGTAGAGCTG-1,B cells,1.0
GTCTTCGGTAGCACGA-1,NK,0.9993988
GTCTTCGGTAGCGTCC-1,T cells,0.9999999
GTCTTCGGTCTCTTAT-1,T cells,1.0
GTCTTCGGTGCACTTA-1,NK,0.7585673
GTCTTCGTCAGTACGT-1,B cells,1.0
GTCTTCGTCGTAGGTT-1,T cells,1.0
GTCTTCGTCTACCAGA-1,Mono,1.0
GTCTTCGTCTGTCTAT-1,T cells,1.0
GTCTTCGTCTTGAGAC-1,Mono,1.0
GTGAAGGAGAAGGCCT-1,T cells,0.99999964
GTGAAGGAGAATCTCC-1,Mono,1.0
GTGAAGGAGAATTCCC-1,Mono,1.0
GTGAAGGAGAGCAATT-1,Mono,1.0
GTGAAGGAGCCCAACC-1,B cells,1.0
GTGAAGGAGTACATGA-1,Mono,1.0
GTGAAGGCACACAGAG-1,T cells,0.9999778
GTGAAGGCAGGCAGTA-1,T cells,0.99994123
GTGAAGGCAGGCTCAC-1,Mono,1.0
GTGAAGGCATTGTGCA-1,B cells,0.99987555
GTGAAGGGTATATGAG-1,T cells,0.9999975
GTGAAGGGTCCCGACA-1,T cells,1.0
GTGAAGGGTCTAGAGG-1,Mono,1.0
GTGAAGGGTTATTCTC-1,T cells,0.9999999
GTGAAGGTCATCATTC-1,T cells,0.99999976
GTGAAGGTCCCTTGCA-1,Mono,1.0
GTGAAGGTCTGCGGCA-1,T cells,0.99999547
GTGAAGGTCTGTCTCG-1,B cells,1.0
GTGCAGCAGACTGTAA-1,T cells,0.9999999
GTGCAGCAGCGATCCC-1,B cells,1.0
GTGCAGCAGCTGCAAG-1,Mono,1.0
GTGCAGCAGTAACCCT-1,T cells,1.0
GTGCAGCCAAACCTAC-1,Mono,1.0
GTGCAGCCAAAGCGGT-1,T cells,1.0
GTGCAGCCAATGACCT-1,Mono,1.0
GTGCAGCCACTTACGA-1,T cells,1.0
GTGCAGCCATCTGGTA-1,T cells,0.9951029
GTGCAGCGTCTTTCAT-1,T cells,1.0
GTGCAGCGTGACCAAG-1,T cells,1.0
GTGCAGCGTGTGAATA-1,T cells,0.83046085
GTGCAGCGTGTGCGTC-1,T cells,0.9999994
GTGCAGCGTGTTCTTT-1,T cells,0.9999999
GTGCAGCGTTAGGGTG-1,T cells,1.0
GTGCAGCTCAGAAATG-1,T cells,0.99999976
GTGCAGCTCTGGCGAC-1,T cells,1.0
GTGCATAAGAGTAATC-1,T cells,0.9995316
GTGCATAAGCCACGTC-1,Mono,1.0
GTGCATAAGGAATCGC-1,B cells,0.99999917
GTGCATAAGGGAACGG-1,Mono,1.0
GTGCATAAGTAGTGCG-1,T cells,0.9999628
GTGCATACAAAGAATC-1,T cells,1.0
GTGCATACAAATACAG-1,T cells,0.99985075
GTGCATACAATCTGCA-1,Mono,1.0
GTGCATACAGCCTTTC-1,Mono,1.0
GTGCATACATGGATGG-1,T cells,0.9999994
GTGCATAGTAGTACCT-1,T cells,1.0
GTGCATAGTCTCCCTA-1,Mono,1.0
GTGCATAGTTAAAGAC-1,T cells,1.0
GTGCATAGTTCCGGCA-1,T cells,1.0
GTGCATATCAAGCCTA-1,T cells,0.9999999
GTGCATATCACGAAGG-1,T cells,0.9999989
GTGCATATCAGTTCGA-1,Mono,1.0
GTGCATATCCAACCAA-1,T cells,0.9999995
GTGCATATCCTTTACA-1,T cells,1.0
GTGCATATCGTATCAG-1,B cells,0.99999726
GTGCATATCGTTACAG-1,T cells,0.99999607
GTGCATATCTCGATGA-1,T cells,1.0
GTGCGGTAGAAGGCCT-1,Mono,1.0
GTGCGGTAGAGACGAA-1,Mono,1.0
GTGCGGTAGGCCCGTT-1,T cells,0.99998903
GTGCGGTCAATAGCGG-1,NK,0.9999609
GTGCGGTCACACGCTG-1,T cells,1.0
GTGCGGTCACGCCAGT-1,T cells,0.99999917
GTGCGGTCAGTCGATT-1,Mono,1.0
GTGCGGTCATATACCG-1,Mono,1.0
GTGCGGTGTATTAGCC-1,T cells,0.99998903
GTGCGGTGTCCGTGAC-1,T cells,0.92567813
GTGCGGTGTGATGTCT-1,Mono,1.0
GTGCGGTGTTAAGAAC-1,Mono,1.0
GTGCGGTGTTCCACGG-1,T cells,1.0
GTGCGGTGTTTGCATG-1,T cells,0.9999999
GTGCGGTTCAGCCTAA-1,Mono,1.0
GTGCGGTTCCTATTCA-1,Mono,1.0
GTGCGGTTCGAGGTAG-1,T cells,1.0
GTGCGGTTCGTGGACC-1,T cells,0.9999995
GTGCTTCAGGCATGTG-1,T cells,0.9999999
GTGCTTCAGGCCGAAT-1,Mono,1.0
GTGCTTCAGTCATGCT-1,Mono,1.0
GTGCTTCAGTCCGTAT-1,T cells,0.998643
GTGCTTCCACGACGAA-1,T cells,1.0
GTGCTTCCAGGTCCAC-1,Mono,1.0
GTGCTTCCAGTCTTCC-1,T cells,1.0
GTGCTTCCATAGTAAG-1,T cells,1.0
GTGCTTCGTGATGTCT-1,T cells,0.9999999
GTGCTTCGTGTTTGGT-1,B cells,1.0
GTGCTTCGTGTTTGTG-1,T cells,0.9971143
GTGCTTCTCAAGCCTA-1,B cells,1.0
GTGCTTCTCCCTCTTT-1,T cells,1.0
GTGCTTCTCGTTGACA-1,T cells,0.99998975
GTGCTTCTCTGGTGTA-1,T cells,1.0
GTGCTTCTCTTGACGA-1,T cells,0.9999999
GTGGGTCAGAAGATTC-1,Mono,1.0
GTGGGTCAGCTAGTCT-1,T cells,1.0
GTGGGTCAGGAGTCTG-1,T cells,0.99999285
GTGGGTCAGGCGTACA-1,B cells,0.9999999
GTGGGTCCAAGTAGTA-1,T cells,1.0
GTGGGTCCAATCCAAC-1,T cells,0.99996996
GTGGGTCCAGTATAAG-1,Mono,1.0
GTGGGTCCATCACGTA-1,T cells,0.99999976
GTGGGTCGTCAAGCGA-1,T cells,1.0
GTGGGTCGTCACCTAA-1,T cells,1.0
GTGGGTCGTCCAACTA-1,Mono,1.0
GTGGGTCGTCCGAGTC-1,NK,0.9999988
GTGGGTCGTGTGGTTT-1,Mono,1.0
GTGGGTCGTGTGTGCC-1,T cells,0.99999976
GTGGGTCGTTTCGCTC-1,T cells,0.9999999
GTGGGTCTCATAGCAC-1,T cells,0.9999999
GTGGGTCTCATATCGG-1,B cells,1.0
GTGGGTCTCTACTTAC-1,T cells,1.0
GTGGGTCTCTTTACAC-1,T cells,0.92237353
GTGTGCGAGACACTAA-1,T cells,0.99998534
GTGTGCGAGCGACGTA-1,Mono,1.0
GTGTGCGAGCGTGAAC-1,Mono,1.0
GTGTGCGAGCTAAGAT-1,T cells,0.999998
GTGTGCGAGGACACCA-1,Mono,0.99999976
GTGTGCGAGTCGAGTG-1,Mono,1.0
GTGTGCGAGTCTCCTC-1,B cells,1.0
GTGTGCGAGTTTCCTT-1,B cells,0.9999999
GTGTGCGCACGAAATA-1,T cells,0.9999999
GTGTGCGCAGGATTGG-1,NK,0.99807954
GTGTGCGCATCTATGG-1,NK,0.9999968
GTGTGCGCATGCCACG-1,Mono,0.99999964
GTGTGCGGTACCGCTG-1,B cells,1.0
GTGTGCGGTCAGATAA-1,T cells,0.9999999
GTGTGCGGTCTCCACT-1,B cells,1.0
GTGTGCGGTTTGTTGG-1,Mono,1.0
GTGTGCGTCGAGGTAG-1,T cells,0.9999889
GTGTGCGTCGCGATCG-1,T cells,0.99952734
GTGTGCGTCGTTGCCT-1,T cells,0.995827
GTGTGCGTCTGGTTCC-1,T cells,1.0
GTGTTAGAGAATGTGT-1,Mono,1.0
GTGTTAGAGACAGACC-1,Mono,1.0
GTGTTAGAGAGCTGGT-1,Mono,1.0
GTGTTAGAGATAGGAG-1,Mono,1.0
GTGTTAGAGCGGATCA-1,T cells,0.9999995
GTGTTAGAGGCTCATT-1,T cells,0.99998975
GTGTTAGAGTGGTAAT-1,Mono,1.0
GTGTTAGCAAATCCGT-1,Mono,1.0
GTGTTAGCAAGGCTCC-1,T cells,1.0
GTGTTAGCAAGGGTCA-1,Mono,1.0
GTGTTAGCACAGATTC-1,T cells,1.0
GTGTTAGCAGGGCATA-1,Mono,1.0
GTGTTAGCATGCAATC-1,T cells,1.0
GTGTTAGGTACGACCC-1,T cells,0.9999944
GTGTTAGGTAGAAAGG-1,T cells,1.0
GTGTTAGGTAGCACGA-1,T cells,0.99999607
GTGTTAGGTCCTCCAT-1,NK,0.9999993
GTGTTAGGTGTCAATC-1,T cells,0.9999988
GTGTTAGGTTGATTGC-1,Mono,1.0
GTGTTAGTCAAACCAC-1,T cells,1.0
GTGTTAGTCGTTGCCT-1,T cells,0.9999968
GTGTTAGTCTTGAGAC-1,B cells,0.99999964
GTTAAGCAGATGCCTT-1,T cells,1.0
GTTAAGCAGCCAGAAC-1,NK,0.9973449
GTTAAGCAGCCCTAAT-1,Mono,1.0
GTTAAGCCAATAGCGG-1,T cells,0.99999964
GTTAAGCCACATGGGA-1,T cells,1.0
GTTAAGCCAGCTTCGG-1,T cells,0.9999976
GTTAAGCCATGGGACA-1,T cells,0.9999994
GTTAAGCCATTGGTAC-1,T cells,1.0
GTTAAGCGTACCTACA-1,B cells,0.6569767
GTTAAGCGTAGATTAG-1,Mono,1.0
GTTAAGCGTATATGAG-1,B cells,1.0
GTTAAGCGTCCATGAT-1,T cells,0.99928707
GTTAAGCGTTCCATGA-1,Mono,1.0
GTTAAGCTCATGGTCA-1,T cells,0.9999989
GTTAAGCTCCTTAATC-1,T cells,1.0
GTTAAGCTCGTTTAGG-1,Mono,1.0
GTTACAGAGAAACCAT-1,Mono,1.0
GTTACAGAGCAATATG-1,B cells,0.9999999
GTTACAGAGCCCAGCT-1,Mono,1.0
GTTACAGAGGCGCTCT-1,T cells,1.0
GTTACAGAGTGAAGAG-1,T cells,1.0
GTTACAGCAACCGCCA-1,T cells,1.0
GTTACAGCAAGCCTAT-1,T cells,0.9971198
GTTACAGCAGGATTGG-1,Mono,1.0
GTTACAGCATACTACG-1,T cells,1.0
GTTACAGGTAAACACA-1,T cells,1.0
GTTACAGGTAACGACG-1,B cells,1.0
GTTACAGGTAGGCTGA-1,T cells,0.9999999
GTTACAGGTCCAAGTT-1,B cells,0.9999995
GTTACAGGTCCTCTTG-1,T cells,0.9804992
GTTACAGGTCTCTTTA-1,T cells,1.0
GTTACAGGTCTTCTCG-1,T cells,1.0
GTTACAGGTGTTGAGG-1,T cells,1.0
GTTACAGGTGTTTGTG-1,Mono,1.0
GTTACAGTCCAGGGCT-1,T cells,1.0
GTTACAGTCCGAAGAG-1,Mono,1.0
GTTACAGTCGCATGAT-1,T cells,0.9999969
GTTACAGTCGTCGTTC-1,Mono,1.0
GTTACAGTCTATCCTA-1,NK,0.9929351
GTTACAGTCTCACATT-1,Mono,1.0
GTTACAGTCTCCCTGA-1,Mono,1.0
GTTCATTAGCTGATAA-1,T cells,1.0
GTTCATTAGGCTATCT-1,Mono,1.0
GTTCATTAGGGAAACA-1,B cells,0.99999964
GTTCATTCATCGTCGG-1,T cells,1.0
GTTCATTGTACGAAAT-1,T cells,1.0
GTTCATTGTCAATACC-1,Mono,0.9999975
GTTCATTGTCCAGTTA-1,T cells,0.99999833
GTTCATTGTCCGAATT-1,T cells,1.0
GTTCATTGTCTTCAAG-1,B cells,1.0
GTTCATTGTTCTGAAC-1,T cells,1.0
GTTCATTTCACAAACC-1,Mono,1.0
GTTCATTTCAGCATGT-1,T cells,1.0
GTTCATTTCCAGTAGT-1,T cells,1.0
GTTCATTTCCCTAACC-1,T cells,1.0
GTTCATTTCTTAACCT-1,Mono,1.0
GTTCGGGAGCAGCGTA-1,T cells,1.0
GTTCGGGAGCCATCGC-1,Mono,1.0
GTTCGGGAGCGGATCA-1,T cells,0.99999964
GTTCGGGAGGAGTTGC-1,B cells,0.99999976
GTTCGGGAGTAAGTAC-1,B cells,0.99999416
GTTCGGGCAAGGACAC-1,T cells,1.0
GTTCGGGCACCAGCAC-1,T cells,1.0
GTTCGGGCACCTCGTT-1,T cells,0.9999989
GTTCGGGCACGAGGTA-1,Mono,0.9999994
GTTCGGGCAGATTGCT-1,Mono,1.0
GTTCGGGCATAACCTG-1,Mono,1.0
GTTCGGGGTAGCGTGA-1,T cells,0.9999999
GTTCGGGGTCTTCGTC-1,Mono,1.0
GTTCGGGGTGAGGCTA-1,Mono,1.0
GTTCGGGTCAGTTAGC-1,B cells,1.0
GTTCTCGAGCGTAATA-1,T cells,1.0
GTTCTCGAGCTTCGCG-1,T cells,0.9999999
GTTCTCGAGGACCACA-1,T cells,0.9999696
GTTCTCGAGGGTTTCT-1,Mono,1.0
GTTCTCGAGTCTCAAC-1,T cells,0.8992719
GTTCTCGAGTGAATTG-1,Mono,1.0
GTTCTCGCACAGATTC-1,T cells,1.0
GTTCTCGCACCGTTGG-1,T cells,0.9999536
GTTCTCGCAGCCACCA-1,T cells,1.0
GTTCTCGCAGGGTTAG-1,T cells,1.0
GTTCTCGGTGAACCTT-1,B cells,0.99999964
GTTCTCGGTGATAAAC-1,T cells,1.0
GTTCTCGGTGCAACTT-1,Mono,1.0
GTTCTCGGTTAGAACA-1,T cells,0.9999989
GTTCTCGTCAGCCTAA-1,T cells,0.9998319
GTTCTCGTCCGAGCCA-1,T cells,0.99999917
GTTCTCGTCGAACTGT-1,B cells,0.9995202
GTTCTCGTCTGCCCTA-1,T cells,1.0
GTTCTCGTCTTAGCCC-1,T cells,1.0
GTTTCTAAGAGACTTA-1,T cells,1.0
GTTTCTAAGGAGTCTG-1,Mono,1.0
GTTTCTAAGGATATAC-1,T cells,1.0
GTTTCTAAGGTGATTA-1,Mono,1.0
GTTTCTAAGTCCTCCT-1,T cells,1.0
GTTTCTAAGTGTCCCG-1,T cells,0.9999987
GTTTCTACACCAGGTC-1,T cells,1.0
GTTTCTACACGAGGTA-1,T cells,1.0
GTTTCTACAGCTATTG-1,T cells,0.9999993
GTTTCTAGTAACGACG-1,T cells,0.99995375
GTTTCTAGTCTTGTCC-1,Mono,1.0
GTTTCTAGTTCGGCAC-1,Mono,1.0
GTTTCTATCCACTCCA-1,T cells,0.9999989
GTTTCTATCCTTTCTC-1,B cells,1.0
GTTTCTATCGATGAGG-1,Mono,1.0
GTTTCTATCGTAGATC-1,B cells,1.0
GTTTCTATCTCAAACG-1,Mono,1.0
GTTTCTATCTGGAGCC-1,T cells,0.9999999
GTTTCTATCTTAGCCC-1,T cells,0.9999994
TAAACCGAGAAACCTA-1,T cells,0.9999999
TAAACCGAGAGGACGG-1,Mono,1.0
TAAACCGAGCGTGAGT-1,T cells,0.9990208
TAAACCGCAAGTAGTA-1,T cells,1.0
TAAACCGCAGCTCGAC-1,T cells,1.0
TAAACCGCATGTCTCC-1,T cells,1.0
TAAACCGGTCGTGGCT-1,Mono,1.0
TAAACCGGTCTAGCCG-1,T cells,0.99999774
TAAACCGGTGTGCGTC-1,NK,0.99997115
TAAACCGGTGTTAAGA-1,T cells,0.99999976
TAAACCGGTTCCACGG-1,NK,0.99973625
TAAACCGGTTGGTAAA-1,T cells,0.9999981
TAAACCGTCAGAGGTG-1,T cells,1.0
TAAACCGTCATCGGAT-1,T cells,1.0
TAAACCGTCCTCTAGC-1,B cells,0.9999695
TAAGAGAAGACCGGAT-1,Mono,1.0
TAAGAGAAGCTGAACG-1,T cells,1.0
TAAGAGAAGGCGATAC-1,T cells,1.0
TAAGAGACAAGAGGCT-1,T cells,0.99986076
TAAGAGACAATCGGTT-1,T cells,0.9999993
TAAGAGACACCACGTG-1,T cells,0.99999905
TAAGAGACACGTTGGC-1,B cells,0.99999964
TAAGAGACAGGCGATA-1,T cells,0.9999949
TAAGAGACAGGGCATA-1,Mono,1.0
TAAGAGACAGGTTTCA-1,T cells,1.0
TAAGAGACATCATCCC-1,T cells,1.0
TAAGAGACATGACGGA-1,T cells,1.0
TAAGAGAGTCTTCGTC-1,T cells,0.9999975
TAAGAGATCAAAGTAG-1,Mono,1.0
TAAGAGATCATAGCAC-1,Mono,1.0
TAAGAGATCGCGCCAA-1,NK,0.9999999
TAAGAGATCTGCGGCA-1,NK,1.0
TAAGAGATCTTGCATT-1,Mono,1.0
TAAGAGATCTTTACGT-1,B cells,1.0
TAAGCGTAGATAGCAT-1,T cells,0.6965352
TAAGCGTAGGAGTTTA-1,B cells,1.0
TAAGCGTAGGATGGTC-1,NK,0.9999881
TAAGCGTCAACTTGAC-1,B cells,1.0
TAAGCGTCAGATTGCT-1,NK,0.9997365
TAAGCGTCAGCTGCAC-1,Mono,1.0
TAAGCGTCATCGATGT-1,Mono,1.0
TAAGCGTCATGGGAAC-1,Mono,1.0
TAAGCGTGTACGACCC-1,Mono,1.0
TAAGCGTGTCAGCTAT-1,Mono,1.0
TAAGCGTGTGAGGGTT-1,Mono,1.0
TAAGCGTGTGCCTGGT-1,T cells,0.99998915
TAAGCGTTCACTCCTG-1,T cells,1.0
TAAGCGTTCAGCATGT-1,Mono,1.0
TAAGCGTTCGTCACGG-1,T cells,1.0
TAAGTGCAGACACTAA-1,T cells,0.99999356
TAAGTGCAGCGTTTAC-1,Mono,1.0
TAAGTGCAGGACGAAA-1,T cells,0.99996245
TAAGTGCCAACTGGCC-1,B cells,1.0
TAAGTGCCAATGACCT-1,T cells,0.9999999
TAAGTGCCACGGTAAG-1,Mono,1.0
TAAGTGCCATGACGGA-1,B cells,0.99999976
TAAGTGCGTCGAGATG-1,T cells,0.99999964
TAAGTGCGTCTGGTCG-1,T cells,1.0
TAAGTGCGTGCGGTAA-1,Mono,1.0
TAAGTGCTCACCCGAG-1,T cells,1.0
TAAGTGCTCAGTTTGG-1,B cells,1.0
TAAGTGCTCCCTTGCA-1,Mono,1.0
TAAGTGCTCGTACCGG-1,T cells,1.0
TAAGTGCTCTACTCAT-1,T cells,0.9999895
TACACGAAGACACGAC-1,B cells,1.0
TACACGAAGCAGACTG-1,T cells,0.9999968
TACACGAAGCCGGTAA-1,NK,0.9997008
TACACGAAGCTAGTCT-1,Mono,1.0
TACACGACAAGTAATG-1,Mono,0.99999976
TACACGACATCACGTA-1,B cells,1.0
TACACGACATGTTCCC-1,T cells,1.0
TACACGAGTAAGAGGA-1,Mono,1.0
TACACGAGTCTCACCT-1,Mono,1.0
TACACGAGTGATGATA-1,T cells,1.0
TACACGAGTGTCGCTG-1,T cells,0.9999987
TACACGATCAAACAAG-1,Mono,1.0
TACACGATCATCTGCC-1,T cells,1.0
TACACGATCTAACCGA-1,T cells,0.99999976
TACAGTGAGCCAGAAC-1,B cells,1.0
TACAGTGAGGACGAAA-1,T cells,0.99999976
TACAGTGAGGGAAACA-1,T cells,0.9999993
TACAGTGCACACCGAC-1,T cells,0.9999927
TACAGTGCACGTGAGA-1,T cells,1.0
TACAGTGCATCCGCGA-1,T cells,1.0
TACAGTGTCACATGCA-1,Mono,1.0
TACAGTGTCATATCGG-1,B cells,1.0
TACAGTGTCATCGGAT-1,Mono,1.0
TACAGTGTCCAACCAA-1,T cells,1.0
TACAGTGTCTTTAGGG-1,Mono,1.0
TACCTATAGAAGGCCT-1,T cells,1.0
TACCTATAGAGGGCTT-1,T cells,0.99999964
TACCTATAGCTTATCG-1,T cells,1.0
TACCTATCAATGGAGC-1,T cells,0.9999999
TACCTATCATGGTCTA-1,T cells,0.9999933
TACCTATGTAAGTAGT-1,T cells,0.9999993
TACCTATGTATCAGTC-1,Mono,1.0
TACCTATGTCCGAGTC-1,Mono,1.0
TACCTATGTGCAGACA-1,Mono,1.0
TACCTATGTTCAGCGC-1,Mono,1.0
TACCTATGTTGCTCCT-1,Mono,1.0
TACCTATTCTTCATGT-1,T cells,1.0
TACCTATTCTTGAGGT-1,Mono,1.0
TACCTTAAGAAGAAGC-1,T cells,0.9999999
TACCTTAAGACAGGCT-1,T cells,1.0
TACCTTAAGACCACGA-1,Mono,1.0
TACCTTAAGATGCCTT-1,T cells,1.0
TACCTTAAGCAGACTG-1,T cells,0.99999523
TACCTTAAGCGCCTTG-1,T cells,1.0
TACCTTAAGGTGCAAC-1,T cells,1.0
TACCTTACAAGGCTCC-1,B cells,1.0
TACCTTACACAGATTC-1,T cells,0.99998486
TACCTTACATACAGCT-1,Mono,1.0
TACCTTACATCACAAC-1,B cells,1.0
TACCTTAGTACGACCC-1,B cells,1.0
TACCTTAGTCTCACCT-1,B cells,1.0
TACCTTAGTGTCCTCT-1,T cells,1.0
TACCTTAGTTCGCTAA-1,B cells,1.0
TACCTTATCAACACAC-1,Mono,1.0
TACCTTATCACCGGGT-1,B cells,1.0
TACCTTATCACTTCAT-1,Mono,1.0
TACCTTATCCAAAGTC-1,Mono,1.0
TACCTTATCCAATGGT-1,B cells,0.9999999
TACCTTATCGAATCCA-1,Mono,1.0
TACCTTATCGAGAACG-1,T cells,0.9999993
TACCTTATCGCCATAA-1,T cells,0.9999989
TACCTTATCTAACGGT-1,T cells,1.0
TACGGATAGCCCAACC-1,Mono,1.0
TACGGATAGGCTCAGA-1,Mono,1.0
TACGGATAGTAACCCT-1,Mono,1.0
TACGGATAGTCTCAAC-1,Mono,1.0
TACGGATAGTGCCATT-1,Mono,1.0
TACGGATCAAGTTGTC-1,T cells,0.99999964
TACGGATCAATCAGAA-1,T cells,0.9999982
TACGGATCACGGCCAT-1,NK,0.9981616
TACGGATCATGTAGTC-1,Mono,1.0
TACGGATGTAAGTAGT-1,T cells,1.0
TACGGATGTGCTCTTC-1,T cells,1.0
TACGGATGTTCTGAAC-1,T cells,0.9972817
TACGGATGTTTGGCGC-1,T cells,0.99962676
TACGGATTCACAAACC-1,T cells,0.9999994
TACGGATTCACTTACT-1,T cells,0.999835
TACGGATTCCGCGGTA-1,Mono,1.0
TACGGATTCCGTCATC-1,Mono,1.0
TACGGGCAGCACACAG-1,Mono,1.0
TACGGGCCAATCACAC-1,T cells,1.0
TACGGGCCACGTCAGC-1,Mono,1.0
TACGGGCCAGATAATG-1,B cells,1.0
TACGGGCCAGCGTTCG-1,Mono,1.0
TACGGGCCATAGTAAG-1,T cells,0.99999976
TACGGGCGTAGAGTGC-1,Mono,1.0
TACGGGCGTCTCACCT-1,NK,0.99847776
TACGGGCGTCTGGAGA-1,Mono,1.0
TACGGGCGTGATAAAC-1,Mono,0.99998593
TACGGGCGTTATCCGA-1,NK,0.99998283
TACGGTAAGAAACCTA-1,Mono,1.0
TACGGTAAGAGTACCG-1,T cells,1.0
TACGGTAAGCCCTAAT-1,B cells,0.9999999
TACGGTAAGGCATGGT-1,NK,0.9999776
TACGGTAAGGCATGTG-1,NK,0.998879
TACGGTAAGTGGGTTG-1,T cells,0.99999964
TACGGTACACATGGGA-1,T cells,1.0
TACGGTACAGCGATCC-1,T cells,0.99998057
TACGGTACATACTCTT-1,B cells,1.0
TACGGTAGTCGGCACT-1,T cells,0.9999995
TACGGTAGTGTGGCTC-1,T cells,0.9999994
TACGGTAGTTCACGGC-1,B cells,1.0
TACGGTATCAGCAACT-1,T cells,0.9999999
TACTCATAGAATTGTG-1,Mono,1.0
TACTCATAGTACGACG-1,T cells,1.0
TACTCATCAAACCTAC-1,B cells,1.0
TACTCATCAATGTTGC-1,Mono,1.0
TACTCATCAGGTCTCG-1,B cells,1.0
TACTCATCATATACGC-1,B cells,1.0
TACTCATCATGTCTCC-1,T cells,1.0
TACTCATCATTTGCCC-1,T cells,0.9874917
TACTCATGTAGGCTGA-1,T cells,0.9999999
TACTCATGTCAGCTAT-1,T cells,1.0
TACTCATGTCATGCAT-1,T cells,0.9998336
TACTCATGTGAAGGCT-1,Mono,1.0
TACTCATGTTATGCGT-1,T cells,0.99950373
TACTCATTCAACGGCC-1,T cells,0.9999969
TACTCATTCAGGTTCA-1,T cells,0.99999964
TACTCATTCATTTGGG-1,T cells,0.89657396
TACTCATTCCACGAAT-1,B cells,1.0
TACTCATTCCGTCAAA-1,Mono,1.0
TACTCATTCGCCATAA-1,Mono,0.99960774
TACTCATTCGGTTCGG-1,Mono,1.0
TACTCATTCTCCCTGA-1,Mono,1.0
TACTCGCAGAATTCCC-1,T cells,1.0
TACTCGCAGCTCCCAG-1,Platelet,0.6866471
TACTCGCAGGCCCTTG-1,NK,0.99989676
TACTCGCAGTGTTTGC-1,Mono,1.0
TACTCGCCAAGGTTTC-1,T cells,0.99998784
TACTCGCCAAGTTAAG-1,T cells,1.0
TACTCGCCACTATCTT-1,T cells,0.9999999
TACTCGCCAGGCAGTA-1,B cells,1.0
TACTCGCGTACCTACA-1,T cells,0.9999988
TACTCGCGTAGCACGA-1,Mono,1.0
TACTCGCGTCATTAGC-1,T cells,1.0
TACTCGCGTGTAAGTA-1,Mono,1.0
TACTCGCGTGTCTGAT-1,T cells,0.9999969
TACTCGCGTGTTAAGA-1,Mono,1.0
TACTCGCGTTGAGGTG-1,Mono,1.0
TACTCGCTCCACGTGG-1,B cells,0.9985612
TACTCGCTCGTTACAG-1,Mono,1.0
TACTCGCTCTCGGACG-1,T cells,0.9999999
TACTTACAGAAACGAG-1,T cells,0.9999999
TACTTACAGAAGGTGA-1,T cells,0.9999945
TACTTACAGCTACCTA-1,Mono,1.0
TACTTACAGGGATCTG-1,T cells,1.0
TACTTACAGGTACTCT-1,T cells,1.0
TACTTACAGGTCGGAT-1,T cells,0.9999889
TACTTACAGTAGTGCG-1,B cells,1.0
TACTTACCAATGGTCT-1,T cells,1.0
TACTTACCACAAGACG-1,Mono,1.0
TACTTACCACCACCAG-1,B cells,1.0
TACTTACCACCCATTC-1,NK,0.99999976
TACTTACCAGCTGCAC-1,Mono,1.0
TACTTACCATGGGAAC-1,Mono,1.0
TACTTACCATTGGGCC-1,Mono,1.0
TACTTACGTATGAAAC-1,B cells,1.0
TACTTACGTTCGGGCT-1,B cells,0.99998975
TACTTACGTTGGAGGT-1,T cells,1.0
TACTTACTCCCTGACT-1,T cells,0.9999932
TACTTACTCGATAGAA-1,Mono,1.0
TACTTGTAGTCTTGCA-1,T cells,0.9999999
TACTTGTCACTTCTGC-1,Mono,0.9999999
TACTTGTCAGTAGAGC-1,Mono,1.0
TACTTGTCATACAGCT-1,T cells,1.0
TACTTGTCATCAGTCA-1,Mono,1.0
TACTTGTCATCCGGGT-1,B cells,0.9999999
TACTTGTGTATTCTCT-1,T cells,0.99999106
TACTTGTGTCGAAAGC-1,T cells,0.99999976
TACTTGTGTCGCGGTT-1,T cells,0.9999999
TACTTGTGTGACGCCT-1,T cells,1.0
TACTTGTGTGATGATA-1,T cells,0.9972894
TACTTGTGTGTGGCTC-1,Mono,1.0
TACTTGTGTTAAGATG-1,Mono,1.0
TACTTGTGTTAAGGGC-1,Mono,1.0
TACTTGTGTTCCACGG-1,T cells,1.0
TACTTGTGTTCTGAAC-1,Mono,1.0
TACTTGTTCACGCGGT-1,B cells,1.0
TACTTGTTCCGAAGAG-1,T cells,0.999995
TACTTGTTCCTAGAAC-1,B cells,1.0
TACTTGTTCCTCCTAG-1,NK,0.9998952
TACTTGTTCCTTGGTC-1,Mono,1.0
TACTTGTTCGAGAGCA-1,T cells,0.9999962
TACTTGTTCTCGTATT-1,T cells,0.99998045
TACTTGTTCTGCCAGG-1,T cells,1.0
TAGACCAAGCAAATCA-1,T cells,0.9999999
TAGACCAAGCCCTAAT-1,T cells,0.9999999
TAGACCAAGGGCACTA-1,T cells,1.0
TAGACCAAGGTGCACA-1,Mono,1.0
TAGACCAAGTACGCGA-1,Mono,1.0
TAGACCACACGGTGTC-1,NK,1.0
TAGACCAGTAAGCACG-1,T cells,1.0
TAGACCAGTACAGTGG-1,Mono,1.0
TAGACCAGTACCGCTG-1,Mono,1.0
TAGACCAGTCAACATC-1,T cells,0.9999993
TAGACCAGTCCGAACC-1,T cells,0.9999989
TAGACCAGTCGCATAT-1,NK,0.99995506
TAGACCAGTCGGGTCT-1,Mono,0.9999999
TAGACCAGTCTCTTAT-1,Mono,1.0
TAGACCAGTCTGATTG-1,Mono,0.9999975
TAGACCAGTGCAGGTA-1,Mono,1.0
TAGACCAGTGGCAAAC-1,T cells,0.9995254
TAGACCATCATGTGGT-1,Mono,1.0
TAGACCATCCCGACTT-1,Mono,1.0
TAGAGCTAGAATTGTG-1,Mono,1.0
TAGAGCTAGAGCCTAG-1,Mono,1.0
TAGAGCTAGCACACAG-1,B cells,1.0
TAGAGCTAGCCACGCT-1,T cells,0.9999995
TAGAGCTAGCCACGTC-1,B cells,0.9996824
TAGAGCTAGCTACCGC-1,Mono,1.0
TAGAGCTAGTGTCCAT-1,Mono,1.0
TAGAGCTCAAGTCTGT-1,Mono,1.0
TAGAGCTCACTTAACG-1,T cells,0.9999999
TAGAGCTCAGCGTAAG-1,Mono,1.0
TAGAGCTCATGGTAGG-1,T cells,0.9720926
TAGAGCTGTAAGGATT-1,T cells,0.99996054
TAGAGCTGTCGTCTTC-1,T cells,0.99770385
TAGAGCTGTCTCTTTA-1,Mono,1.0
TAGCCGGAGAAACCTA-1,T cells,0.99998415
TAGCCGGAGCTGATAA-1,T cells,1.0
TAGCCGGAGTAATCCC-1,T cells,0.99862075
TAGCCGGCAAGACACG-1,T cells,1.0
TAGCCGGCACCACCAG-1,T cells,0.99999285
TAGCCGGGTAGAGTGC-1,B cells,0.9999987
TAGCCGGGTGAGGCTA-1,Mono,1.0
TAGCCGGGTGTGAAAT-1,T cells,0.99999964
TAGCCGGTCAACACGT-1,Mono,1.0
TAGCCGGTCTGTACGA-1,B cells,1.0
TAGGCATAGCACACAG-1,NK,0.99999344
TAGGCATAGCCCGAAA-1,B cells,1.0
TAGGCATAGGTGCACA-1,Mono,1.0
TAGGCATAGTCAAGGC-1,T cells,0.998538
TAGGCATAGTGTCTCA-1,T cells,0.9999999
TAGGCATCAAAGGCGT-1,T cells,0.99983585
TAGGCATCACATCCAA-1,T cells,0.9998903
TAGGCATCACATGACT-1,Mono,1.0
TAGGCATCATCAGTCA-1,T cells,0.9999995
TAGGCATGTACATCCA-1,B cells,1.0
TAGGCATGTCATGCAT-1,T cells,0.9993753
TAGGCATGTCGGCACT-1,Mono,0.7568377
TAGGCATGTGACAAAT-1,T cells,1.0
TAGGCATTCAAAGACA-1,Mono,0.9999999
TAGGCATTCACGACTA-1,Mono,1.0
TAGGCATTCACTCCTG-1,Mono,1.0
TAGGCATTCCGAAGAG-1,Mono,1.0
TAGGCATTCCGCAGTG-1,T cells,0.99999297
TAGGCATTCCTTGACC-1,Platelet,0.9918544
TAGGCATTCGATGAGG-1,T cells,0.99998474
TAGGCATTCTGTCTCG-1,T cells,0.9998838
TAGTGGTAGAGTACAT-1,T cells,1.0
TAGTGGTAGCAGACTG-1,T cells,1.0
TAGTGGTAGTGGAGTC-1,T cells,1.0
TAGTGGTAGTTACGGG-1,T cells,0.99999976
TAGTGGTCACGCCAGT-1,Mono,1.0
TAGTGGTCAGCGATCC-1,Mono,1.0
TAGTGGTCAGCTGCTG-1,T cells,0.99999976
TAGTGGTCATGTAGTC-1,Mono,1.0
TAGTGGTGTCATATGC-1,Mono,1.0
TAGTGGTGTCCAACTA-1,T cells,1.0
TAGTGGTGTGCATCTA-1,T cells,1.0
TAGTGGTTCACATAGC-1,T cells,1.0
TAGTGGTTCCGCGTTT-1,T cells,0.9999994
TAGTGGTTCCGTACAA-1,T cells,0.99999964
TAGTGGTTCTCGGACG-1,Mono,1.0
TAGTTGGAGAAACCTA-1,B cells,1.0
TAGTTGGAGACTGGGT-1,B cells,1.0
TAGTTGGAGAGCCTAG-1,T cells,0.9999957
TAGTTGGAGATCACGG-1,B cells,0.99999964
TAGTTGGAGATGTCGG-1,T cells,0.9999927
TAGTTGGAGTGAATTG-1,T cells,1.0
TAGTTGGCACATAACC-1,T cells,0.999995
TAGTTGGCACGAAAGC-1,T cells,1.0
TAGTTGGCAGCAGTTT-1,B cells,1.0
TAGTTGGCATCTCGCT-1,T cells,1.0
TAGTTGGGTACAGCAG-1,B cells,0.9999989
TAGTTGGGTATCAGTC-1,NK,0.71159846
TAGTTGGGTCTCCCTA-1,Mono,0.9999999
TAGTTGGGTTACGTCA-1,T cells,0.9982362
TAGTTGGGTTCAGACT-1,Mono,1.0
TAGTTGGGTTGGTGGA-1,T cells,0.99999976
TAGTTGGTCCAGATCA-1,T cells,1.0
TAGTTGGTCTCAACTT-1,T cells,0.9999907
TAGTTGGTCTGACCTC-1,Mono,0.99998033
TATCAGGAGAAAGTGG-1,T cells,1.0
TATCAGGAGATCTGAA-1,Mono,1.0
TATCAGGCAACTTGAC-1,T cells,0.9999995
TATCAGGCAAGGTTTC-1,B cells,0.99999976
TATCAGGCAGGATCGA-1,T cells,1.0
TATCAGGCATCCGCGA-1,T cells,1.0
TATCAGGGTAATCGTC-1,Mono,1.0
TATCAGGGTATATGAG-1,T cells,0.9332709
TATCAGGGTCCGTTAA-1,Mono,1.0
TATCAGGGTCTCAACA-1,B cells,1.0
TATCAGGGTTCAACCA-1,T cells,0.9999999
TATCAGGTCCCGGATG-1,Mono,1.0
TATCAGGTCGAGAGCA-1,Mono,1.0
TATCAGGTCGGCATCG-1,T cells,1.0
TATCTCAAGCAGCCTC-1,T cells,1.0
TATCTCAAGCGTCTAT-1,B cells,1.0
TATCTCACAGATGGGT-1,T cells,1.0
TATCTCACATCGGAAG-1,Mono,0.9999995
TATCTCACATGCGCAC-1,Mono,1.0
TATCTCACATGCTAGT-1,B cells,1.0
TATCTCAGTAAGGGAA-1,T cells,0.9999993
TATCTCAGTAGAGCTG-1,T cells,1.0
TATCTCAGTCGCATAT-1,T cells,1.0
TATCTCATCCACTGGG-1,Mono,1.0
TATCTCATCCCTCAGT-1,B cells,1.0
TATCTCATCCTATTCA-1,T cells,1.0
TATGCCCAGACACGAC-1,T cells,0.99885535
TATGCCCAGACGCAAC-1,T cells,0.99999976
TATGCCCAGATGTAAC-1,T cells,1.0
TATGCCCAGTATGACA-1,B cells,1.0
TATGCCCCACGGCTAC-1,NK,0.99759823
TATGCCCCATGTAGTC-1,Mono,1.0
TATGCCCTCAACACCA-1,Mono,1.0
TATGCCCTCAGGATCT-1,T cells,0.99999976
TATGCCCTCTCATTCA-1,Mono,1.0
TATTACCAGCCAGAAC-1,T cells,0.99603087
TATTACCAGCCCAACC-1,T cells,1.0
TATTACCAGGATTCGG-1,T cells,0.99999917
TATTACCAGGCAGTCA-1,T cells,1.0
TATTACCAGGTGTTAA-1,NK,0.9952642
TATTACCAGTCAAGGC-1,T cells,0.9999999
TATTACCCAAGCTGAG-1,T cells,0.9999956
TATTACCCAATAGCGG-1,T cells,1.0
TATTACCCACAAGTAA-1,T cells,0.99999404
TATTACCCACGAGAGT-1,Mono,1.0
TATTACCCAGCGAACA-1,NK,1.0
TATTACCCATATACGC-1,T cells,0.99999
TATTACCCATGTAGTC-1,T cells,1.0
TATTACCCATGTCCTC-1,T cells,0.99997663
TATTACCGTACTCAAC-1,Mono,1.0
TATTACCGTTAGGGTG-1,T cells,1.0
TATTACCGTTGTTTGG-1,Mono,1.0
TATTACCTCACTTCAT-1,T cells,0.9999999
TATTACCTCGGAATCT-1,Mono,1.0
TCAACGAAGAACAATC-1,T cells,0.99999094
TCAACGAAGCGGCTTC-1,B cells,1.0
TCAACGAAGCTCTCGG-1,Mono,1.0
TCAACGAAGGTTACCT-1,NK,0.8768784
TCAACGAAGTCAAGGC-1,Mono,1.0
TCAACGACAGTGACAG-1,Mono,1.0
TCAACGAGTAGAGCTG-1,Mono,1.0
TCAACGAGTCATATGC-1,Mono,1.0
TCAACGAGTGCAGACA-1,B cells,1.0
TCAACGAGTGCCTTGG-1,T cells,1.0
TCAACGAGTGCTAGCC-1,Mono,1.0
TCAACGAGTGTTCGAT-1,Mono,1.0
TCAACGAGTTCTGGTA-1,Mono,1.0
TCAACGAGTTGGACCC-1,Mono,1.0
TCAACGATCAGTGTTG-1,T cells,0.99999845
TCAACGATCATGTCCC-1,T cells,1.0
TCAACGATCTGGAGCC-1,Mono,1.0
TCAACGATCTGGTATG-1,T cells,0.9999839
TCAATCTAGAAGAAGC-1,Mono,1.0
TCAATCTAGATAGTCA-1,T cells,0.9999968
TCAATCTAGCACCGTC-1,Mono,1.0
TCAATCTAGCCTTGAT-1,T cells,0.9999863
TCAATCTCAACGCACC-1,Mono,1.0
TCAATCTCAAGCGATG-1,B cells,1.0
TCAATCTCAATCAGAA-1,B cells,1.0
TCAATCTCAGACAAGC-1,B cells,0.9999999
TCAATCTCAGCTGCAC-1,Mono,1.0
TCAATCTCATCCTAGA-1,T cells,0.9999937
TCAATCTGTAAACGCG-1,T cells,1.0
TCAATCTGTCATCGGC-1,B cells,1.0
TCAATCTGTGAAGGCT-1,T cells,1.0
TCAATCTGTTCCGTCT-1,T cells,1.0
TCAATCTGTTGAGTTC-1,Mono,1.0
TCAATCTTCAACGGGA-1,T cells,0.99999964
TCAATCTTCACCACCT-1,Mono,1.0
TCAATCTTCAGCTTAG-1,Platelet,1.0
TCAATCTTCCGAAGAG-1,Mono,1.0
TCAATCTTCTCACATT-1,T cells,0.92362213
TCACAAGAGAAAGTGG-1,Mono,1.0
TCACAAGAGTCGCCGT-1,T cells,0.99999964
TCACAAGCAATTCCTT-1,Mono,1.0
TCACAAGCACAACGTT-1,T cells,1.0
TCACAAGCACGAAAGC-1,Mono,1.0
TCACAAGCAGCGTAAG-1,T cells,1.0
TCACAAGCAGTATGCT-1,T cells,0.999997
TCACAAGCATGGATGG-1,Mono,1.0
TCACAAGCATTAGGCT-1,Mono,1.0
TCACAAGGTATAGGTA-1,B cells,1.0
TCACAAGGTCGCATCG-1,T cells,1.0
TCACAAGGTGACTCAT-1,Mono,1.0
TCACAAGGTGCTAGCC-1,T cells,0.9999995
TCACAAGGTTACAGAA-1,T cells,1.0
TCACAAGGTTGACGTT-1,T cells,0.99997187
TCACAAGTCAAGAAGT-1,Mono,1.0
TCACAAGTCAAGATCC-1,T cells,1.0
TCACAAGTCAATACCG-1,T cells,1.0
TCACAAGTCACATAGC-1,T cells,0.9638162
TCACAAGTCCTCATTA-1,Mono,1.0
TCACAAGTCGGAAACG-1,B cells,1.0
TCACGAAAGATCACGG-1,Mono,1.0
TCACGAAAGATCTGCT-1,T cells,0.99999964
TCACGAAAGCACCGCT-1,T cells,0.99993944
TCACGAAAGCGTCTAT-1,T cells,0.9999999
TCACGAAAGCTATGCT-1,T cells,0.9894475
TCACGAAAGGCTCTTA-1,T cells,0.99999976
TCACGAAAGGTCGGAT-1,B cells,0.9999987
TCACGAACAAGTCATC-1,T cells,1.0
TCACGAACATGCATGT-1,B cells,0.9999988
TCACGAACATGGTCTA-1,NK,0.8474886
TCACGAACATGTAAGA-1,T cells,0.9999988
TCACGAAGTCGAATCT-1,T cells,0.9999999
TCACGAAGTTCCCTTG-1,B cells,1.0
TCACGAATCAAGGTAA-1,T cells,1.0
TCACGAATCGAATCCA-1,B cells,1.0
TCACGAATCTAGAGTC-1,B cells,1.0
TCAGATGAGCCGATTT-1,Mono,1.0
TCAGATGAGGAACTGC-1,T cells,0.9999999
TCAGATGAGGCATTGG-1,T cells,0.9999999
TCAGATGAGTGAAGAG-1,Mono,1.0
TCAGATGCACGCGAAA-1,Mono,1.0
TCAGATGCACTCAGGC-1,B cells,1.0
TCAGATGCAGATTGCT-1,T cells,1.0
TCAGATGCAGGCTGAA-1,T cells,1.0
TCAGATGGTAGCGTCC-1,T cells,0.9999999
TCAGATGGTATATGAG-1,Mono,0.9886651
TCAGATGGTCATATGC-1,T cells,0.98558575
TCAGATGGTTAGTGGG-1,T cells,0.9999999
TCAGATGGTTCCCGAG-1,Mono,1.0
TCAGATGTCTATCGCC-1,B cells,1.0
TCAGCAAAGAGCCTAG-1,B cells,1.0
TCAGCAAAGCCCAGCT-1,T cells,1.0
TCAGCAAAGGGAGTAA-1,T cells,0.9999981
TCAGCAAAGTGGGCTA-1,Mono,1.0
TCAGCAAAGTGGTAAT-1,Mono,1.0
TCAGCAACACTAAGTC-1,Mono,0.99999976
TCAGCAACAGCATACT-1,T cells,1.0
TCAGCAACAGCTGTAT-1,B cells,0.9999999
TCAGCAAGTACGCTGC-1,B cells,1.0
TCAGCAAGTCTAGAGG-1,T cells,1.0
TCAGCAAGTGGGTCAA-1,Mono,1.0
TCAGCAAGTTACGACT-1,T cells,0.9999634
TCAGCAATCAGGATCT-1,Mono,1.0
TCAGCAATCATAAAGG-1,Mono,1.0
TCAGCTCAGACCCACC-1,T cells,0.9999999
TCAGCTCAGCGATGAC-1,T cells,0.99999905
TCAGCTCAGGCCCGTT-1,T cells,0.99999964
TCAGCTCCACAAGCCC-1,T cells,0.99999976
TCAGCTCCAGACAAAT-1,T cells,0.97603375
TCAGCTCCAGTAACGG-1,B cells,1.0
TCAGCTCCATCGGGTC-1,Mono,0.99999917
TCAGCTCCATGCATGT-1,T cells,1.0
TCAGCTCCATTCCTGC-1,T cells,1.0
TCAGCTCGTACAGTTC-1,NK,0.9999988
TCAGCTCGTACGACCC-1,T cells,1.0
TCAGCTCGTACGCTGC-1,T cells,1.0
TCAGCTCGTCAGATAA-1,NK,0.999995
TCAGCTCGTCTCCATC-1,T cells,0.99999976
TCAGCTCGTTCAGGCC-1,T cells,0.9999982
TCAGCTCGTTCGGCAC-1,Mono,1.0
TCAGCTCGTTGCCTCT-1,NK,0.99999964
TCAGCTCGTTTGACTG-1,T cells,0.99999976
TCAGCTCTCACCGGGT-1,B cells,1.0
TCAGCTCTCAGAAATG-1,T cells,0.9414639
TCAGCTCTCAGTTCGA-1,T cells,0.99999774
TCAGCTCTCCGTAGTA-1,Mono,0.9999999
TCAGCTCTCCTGCAGG-1,Mono,1.0
TCAGCTCTCGTTACGA-1,T cells,0.9999981
TCAGCTCTCTGAAAGA-1,T cells,1.0
TCAGGATAGAGTTGGC-1,T cells,0.9897822
TCAGGATAGATCTGAA-1,T cells,1.0
TCAGGATAGCAGGCTA-1,NK,0.9977101
TCAGGATAGCTAGCCC-1,B cells,0.9999999
TCAGGATAGGACCACA-1,Mono,1.0
TCAGGATAGGATGTAT-1,B cells,1.0
TCAGGATAGGTGGGTT-1,T cells,0.99999416
TCAGGATAGTCCTCCT-1,Mono,1.0
TCAGGATAGTGGGATC-1,B cells,1.0
TCAGGATCAAGCGATG-1,T cells,0.99999917
TCAGGATCAAGGTTTC-1,Mono,1.0
TCAGGATCAGTCTTCC-1,B cells,1.0
TCAGGATCATCATCCC-1,T cells,0.9859218
TCAGGATCATGGTTGT-1,Mono,1.0
TCAGGATGTACCTACA-1,B cells,1.0
TCAGGATGTCTCTTTA-1,Mono,1.0
TCAGGATGTCTTGTCC-1,T cells,0.9999988
TCAGGATTCAGTGTTG-1,NK,0.9999188
TCAGGATTCTCCAACC-1,T cells,0.9999962
TCAGGTAAGCACACAG-1,Mono,1.0
TCAGGTAAGCGCTTAT-1,T cells,1.0
TCAGGTACAAGCCGTC-1,Mono,1.0
TCAGGTACAAGCGATG-1,T cells,1.0
TCAGGTACACATGGGA-1,B cells,1.0
TCAGGTAGTAATCGTC-1,T cells,0.99999976
TCAGGTAGTCGAACAG-1,T cells,0.9999969
TCAGGTAGTCTTGTCC-1,T cells,1.0
TCAGGTAGTTCGTGAT-1,T cells,0.9999999
TCAGGTAGTTGTTTGG-1,T cells,0.9999999
TCAGGTATCAAGGTAA-1,T cells,0.999879
TCAGGTATCAGCTCGG-1,B cells,0.9999999
TCAGGTATCATCTGTT-1,T cells,0.99999964
TCAGGTATCCTCGCAT-1,Mono,1.0
TCAGGTATCGGCGCAT-1,B cells,1.0
TCAGGTATCTACCTGC-1,T cells,1.0
TCAGGTATCTCTTGAT-1,T cells,0.9999987
TCAGGTATCTGTGCAA-1,T cells,1.0
TCAGGTATCTTGACGA-1,Mono,1.0
TCAGGTATCTTTACGT-1,T cells,0.99999285
TCATTACAGTGTGGCA-1,B cells,1.0
TCATTACAGTTACGGG-1,Mono,1.0
TCATTACCAGTATGCT-1,Mono,1.0
TCATTACCATGTAAGA-1,Mono,1.0
TCATTACGTAAAGTCA-1,B cells,1.0
TCATTACGTACACCGC-1,Platelet,0.9999999
TCATTACGTCGACTGC-1,T cells,1.0
TCATTACGTCGTCTTC-1,Mono,1.0
TCATTACGTTACGTCA-1,T cells,1.0
TCATTACGTTATCCGA-1,T cells,0.9999995
TCATTACTCACTTATC-1,Mono,1.0
TCATTACTCATTGCCC-1,T cells,0.9999994
TCATTACTCCCTTGTG-1,T cells,0.9999995
TCATTACTCGACAGCC-1,B cells,1.0
TCATTACTCGTTGCCT-1,T cells,0.9985877
TCATTTGAGATGAGAG-1,Mono,1.0
TCATTTGAGCTCCTCT-1,Mono,1.0
TCATTTGAGGATGTAT-1,Mono,1.0
TCATTTGAGTGTACTC-1,T cells,1.0
TCATTTGCACGCTTTC-1,B cells,0.999998
TCATTTGCACTGTCGG-1,B cells,0.9999713
TCATTTGCAGAGCCAA-1,T cells,1.0
TCATTTGCATCCCACT-1,T cells,0.99999917
TCATTTGCATTTGCCC-1,T cells,1.0
TCATTTGGTAAGTAGT-1,T cells,1.0
TCATTTGGTCCCTTGT-1,T cells,0.9999932
TCATTTGGTCTAGCCG-1,T cells,1.0
TCATTTGGTGAACCTT-1,T cells,0.9999938
TCATTTGGTGAGGCTA-1,B cells,1.0
TCATTTGGTGATAAAC-1,T cells,1.0
TCATTTGTCGTTGACA-1,B cells,1.0
TCATTTGTCTACTATC-1,B cells,1.0
TCATTTGTCTTTACGT-1,T cells,0.99999607
TCCACACAGCGATAGC-1,Mono,1.0
TCCACACAGCTAGTTC-1,Mono,1.0
TCCACACAGCTTATCG-1,T cells,0.9999975
TCCACACAGGAATCGC-1,Mono,1.0
TCCACACCAATAAGCA-1,T cells,0.999985
TCCACACCAATGCCAT-1,T cells,1.0
TCCACACCACGGCTAC-1,Mono,1.0
TCCACACCACTATCTT-1,T cells,0.99999845
TCCACACCAGGAATGC-1,Mono,1.0
TCCACACCATAAGACA-1,T cells,1.0
TCCACACCATCCGTGG-1,T cells,0.9999994
TCCACACCATGTTGAC-1,B cells,1.0
TCCACACCATTGAGCT-1,T cells,1.0
TCCACACGTGGGTCAA-1,T cells,1.0
TCCACACGTGGTACAG-1,B cells,1.0
TCCACACGTTATTCTC-1,B cells,1.0
TCCACACTCCTGCTTG-1,Mono,1.0
TCCACACTCCTTTACA-1,T cells,1.0
TCCCGATAGCTGATAA-1,T cells,0.9999987
TCCCGATAGTTACGGG-1,T cells,0.99997807
TCCCGATCAAGGGTCA-1,B cells,1.0
TCCCGATCACCAGTTA-1,T cells,1.0
TCCCGATCACTGTGTA-1,B cells,1.0
TCCCGATCAGGACGTA-1,B cells,0.99999964
TCCCGATGTATGGTTC-1,Mono,1.0
TCCCGATGTGATGCCC-1,T cells,1.0
TCCCGATGTTAAGATG-1,Mono,1.0
TCCCGATGTTTAGGAA-1,T cells,0.9999989
TCCCGATTCATGCTCC-1,Mono,1.0
TCCCGATTCCAAACTG-1,Mono,1.0
TCCCGATTCCGAACGC-1,T cells,1.0
TCGAGGCAGCATCATC-1,T cells,1.0
TCGAGGCAGTGAACGC-1,T cells,1.0
TCGAGGCAGTGGTAGC-1,B cells,1.0
TCGAGGCAGTTTCCTT-1,T cells,1.0
TCGAGGCCAAAGGTGC-1,Mono,1.0
TCGAGGCCAAGGACTG-1,Mono,1.0
TCGAGGCCACGAAATA-1,Mono,1.0
TCGAGGCCAGGCGATA-1,T cells,1.0
TCGAGGCCAGGTCTCG-1,Mono,0.99999976
TCGAGGCGTATCACCA-1,Mono,1.0
TCGAGGCGTCGCATCG-1,Mono,1.0
TCGAGGCGTCTCTTAT-1,T cells,0.9999976
TCGAGGCGTGCACCAC-1,Mono,1.0
TCGAGGCGTGTAAGTA-1,T cells,0.9999999
TCGAGGCGTTATGTGC-1,Mono,1.0
TCGAGGCTCACAGGCC-1,Mono,1.0
TCGAGGCTCAGAGCTT-1,T cells,0.9999902
TCGAGGCTCAGCTCTC-1,T cells,1.0
TCGAGGCTCATGCATG-1,Mono,1.0
TCGAGGCTCATGTCCC-1,T cells,1.0
TCGAGGCTCCGTACAA-1,B cells,0.9999999
TCGAGGCTCCTACAGA-1,T cells,1.0
TCGAGGCTCCTAGAAC-1,T cells,1.0
TCGAGGCTCGGCATCG-1,B cells,1.0
TCGAGGCTCGGTCTAA-1,T cells,0.99992645
TCGAGGCTCTGGTATG-1,T cells,1.0
TCGCGAGAGAAGCCCA-1,Mono,1.0
TCGCGAGAGCTAAGAT-1,NK,0.99999964
TCGCGAGAGTGTACCT-1,T cells,1.0
TCGCGAGCACAGCGTC-1,Mono,1.0
TCGCGAGCACATCCAA-1,Mono,1.0
TCGCGAGCACCGAATT-1,B cells,1.0
TCGCGAGCACTTGGAT-1,Mono,1.0
TCGCGAGCAGTATGCT-1,T cells,1.0
TCGCGAGCAGTTTACG-1,Mono,1.0
TCGCGAGGTGATGCCC-1,T cells,0.5848679
TCGCGAGGTGCGATAG-1,B cells,1.0
TCGCGAGGTGGTGTAG-1,T cells,0.9999945
TCGCGAGGTGTAATGA-1,T cells,0.9999995
TCGCGAGTCAGTTGAC-1,T cells,1.0
TCGCGAGTCGGACAAG-1,Mono,1.0
TCGCGAGTCTGAGGGA-1,T cells,1.0
TCGCGTTAGATATGCA-1,T cells,1.0
TCGCGTTAGGACTGGT-1,T cells,0.99999905
TCGCGTTCAAGCGAGT-1,T cells,0.99999917
TCGCGTTCACACGCTG-1,T cells,0.9999999
TCGCGTTCACTTCGAA-1,T cells,0.9999995
TCGCGTTCAGTAAGCG-1,Mono,0.9999999
TCGCGTTCAGTTCCCT-1,B cells,0.9999999
TCGCGTTCATGTTCCC-1,Mono,1.0
TCGCGTTGTACATGTC-1,T cells,1.0
TCGCGTTGTCTCAACA-1,Mono,1.0
TCGCGTTGTGCACGAA-1,T cells,0.99999917
TCGCGTTTCAGCACAT-1,NK,0.9850857
TCGCGTTTCATCTGCC-1,T cells,0.9999999
TCGCGTTTCGCTAGCG-1,Mono,1.0
TCGCGTTTCGCTGATA-1,T cells,0.9999999
TCGCGTTTCGGAATCT-1,T cells,0.9999999
TCGGGACAGCGATGAC-1,T cells,1.0
TCGGGACAGCTAACTC-1,T cells,0.98631346
TCGGGACAGCTCAACT-1,T cells,1.0
TCGGGACAGCTCTCGG-1,T cells,0.9999763
TCGGGACAGGCATTGG-1,T cells,1.0
TCGGGACAGGTGCAAC-1,T cells,0.9999999
TCGGGACAGTCTCGGC-1,Mono,1.0
TCGGGACAGTGTCTCA-1,Mono,1.0
TCGGGACCAAGAAAGG-1,T cells,0.9999989
TCGGGACCAAGCGTAG-1,B cells,1.0
TCGGGACCAATGCCAT-1,B cells,1.0
TCGGGACCATCTACGA-1,T cells,1.0
TCGGGACCATGATCCA-1,NK,0.9996921
TCGGGACCATTCGACA-1,T cells,1.0
TCGGGACGTGCAACGA-1,Mono,1.0
TCGGGACGTGCACGAA-1,T cells,1.0
TCGGGACGTGTTCGAT-1,T cells,0.99999976
TCGGGACGTTAGATGA-1,T cells,0.9999876
TCGGGACGTTCCGTCT-1,B cells,1.0
TCGGGACGTTGGTTTG-1,T cells,0.9997992
TCGGGACTCTGCCCTA-1,B cells,1.0
TCGGGACTCTGTACGA-1,T cells,1.0
TCGGTAAAGCACGCCT-1,T cells,0.9999999
TCGGTAAAGGAGTTGC-1,B cells,0.9999999
TCGGTAAAGGTCATCT-1,T cells,0.8268066
TCGGTAACAACAACCT-1,T cells,0.9999999
TCGGTAACACTAGTAC-1,Mono,1.0
TCGGTAACATCGGAAG-1,T cells,1.0
TCGGTAACATGATCCA-1,T cells,1.0
TCGGTAACATTGCGGC-1,B cells,0.99998677
TCGGTAAGTAGCGTCC-1,T cells,0.99999976
TCGGTAAGTCAGCTAT-1,T cells,1.0
TCGGTAAGTCTGCCAG-1,Mono,1.0
TCGGTAAGTGAGGGTT-1,Mono,1.0
TCGGTAAGTGCCTGTG-1,Mono,1.0
TCGGTAAGTGTAAGTA-1,T cells,0.9999999
TCGGTAAGTTCTGTTT-1,Mono,1.0
TCGGTAATCACAGTAC-1,T cells,0.9999963
TCGTACCAGAAACCAT-1,T cells,1.0
TCGTACCAGACCTAGG-1,NK,0.9887011
TCGTACCAGATAGGAG-1,T cells,0.99999917
TCGTACCAGGACTGGT-1,Mono,1.0
TCGTACCAGGCTACGA-1,T cells,0.99999917
TCGTACCCACCGGAAA-1,T cells,0.99999046
TCGTACCCACTGTTAG-1,T cells,0.9999999
TCGTACCCAGCTGCAC-1,B cells,1.0
TCGTACCCAGTAAGAT-1,T cells,1.0
TCGTACCCATGCAATC-1,NK,0.9469743
TCGTACCGTAAACCTC-1,T cells,1.0
TCGTACCGTCAAGCGA-1,NK,0.56894815
TCGTACCGTTGAACTC-1,T cells,1.0
TCGTACCGTTTCCACC-1,T cells,1.0
TCGTACCTCAACACAC-1,B cells,0.9999999
TCGTACCTCATGGTCA-1,T cells,0.99999964
TCGTACCTCGACAGCC-1,T cells,0.9999856
TCGTAGAAGGACATTA-1,Mono,1.0
TCGTAGAAGTATGACA-1,T cells,0.99999976
TCGTAGAAGTGGACGT-1,Mono,1.0
TCGTAGACAAGGACTG-1,B cells,1.0
TCGTAGACAGGTTTCA-1,T cells,1.0
TCGTAGAGTCAACTGT-1,Mono,1.0
TCGTAGAGTCAGGACA-1,T cells,0.99999976
TCGTAGAGTCTGGTCG-1,Mono,1.0
TCGTAGAGTTCGTCTC-1,Mono,1.0
TCGTAGAGTTCTGTTT-1,T cells,0.9999999
TCGTAGATCATGCAAC-1,T cells,0.9999993
TCGTAGATCCCTTGCA-1,Mono,1.0
TCGTAGATCGGTGTTA-1,T cells,0.9999993
TCGTAGATCTTTAGTC-1,T cells,0.9999999
TCTATTGAGAAACGCC-1,Mono,1.0
TCTATTGAGAGTGAGA-1,Mono,1.0
TCTATTGAGCATCATC-1,T cells,0.99999976
TCTATTGAGCCTCGTG-1,T cells,0.9999987
TCTATTGAGTACGCGA-1,T cells,1.0
TCTATTGAGTTGAGTA-1,T cells,0.99999964
TCTATTGCAATCACAC-1,T cells,0.9999981
TCTATTGCACAACGCC-1,Mono,1.0
TCTATTGCACAGGTTT-1,T cells,1.0
TCTATTGCACTTGGAT-1,Mono,1.0
TCTATTGCATCCGTGG-1,T cells,0.9999993
TCTATTGGTAAGGGAA-1,B cells,1.0
TCTATTGGTAAGTGGC-1,T cells,1.0
TCTATTGGTACCAGTT-1,T cells,0.99999475
TCTATTGGTATCGCAT-1,B cells,1.0
TCTATTGGTGGGTATG-1,T cells,0.9999999
TCTATTGGTTATGTGC-1,T cells,0.99999547
TCTATTGGTTCCTCCA-1,T cells,0.9999999
TCTATTGTCAATAAGG-1,T cells,1.0
TCTATTGTCAGAGGTG-1,Mono,1.0
TCTATTGTCGATGAGG-1,Mono,1.0
TCTATTGTCGGTCTAA-1,T cells,0.9999995
TCTCATAAGTCGCCGT-1,Mono,1.0
TCTCATACAGAAGCAC-1,T cells,1.0
TCTCATACAGCTGCAC-1,T cells,1.0
TCTCATACAGTATGCT-1,T cells,1.0
TCTCATACATAAGACA-1,T cells,0.99999976
TCTCATACATTGAGCT-1,T cells,1.0
TCTCATAGTCAACATC-1,T cells,1.0
TCTCATAGTGCATCTA-1,T cells,0.99999917
TCTCATAGTGGCGAAT-1,Mono,1.0
TCTCATAGTTAGATGA-1,Mono,1.0
TCTCATATCACAACGT-1,Mono,1.0
TCTCATATCACAGTAC-1,Mono,0.9999995
TCTCATATCATCTGCC-1,Mono,1.0
TCTCATATCCGATATG-1,T cells,0.9999987
TCTCATATCGGAATCT-1,T cells,1.0
TCTCATATCTTGACGA-1,T cells,1.0
TCTCATATCTTTACAC-1,Mono,1.0
TCTCTAACAAGCGTAG-1,T cells,1.0
TCTCTAACACCATGTA-1,T cells,0.9893762
TCTCTAACACGCCAGT-1,T cells,0.99999475
TCTCTAACAGCTTCGG-1,T cells,0.99999785
TCTCTAACAGGCTCAC-1,B cells,1.0
TCTCTAACAGTAGAGC-1,Mono,1.0
TCTCTAACATCGATGT-1,T cells,0.99999917
TCTCTAACATCGGAAG-1,Mono,1.0
TCTCTAAGTAACGACG-1,B cells,1.0
TCTCTAAGTAGCAAAT-1,NK,0.9999995
TCTCTAAGTATCGCAT-1,B cells,1.0
TCTCTAAGTCGCTTCT-1,T cells,1.0
TCTCTAAGTGCTGTAT-1,Mono,1.0
TCTCTAAGTTCGGCAC-1,T cells,1.0
TCTCTAATCAACTCTT-1,T cells,0.9999993
TCTCTAATCCTTCAAT-1,B cells,1.0
TCTCTAATCGAGGTAG-1,T cells,0.99999714
TCTCTAATCGTACGGC-1,T cells,1.0
TCTCTAATCTTCCTTC-1,NK,0.9999999
TCTGAGAAGCAGCCTC-1,Mono,1.0
TCTGAGAAGCTAGGCA-1,T cells,0.9999995
TCTGAGAAGCTGATAA-1,T cells,0.9999999
TCTGAGAAGTAGATGT-1,Mono,1.0
TCTGAGACACACATGT-1,T cells,0.9999995
TCTGAGACACGACTCG-1,T cells,0.9999999
TCTGAGACAGAGTGTG-1,T cells,1.0
TCTGAGACATCCAACA-1,Mono,1.0
TCTGAGACATTACGAC-1,B cells,1.0
TCTGAGAGTACGCACC-1,T cells,0.9999999
TCTGAGAGTCAATACC-1,Mono,1.0
TCTGAGAGTGTGTGCC-1,Mono,1.0
TCTGAGAGTTAAGACA-1,Mono,1.0
TCTGAGATCATCTGTT-1,Mono,1.0
TCTGAGATCCGTCAAA-1,Mono,1.0
TCTGAGATCTTATCTG-1,Mono,1.0
TCTGAGATCTTTACAC-1,T cells,0.9999999
TCTGGAAAGAATCTCC-1,T cells,1.0
TCTGGAAAGAGTGACC-1,Mono,1.0
TCTGGAAAGCGATTCT-1,T cells,1.0
TCTGGAACAGACGCCT-1,T cells,0.9999999
TCTGGAACAGCATGAG-1,B cells,1.0
TCTGGAACATAAGACA-1,Mono,1.0
TCTGGAAGTCAAGCGA-1,Mono,1.0
TCTGGAAGTCGAGTTT-1,T cells,1.0
TCTGGAAGTCTCATCC-1,Mono,1.0
TCTGGAAGTGACTCAT-1,T cells,0.9999999
TCTGGAAGTGTAATGA-1,B cells,1.0
TCTGGAAGTTAGAACA-1,T cells,0.9999999
TCTGGAAGTTCAGTAC-1,Mono,1.0
TCTGGAAGTTGGACCC-1,Mono,1.0
TCTGGAATCAACCATG-1,Mono,1.0
TCTGGAATCATGTCCC-1,T cells,0.9995029
TCTGGAATCCAGTAGT-1,Mono,1.0
TCTGGAATCGAACGGA-1,T cells,0.99999917
TCTGGAATCTTGAGGT-1,T cells,1.0
TCTTCGGAGACATAAC-1,T cells,1.0
TCTTCGGAGACGCACA-1,T cells,0.81854135
TCTTCGGAGCCCTAAT-1,Mono,1.0
TCTTCGGAGCGTTTAC-1,B cells,1.0
TCTTCGGAGCTCCTTC-1,NK,0.99999976
TCTTCGGAGGACATTA-1,Mono,1.0
TCTTCGGAGTGAAGTT-1,T cells,0.9999943
TCTTCGGAGTGGTAAT-1,Mono,1.0
TCTTCGGAGTTTCCTT-1,NK,0.9999944
TCTTCGGCAAATACAG-1,Mono,1.0
TCTTCGGCAAGGTTCT-1,Mono,1.0
TCTTCGGCACCGTTGG-1,Mono,1.0
TCTTCGGCACGAGGTA-1,Mono,1.0
TCTTCGGCAGGTCTCG-1,Mono,1.0
TCTTCGGGTATCGCAT-1,Mono,1.0
TCTTCGGGTCTCCATC-1,T cells,1.0
TCTTCGGGTCTTGTCC-1,T cells,1.0
TCTTCGGGTTTGTGTG-1,Mono,1.0
TCTTCGGTCAAGAAGT-1,T cells,0.99999976
TCTTCGGTCATTCACT-1,Mono,1.0
TCTTCGGTCCATGCTC-1,B cells,0.99999917
TCTTTCCAGAGACGAA-1,Mono,1.0
TCTTTCCAGAGCCTAG-1,Mono,1.0
TCTTTCCAGCACAGGT-1,T cells,1.0
TCTTTCCAGCTAAACA-1,T cells,1.0
TCTTTCCAGGACTGGT-1,B cells,1.0
TCTTTCCAGGCGTACA-1,T cells,0.99999964
TCTTTCCAGTAGGTGC-1,Mono,1.0
TCTTTCCAGTCTTGCA-1,NK,0.54568404
TCTTTCCCAAACGCGA-1,B cells,0.9999993
TCTTTCCCAAGGCTCC-1,T cells,0.99999976
TCTTTCCCAATGAATG-1,B cells,1.0
TCTTTCCCACCGTTGG-1,T cells,0.9999566
TCTTTCCCACGACGAA-1,B cells,1.0
TCTTTCCCAGTGACAG-1,T cells,0.9999999
TCTTTCCCATCCGCGA-1,T cells,0.9999969
TCTTTCCCATGATCCA-1,B cells,1.0
TCTTTCCGTAGCGATG-1,Mono,1.0
TCTTTCCGTCACCCAG-1,Mono,1.0
TCTTTCCGTCCGCTGA-1,B cells,1.0
TCTTTCCGTGATAAAC-1,Mono,1.0
TCTTTCCGTGCAACTT-1,T cells,0.9999993
TCTTTCCGTTCAGCGC-1,NK,0.99998426
TCTTTCCGTTTCGCTC-1,T cells,0.9999999
TCTTTCCTCGACGGAA-1,T cells,0.9998865
TCTTTCCTCGTTACGA-1,T cells,0.99999917
TCTTTCCTCTAACTCT-1,Mono,0.9999999
TGAAAGAAGACTCGGA-1,Mono,1.0
TGAAAGAAGAGCCCAA-1,T cells,1.0
TGAAAGACAACTGCTA-1,T cells,1.0
TGAAAGACAATTCCTT-1,T cells,0.9999031
TGAAAGACACCAGTTA-1,T cells,1.0
TGAAAGACACGAAATA-1,T cells,0.99999976
TGAAAGACAGACAGGT-1,B cells,1.0
TGAAAGACAGATGGCA-1,T cells,1.0
TGAAAGACATCAGTAC-1,T cells,1.0
TGAAAGAGTAAACGCG-1,T cells,0.99351126
TGAAAGAGTAGGGTAC-1,T cells,0.999265
TGAAAGAGTCCCTACT-1,Mono,1.0
TGAAAGAGTCCGAAGA-1,Mono,1.0
TGAAAGAGTGACGGTA-1,Mono,1.0
TGAAAGAGTGTATGGG-1,T cells,0.9999987
TGAAAGAGTTGGTAAA-1,T cells,1.0
TGAAAGATCAGCAACT-1,Mono,1.0
TGAAAGATCGATAGAA-1,Mono,1.0
TGAAAGATCGGAAATA-1,NK,0.9789038
TGAAAGATCTATCGCC-1,T cells,1.0
TGACAACAGGAATCGC-1,T cells,1.0
TGACAACAGGAGTAGA-1,T cells,1.0
TGACAACAGGGATGGG-1,T cells,0.99999905
TGACAACCAACTGCGC-1,T cells,1.0
TGACAACCACAGGTTT-1,B cells,1.0
TGACAACCAGCCTATA-1,T cells,0.9991928
TGACAACCATCGATGT-1,T cells,1.0
TGACAACGTAGGGACT-1,T cells,0.9999999
TGACAACGTTCTGGTA-1,Mono,1.0
TGACAACTCAGCTCGG-1,T cells,1.0
TGACAACTCAGCTTAG-1,Mono,1.0
TGACAACTCCGGGTGT-1,Mono,0.99999976
TGACAACTCGCAAACT-1,T cells,1.0
TGACAACTCTAACTGG-1,B cells,0.9988452
TGACAACTCTACTCAT-1,T cells,1.0
TGACGGCAGATGGCGT-1,Mono,1.0
TGACGGCAGCTCTCGG-1,B cells,1.0
TGACGGCAGGTGTTAA-1,NK,0.9999995
TGACGGCCAAACGTGG-1,T cells,0.9840745
TGACGGCCACCGAAAG-1,NK,0.9999944
TGACGGCCATAAGACA-1,B cells,0.99759275
TGACGGCGTAAGAGAG-1,T cells,0.99999976
TGACGGCGTAAGTGTA-1,B cells,1.0
TGACGGCGTAATAGCA-1,B cells,1.0
TGACGGCGTACCGAGA-1,Mono,0.99999964
TGACGGCGTCTGATCA-1,Mono,1.0
TGACGGCGTGGCGAAT-1,B cells,1.0
TGACGGCGTGGTCCGT-1,T cells,0.99999964
TGACGGCGTTCAGTAC-1,T cells,1.0
TGACGGCGTTGGACCC-1,Mono,1.0
TGACGGCTCCTCAATT-1,Mono,1.0
TGACGGCTCTCCCTGA-1,T cells,1.0
TGACTAGAGCAGATCG-1,T cells,1.0
TGACTAGAGCAGCGTA-1,T cells,0.99999833
TGACTAGAGCCACGTC-1,Mono,1.0
TGACTAGAGGTGATTA-1,Mono,1.0
TGACTAGAGTAGCCGA-1,B cells,0.9999994
TGACTAGCAAGCGAGT-1,Mono,1.0
TGACTAGCAGACGCTC-1,T cells,0.99999976
TGACTAGCAGCTATTG-1,T cells,1.0
TGACTAGGTAGGACAC-1,T cells,0.99999976
TGACTAGGTCGCTTTC-1,T cells,0.9999994
TGACTAGGTCTCCATC-1,Mono,1.0
TGACTAGGTTGAGGTG-1,T cells,0.9999988
TGACTAGTCAAGGCTT-1,Mono,1.0
TGACTAGTCCCACTTG-1,T cells,0.99999523
TGACTAGTCCGAGCCA-1,T cells,1.0
TGACTAGTCCGCATAA-1,T cells,1.0
TGACTAGTCCTAGTGA-1,T cells,0.99999523
TGACTAGTCCTCAATT-1,T cells,1.0
TGACTTTAGCACAGGT-1,B cells,0.9999999
TGACTTTAGGAGTACC-1,T cells,0.9999999
TGACTTTAGGTCATCT-1,T cells,1.0
TGACTTTCAAACTGTC-1,Mono,1.0
TGACTTTCACGAAACG-1,Mono,1.0
TGACTTTCATGTAAGA-1,T cells,0.9999999
TGACTTTGTGATAAAC-1,B cells,1.0
TGACTTTGTGCAGGTA-1,Mono,0.9999994
TGACTTTGTTTAGCTG-1,NK,0.999967
TGACTTTTCAACGCTA-1,NK,0.9317402
TGACTTTTCACCAGGC-1,T cells,1.0
TGACTTTTCCGCATCT-1,Mono,1.0
TGACTTTTCCTTGGTC-1,T cells,0.9999999
TGACTTTTCTTCAACT-1,T cells,1.0
TGAGAGGAGAAGCCCA-1,Mono,1.0
TGAGAGGAGAATCTCC-1,T cells,1.0
TGAGAGGAGACTGGGT-1,NK,0.98794055
TGAGAGGAGATGTAAC-1,T cells,1.0
TGAGAGGAGCGAAGGG-1,T cells,0.99999964
TGAGAGGAGGTGCACA-1,T cells,1.0
TGAGAGGAGGTGTGGT-1,T cells,0.97991425
TGAGAGGCACGGTAAG-1,T cells,0.99997437
TGAGAGGGTACTCGCG-1,T cells,1.0
TGAGAGGGTAGCACGA-1,T cells,0.99942446
TGAGAGGGTCCAGTGC-1,T cells,0.9999939
TGAGAGGGTCTTGTCC-1,Mono,1.0
TGAGAGGGTGACGGTA-1,B cells,1.0
TGAGAGGGTGATGCCC-1,B cells,1.0
TGAGAGGGTGCACCAC-1,T cells,1.0
TGAGAGGGTGTAATGA-1,Mono,1.0
TGAGAGGTCTGACCTC-1,T cells,1.0
TGAGCATCACCGGAAA-1,T cells,1.0
TGAGCATCAGGCTGAA-1,T cells,1.0
TGAGCATCATCCGTGG-1,Mono,1.0
TGAGCATGTAGCTCCG-1,B cells,1.0
TGAGCATGTCAGATAA-1,T cells,0.9999994
TGAGCATGTCCGACGT-1,Mono,1.0
TGAGCATGTCTAGAGG-1,T cells,0.9999988
TGAGCATGTGCACCAC-1,Mono,1.0
TGAGCATGTTAGAACA-1,T cells,1.0
TGAGCATGTTCGCGAC-1,T cells,0.9999999
TGAGCATGTTCGTGAT-1,Mono,1.0
TGAGCATTCAAACAAG-1,Mono,1.0
TGAGCATTCACGACTA-1,T cells,1.0
TGAGCATTCAGCATGT-1,T cells,1.0
TGAGCATTCCCATTAT-1,T cells,0.9999963
TGAGCATTCCGCATAA-1,T cells,0.9999999
TGAGCATTCGACCAGC-1,T cells,1.0
TGAGCATTCGTTTGCC-1,B cells,1.0
TGAGCATTCTAACCGA-1,T cells,0.9999318
TGAGCATTCTAGAGTC-1,T cells,1.0
TGAGCATTCTGAAAGA-1,B cells,1.0
TGAGCATTCTGTTTGT-1,Mono,1.0
TGAGCCGAGAAACCAT-1,T cells,0.99999976
TGAGCCGAGCCGCCTA-1,NK,0.53446645
TGAGCCGAGTACGACG-1,Mono,1.0
TGAGCCGAGTAGGTGC-1,T cells,1.0
TGAGCCGCAAACCTAC-1,T cells,0.9999964
TGAGCCGCAAAGGCGT-1,T cells,0.99999976
TGAGCCGCACAACTGT-1,Mono,1.0
TGAGCCGGTCAATACC-1,T cells,0.99999976
TGAGCCGGTTTAGCTG-1,Mono,1.0
TGAGCCGTCACAAACC-1,T cells,1.0
TGAGCCGTCTAGCACA-1,T cells,1.0
TGAGCCGTCTGGTGTA-1,T cells,1.0
TGAGCCGTCTTTACGT-1,Mono,1.0
TGAGGGAAGCAATCTC-1,T cells,0.999987
TGAGGGAAGCCTTGAT-1,T cells,1.0
TGAGGGAAGCGATTCT-1,T cells,0.9999969
TGAGGGAAGGTCATCT-1,T cells,0.9999999
TGAGGGAAGTGTTAGA-1,Mono,1.0
TGAGGGAAGTTTGCGT-1,Mono,1.0
TGAGGGACAACGCACC-1,Mono,1.0
TGAGGGACACCAACCG-1,Mono,1.0
TGAGGGACACCGCTAG-1,T cells,0.9999999
TGAGGGACATCCAACA-1,Mono,1.0
TGAGGGACATGCTAGT-1,T cells,0.9999999
TGAGGGAGTCTGCCAG-1,T cells,0.99999964
TGAGGGAGTGATGTGG-1,T cells,0.99998796
TGAGGGAGTTCACGGC-1,T cells,0.9999975
TGAGGGAGTTCAGACT-1,T cells,1.0
TGAGGGATCTACGAGT-1,T cells,0.99999654
TGAGGGATCTGACCTC-1,T cells,1.0
TGATTTCAGAAACCGC-1,Mono,1.0
TGATTTCAGCAATATG-1,Mono,1.0
TGATTTCAGCACAGGT-1,B cells,1.0
TGATTTCAGGACACCA-1,Mono,1.0
TGATTTCAGTGATCGG-1,Mono,1.0
TGATTTCCAAGGTGTG-1,Mono,1.0
TGATTTCCAATCTACG-1,Mono,1.0
TGATTTCCACAACTGT-1,Mono,1.0
TGATTTCCACCTCGTT-1,Mono,1.0
TGATTTCCATACGCTA-1,T cells,0.9999988
TGATTTCCATCGGTTA-1,T cells,1.0
TGATTTCGTCCGACGT-1,B cells,0.9999949
TGATTTCGTGAAGGCT-1,Mono,1.0
TGATTTCGTGCGCTTG-1,NK,0.8453003
TGATTTCGTGGTCTCG-1,Mono,1.0
TGATTTCGTGTTAAGA-1,T cells,1.0
TGATTTCTCACTCCTG-1,Mono,1.0
TGATTTCTCTGATTCT-1,T cells,1.0
TGATTTCTCTTGTATC-1,B cells,1.0
TGCACCTAGACTGGGT-1,B cells,1.0
TGCACCTAGATACACA-1,T cells,0.9998834
TGCACCTAGATCCCAT-1,T cells,0.99999976
TGCACCTAGATCTGAA-1,T cells,0.99997485
TGCACCTAGCTCCCAG-1,T cells,1.0
TGCACCTAGCTTCGCG-1,T cells,1.0
TGCACCTAGGCTATCT-1,T cells,0.99999976
TGCACCTAGGTCGGAT-1,NK,0.99999595
TGCACCTAGGTGTGGT-1,B cells,1.0
TGCACCTAGTACGCGA-1,Mono,1.0
TGCACCTAGTGGGATC-1,B cells,0.9999999
TGCACCTAGTTATCGC-1,Mono,1.0
TGCACCTCAATCGGTT-1,Mono,1.0
TGCACCTCATCATCCC-1,Mono,1.0
TGCACCTGTATCAGTC-1,Mono,1.0
TGCACCTGTGCACCAC-1,Mono,1.0
TGCACCTTCAGCTGGC-1,T cells,1.0
TGCACCTTCCACGTGG-1,NK,0.80291754
TGCACCTTCGGAATCT-1,T cells,1.0
TGCACCTTCGTACCGG-1,Mono,1.0
TGCACCTTCTGGTGTA-1,T cells,1.0
TGCCAAAAGGAGTTTA-1,T cells,0.9999999
TGCCAAAAGGCATTGG-1,Mono,1.0
TGCCAAAAGTCCCACG-1,Mono,1.0
TGCCAAACAAGCCGTC-1,Mono,1.0
TGCCAAACACGCGAAA-1,T cells,0.9999763
TGCCAAACAGCGTAAG-1,T cells,0.99999404
TGCCAAACAGGACGTA-1,T cells,1.0
TGCCAAACAGTTTACG-1,Mono,1.0
TGCCAAACATACTACG-1,Mono,1.0
TGCCAAAGTACACCGC-1,Mono,1.0
TGCCAAAGTACGCACC-1,B cells,1.0
TGCCAAAGTCAGCTAT-1,B cells,1.0
TGCCAAAGTCGAACAG-1,T cells,1.0
TGCCAAAGTCTTGTCC-1,B cells,1.0
TGCCAAAGTGCAGACA-1,T cells,0.9999999
TGCCAAAGTGTCAATC-1,T cells,1.0
TGCCAAAGTGTGCCTG-1,T cells,0.9999999
TGCCAAATCATCGGAT-1,T cells,1.0
TGCCAAATCCAACCAA-1,Mono,1.0
TGCCAAATCCAGTAGT-1,Mono,0.8669665
TGCCAAATCGAATGCT-1,T cells,1.0
TGCCAAATCTTGCATT-1,T cells,0.9999713
TGCCCATAGCGTGTCC-1,Mono,1.0
TGCCCATAGGGAAACA-1,Mono,1.0
TGCCCATAGGGATACC-1,B cells,0.99999976
TGCCCATAGTTGAGTA-1,Mono,1.0
TGCCCATCAAGGTTTC-1,T cells,0.9999956
TGCCCATCACGCATCG-1,Mono,1.0
TGCCCATCAGGGATTG-1,T cells,0.99999785
TGCCCATCATCTCGCT-1,T cells,0.9999995
TGCCCATCATGGAATA-1,T cells,0.9999963
TGCCCATGTATATGAG-1,Mono,1.0
TGCCCATGTCAATGTC-1,T cells,1.0
TGCCCATGTCCATCCT-1,Mono,1.0
TGCCCATGTCTCATCC-1,B cells,1.0
TGCCCATGTGTTTGTG-1,T cells,0.9999993
TGCCCATTCAACCATG-1,T cells,1.0
TGCCCATTCAAGGTAA-1,Mono,1.0
TGCCCATTCACTCTTA-1,Mono,1.0
TGCCCATTCATCGATG-1,B cells,1.0
TGCCCATTCCGAGCCA-1,Mono,1.0
TGCCCATTCGCCAGCA-1,T cells,1.0
TGCCCATTCTCCCTGA-1,T cells,1.0
TGCCCTAAGAATGTTG-1,T cells,0.9999999
TGCCCTAAGACACGAC-1,T cells,0.9999633
TGCCCTAAGACTGGGT-1,T cells,1.0
TGCCCTAAGAGGTTGC-1,Mono,1.0
TGCCCTAAGATGTAAC-1,Mono,1.0
TGCCCTAAGTACATGA-1,T cells,0.99996245
TGCCCTAAGTTAGCGG-1,T cells,1.0
TGCCCTAAGTTATCGC-1,T cells,0.9999999
TGCCCTACAAAGGCGT-1,Mono,1.0
TGCCCTACAAATCCGT-1,B cells,1.0
TGCCCTACAATAGCGG-1,Mono,1.0
TGCCCTACACCATGTA-1,Mono,1.0
TGCCCTACAGACGCCT-1,Mono,1.0
TGCCCTACATAAAGGT-1,Mono,1.0
TGCCCTAGTATAAACG-1,Mono,1.0
TGCCCTAGTATTCGTG-1,T cells,0.9999995
TGCCCTAGTGCACTTA-1,T cells,1.0
TGCCCTAGTTATGTGC-1,Mono,1.0
TGCCCTATCACATGCA-1,T cells,0.9999963
TGCCCTATCCAAGCCG-1,T cells,1.0
TGCCCTATCGCAAACT-1,NK,0.9999999
TGCCCTATCGTCCAGG-1,B cells,0.99999976
TGCCCTATCTTCAACT-1,T cells,1.0
TGCGCAGAGAATTGTG-1,T cells,0.9999795
TGCGCAGAGCGCCTTG-1,Mono,1.0
TGCGCAGAGGGTGTTG-1,B cells,1.0
TGCGCAGAGGTGCAAC-1,T cells,1.0
TGCGCAGAGGTGCTAG-1,Mono,1.0
TGCGCAGAGGTGGGTT-1,T cells,0.99999726
TGCGCAGCAATAAGCA-1,T cells,0.9999925
TGCGCAGCACGTTGGC-1,Mono,1.0
TGCGCAGCAGATGGGT-1,B cells,0.99997556
TGCGCAGCATCCTTGC-1,Mono,1.0
TGCGCAGCATCGACGC-1,T cells,0.9999993
TGCGCAGCATTTGCCC-1,T cells,0.99999976
TGCGCAGGTAGCGATG-1,Mono,1.0
TGCGCAGGTGCCTTGG-1,T cells,0.99999917
TGCGCAGGTTCGGGCT-1,T cells,1.0
TGCGCAGGTTTGTTGG-1,Mono,1.0
TGCGCAGTCCAGGGCT-1,Mono,1.0
TGCGCAGTCCGCGCAA-1,Mono,1.0
TGCGCAGTCGGCTTGG-1,T cells,1.0
TGCGGGTAGACAGAGA-1,Mono,1.0
TGCGGGTAGACTTGAA-1,NK,0.99993706
TGCGGGTAGCCAACAG-1,T cells,0.99999785
TGCGGGTAGGGCACTA-1,T cells,0.9999987
TGCGGGTAGTTGTCGT-1,T cells,1.0
TGCGGGTCAAAGGAAG-1,Mono,1.0
TGCGGGTCACCATCCT-1,T cells,1.0
TGCGGGTCACGGATAG-1,B cells,0.99999845
TGCGGGTCAGCAGTTT-1,Mono,1.0
TGCGGGTCAGGGAGAG-1,Mono,1.0
TGCGGGTCATATGAGA-1,B cells,1.0
TGCGGGTCATCGATGT-1,T cells,0.99999976
TGCGGGTGTACCAGTT-1,Mono,1.0
TGCGGGTGTTAAGGGC-1,B cells,0.9999999
TGCGGGTGTTAAGTAG-1,NK,0.9999999
TGCGGGTGTTAGGGTG-1,Mono,1.0
TGCGGGTGTTTGTTTC-1,Mono,1.0
TGCGGGTTCACCAGGC-1,T cells,1.0
TGCGGGTTCCTCATTA-1,Mono,1.0
TGCGGGTTCTTATCTG-1,T cells,0.99954647
TGCGTGGAGTAGATGT-1,Mono,1.0
TGCGTGGAGTTAACGA-1,B cells,1.0
TGCGTGGCAGTGGAGT-1,T cells,0.9999999
TGCGTGGCATTTGCTT-1,T cells,1.0
TGCGTGGGTAGGAGTC-1,T cells,1.0
TGCGTGGGTGACCAAG-1,Mono,1.0
TGCGTGGTCAACTCTT-1,T cells,1.0
TGCGTGGTCCGTACAA-1,NK,0.8468711
TGCGTGGTCGCGCCAA-1,T cells,0.9999161
TGCTACCAGATGGCGT-1,T cells,0.9999999
TGCTACCAGCACCGTC-1,Mono,1.0
TGCTACCAGCTACCTA-1,NK,0.8624436
TGCTACCAGGGTTTCT-1,Mono,1.0
TGCTACCCAAGGCTCC-1,T cells,0.99999976
TGCTACCCAATCTGCA-1,T cells,1.0
TGCTACCCACAAGTAA-1,B cells,1.0
TGCTACCCAGCCTTGG-1,T cells,1.0
TGCTACCCAGCTCGAC-1,T cells,0.9990446
TGCTACCCAGTGAGTG-1,B cells,1.0
TGCTACCCATTAGGCT-1,T cells,1.0
TGCTACCGTCATCGGC-1,Mono,1.0
TGCTACCGTCCGACGT-1,Mono,1.0
TGCTACCGTCTAGTGT-1,B cells,1.0
TGCTACCGTCTGATCA-1,T cells,1.0
TGCTACCGTGCAGGTA-1,T cells,1.0
TGCTACCGTGTTCGAT-1,T cells,0.99999976
TGCTACCTCCACGAAT-1,Mono,1.0
TGCTACCTCCTAGAAC-1,Mono,1.0
TGCTACCTCGGGAGTA-1,B cells,1.0
TGCTACCTCTGTACGA-1,T cells,0.99999654
TGCTGCTAGATGCCTT-1,T cells,1.0
TGCTGCTAGCCCAGCT-1,B cells,1.0
TGCTGCTAGGATATAC-1,B cells,0.9999994
TGCTGCTAGTCATGCT-1,Mono,1.0
TGCTGCTCAAGTCATC-1,Mono,1.0
TGCTGCTCAAGTTGTC-1,T cells,0.9999957
TGCTGCTCACCGAAAG-1,T cells,0.9974571
TGCTGCTCACGAAAGC-1,T cells,0.9999999
TGCTGCTCACTGAAGG-1,T cells,0.9999783
TGCTGCTCAGAGCCAA-1,Mono,1.0
TGCTGCTCAGCGAACA-1,T cells,1.0
TGCTGCTCATCTGGTA-1,T cells,0.9999957
TGCTGCTCATGACATC-1,T cells,1.0
TGCTGCTGTAGCAAAT-1,B cells,0.9999999
TGCTGCTGTAGCGTCC-1,Mono,1.0
TGCTGCTGTCAAACTC-1,T cells,1.0
TGCTGCTGTCAGAGGT-1,B cells,1.0
TGCTGCTGTCAGATAA-1,T cells,1.0
TGCTGCTGTCAGCTAT-1,Mono,1.0
TGCTGCTGTTACAGAA-1,B cells,0.99999976
TGCTGCTGTTGGAGGT-1,T cells,0.9999999
TGCTGCTGTTGGTAAA-1,T cells,0.9994368
TGCTGCTTCACAGTAC-1,Mono,1.0
TGCTGCTTCGGCATCG-1,T cells,1.0
TGCTGCTTCGGCCGAT-1,T cells,0.9887449
TGGACGCAGCTGCAAG-1,Mono,1.0
TGGACGCAGGTGATTA-1,T cells,0.99999976
TGGACGCCATCGGAAG-1,Mono,0.9999994
TGGACGCGTCGCATCG-1,T cells,0.9999999
TGGACGCGTGAAAGAG-1,T cells,1.0
TGGACGCGTGTCCTCT-1,T cells,0.99999964
TGGACGCTCCAAAGTC-1,T cells,0.9999598
TGGACGCTCGCATGAT-1,T cells,0.99977726
TGGACGCTCGCATGGC-1,T cells,0.99998975
TGGCCAGAGAGCTGGT-1,T cells,0.99999976
TGGCCAGAGATATGGT-1,T cells,0.99999964
TGGCCAGAGCTACCTA-1,Mono,1.0
TGGCCAGAGGCAATTA-1,T cells,0.99999094
TGGCCAGAGGTAGCCA-1,T cells,1.0
TGGCCAGAGTCATCCA-1,T cells,0.9999993
TGGCCAGCAATGAATG-1,Mono,1.0
TGGCCAGCATTACGAC-1,Platelet,0.9999993
TGGCCAGGTAGCTGCC-1,T cells,1.0
TGGCCAGGTATATGAG-1,T cells,0.99999905
TGGCCAGGTCCCTACT-1,T cells,1.0
TGGCCAGGTCGAGTTT-1,Mono,1.0
TGGCCAGTCCAAACAC-1,T cells,0.9999999
TGGCCAGTCCGTTGTC-1,T cells,0.99999976
TGGCCAGTCGGACAAG-1,T cells,1.0
TGGCCAGTCGGCTTGG-1,Mono,1.0
TGGCGCAAGAAGGTGA-1,T cells,0.99997985
TGGCGCAAGCTAGCCC-1,Mono,1.0
TGGCGCAAGGGATCTG-1,Mono,1.0
TGGCGCAAGTACCGGA-1,B cells,0.9999968
TGGCGCACACCCTATC-1,T cells,1.0
TGGCGCACAGCTGCAC-1,Mono,1.0
TGGCGCAGTATTACCG-1,T cells,0.9999999
TGGCGCAGTCAAACTC-1,T cells,0.9999999
TGGCGCAGTCACCCAG-1,T cells,1.0
TGGCGCAGTGCGCTTG-1,B cells,1.0
TGGCGCAGTGTAAGTA-1,B cells,1.0
TGGCGCAGTGTCCTCT-1,T cells,0.897304
TGGCGCAGTTACGGAG-1,T cells,0.9999981
TGGCGCAGTTTAGGAA-1,T cells,0.99971145
TGGCGCATCAAGAAGT-1,T cells,0.99998164
TGGCGCATCACCAGGC-1,B cells,1.0
TGGCGCATCAGTTTGG-1,T cells,1.0
TGGCGCATCGTCGTTC-1,T cells,1.0
TGGCTGGAGAGGACGG-1,B cells,1.0
TGGCTGGAGCTAAACA-1,T cells,0.99999976
TGGCTGGAGCTGTCTA-1,T cells,0.9999999
TGGCTGGAGTCATGCT-1,Mono,1.0
TGGCTGGAGTTAGCGG-1,T cells,0.9999913
TGGCTGGCAAAGGCGT-1,T cells,0.9990357
TGGCTGGCACAACTGT-1,T cells,0.9997508
TGGCTGGCACGAGGTA-1,T cells,0.99999964
TGGCTGGCACTTCGAA-1,T cells,0.9999988
TGGCTGGCAGCTCCGA-1,T cells,1.0
TGGCTGGCAGTCCTTC-1,B cells,1.0
TGGCTGGCATGAAGTA-1,T cells,0.99999964
TGGCTGGGTCGTTGTA-1,T cells,0.9999089
TGGCTGGGTCTAGTCA-1,B cells,1.0
TGGCTGGGTTGTCTTT-1,NK,0.9999583
TGGCTGGTCAGTCAGT-1,T cells,1.0
TGGCTGGTCCATGAGT-1,T cells,0.99996626
TGGCTGGTCCTAGAAC-1,T cells,0.9999999
TGGCTGGTCGCTAGCG-1,T cells,1.0
TGGCTGGTCGGTGTTA-1,B cells,1.0
TGGCTGGTCGGTTCGG-1,T cells,1.0
TGGCTGGTCGTCCAGG-1,T cells,0.9974827
TGGGAAGAGATCACGG-1,B cells,0.9999999
TGGGAAGAGTGTACCT-1,T cells,0.999985
TGGGAAGCAGATCGGA-1,B cells,1.0
TGGGAAGCATGTTGAC-1,B cells,0.9999993
TGGGAAGGTATCTGCA-1,B cells,1.0
TGGGAAGGTCGAACAG-1,Mono,1.0
TGGGAAGGTCTAAACC-1,Mono,1.0
TGGGAAGGTTCCCGAG-1,Mono,1.0
TGGGAAGGTTTGGGCC-1,T cells,1.0
TGGGAAGTCAAACAAG-1,T cells,0.99999964
TGGGAAGTCACCGGGT-1,T cells,1.0
TGGGAAGTCAGTCAGT-1,B cells,1.0
TGGGAAGTCATCGGAT-1,Mono,1.0
TGGGAAGTCCCTAATT-1,Mono,1.0
TGGGAAGTCCTTTCTC-1,T cells,0.99999416
TGGGAAGTCTGATACG-1,Mono,1.0
TGGGCGTAGACAGACC-1,T cells,0.9999988
TGGGCGTAGAGTTGGC-1,T cells,0.99968994
TGGGCGTAGATCTGAA-1,T cells,1.0
TGGGCGTAGCGATGAC-1,Mono,1.0
TGGGCGTAGGAGTACC-1,Mono,1.0
TGGGCGTAGGGCACTA-1,T cells,1.0
TGGGCGTAGTTGTCGT-1,T cells,1.0
TGGGCGTCAAGTCTGT-1,T cells,0.9999852
TGGGCGTCACTTCTGC-1,T cells,0.9999924
TGGGCGTCAGCTGTTA-1,T cells,1.0
TGGGCGTCATGGTTGT-1,T cells,0.9999566
TGGGCGTGTAGAGTGC-1,T cells,1.0
TGGGCGTGTCCAAGTT-1,T cells,1.0
TGGGCGTGTCTTCGTC-1,NK,0.9999223
TGGGCGTGTTATTCTC-1,Mono,1.0
TGGGCGTGTTCAACCA-1,Mono,1.0
TGGGCGTTCAGCACAT-1,Mono,0.9999999
TGGGCGTTCCGTCATC-1,Mono,1.0
TGGGCGTTCCTAGTGA-1,T cells,1.0
TGGTTAGAGATGTGGC-1,T cells,1.0
TGGTTAGAGGGTGTTG-1,B cells,0.9999999
TGGTTAGCACCAGCAC-1,Mono,1.0
TGGTTAGCACGGTAGA-1,T cells,1.0
TGGTTAGCACTAAGTC-1,T cells,0.99990654
TGGTTAGCACTGCCAG-1,Mono,1.0
TGGTTAGCATCACGAT-1,Mono,1.0
TGGTTAGGTAAACCTC-1,Mono,1.0
TGGTTAGGTAACGACG-1,T cells,0.9999988
TGGTTAGGTAGCGTCC-1,Mono,1.0
TGGTTAGGTGAGGCTA-1,T cells,1.0
TGGTTAGGTGGAAAGA-1,T cells,0.9999999
TGGTTAGGTTTCCACC-1,T cells,1.0
TGGTTAGTCAAAGACA-1,T cells,0.99999976
TGGTTAGTCCTCCTAG-1,T cells,0.9988312
TGGTTAGTCTCGCATC-1,T cells,0.99999964
TGGTTCCAGAGTGAGA-1,T cells,0.999765
TGGTTCCAGATGTCGG-1,Mono,1.0
TGGTTCCAGCACGCCT-1,T cells,0.9999995
TGGTTCCAGTAGCCGA-1,Mono,1.0
TGGTTCCAGTCGAGTG-1,T cells,0.99999917
TGGTTCCCAGTTCATG-1,T cells,1.0
TGGTTCCGTCGAACAG-1,T cells,0.9999995
TGGTTCCGTGCCTGCA-1,Mono,1.0
TGGTTCCTCAGAAATG-1,B cells,1.0
TGGTTCCTCCAAAGTC-1,T cells,1.0
TGGTTCCTCCCTCAGT-1,B cells,0.9999999
TGGTTCCTCCGCAAGC-1,T cells,0.9999927
TGTATTCAGAATGTGT-1,Mono,1.0
TGTATTCAGCCATCGC-1,Mono,1.0
TGTATTCAGTCCTCCT-1,Mono,1.0
TGTATTCCAATGAATG-1,T cells,0.99999666
TGTATTCCACTCTGTC-1,T cells,0.99999964
TGTATTCCATCCCATC-1,T cells,1.0
TGTATTCGTAAACCTC-1,B cells,0.9999999
TGTATTCGTAGCCTAT-1,T cells,1.0
TGTATTCGTCATTAGC-1,Mono,1.0
TGTATTCGTCGGCACT-1,T cells,1.0
TGTATTCGTGCAACTT-1,B cells,1.0
TGTATTCTCCTATGTT-1,T cells,0.9999981
TGTATTCTCGAACTGT-1,T cells,1.0
TGTATTCTCGTCACGG-1,T cells,1.0
TGTATTCTCTATCCTA-1,T cells,0.9998273
TGTATTCTCTTGCCGT-1,Mono,1.0
TGTCCCAAGGTAAACT-1,T cells,0.99999976
TGTCCCAAGTAGCGGT-1,Mono,1.0
TGTCCCACAACTGCTA-1,Mono,1.0
TGTCCCACAAGGTGTG-1,T cells,1.0
TGTCCCAGTAAGTGGC-1,T cells,0.9999999
TGTCCCAGTAAGTGTA-1,Mono,1.0
TGTCCCAGTGCACCAC-1,B cells,1.0
TGTCCCAGTGTGACCC-1,T cells,1.0
TGTCCCATCAGTGTTG-1,T cells,0.9999989
TGTCCCATCGCCAGCA-1,T cells,1.0
TGTCCCATCTTAGCCC-1,B cells,1.0
TGTCCCATCTTTACGT-1,T cells,1.0
TGTGGTAAGAAACCTA-1,T cells,1.0
TGTGGTAAGATGCGAC-1,T cells,0.98284423
TGTGGTAAGCGCTCCA-1,B cells,0.9999999
TGTGGTAAGTCCATAC-1,Mono,1.0
TGTGGTACAAGTTCTG-1,B cells,0.9999993
TGTGGTACACCACCAG-1,Mono,1.0
TGTGGTACACCTCGGA-1,T cells,1.0
TGTGGTAGTTACCGAT-1,T cells,0.99968565
TGTGGTAGTTGGTTTG-1,B cells,1.0
TGTGGTAGTTGTCGCG-1,T cells,0.9999999
TGTGGTATCACCCTCA-1,T cells,1.0
TGTGGTATCAGCACAT-1,T cells,0.9999995
TGTGGTATCTGATTCT-1,T cells,1.0
TGTGGTATCTGTGCAA-1,T cells,0.9999987
TGTGTTTAGGCATTGG-1,Mono,1.0
TGTGTTTAGGCCCTCA-1,T cells,0.9905752
TGTGTTTCACTCGACG-1,T cells,0.9999995
TGTGTTTCAGGATCGA-1,Mono,1.0
TGTGTTTCATATACGC-1,Mono,1.0
TGTGTTTCATGGTAGG-1,B cells,1.0
TGTGTTTGTATGAAAC-1,T cells,0.9999999
TGTGTTTGTGGTTTCA-1,T cells,0.99401975
TGTGTTTGTGTTCGAT-1,T cells,0.99999976
TGTGTTTTCCCTTGTG-1,Mono,0.9999615
TGTGTTTTCTACTCAT-1,Mono,1.0
TGTGTTTTCTGTGCAA-1,T cells,0.9999999
TGTGTTTTCTTGTTTG-1,Mono,0.9999987
TGTTCCGAGCTAGCCC-1,T cells,0.98067653
TGTTCCGAGTATCTCG-1,T cells,1.0
TGTTCCGCAATCTACG-1,Platelet,0.9992624
TGTTCCGCACCCATTC-1,Mono,1.0
TGTTCCGCACGTCAGC-1,B cells,1.0
TGTTCCGCAGCCTTGG-1,T cells,0.99996793
TGTTCCGCAGCGAACA-1,T cells,0.99999964
TGTTCCGCAGCGTTCG-1,T cells,0.99996555
TGTTCCGGTAAACACA-1,T cells,0.9999913
TGTTCCGGTTTGGCGC-1,B cells,1.0
TGTTCCGTCACAATGC-1,T cells,1.0
TGTTCCGTCGAATGGG-1,Mono,1.0
TGTTCCGTCTTTACAC-1,T cells,0.99999774
TTAACTCAGAATTGTG-1,T cells,1.0
TTAACTCAGCTACCGC-1,T cells,0.99999976
TTAACTCAGCTTCGCG-1,B cells,0.9999999
TTAACTCAGTCAATAG-1,Mono,1.0
TTAACTCAGTGTACCT-1,Mono,1.0
TTAACTCAGTTGTAGA-1,T cells,1.0
TTAACTCCAAAGAATC-1,T cells,0.9999999
TTAACTCCAAGGTTCT-1,T cells,0.99999964
TTAACTCCACTAAGTC-1,NK,0.9999993
TTAACTCCATCCGTGG-1,T cells,1.0
TTAACTCCATGAACCT-1,T cells,0.96783566
TTAACTCCATGACGGA-1,T cells,1.0
TTAACTCCATTTCAGG-1,T cells,1.0
TTAACTCGTAGAAGGA-1,T cells,1.0
TTAACTCGTCGCGTGT-1,T cells,0.9997731
TTAACTCGTCTACCTC-1,Mono,1.0
TTAACTCGTTCCGTCT-1,B cells,1.0
TTAACTCTCAGTGCAT-1,B cells,1.0
TTAACTCTCCACTCCA-1,Mono,1.0
TTAACTCTCCTAGGGC-1,NK,0.9999647
TTAACTCTCTCCGGTT-1,Mono,1.0
TTAGGACAGAAGGCCT-1,Mono,1.0
TTAGGACAGAGGTAGA-1,B cells,1.0
TTAGGACAGATGTGTA-1,Mono,1.0
TTAGGACAGCAGGTCA-1,T cells,1.0
TTAGGACAGTGTTTGC-1,T cells,0.9984079
TTAGGACCAAATCCGT-1,B cells,1.0
TTAGGACCAACTTGAC-1,T cells,1.0
TTAGGACCAGCTGCAC-1,B cells,1.0
TTAGGACCAGGGCATA-1,T cells,0.99999964
TTAGGACCAGGGTATG-1,T cells,1.0
TTAGGACCATCTCGCT-1,T cells,0.9997838
TTAGGACGTAACGCGA-1,T cells,0.9999999
TTAGGACGTACCGCTG-1,Mono,1.0
TTAGGACGTCACCCAG-1,T cells,0.9999993
TTAGGACGTCAGAAGC-1,T cells,0.99999046
TTAGGACGTCAGAGGT-1,T cells,0.9987643
TTAGGACGTCATACTG-1,Mono,1.0
TTAGGACGTCGCCATG-1,T cells,1.0
TTAGGACTCCGTCATC-1,T cells,0.9999999
TTAGGACTCCTGCTTG-1,T cells,1.0
TTAGGCAAGAAGAAGC-1,Mono,1.0
TTAGGCAAGAAGGGTA-1,T cells,0.9999995
TTAGGCACAAACCTAC-1,Mono,1.0
TTAGGCACAATGGAGC-1,Mono,1.0
TTAGGCACACGGTAAG-1,Mono,1.0
TTAGGCAGTCGGGTCT-1,Mono,1.0
TTAGGCAGTCTCATCC-1,T cells,0.9999964
TTAGGCAGTCTGGTCG-1,B cells,1.0
TTAGGCAGTTAAGACA-1,B cells,1.0
TTAGGCAGTTATGTGC-1,Mono,1.0
TTAGGCAGTTTGGGCC-1,T cells,0.9999932
TTAGGCATCAGCTCGG-1,B cells,1.0
TTAGGCATCAGTTAGC-1,T cells,0.9997626
TTAGGCATCATCTGCC-1,Mono,1.0
TTAGGCATCATGCAAC-1,T cells,1.0
TTAGGCATCCAAACAC-1,NK,0.9999846
TTAGGCATCCCAAGTA-1,T cells,0.9156228
TTAGGCATCTATCCTA-1,T cells,1.0
TTAGTTCAGAGTTGGC-1,T cells,0.9995372
TTAGTTCAGCAGGTCA-1,B cells,0.9999999
TTAGTTCAGGCAGGTT-1,T cells,0.999979
TTAGTTCCAAGGACAC-1,Mono,1.0
TTAGTTCCACAGATTC-1,T cells,0.9999994
TTAGTTCCACTACAGT-1,T cells,1.0
TTAGTTCCAGGTCTCG-1,Mono,1.0
TTAGTTCGTACATGTC-1,Mono,1.0
TTAGTTCGTATGAATG-1,Mono,1.0
TTAGTTCGTTGACGTT-1,T cells,1.0
TTAGTTCGTTGGGACA-1,T cells,1.0
TTAGTTCTCAACACGT-1,Mono,1.0
TTAGTTCTCAACACTG-1,Mono,1.0
TTAGTTCTCAGTCCCT-1,B cells,0.99999964
TTAGTTCTCTGACCTC-1,T cells,1.0
TTAGTTCTCTGTTGAG-1,NK,0.9999994
TTATGCTAGAAACCGC-1,B cells,0.9999999
TTATGCTAGACATAAC-1,T cells,0.9999987
TTATGCTAGCATCATC-1,B cells,1.0
TTATGCTAGGCACATG-1,Mono,1.0
TTATGCTAGTCTCAAC-1,B cells,1.0
TTATGCTAGTGTTAGA-1,Mono,1.0
TTATGCTCAAGAAAGG-1,T cells,0.9999999
TTATGCTCAAGGACTG-1,B cells,0.9999999
TTATGCTCAGCCTGTG-1,NK,0.99573034
TTATGCTCAGCTTAAC-1,T cells,1.0
TTATGCTCATAAGACA-1,T cells,1.0
TTATGCTCATGCAATC-1,B cells,1.0
TTATGCTGTCCGTGAC-1,Mono,1.0
TTATGCTGTGTTTGGT-1,Mono,1.0
TTATGCTTCAGCTTAG-1,NK,0.93886113
TTATGCTTCCGTCAAA-1,T cells,0.9999819
TTATGCTTCGCCAAAT-1,Mono,1.0
TTATGCTTCGGATGGA-1,Mono,1.0
TTATGCTTCTAACGGT-1,T cells,1.0
TTATGCTTCTGGTGTA-1,B cells,1.0
TTCCCAGAGGCGTACA-1,T cells,0.9989863
TTCCCAGAGGCTATCT-1,T cells,1.0
TTCCCAGAGTACGACG-1,Mono,1.0
TTCCCAGCAAGCTGGA-1,T cells,0.9999989
TTCCCAGCAATGGTCT-1,Mono,1.0
TTCCCAGCACGAGGTA-1,T cells,1.0
TTCCCAGCATCACGTA-1,T cells,1.0
TTCCCAGGTAAATACG-1,T cells,0.99999833
TTCCCAGGTAAGTGTA-1,Mono,1.0
TTCCCAGGTACGCTGC-1,T cells,0.99999976
TTCCCAGGTAGCTAAA-1,T cells,0.9999999
TTCCCAGGTCCAACTA-1,Mono,1.0
TTCCCAGGTCTCAACA-1,T cells,1.0
TTCCCAGGTGAAATCA-1,T cells,0.99999976
TTCCCAGTCAACTCTT-1,B cells,1.0
TTCCCAGTCAGGTAAA-1,T cells,1.0
TTCCCAGTCGCACTCT-1,T cells,0.9999999
TTCCCAGTCTACCTGC-1,T cells,0.99967384
TTCGAAGAGCTACCGC-1,T cells,0.99995613
TTCGAAGAGCTGCGAA-1,T cells,1.0
TTCGAAGAGGAGTCTG-1,T cells,0.9999999
TTCGAAGAGGCCCTTG-1,T cells,0.9996979
TTCGAAGCACGCCAGT-1,T cells,1.0
TTCGAAGCACGGATAG-1,T cells,0.9999893
TTCGAAGCAGCATGAG-1,T cells,1.0
TTCGAAGGTAGCGATG-1,Mono,1.0
TTCGAAGGTATAATGG-1,T cells,0.9996872
TTCGAAGGTCGGGTCT-1,T cells,1.0
TTCGAAGGTCTCAACA-1,T cells,1.0
TTCGAAGGTGACTCAT-1,T cells,0.9999976
TTCGAAGGTGCTAGCC-1,T cells,0.9999901
TTCGAAGGTGTCCTCT-1,T cells,1.0
TTCGAAGTCCTAGTGA-1,T cells,0.99999833
TTCGAAGTCCTCCTAG-1,B cells,1.0
TTCGAAGTCCTGCTTG-1,T cells,1.0
TTCGAAGTCGGGAGTA-1,B cells,0.9999999
TTCGAAGTCTAGCACA-1,Mono,0.99999976
TTCGAAGTCTGGTTCC-1,T cells,1.0
TTCGGTCAGAAGGCCT-1,T cells,0.99999917
TTCGGTCAGAGACGAA-1,Mono,1.0
TTCGGTCAGATGCCAG-1,T cells,0.9999993
TTCGGTCAGCATCATC-1,T cells,0.99999785
TTCGGTCAGGTGACCA-1,B cells,1.0
TTCGGTCCACTAGTAC-1,Mono,0.9999999
TTCGGTCCAGAGTGTG-1,T cells,0.999997
TTCGGTCCAGCCAATT-1,T cells,1.0
TTCGGTCCAGCTATTG-1,T cells,0.9999049
TTCGGTCCAGCTGTGC-1,T cells,0.99999976
TTCGGTCCAGTGGGAT-1,B cells,0.99999905
TTCGGTCGTAAGAGAG-1,T cells,0.9999999
TTCGGTCGTATTCTCT-1,T cells,0.9999999
TTCGGTCGTCATATGC-1,B cells,0.99999905
TTCGGTCGTCCTCTTG-1,T cells,0.9999051
TTCGGTCTCAACCAAC-1,Mono,1.0
TTCGGTCTCACCACCT-1,Mono,1.0
TTCGGTCTCAGTCCCT-1,B cells,1.0
TTCGGTCTCCTTGACC-1,T cells,0.99999976
TTCGGTCTCGCGATCG-1,B cells,1.0
TTCGGTCTCGTCTGAA-1,T cells,0.99999905
TTCGGTCTCTCAACTT-1,T cells,1.0
TTCTACAAGACCTAGG-1,T cells,0.9999999
TTCTACAAGCTAACTC-1,T cells,0.99999917
TTCTACAAGCTGTTCA-1,T cells,0.99999976
TTCTACAAGTCAATAG-1,T cells,1.0
TTCTACAAGTGTTAGA-1,T cells,0.99999976
TTCTACAAGTGTTGAA-1,T cells,1.0
TTCTACACAACTGGCC-1,T cells,1.0
TTCTACACACGGATAG-1,T cells,0.99999917
TTCTACACACGTAAGG-1,Mono,1.0
TTCTACACAGACGCTC-1,B cells,0.99999976
TTCTACACAGTAAGAT-1,Mono,1.0
TTCTACAGTATGAAAC-1,Mono,1.0
TTCTACAGTGTATGGG-1,B cells,0.98116446
TTCTACAGTGTGCGTC-1,T cells,0.9999988
TTCTACAGTTATTCTC-1,T cells,0.9863697
TTCTACATCACTTATC-1,T cells,1.0
TTCTACATCAGGCCCA-1,NK,0.9999981
TTCTACATCTCCAACC-1,T cells,0.9999994
TTCTCAAAGCACGCCT-1,Mono,1.0
TTCTCAACACTGTTAG-1,T cells,1.0
TTCTCAACAGCTCGCA-1,T cells,1.0
TTCTCAACAGGCAGTA-1,T cells,0.9999982
TTCTCAACAGTGACAG-1,T cells,0.99998987
TTCTCAACATTTCAGG-1,B cells,1.0
TTCTCAAGTACAGTGG-1,T cells,1.0
TTCTCAAGTACATGTC-1,T cells,0.9999893
TTCTCAAGTACTTCTT-1,Mono,1.0
TTCTCAAGTGACCAAG-1,T cells,0.99998426
TTCTCAAGTGCTGTAT-1,NK,0.9999995
TTCTCAAGTTAGGGTG-1,Mono,1.0
TTCTCAATCATCGGAT-1,B cells,1.0
TTCTCAATCATTTGGG-1,NK,0.9999006
TTCTCAATCTATCCCG-1,T cells,1.0
TTCTCCTAGACGACGT-1,Mono,1.0
TTCTCCTAGTCAATAG-1,Mono,1.0
TTCTCCTCAAACGTGG-1,B cells,1.0
TTCTCCTCAATACGCT-1,B cells,0.9999999
TTCTCCTCACATGGGA-1,T cells,0.9999944
TTCTCCTCAGATGGGT-1,Mono,1.0
TTCTCCTGTATATGAG-1,T cells,1.0
TTCTCCTGTGGAAAGA-1,T cells,1.0
TTCTCCTGTTACAGAA-1,T cells,0.5895781
TTCTCCTGTTCCACAA-1,T cells,0.9999287
TTCTCCTGTTTGACTG-1,Mono,1.0
TTCTCCTTCCGCGCAA-1,B cells,1.0
TTCTCCTTCGATCCCT-1,Mono,1.0
TTCTCCTTCTGAGGGA-1,T cells,0.9999999
TTCTTAGAGCCAACAG-1,T cells,0.99999404
TTCTTAGAGCGTGAAC-1,T cells,1.0
TTCTTAGCAGATCGGA-1,T cells,0.9996295
TTCTTAGCAGCCAGAA-1,T cells,0.99999595
TTCTTAGGTCACCCAG-1,T cells,0.9999999
TTCTTAGGTCGAACAG-1,T cells,1.0
TTCTTAGGTGACTACT-1,T cells,1.0
TTCTTAGGTGCGATAG-1,T cells,1.0
TTCTTAGGTTAAGGGC-1,Mono,1.0
TTCTTAGGTTACGGAG-1,Mono,1.0
TTCTTAGTCAAACCAC-1,T cells,1.0
TTCTTAGTCACTGGGC-1,T cells,1.0
TTCTTAGTCCACTCCA-1,T cells,1.0
TTCTTAGTCCGCATAA-1,T cells,1.0
TTCTTAGTCGCTTGTC-1,Mono,0.99999726
TTGAACGAGCCACGCT-1,Mono,1.0
TTGAACGCAAAGTCAA-1,B cells,0.99999964
TTGAACGCATCCCATC-1,Mono,1.0
TTGAACGCATGAAGTA-1,Mono,1.0
TTGAACGGTCGACTAT-1,T cells,0.99995065
TTGAACGGTCTAGGTT-1,T cells,0.9999981
TTGAACGGTGAACCTT-1,T cells,0.9999933
TTGAACGGTGATAAAC-1,B cells,1.0
TTGAACGTCGCATGAT-1,Mono,1.0
TTGACTTAGATATGCA-1,T cells,0.99999976
TTGACTTAGCACGCCT-1,Mono,1.0
TTGACTTAGGTGCACA-1,T cells,0.99999976
TTGACTTAGTCAAGGC-1,T cells,0.9998354
TTGACTTCACGGCTAC-1,T cells,1.0
TTGACTTCACTGTCGG-1,T cells,0.999992
TTGACTTCAGACACTT-1,T cells,1.0
TTGACTTCAGCCTATA-1,B cells,0.99999976
TTGACTTCAGCGAACA-1,T cells,1.0
TTGACTTGTAAACACA-1,B cells,1.0
TTGACTTGTACCAGTT-1,T cells,1.0
TTGACTTGTCGATTGT-1,T cells,1.0
TTGACTTGTCTGCGGT-1,T cells,1.0
TTGACTTGTTCAGTAC-1,T cells,0.9999999
TTGACTTGTTGTCTTT-1,T cells,0.99999964
TTGACTTGTTGTTTGG-1,T cells,0.9999814
TTGACTTGTTTCCACC-1,Mono,1.0
TTGACTTGTTTGTTGG-1,Mono,1.0
TTGACTTTCAACCAAC-1,Mono,1.0
TTGACTTTCACATGCA-1,B cells,0.99999034
TTGACTTTCCAGATCA-1,T cells,1.0
TTGACTTTCGGAATCT-1,T cells,0.99999595
TTGACTTTCGTGGACC-1,T cells,0.9998696
TTGACTTTCTTTACAC-1,T cells,1.0
TTGCCGTAGGACAGAA-1,T cells,1.0
TTGCCGTAGTCTCGGC-1,T cells,0.9999995
TTGCCGTCAAGTAGTA-1,T cells,0.9999999
TTGCCGTCACATTAGC-1,B cells,0.99999905
TTGCCGTCATACTCTT-1,B cells,0.9999999
TTGCCGTCATGCAACT-1,B cells,1.0
TTGCCGTCATTCTTAC-1,T cells,1.0
TTGCCGTGTAGATTAG-1,T cells,0.9999999
TTGCCGTGTCGCATAT-1,T cells,0.99999976
TTGCCGTGTCTCTTTA-1,Mono,1.0
TTGCCGTGTGGCAAAC-1,T cells,0.99999964
TTGCCGTGTGTGCGTC-1,T cells,0.9999999
TTGCCGTTCCAGAAGG-1,Mono,1.0
TTGCCGTTCCCAGGTG-1,T cells,1.0
TTGCGTCAGGGTCGAT-1,B cells,1.0
TTGCGTCCAACACGCC-1,B cells,1.0
TTGCGTCCAAGACACG-1,T cells,0.99999964
TTGCGTCCAATCCAAC-1,T cells,0.99999976
TTGCGTCCAATGAAAC-1,Mono,1.0
TTGCGTCCACATGGGA-1,T cells,1.0
TTGCGTCCAGACAGGT-1,T cells,0.999995
TTGCGTCCAGCCACCA-1,T cells,1.0
TTGCGTCCAGGGTACA-1,T cells,0.9999994
TTGCGTCCAGTGACAG-1,Mono,1.0
TTGCGTCGTCCGAACC-1,Mono,1.0
TTGCGTCGTCCTCCAT-1,T cells,1.0
TTGCGTCGTGATGCCC-1,NK,0.9999889
TTGCGTCGTTACGCGC-1,T cells,0.9999256
TTGCGTCGTTAGAACA-1,T cells,0.99999845
TTGCGTCTCAAACCGT-1,Mono,1.0
TTGCGTCTCCACGTTC-1,B cells,0.9999999
TTGCGTCTCGAATCCA-1,Mono,1.0
TTGCGTCTCGGCGGTT-1,Mono,1.0
TTGGAACAGACTTTCG-1,Mono,0.9995472
TTGGAACAGAGGGCTT-1,T cells,0.99999976
TTGGAACAGAGTACCG-1,T cells,0.9999957
TTGGAACAGCTGGAAC-1,T cells,0.99779665
TTGGAACCAAGCCCAC-1,T cells,0.9999999
TTGGAACCACACCGCA-1,Mono,1.0
TTGGAACCACGGACAA-1,B cells,0.9999999
TTGGAACCACTTAAGC-1,NK,0.9999999
TTGGAACCATGTCGAT-1,B cells,0.9999999
TTGGAACCATTGTGCA-1,NK,0.96119463
TTGGAACGTCATGCCG-1,T cells,0.99999905
TTGGAACGTCCCTTGT-1,B cells,1.0
TTGGAACGTCGTCTTC-1,T cells,0.9999976
TTGGAACGTGACAAAT-1,B cells,1.0
TTGGAACGTGTTTGGT-1,T cells,1.0
TTGGAACTCTACTATC-1,T cells,0.9999999
TTGGAACTCTGTACGA-1,T cells,0.99999905
TTGGCAAAGCCGCCTA-1,T cells,1.0
TTGGCAAAGCTAACAA-1,B cells,1.0
TTGGCAAAGTACATGA-1,T cells,0.99999774
TTGGCAACAAGCGATG-1,T cells,1.0
TTGGCAACAATTCCTT-1,Mono,1.0
TTGGCAAGTGAACCTT-1,T cells,1.0
TTGGCAAGTGTTAAGA-1,B cells,1.0
TTGGCAAGTTCGGCAC-1,B cells,1.0
TTGGCAAGTTCGTCTC-1,T cells,0.9999999
TTGGCAATCACTGGGC-1,Mono,1.0
TTGGCAATCTCCTATA-1,T cells,0.9999995
TTGGCAATCTTACCTA-1,T cells,1.0
TTGGCAATCTTCCTTC-1,Mono,1.0
TTGGCAATCTTCGAGA-1,NK,0.9821165
TTGTAGGAGATTACCC-1,Mono,1.0
TTGTAGGAGCCAGAAC-1,T cells,0.9999968
TTGTAGGAGGTGATAT-1,B cells,1.0
TTGTAGGAGTGTACGG-1,T cells,1.0
TTGTAGGCACAGAGGT-1,Mono,1.0
TTGTAGGCACCAGATT-1,T cells,1.0
TTGTAGGCACCGTTGG-1,B cells,1.0
TTGTAGGCAGTCTTCC-1,T cells,1.0
TTGTAGGCATCCAACA-1,B cells,1.0
TTGTAGGGTGTTGGGA-1,Mono,1.0
TTGTAGGGTTCAGACT-1,T cells,1.0
TTGTAGGGTTCGTCTC-1,T cells,0.99999976
TTGTAGGTCACCACCT-1,B cells,1.0
TTGTAGGTCATTGCGA-1,T cells,0.99999726
TTGTAGGTCCGAACGC-1,NK,0.98924154
TTGTAGGTCCTAAGTG-1,T cells,1.0
TTGTAGGTCCTCCTAG-1,Mono,1.0
TTGTAGGTCGCACTCT-1,T cells,0.9999039
TTGTAGGTCTACCAGA-1,T cells,1.0
TTTACTGAGAATTCCC-1,T cells,0.99999976
TTTACTGAGAGAGCTC-1,T cells,0.9999995
TTTACTGAGCGATCCC-1,T cells,0.9999765
TTTACTGAGGACGAAA-1,T cells,0.9999999
TTTACTGAGGCCATAG-1,Mono,1.0
TTTACTGAGGGTGTGT-1,B cells,1.0
TTTACTGAGTGGGATC-1,T cells,1.0
TTTACTGAGTTGCAGG-1,B cells,1.0
TTTACTGCACGAAAGC-1,Mono,1.0
TTTACTGGTACCGTAT-1,T cells,1.0
TTTACTGGTTCCAACA-1,Mono,1.0
TTTACTGGTTCCCTTG-1,Mono,1.0
TTTACTGGTTGTGGAG-1,T cells,0.9999999
TTTACTGTCAGTCCCT-1,B cells,1.0
TTTACTGTCCGCATCT-1,Mono,1.0
TTTACTGTCCTTTACA-1,T cells,0.9999999
TTTACTGTCGTGGGAA-1,T cells,0.9999999
TTTACTGTCGTGGTCG-1,T cells,1.0
TTTACTGTCTGATTCT-1,B cells,1.0
TTTACTGTCTGCAAGT-1,B cells,1.0
TTTATGCAGAAGGTTT-1,T cells,0.99999976
TTTATGCAGAGTGACC-1,T cells,1.0
TTTATGCAGATGGGTC-1,Mono,1.0
TTTATGCAGCGATGAC-1,T cells,0.99999976
TTTATGCAGGACATTA-1,Mono,1.0
TTTATGCAGGCATGTG-1,Mono,1.0
TTTATGCCAAGCCCAC-1,T cells,0.9999999
TTTATGCCAAGGACTG-1,B cells,1.0
TTTATGCCAGCCTTTC-1,T cells,1.0
TTTATGCCATGACATC-1,T cells,0.9999999
TTTATGCGTACTTAGC-1,Mono,1.0
TTTATGCGTAGTAGTA-1,T cells,1.0
TTTATGCGTCTAGCCG-1,T cells,0.9999988
TTTATGCGTGTCGCTG-1,B cells,0.9918492
TTTATGCGTTGGGACA-1,T cells,1.0
TTTATGCTCTCATTCA-1,Mono,1.0
TTTCCTCAGACAGAGA-1,Mono,1.0
TTTCCTCAGCGTTGCC-1,B cells,1.0
TTTCCTCAGTGCGATG-1,Mono,1.0
TTTCCTCAGTGGGATC-1,T cells,1.0
TTTCCTCCAGGGCATA-1,B cells,0.9999976
TTTCCTCGTAGGACAC-1,T cells,0.9999995
TTTCCTCGTCCTCCAT-1,T cells,0.9999795
TTTCCTCGTGTAATGA-1,T cells,0.99940836
TTTCCTCGTTACCGAT-1,T cells,0.9999999
TTTCCTCTCAACTCTT-1,T cells,0.99999976
TTTCCTCTCACGCATA-1,T cells,0.99999726
TTTCCTCTCCACGTGG-1,T cells,1.0
TTTGCGCAGACTGTAA-1,Mono,1.0
TTTGCGCAGAGTGACC-1,T cells,1.0
TTTGCGCAGCAGGCTA-1,Mono,1.0
TTTGCGCAGCCACGCT-1,B cells,1.0
TTTGCGCAGCTGAACG-1,T cells,0.9999993
TTTGCGCAGGGTATCG-1,Mono,1.0
TTTGCGCAGGTGGGTT-1,T cells,0.99999976
TTTGCGCCAAGCGTAG-1,T cells,0.99999917
TTTGCGCCAAGGGTCA-1,Mono,1.0
TTTGCGCCACCATCCT-1,T cells,1.0
TTTGCGCCACTGTTAG-1,B cells,0.9999999
TTTGCGCGTAAACGCG-1,B cells,1.0
TTTGCGCGTAAATGAC-1,B cells,1.0
TTTGCGCGTACCGAGA-1,Mono,1.0
TTTGCGCGTAGCTGCC-1,B cells,1.0
TTTGCGCGTATAAACG-1,T cells,1.0
TTTGCGCGTCAAAGAT-1,T cells,0.99997234
TTTGCGCGTGACGGTA-1,T cells,1.0
TTTGCGCGTTCCGTCT-1,Mono,0.9999999
TTTGCGCTCGCTTAGA-1,T cells,0.7155321
TTTGCGCTCGGAAATA-1,T cells,0.99976784
TTTGCGCTCGTTTGCC-1,Mono,1.0
TTTGCGCTCTCTTATG-1,T cells,0.9999683
TTTGGTTAGCTATGCT-1,B cells,0.9999999
TTTGGTTAGGTTACCT-1,Mono,1.0
TTTGGTTCACCTCGTT-1,Mono,1.0
TTTGGTTCACTACAGT-1,Mono,1.0
TTTGGTTCAGATCCAT-1,Mono,1.0
TTTGGTTCAGGGCATA-1,T cells,1.0
TTTGGTTCAGTAGAGC-1,T cells,0.9999999
TTTGGTTGTAACGACG-1,Mono,1.0
TTTGGTTGTCAAGCGA-1,T cells,0.9999999
TTTGGTTGTCCAACTA-1,T cells,0.999977
TTTGGTTGTGTAATGA-1,Mono,1.0
TTTGGTTGTTTAAGCC-1,T cells,1.0
TTTGGTTTCAACACCA-1,T cells,0.9999987
TTTGGTTTCAGCGATT-1,Mono,1.0
TTTGGTTTCCAAGCCG-1,Mono,1.0
TTTGGTTTCCAGATCA-1,T cells,0.99984217
TTTGGTTTCCTCCTAG-1,Mono,1.0
TTTGGTTTCGTGGGAA-1,T cells,0.9999918
TTTGGTTTCTCATTCA-1,T cells,1.0
TTTGGTTTCTTCAACT-1,T cells,0.99999225
TTTGTCAAGACGCACA-1,T cells,0.99999654
TTTGTCAAGACTTTCG-1,Mono,0.99999416
TTTGTCAAGCACCGTC-1,B cells,1.0
TTTGTCAAGCGGCTTC-1,T cells,0.999998
TTTGTCAAGCTGATAA-1,Mono,1.0
TTTGTCACAGACTCGC-1,T cells,0.9999993
TTTGTCACAGCTCCGA-1,T cells,1.0
TTTGTCACAGGGATTG-1,T cells,0.9999995
TTTGTCAGTAGCAAAT-1,T cells,0.99989593
TTTGTCAGTCAGATAA-1,T cells,0.99999607
TTTGTCAGTCGCGTGT-1,Mono,1.0
TTTGTCAGTTACCGAT-1,T cells,1.0
TTTGTCATCATGTCCC-1,T cells,0.99999774
TTTGTCATCCGATATG-1,T cells,1.0
TTTGTCATCGTCTGAA-1,Mono,1.0
TTTGTCATCTCGAGTA-1,T cells,0.99999964
TTTGTCATCTGCTTGC-1,T cells,1.0
